dataset,shard_index,shard_count,d,lambda_ratio,lambda_star,lambda,log2N,N,alpha,evaluation_resolution,radial_order,angular_order,state_bins,z_order,z,G_N,a_w,b_w,profile_sum,delta_N,w_N,Delta_N,H_N,row_error,cgal_version
objective_profiles,1,3,2,1.000000000000000000e+00,4.152787295564890901e-01,4.152787295564890901e-01,2.200000000000000000e+01,4194304,1.027232752896264367e+00,verification,128,32,33,65,6.999999999999999556e-01,5.573685079505665690e-02,4.424665784467856494e-02,1.568803287997026091e-02,5.993469072464882585e-02,4.520929552558217309e-04,2.208021020095080278e+00,1.363620156465742772e-03,2.512107982164820674e-01,8.881784197001252323e-15,6.1.1-I-900
objective_profiles,1,3,2,1.000000000000000000e+00,4.152787295564890901e-01,4.152787295564890901e-01,2.200000000000000000e+01,4194304,1.027232752896264367e+00,verification,128,32,33,65,7.004215903281896249e-01,5.554359589872925884e-02,4.409582779490626298e-02,1.564119909203457240e-02,5.973702688694083884e-02,4.520929552558217309e-04,2.208021020095080278e+00,1.363620156465742772e-03,2.512107982164820674e-01,1.099120794378904975e-14,6.1.1-I-900
objective_profiles,1,3,2,1.000000000000000000e+00,4.152787295564890901e-01,4.152787295564890901e-01,2.200000000000000000e+01,4194304,1.027232752896264367e+00,verification,128,32,33,65,7.016853456647310638e-01,5.496692722363751005e-02,4.364583154019687633e-02,1.550128430724799673e-02,5.914711584744487133e-02,4.520929552558217309e-04,2.208021020095080278e+00,1.363620156465742772e-03,2.512107982164820674e-01,1.065814103640150279e-14,6.1.1-I-900
objective_profiles,1,3,2,1.000000000000000000e+00,4.152787295564890901e-01,4.152787295564890901e-01,2.200000000000000000e+01,4194304,1.027232752896264367e+00,verification,128,32,33,65,7.037882215123265617e-01,5.401606041624285731e-02,4.290408611943163225e-02,1.527003945544223168e-02,5.817412557487386393e-02,4.520929552558217309e-04,2.208021020095080278e+00,1.363620156465742772e-03,2.512107982164820674e-01,3.885780586188047891e-15,6.1.1-I-900
objective_profiles,1,3,2,1.000000000000000000e+00,4.152787295564890901e-01,4.152787295564890901e-01,2.200000000000000000e+01,4194304,1.027232752896264367e+00,verification,128,32,33,65,7.067251518588693049e-01,5.270611017044243146e-02,4.188274058848414499e-02,1.495035359630362583e-02,5.683309418478776909e-02,4.520929552558217309e-04,2.208021020095080278e+00,1.363620156465742772e-03,2.512107982164820674e-01,1.698641227676489507e-14,6.1.1-I-900
objective_profiles,1,3,2,1.000000000000000000e+00,4.152787295564890901e-01,4.152787295564890901e-01,2.200000000000000000e+01,4194304,1.027232752896264367e+00,verification,128,32,33,65,7.104890613819095924e-01,5.105773850397044011e-02,4.059836664085984814e-02,1.454621087903898088e-02,5.514457751989883250e-02,4.520929552558217309e-04,2.208021020095080278e+00,1.363620156465742772e-03,2.512107982164820674e-01,8.770761894538736669e-15,6.1.1-I-900
objective_profiles,1,3,2,1.000000000000000000e+00,4.152787295564890901e-01,4.152787295564890901e-01,2.200000000000000000e+01,4194304,1.027232752896264367e+00,verification,128,32,33,65,7.150708824937268560e-01,4.909667739922134871e-02,3.907154407136348429e-02,1.406263164757095945e-02,5.313417571893444546e-02,4.520929552558217309e-04,2.208021020095080278e+00,1.363620156465742772e-03,2.512107982164820674e-01,5.329070518200751394e-15,6.1.1-I-900
objective_profiles,1,3,2,1.000000000000000000e+00,4.152787295564890901e-01,4.152787295564890901e-01,2.200000000000000000e+01,4194304,1.027232752896264367e+00,verification,128,32,33,65,7.204595771859426678e-01,4.685315018263903897e-02,3.732635817416629642e-02,1.350559898994053293e-02,5.083195716410682935e-02,4.520929552558217309e-04,2.208021020095080278e+00,1.363620156465742772e-03,2.512107982164820674e-01,7.549516567451064475e-15,6.1.1-I-900
objective_profiles,1,3,2,1.000000000000000000e+00,4.152787295564890901e-01,4.152787295564890901e-01,2.200000000000000000e+01,4194304,1.027232752896264367e+00,verification,128,32,33,65,7.266421636210496082e-01,4.436121081143151734e-02,3.538982906687605096e-02,1.288197231611295027e-02,4.827180138298900469e-02,4.520929552558217309e-04,2.208021020095080278e+00,1.363620156465742772e-03,2.512107982164820674e-01,4.996003610813204432e-15,6.1.1-I-900
objective_profiles,1,3,2,1.000000000000000000e+00,4.152787295564890901e-01,4.152787295564890901e-01,2.200000000000000000e+01,4194304,1.027232752896264367e+00,verification,128,32,33,65,7.336037474067947928e-01,4.165802522776382993e-02,3.329129460968303922e-02,1.219938977710125633e-02,4.549068438678429555e-02,4.520929552558217309e-04,2.208021020095080278e+00,1.363620156465742772e-03,2.512107982164820674e-01,3.885780586188047891e-15,6.1.1-I-900
objective_profiles,1,3,2,1.000000000000000000e+00,4.152787295564890901e-01,4.152787295564890901e-01,2.200000000000000000e+01,4194304,1.027232752896264367e+00,verification,128,32,33,65,7.413275574780756605e-01,3.878311850390064180e-02,3.106176902248480864e-02,1.146616150492757794e-02,4.252793052741238311e-02,4.520929552558217309e-04,2.208021020095080278e+00,1.363620156465742772e-03,2.512107982164820674e-01,5.329070518200751394e-15,6.1.1-I-900
objective_profiles,1,3,2,1.000000000000000000e+00,4.152787295564890901e-01,4.152787295564890901e-01,2.200000000000000000e+01,4194304,1.027232752896264367e+00,verification,128,32,33,65,7.497949864999047254e-01,3.577761220463535063e-02,2.873329857095278939e-02,1.069115575547134600e-02,3.942445432642413539e-02,4.520929552558217309e-04,2.208021020095080278e+00,1.363620156465742772e-03,2.512107982164820674e-01,1.509903313490212895e-14,6.1.1-I-900
objective_profiles,1,3,2,1.000000000000000000e+00,4.152787295564890901e-01,4.152787295564890901e-01,2.200000000000000000e+01,4194304,1.027232752896264367e+00,verification,128,32,33,65,7.589856356941091509e-01,3.268347172206725187e-02,2.633833395439991523e-02,9.883680075909806809e-03,3.622201403030972378e-02,4.520929552558217309e-04,2.208021020095080278e+00,1.363620156465742772e-03,2.512107982164820674e-01,3.885780586188047891e-15,6.1.1-I-900
objective_profiles,1,3,2,1.000000000000000000e+00,4.152787295564890901e-01,4.152787295564890901e-01,2.200000000000000000e+01,4194304,1.027232752896264367e+00,verification,128,32,33,65,7.688773639817741978e-01,2.954278633018814909e-02,2.390913650142485747e-02,9.053359599230165894e-03,3.296249610065501989e-02,4.520929552558217309e-04,2.208021020095080278e+00,1.363620156465742772e-03,2.512107982164820674e-01,1.332267629550187849e-14,6.1.1-I-900
objective_profiles,1,3,2,1.000000000000000000e+00,4.152787295564890901e-01,4.152787295564890901e-01,2.200000000000000000e+01,4194304,1.027232752896264367e+00,verification,128,32,33,65,7.794463413230420246e-01,2.639709407154049517e-02,2.147723221212738745e-02,8.210014496425218494e-03,2.968724670855260594e-02,4.520929552558217309e-04,2.208021020095080278e+00,1.363620156465742772e-03,2.512107982164820674e-01,4.773959005888173124e-15,6.1.1-I-900
objective_profiles,1,3,2,1.000000000000000000e+00,4.152787295564890901e-01,4.152787295564890901e-01,2.200000000000000000e+01,4194304,1.027232752896264367e+00,verification,128,32,33,65,7.906671061257641853e-01,2.328676876227809764e-02,1.907292433162175935e-02,7.363538500336857216e-03,2.643646283195861743e-02,4.520929552558217309e-04,2.208021020095080278e+00,1.363620156465742772e-03,2.512107982164820674e-01,1.576516694967722287e-14,6.1.1-I-900
objective_profiles,1,3,2,1.000000000000000000e+00,4.152787295564890901e-01,4.152787295564890901e-01,2.200000000000000000e+01,4194304,1.027232752896264367e+00,verification,128,32,33,65,8.025126265847083440e-01,2.025047174267846639e-02,1.672487173459304144e-02,6.523780262510398692e-03,2.324865199710344013e-02,4.520929552558217309e-04,2.208021020095080278e+00,1.363620156465742772e-03,2.512107982164820674e-01,5.884182030513329664e-15,6.1.1-I-900
objective_profiles,1,3,2,1.000000000000000000e+00,4.152787295564890901e-01,4.152787295564890901e-01,2.200000000000000000e+01,4194304,1.027232752896264367e+00,verification,128,32,33,65,8.149543658035435234e-01,1.732468209465392456e-02,1.445973714645921657e-02,5.700429125046140889e-03,2.016016627150535659e-02,4.520929552558217309e-04,2.208021020095080278e+00,1.363620156465742772e-03,2.512107982164820674e-01,3.885780586188047891e-15,6.1.1-I-900
objective_profiles,1,3,2,1.000000000000000000e+00,4.152787295564890901e-01,4.152787295564890901e-01,2.200000000000000000e+01,4194304,1.027232752896264367e+00,verification,128,32,33,65,8.279623505427240460e-01,1.454330096118460272e-02,1.230190628036389837e-02,4.902906692255923002e-03,1.720481297261982137e-02,4.520929552558217309e-04,2.208021020095080278e+00,1.363620156465742772e-03,2.512107982164820674e-01,6.217248937900876626e-15,6.1.1-I-900
objective_profiles,1,3,2,1.000000000000000000e+00,4.152787295564890901e-01,4.152787295564890901e-01,2.200000000000000000e+01,4194304,1.027232752896264367e+00,verification,128,32,33,65,8.415052434276482085e-01,1.193733438668294865e-02,1.027327643905001815e-02,4.140265380301706537e-03,1.441354181935172382e-02,4.520929552558217309e-04,2.208021020095080278e+00,1.363620156465742772e-03,2.512107982164820674e-01,5.329070518200751394e-15,6.1.1-I-900
objective_profiles,1,3,2,1.000000000000000000e+00,4.152787295564890901e-01,4.152787295564890901e-01,2.200000000000000000e+01,4194304,1.027232752896264367e+00,verification,128,32,33,65,8.555504184431391712e-01,9.534648286383690802e-03,8.393111077376610302e-03,3.421094914301838191e-03,1.181420599167844893e-02,4.520929552558217309e-04,2.208021020095080278e+00,1.363620156465742772e-03,2.512107982164820674e-01,1.010302952408892452e-14,6.1.1-I-900
objective_profiles,1,3,2,1.000000000000000000e+00,4.152787295564890901e-01,4.152787295564890901e-01,2.200000000000000000e+01,4194304,1.027232752896264367e+00,verification,128,32,33,65,8.700640395323723242e-01,7.359795208983967857e-03,6.677955263358118475e-03,2.753437537884793635e-03,9.431392801242912544e-03,4.520929552558217309e-04,2.208021020095080278e+00,1.363620156465742772e-03,2.512107982164820674e-01,3.996802888650563546e-15,6.1.1-I-900
objective_profiles,1,3,2,1.000000000000000000e+00,4.152787295564890901e-01,4.152787295564890901e-01,2.200000000000000000e+01,4194304,1.027232752896264367e+00,verification,128,32,33,65,8.850111421109007059e-01,5.433904223271715170e-03,5.141605897090102337e-03,2.144712504856116121e-03,7.286318401946218458e-03,4.520929552558217309e-04,2.208021020095080278e+00,1.363620156465742772e-03,2.512107982164820674e-01,3.885780586188047891e-15,6.1.1-I-900
objective_profiles,1,3,2,1.000000000000000000e+00,4.152787295564890901e-01,4.152787295564890901e-01,2.200000000000000000e+01,4194304,1.027232752896264367e+00,verification,128,32,33,65,9.003557172994012259e-01,3.774630423110526389e-03,3.795129906179199770e-03,1.601650240296943186e-03,5.396780146476143174e-03,4.520929552558217309e-04,2.208021020095080278e+00,1.363620156465742772e-03,2.512107982164820674e-01,3.885780586188047891e-15,6.1.1-I-900
objective_profiles,1,3,2,1.000000000000000000e+00,4.152787295564890901e-01,4.152787295564890901e-01,2.200000000000000000e+01,4194304,1.027232752896264367e+00,verification,128,32,33,65,9.160607986722184570e-01,2.396154562088455373e-03,2.646923374981532181e-03,1.130236391640067556e-03,3.777159766621599954e-03,4.520929552558217309e-04,2.208021020095080278e+00,1.363620156465742772e-03,2.512107982164820674e-01,3.885780586188047891e-15,6.1.1-I-900
objective_profiles,1,3,2,1.000000000000000000e+00,4.152787295564890901e-01,4.152787295564890901e-01,2.200000000000000000e+01,4194304,1.027232752896264367e+00,verification,128,32,33,65,9.320885513127229460e-01,1.309227374097900708e-03,1.702804616008194577e-03,7.356658406441010266e-04,2.438470456652295712e-03,4.520929552558217309e-04,2.208021020095080278e+00,1.363620156465742772e-03,2.512107982164820674e-01,4.218847493575594854e-15,6.1.1-I-900
objective_profiles,1,3,2,1.000000000000000000e+00,4.152787295564890901e-01,4.152787295564890901e-01,2.200000000000000000e+01,4194304,1.027232752896264367e+00,verification,128,32,33,65,9.484003629609381036e-01,5.212515146503080747e-04,9.661344861632477918e-04,4.223066153949827533e-04,1.388441101558230599e-03,4.520929552558217309e-04,2.208021020095080278e+00,1.363620156465742772e-03,2.512107982164820674e-01,3.885780586188047891e-15,6.1.1-I-900
objective_profiles,1,3,2,1.000000000000000000e+00,4.152787295564890901e-01,4.152787295564890901e-01,2.200000000000000000e+01,4194304,1.027232752896264367e+00,verification,128,32,33,65,9.649569370338575425e-01,3.639593841820790019e-05,4.379577218246234510e-04,1.936735274691310906e-04,6.316312492937545958e-04,4.520929552558217309e-04,2.208021020095080278e+00,1.363620156465742772e-03,2.512107982164820674e-01,1.110223024625156540e-14,6.1.1-I-900
objective_profiles,1,3,2,1.000000000000000000e+00,4.152787295564890901e-01,4.152787295564890901e-01,2.200000000000000000e+01,4194304,1.027232752896264367e+00,verification,128,32,33,65,9.817183872943550105e-01,-1.442666434656218950e-04,1.171596554249230288e-04,5.241126259471493774e-05,1.695709180196379733e-04,4.520929552558217309e-04,2.208021020095080278e+00,1.363620156465742772e-03,2.512107982164820674e-01,4.551914400963141816e-15,6.1.1-I-900
objective_profiles,1,3,2,1.000000000000000000e+00,4.152787295564890901e-01,4.152787295564890901e-01,2.200000000000000000e+01,4194304,1.027232752896264367e+00,verification,128,32,33,65,9.986443339406233521e-01,-2.259904541603670317e-05,6.333307964211185726e-07,2.865725491347095124e-07,9.199033455558281380e-07,4.520929552558217309e-04,2.208021020095080278e+00,1.363620156465742772e-03,2.512107982164820674e-01,6.661338147750939243e-15,6.1.1-I-900
objective_profiles,1,3,2,1.000000000000000000e+00,4.152787295564890901e-01,4.152787295564890901e-01,2.200000000000000000e+01,4194304,1.027232752896264367e+00,verification,128,32,33,65,1.015694000884653558e+00,3.967732976687079918e-04,8.345271316030498021e-05,3.818915034940058263e-05,1.216418635097055628e-04,4.520929552558217309e-04,2.208021020095080278e+00,1.363620156465742772e-03,2.512107982164820674e-01,5.329070518200751394e-15,6.1.1-I-900
objective_profiles,1,3,2,1.000000000000000000e+00,4.152787295564890901e-01,4.152787295564890901e-01,2.200000000000000000e+01,4194304,1.027232752896264367e+00,verification,128,32,33,65,1.032826313985403477e+00,1.106648852632279023e-03,3.590483595525888693e-04,1.661407185997008267e-04,5.251890781522896689e-04,4.520929552558217309e-04,2.208021020095080278e+00,1.363620156465742772e-03,2.512107982164820674e-01,9.325873406851314940e-15,6.1.1-I-900
objective_profiles,1,3,2,1.000000000000000000e+00,4.152787295564890901e-01,4.152787295564890901e-01,2.200000000000000000e+01,4194304,1.027232752896264367e+00,verification,128,32,33,65,1.049999999999999822e+00,2.097443236227172856e-03,8.193825526792298652e-04,3.833118206523368878e-04,1.202694373331566861e-03,4.520929552558217309e-04,2.208021020095080278e+00,1.363620156465742772e-03,2.512107982164820674e-01,3.885780586188047891e-15,6.1.1-I-900
objective_profiles,1,3,2,1.000000000000000000e+00,4.152787295564890901e-01,4.152787295564890901e-01,2.200000000000000000e+01,4194304,1.027232752896264367e+00,verification,128,32,33,65,1.067173686014596168e+00,3.357387466853269022e-03,1.455121489290885127e-03,6.880457745279559617e-04,2.143167263818840981e-03,4.520929552558217309e-04,2.208021020095080278e+00,1.363620156465742772e-03,2.512107982164820674e-01,3.996802888650563546e-15,6.1.1-I-900
objective_profiles,1,3,2,1.000000000000000000e+00,4.152787295564890901e-01,4.152787295564890901e-01,2.200000000000000000e+01,4194304,1.027232752896264367e+00,verification,128,32,33,65,1.084305999115346086e+00,4.872728270961934095e-03,2.255802643171826022e-03,1.077889228890064081e-03,3.333691872061890320e-03,4.520929552558217309e-04,2.208021020095080278e+00,1.363620156465742772e-03,2.512107982164820674e-01,8.881784197001252323e-15,6.1.1-I-900
objective_profiles,1,3,2,1.000000000000000000e+00,4.152787295564890901e-01,4.152787295564890901e-01,2.200000000000000000e+01,4194304,1.027232752896264367e+00,verification,128,32,33,65,1.101355666059376404e+00,6.627929335893706364e-03,3.209995887962067366e-03,1.549628747444826461e-03,4.759624635406894261e-03,4.520929552558217309e-04,2.208021020095080278e+00,1.363620156465742772e-03,2.512107982164820674e-01,5.329070518200751394e-15,6.1.1-I-900
objective_profiles,1,3,2,1.000000000000000000e+00,4.152787295564890901e-01,4.152787295564890901e-01,2.200000000000000000e+01,4194304,1.027232752896264367e+00,verification,128,32,33,65,1.118281612705644745e+00,8.605870713343009501e-03,4.305457365425514882e-03,2.099332841720542419e-03,6.404790207146057734e-03,4.520929552558217309e-04,2.208021020095080278e+00,1.363620156465742772e-03,2.512107982164820674e-01,6.328271240363392280e-15,6.1.1-I-900
objective_profiles,1,3,2,1.000000000000000000e+00,4.152787295564890901e-01,4.152787295564890901e-01,2.200000000000000000e+01,4194304,1.027232752896264367e+00,verification,128,32,33,65,1.135043062966142324e+00,1.078804589327403071e-02,5.529275422514718687e-03,2.722398871184931492e-03,8.251674293699650178e-03,4.520929552558217309e-04,2.208021020095080278e+00,1.363620156465742772e-03,2.512107982164820674e-01,5.440092820663267048e-15,6.1.1-I-900
objective_profiles,1,3,2,1.000000000000000000e+00,4.152787295564890901e-01,4.152787295564890901e-01,2.200000000000000000e+01,4194304,1.027232752896264367e+00,verification,128,32,33,65,1.151599637039061541e+00,1.315475524520183515e-02,6.868008219717165568e-03,3.413604233130765764e-03,1.028161245284793177e-02,4.520929552558217309e-04,2.208021020095080278e+00,1.363620156465742772e-03,2.512107982164820674e-01,3.885780586188047891e-15,6.1.1-I-900
objective_profiles,1,3,2,1.000000000000000000e+00,4.152787295564890901e-01,4.152787295564890901e-01,2.200000000000000000e+01,4194304,1.027232752896264367e+00,verification,128,32,33,65,1.167911448687276810e+00,1.568529468729092449e-02,8.307812838987493551e-03,4.167161271874418767e-03,1.247497411086191318e-02,4.520929552558217309e-04,2.208021020095080278e+00,1.363620156465742772e-03,2.512107982164820674e-01,4.440892098500626162e-15,6.1.1-I-900
objective_profiles,1,3,2,1.000000000000000000e+00,4.152787295564890901e-01,4.152787295564890901e-01,2.200000000000000000e+01,4194304,1.027232752896264367e+00,verification,128,32,33,65,1.183939201327781188e+00,1.835814019914896317e-02,9.834565897999443876e-03,4.976775346876482521e-03,1.481134124487592726e-02,4.520929552558217309e-04,2.208021020095080278e+00,1.363620156465742772e-03,2.512107982164820674e-01,4.884981308350688778e-15,6.1.1-I-900
objective_profiles,1,3,2,1.000000000000000000e+00,4.152787295564890901e-01,4.152787295564890901e-01,2.200000000000000000e+01,4194304,1.027232752896264367e+00,verification,128,32,33,65,1.199644282700598641e+00,2.115112609407408806e-02,1.143397581464867564e-02,5.835705511813552536e-03,1.726968132646222731e-02,4.520929552558217309e-04,2.208021020095080278e+00,1.363620156465742772e-03,2.512107982164820674e-01,8.881784197001252323e-15,6.1.1-I-900
objective_profiles,1,3,2,1.000000000000000000e+00,4.152787295564890901e-01,4.152787295564890901e-01,2.200000000000000000e+01,4194304,1.027232752896264367e+00,verification,128,32,33,65,1.214988857889099272e+00,2.404161800588823159e-02,1.309168696767343265e-02,6.736827270929062091e-03,1.982851423860249387e-02,4.520929552558217309e-04,2.208021020095080278e+00,1.363620156465742772e-03,2.512107982164820674e-01,9.992007221626408864e-15,6.1.1-I-900
objective_profiles,1,3,2,1.000000000000000000e+00,4.152787295564890901e-01,4.152787295564890901e-01,2.200000000000000000e+01,4194304,1.027232752896264367e+00,verification,128,32,33,65,1.229935960467627432e+00,2.700667967697841648e-02,1.479337607163179816e-02,7.672696894771863924e-03,2.246607296640366208e-02,4.520929552558217309e-04,2.208021020095080278e+00,1.363620156465742772e-03,2.512107982164820674e-01,6.661338147750939243e-15,6.1.1-I-900
objective_profiles,1,3,2,1.000000000000000000e+00,4.152787295564890901e-01,4.152787295564890901e-01,2.200000000000000000e+01,4194304,1.027232752896264367e+00,verification,128,32,33,65,1.244449581556860585e+00,3.002323384330659109e-02,1.652484113245775502e-02,8.635616794376176422e-03,2.516045792683393317e-02,4.520929552558217309e-04,2.208021020095080278e+00,1.363620156465742772e-03,2.512107982164820674e-01,4.551914400963141816e-15,6.1.1-I-900
objective_profiles,1,3,2,1.000000000000000000e+00,4.152787295564890901e-01,4.152787295564890901e-01,2.200000000000000000e+01,4194304,1.027232752896264367e+00,verification,128,32,33,65,1.258494756572351658e+00,3.306821617948641628e-02,1.827208337804554425e-02,9.617701470796397728e-03,2.788978484884194198e-02,4.520929552558217309e-04,2.208021020095080278e+00,1.363620156465742772e-03,2.512107982164820674e-01,1.021405182655144017e-14,6.1.1-I-900
objective_profiles,1,3,2,1.000000000000000000e+00,4.152787295564890901e-01,4.152787295564890901e-01,2.200000000000000000e+01,4194304,1.027232752896264367e+00,verification,128,32,33,65,1.272037649457275599e+00,3.611872355829953696e-02,2.002138257085472883e-02,1.061094357549102057e-02,3.063232614634574941e-02,4.520929552558217309e-04,2.208021020095080278e+00,1.363620156465742772e-03,2.512107982164820674e-01,1.587618925213973853e-14,6.1.1-I-900
objective_profiles,1,3,2,1.000000000000000000e+00,4.152787295564890901e-01,4.152787295564890901e-01,2.200000000000000000e+01,4194304,1.027232752896264367e+00,verification,128,32,33,65,1.285045634196456454e+00,3.915215566082002469e-02,2.175936610987311629e-02,1.160727963619662823e-02,3.336664574606974798e-02,4.520929552558217309e-04,2.208021020095080278e+00,1.363620156465742772e-03,2.512107982164820674e-01,1.443289932012703503e-14,6.1.1-I-900
objective_profiles,1,3,2,1.000000000000000000e+00,4.152787295564890901e-01,4.152787295564890901e-01,2.200000000000000000e+01,4194304,1.027232752896264367e+00,verification,128,32,33,65,1.297487373415291412e+00,4.214634915077205418e-02,2.347307232037638622e-02,1.259865502253958505e-02,3.607172734291597127e-02,4.520929552558217309e-04,2.208021020095080278e+00,1.363620156465742772e-03,2.512107982164820674e-01,4.773959005888173124e-15,6.1.1-I-900
objective_profiles,1,3,2,1.000000000000000000e+00,4.152787295564890901e-01,4.152787295564890901e-01,2.200000000000000000e+01,4194304,1.027232752896264367e+00,verification,128,32,33,65,1.309332893874235459e+00,4.507970674092989793e-02,2.515000831424646019e-02,1.357708774561019321e-02,3.872709605985664993e-02,4.520929552558217309e-04,2.208021020095080278e+00,1.363620156465742772e-03,2.512107982164820674e-01,5.107025913275720086e-15,6.1.1-I-900
objective_profiles,1,3,2,1.000000000000000000e+00,4.152787295564890901e-01,4.152787295564890901e-01,2.200000000000000000e+01,4194304,1.027232752896264367e+00,verification,128,32,33,65,1.320553658676957731e+00,4.793131795908663062e-02,2.677820278316055819e-02,1.453473070601487248e-02,4.131293348917543240e-02,4.520929552558217309e-04,2.208021020095080278e+00,1.363620156465742772e-03,2.512107982164820674e-01,1.287858708565181587e-14,6.1.1-I-900
objective_profiles,1,3,2,1.000000000000000000e+00,4.152787295564890901e-01,4.152787295564890901e-01,2.200000000000000000e+01,4194304,1.027232752896264367e+00,verification,128,32,33,65,1.331122636018225558e+00,5.068107408232175315e-02,2.834625406337672876e-02,1.546393202548354898e-02,4.381018608886028121e-02,4.520929552558217309e-04,2.208021020095080278e+00,1.363620156465742772e-03,2.512107982164820674e-01,4.329869796038110508e-15,6.1.1-I-900
objective_profiles,1,3,2,1.000000000000000000e+00,4.152787295564890901e-01,4.152787295564890901e-01,2.200000000000000000e+01,4194304,1.027232752896264367e+00,verification,128,32,33,65,1.341014364305890716e+00,5.330977639056132256e-02,2.984337378540050795e-02,1.635729311790962842e-02,4.620066690331013637e-02,4.520929552558217309e-04,2.208021020095080278e+00,1.363620156465742772e-03,2.512107982164820674e-01,4.996003610813204432e-15,6.1.1-I-900
objective_profiles,1,3,2,1.000000000000000000e+00,4.152787295564890901e-01,4.152787295564890901e-01,2.200000000000000000e+01,4194304,1.027232752896264367e+00,verification,128,32,33,65,1.350205013500095141e+00,5.579923644156366269e-02,3.125942639551793079e-02,1.720772417672316451e-02,4.846715057224109530e-02,4.520929552558217309e-04,2.208021020095080278e+00,1.363620156465742772e-03,2.512107982164820674e-01,4.440892098500626162e-15,6.1.1-I-900
objective_profiles,1,3,2,1.000000000000000000e+00,4.152787295564890901e-01,4.152787295564890901e-01,2.200000000000000000e+01,4194304,1.027232752896264367e+00,verification,128,32,33,65,1.358672442521924095e+00,5.813237020452552417e-02,3.258496480978089610e-02,1.800849677672469729e-02,5.059346158650559339e-02,4.520929552558217309e-04,2.208021020095080278e+00,1.363620156465742772e-03,2.512107982164820674e-01,9.992007221626408864e-15,6.1.1-I-900
objective_profiles,1,3,2,1.000000000000000000e+00,4.152787295564890901e-01,4.152787295564890901e-01,2.200000000000000000e+01,4194304,1.027232752896264367e+00,verification,128,32,33,65,1.366396252593204963e+00,6.029328503628423458e-02,3.381126243509266494e-02,1.875329330993405139e-02,5.256455574502671979e-02,4.520929552558217309e-04,2.208021020095080278e+00,1.363620156465742772e-03,2.512107982164820674e-01,8.215650382226158399e-15,6.1.1-I-900
objective_profiles,1,3,2,1.000000000000000000e+00,4.152787295564890901e-01,4.152787295564890901e-01,2.200000000000000000e+01,4194304,1.027232752896264367e+00,verification,128,32,33,65,1.373357836378950259e+00,6.226735898514470374e-02,3.493034176693814163e-02,1.943625299662167169e-02,5.436659476355981679e-02,4.520929552558217309e-04,2.208021020095080278e+00,1.363620156465742772e-03,2.512107982164820674e-01,7.105427357601001859e-15,6.1.1-I-900
objective_profiles,1,3,2,1.000000000000000000e+00,4.152787295564890901e-01,4.152787295564890901e-01,2.200000000000000000e+01,4194304,1.027232752896264367e+00,verification,128,32,33,65,1.379540422814057088e+00,6.404131316173251876e-02,3.593499974931020635e-02,2.005201423448680839e-02,5.598701398379701821e-02,4.520929552558217309e-04,2.208021020095080278e+00,1.363620156465742772e-03,2.512107982164820674e-01,9.769962616701377556e-15,6.1.1-I-900
objective_profiles,1,3,2,1.000000000000000000e+00,4.152787295564890901e-01,4.152787295564890901e-01,2.200000000000000000e+01,4194304,1.027232752896264367e+00,verification,128,32,33,65,1.384929117506273011e+00,6.560327704291094020e-02,3.681883005962464928e-02,2.059575307091898039e-02,5.741458313054362966e-02,4.520929552558217309e-04,2.208021020095080278e+00,1.363620156465742772e-03,2.512107982164820674e-01,1.953992523340275511e-14,6.1.1-I-900
objective_profiles,1,3,2,1.000000000000000000e+00,4.152787295564890901e-01,4.152787295564890901e-01,2.200000000000000000e+01,4194304,1.027232752896264367e+00,verification,128,32,33,65,1.389510938618090385e+00,6.694284552050068504e-02,3.757624245996436102e-02,2.106321760541397109e-02,5.863946006537833211e-02,4.520929552558217309e-04,2.208021020095080278e+00,1.363620156465742772e-03,2.512107982164820674e-01,4.218847493575594854e-15,6.1.1-I-900
objective_profiles,1,3,2,1.000000000000000000e+00,4.152787295564890901e-01,4.152787295564890901e-01,2.200000000000000000e+01,4194304,1.027232752896264367e+00,verification,128,32,33,65,1.393274848141130562e+00,6.805112909009589095e-02,3.820247933584229594e-02,2.145075815151156057e-02,5.965323748735385651e-02,4.520929552558217309e-04,2.208021020095080278e+00,1.363620156465742772e-03,2.512107982164820674e-01,4.329869796038110508e-15,6.1.1-I-900
objective_profiles,1,3,2,1.000000000000000000e+00,4.152787295564890901e-01,4.152787295564890901e-01,2.200000000000000000e+01,4194304,1.027232752896264367e+00,verification,128,32,33,65,1.396211778487673305e+00,6.892079668066325437e-02,3.869362952474952183e-02,2.175535301005644337e-02,6.044898253480596173e-02,4.520929552558217309e-04,2.208021020095080278e+00,1.363620156465742772e-03,2.512107982164820674e-01,4.218847493575594854e-15,6.1.1-I-900
objective_profiles,1,3,2,1.000000000000000000e+00,4.152787295564890901e-01,4.152787295564890901e-01,2.200000000000000000e+01,4194304,1.027232752896264367e+00,verification,128,32,33,65,1.398314654335268692e+00,6.954610990708666451e-02,3.904663951896270718e-02,2.197462972815137500e-02,6.102126924711408218e-02,4.520929552558217309e-04,2.208021020095080278e+00,1.363620156465742772e-03,2.512107982164820674e-01,1.021405182655144017e-14,6.1.1-I-900
objective_profiles,1,3,2,1.000000000000000000e+00,4.152787295564890901e-01,4.152787295564890901e-01,2.200000000000000000e+01,4194304,1.027232752896264367e+00,verification,128,32,33,65,1.399578409671810242e+00,6.992295048194570317e-02,3.925932211030556951e-02,2.210688174085184005e-02,6.136620385115740955e-02,4.520929552558217309e-04,2.208021020095080278e+00,1.363620156465742772e-03,2.512107982164820674e-01,7.771561172376095783e-15,6.1.1-I-900
objective_profiles,1,3,2,1.000000000000000000e+00,4.152787295564890901e-01,4.152787295564890901e-01,2.200000000000000000e+01,4194304,1.027232752896264367e+00,verification,128,32,33,65,1.399999999999999911e+00,7.004883994274063719e-02,3.933036252860318271e-02,2.215108031542508890e-02,6.148144284402827509e-02,4.520929552558217309e-04,2.208021020095080278e+00,1.363620156465742772e-03,2.512107982164820674e-01,1.554312234475219157e-14,6.1.1-I-900
objective_profiles,1,3,2,1.000000000000000000e+00,4.152787295564890901e-01,4.152787295564890901e-01,2.200000000000000000e+01,4194304,1.027232752896264367e+00,display,256,64,65,129,6.999999999999999556e-01,5.569090337545855307e-02,4.424660010657983922e-02,1.568807808155916333e-02,5.993467818813900255e-02,4.520929552558217309e-04,2.208011776920320912e+00,1.363613854390599784e-03,2.512074246378540598e-01,1.998401444325281773e-14,6.1.1-I-900
objective_profiles,1,3,2,1.000000000000000000e+00,4.152787295564890901e-01,4.152787295564890901e-01,2.200000000000000000e+01,4194304,1.027232752896264367e+00,display,256,64,65,129,7.001054134563284848e-01,5.564256383241348441e-02,4.420885354916274240e-02,1.567636041825298115e-02,5.988521396741572356e-02,4.520929552558217309e-04,2.208011776920320912e+00,1.363613854390599784e-03,2.512074246378540598e-01,1.998401444325281773e-14,6.1.1-I-900
objective_profiles,1,3,2,1.000000000000000000e+00,4.152787295564890901e-01,4.152787295564890901e-01,2.200000000000000000e+01,4194304,1.027232752896264367e+00,display,256,64,65,129,7.004215903281896249e-01,5.549773895047237920e-02,4.409577025362783342e-02,1.564124415868229853e-02,5.973701441231013542e-02,4.520929552558217309e-04,2.208011776920320912e+00,1.363613854390599784e-03,2.512074246378540598e-01,1.998401444325281773e-14,6.1.1-I-900
objective_profiles,1,3,2,1.000000000000000000e+00,4.152787295564890901e-01,4.152787295564890901e-01,2.200000000000000000e+01,4194304,1.027232752896264367e+00,display,256,64,65,129,7.009483401624583276e-01,5.525700970155152103e-02,4.390781833171623211e-02,1.558283935568473451e-02,5.949065768740096488e-02,4.520929552558217309e-04,2.208011776920320912e+00,1.363613854390599784e-03,2.512074246378540598e-01,1.998401444325281773e-14,6.1.1-I-900
objective_profiles,1,3,2,1.000000000000000000e+00,4.152787295564890901e-01,4.152787295564890901e-01,2.200000000000000000e+01,4194304,1.027232752896264367e+00,display,256,64,65,129,7.016853456647310638e-01,5.492134066354559252e-02,4.364577458612501487e-02,1.550132897076228825e-02,5.914710355688730659e-02,4.520929552558217309e-04,2.208011776920320912e+00,1.363613854390599784e-03,2.512074246378540598e-01,4.107825191113079200e-14,6.1.1-I-900
objective_profiles,1,3,2,1.000000000000000000e+00,4.152787295564890901e-01,4.152787295564890901e-01,2.200000000000000000e+01,4194304,1.027232752896264367e+00,display,256,64,65,129,7.026321628904514949e-01,5.449207408245629325e-02,4.331071947406541639e-02,1.539696818700370118e-02,5.870768766106911757e-02,4.520929552558217309e-04,2.208011776920320912e+00,1.363613854390599784e-03,2.512074246378540598e-01,1.998401444325281773e-14,6.1.1-I-900
objective_profiles,1,3,2,1.000000000000000000e+00,4.152787295564890901e-01,4.152787295564890901e-01,2.200000000000000000e+01,4194304,1.027232752896264367e+00,display,256,64,65,129,7.037882215123265617e-01,5.397092192855380832e-02,4.290403013327400567e-02,1.527008345267574785e-02,5.817411358594975351e-02,4.520929552558217309e-04,2.208011776920320912e+00,1.363613854390599784e-03,2.512074246378540598e-01,1.998401444325281773e-14,6.1.1-I-900
objective_profiles,1,3,2,1.000000000000000000e+00,4.152787295564890901e-01,4.152787295564890901e-01,2.200000000000000000e+01,4194304,1.027232752896264367e+00,display,256,64,65,129,7.051528251638705669e-01,5.335995556555923891e-02,4.242737154591151583e-02,1.512107126091735698e-02,5.754844280682887281e-02,4.520929552558217309e-04,2.208011776920320912e+00,1.363613854390599784e-03,2.512074246378540598e-01,1.998401444325281773e-14,6.1.1-I-900
objective_profiles,1,3,2,1.000000000000000000e+00,4.152787295564890901e-01,4.152787295564890901e-01,2.200000000000000000e+01,4194304,1.027232752896264367e+00,display,256,64,65,129,7.067251518588693049e-01,5.266159410629256410e-02,4.188268593509496956e-02,1.495039667243320755e-02,5.683308260752817365e-02,4.520929552558217309e-04,2.208011776920320912e+00,1.363613854390599784e-03,2.512074246378540598e-01,1.998401444325281773e-14,6.1.1-I-900
objective_profiles,1,3,2,1.000000000000000000e+00,4.152787295564890901e-01,4.152787295564890901e-01,2.200000000000000000e+01,4194304,1.027232752896264367e+00,display,256,64,65,129,7.085042544865149949e-01,5.187859057445731725e-02,4.127218050652097653e-02,1.475859158947557051e-02,5.603077209599655051e-02,4.520929552558217309e-04,2.208011776920320912e+00,1.363613854390599784e-03,2.512074246378540598e-01,1.998401444325281773e-14,6.1.1-I-900
objective_profiles,1,3,2,1.000000000000000000e+00,4.152787295564890901e-01,4.152787295564890901e-01,2.200000000000000000e+01,4194304,1.027232752896264367e+00,display,256,64,65,129,7.104890613819095924e-01,5.101401443898245791e-02,4.059831366346865894e-02,1.454625279072091666e-02,5.514456645418957387e-02,4.520929552558217309e-04,2.208011776920320912e+00,1.363613854390599784e-03,2.512074246378540598e-01,1.998401444325281773e-14,6.1.1-I-900
objective_profiles,1,3,2,1.000000000000000000e+00,4.152787295564890901e-01,4.152787295564890901e-01,2.200000000000000000e+01,4194304,1.027232752896264367e+00,display,256,64,65,129,7.126783769715959727e-01,5.007123656665942585e-02,3.986377983721613866e-02,1.431403973787024643e-02,5.417781957508638335e-02,4.520929552558217309e-04,2.208011776920320912e+00,1.363613854390599784e-03,2.512074246378540598e-01,1.998401444325281773e-14,6.1.1-I-900
objective_profiles,1,3,2,1.000000000000000000e+00,4.152787295564890901e-01,4.152787295564890901e-01,2.200000000000000000e+01,4194304,1.027232752896264367e+00,display,256,64,65,129,7.150708824937268560e-01,4.905390830649895839e-02,3.907149308634497165e-02,1.406267216592654336e-02,5.313416525227151327e-02,4.520929552558217309e-04,2.208011776920320912e+00,1.363613854390599784e-03,2.512074246378540598e-01,2.631228568361621001e-14,6.1.1-I-900
objective_profiles,1,3,2,1.000000000000000000e+00,4.152787295564890901e-01,4.152787295564890901e-01,2.200000000000000000e+01,4194304,1.027232752896264367e+00,display,256,64,65,129,7.176651367924371527e-01,4.796594252090253391e-02,3.822456962746593329e-02,1.379292747011746229e-02,5.201749709758339557e-02,4.520929552558217309e-04,2.208011776920320912e+00,1.363613854390599784e-03,2.512074246378540598e-01,1.998401444325281773e-14,6.1.1-I-900
objective_profiles,1,3,2,1.000000000000000000e+00,4.152787295564890901e-01,4.152787295564890901e-01,2.200000000000000000e+01,4194304,1.027232752896264367e+00,display,256,64,65,129,7.204595771859426678e-01,4.681149168182384412e-02,3.732630946646590259e-02,1.350563790333000197e-02,5.083194736979590456e-02,4.520929552558217309e-04,2.208011776920320912e+00,1.363613854390599784e-03,2.512074246378540598e-01,1.998401444325281773e-14,6.1.1-I-900
objective_profiles,1,3,2,1.000000000000000000e+00,4.152787295564890901e-01,4.152787295564890901e-01,2.200000000000000000e+01,4194304,1.027232752896264367e+00,display,256,64,65,129,7.234525204078413596e-01,4.559492598606776359e-02,3.638017730345077805e-02,1.320168759870104201e-02,4.958186490215182179e-02,4.520929552558217309e-04,2.208011776920320912e+00,1.363613854390599784e-03,2.512074246378540598e-01,6.994405055138486205e-14,6.1.1-I-900
objective_profiles,1,3,2,1.000000000000000000e+00,4.152787295564890901e-01,4.152787295564890901e-01,2.200000000000000000e+01,4194304,1.027232752896264367e+00,display,256,64,65,129,7.266421636210496082e-01,4.432081014487655041e-02,3.538978288618028351e-02,1.288200943266040906e-02,4.827179231884069083e-02,4.520929552558217309e-04,2.208011776920320912e+00,1.363613854390599784e-03,2.512074246378540598e-01,1.998401444325281773e-14,6.1.1-I-900
objective_profiles,1,3,2,1.000000000000000000e+00,4.152787295564890901e-01,4.152787295564890901e-01,2.200000000000000000e+01,4194304,1.027232752896264367e+00,display,256,64,65,129,7.300265855037642027e-01,4.299388048145715013e-02,3.435886098601604460e-02,1.254758174424969175e-02,4.690644273026573635e-02,4.520929552558217309e-04,2.208011776920320912e+00,1.363613854390599784e-03,2.512074246378540598e-01,1.998401444325281773e-14,6.1.1-I-900
objective_profiles,1,3,2,1.000000000000000000e+00,4.152787295564890901e-01,4.152787295564890901e-01,2.200000000000000000e+01,4194304,1.027232752896264367e+00,display,256,64,65,129,7.336037474067947928e-01,4.161902008691336502e-02,3.329125116739500151e-02,1.219942492693844652e-02,4.549067609433345150e-02,4.520929552558217309e-04,2.208011776920320912e+00,1.363613854390599784e-03,2.512074246378540598e-01,1.998401444325281773e-14,6.1.1-I-900
objective_profiles,1,3,2,1.000000000000000000e+00,4.152787295564890901e-01,4.152787295564890901e-01,2.200000000000000000e+01,4194304,1.027232752896264367e+00,display,256,64,65,129,7.373714945815695865e-01,4.020123662412405929e-02,3.219087751671685649e-02,1.183859790943375852e-02,4.402947542615061327e-02,4.520929552558217309e-04,2.208011776920320912e+00,1.363613854390599784e-03,2.512074246378540598e-01,3.697042672001771280e-14,6.1.1-I-900
objective_profiles,1,3,2,1.000000000000000000e+00,4.152787295564890901e-01,4.152787295564890901e-01,2.200000000000000000e+01,4194304,1.027232752896264367e+00,display,256,64,65,129,7.413275574780756605e-01,3.874563640675113968e-02,3.106172848953669963e-02,1.146619454213004992e-02,4.252792303166674781e-02,4.520929552558217309e-04,2.208011776920320912e+00,1.363613854390599784e-03,2.512074246378540598e-01,1.998401444325281773e-14,6.1.1-I-900
objective_profiles,1,3,2,1.000000000000000000e+00,4.152787295564890901e-01,4.152787295564890901e-01,2.200000000000000000e+01,4194304,1.027232752896264367e+00,display,256,64,65,129,7.454695531119509555e-01,3.725740210569005589e-02,2.990783702626489612e-02,1.108333990587738981e-02,4.099117693214228419e-02,4.520929552558217309e-04,2.208011776920320912e+00,1.363613854390599784e-03,2.512074246378540598e-01,1.998401444325281773e-14,6.1.1-I-900
objective_profiles,1,3,2,1.000000000000000000e+00,4.152787295564890901e-01,4.152787295564890901e-01,2.200000000000000000e+01,4194304,1.027232752896264367e+00,display,256,64,65,129,7.497949864999047254e-01,3.574176900976266252e-02,2.873326107645918226e-02,1.069118655966655972e-02,3.942444763612574371e-02,4.520929552558217309e-04,2.208011776920320912e+00,1.363613854390599784e-03,2.512074246378540598e-01,1.998401444325281773e-14,6.1.1-I-900
objective_profiles,1,3,2,1.000000000000000000e+00,4.152787295564890901e-01,4.152787295564890901e-01,2.200000000000000000e+01,4194304,1.027232752896264367e+00,display,256,64,65,129,7.543012521626024647e-01,3.420400143777099083e-02,2.754206466049075042e-02,1.029091074363903957e-02,3.783297540412978999e-02,4.520929552558217309e-04,2.208011776920320912e+00,1.363613854390599784e-03,2.512074246378540598e-01,1.998401444325281773e-14,6.1.1-I-900
objective_profiles,1,3,2,1.000000000000000000e+00,4.152787295564890901e-01,4.152787295564890901e-01,2.200000000000000000e+01,4194304,1.027232752896264367e+00,display,256,64,65,129,7.589856356941091509e-01,3.264937170976833086e-02,2.633829958513000252e-02,9.883708553542858849e-03,3.622200813867286484e-02,4.520929552558217309e-04,2.208011776920320912e+00,1.363613854390599784e-03,2.512074246378540598e-01,1.998401444325281773e-14,6.1.1-I-900
objective_profiles,1,3,2,1.000000000000000000e+00,4.152787295564890901e-01,4.152787295564890901e-01,2.200000000000000000e+01,4194304,1.027232752896264367e+00,display,256,64,65,129,7.638453153969456677e-01,3.108313756818578341e-02,2.512598791669305373e-02,9.470792102374151269e-03,3.459678001906720674e-02,4.520929552558217309e-04,2.208011776920320912e+00,1.363613854390599784e-03,2.512074246378540598e-01,1.998401444325281773e-14,6.1.1-I-900
objective_profiles,1,3,2,1.000000000000000000e+00,4.152787295564890901e-01,4.152787295564890901e-01,2.200000000000000000e+01,4194304,1.027232752896264367e+00,display,256,64,65,129,7.688773639817741978e-01,2.951052195810140513e-02,2.390910530204955892e-02,9.053385684478835321e-03,3.296249098652839771e-02,4.520929552558217309e-04,2.208011776920320912e+00,1.363613854390599784e-03,2.512074246378540598e-01,1.998401444325281773e-14,6.1.1-I-900
objective_profiles,1,3,2,1.000000000000000000e+00,4.152787295564890901e-01,4.152787295564890901e-01,2.200000000000000000e+01,4194304,1.027232752896264367e+00,display,256,64,65,129,7.740787503306877371e-01,2.793669288753921828e-02,2.269156521426879056e-02,8.632721956851552303e-03,3.132428717112034633e-02,4.520929552558217309e-04,2.208011776920320912e+00,1.363613854390599784e-03,2.512074246378540598e-01,2.797762022055394482e-14,6.1.1-I-900
objective_profiles,1,3,2,1.000000000000000000e+00,4.152787295564890901e-01,4.152787295564890901e-01,2.200000000000000000e+01,4194304,1.027232752896264367e+00,display,256,64,65,129,7.794463413230420246e-01,2.636674519630762339e-02,2.147720418617888802e-02,8.210038151761933981e-03,2.968724233794082373e-02,4.520929552558217309e-04,2.208011776920320912e+00,1.363613854390599784e-03,2.512074246378540598e-01,3.630429290524261887e-14,6.1.1-I-900
objective_profiles,1,3,2,1.000000000000000000e+00,4.152787295564890901e-01,4.152787295564890901e-01,2.200000000000000000e+01,4194304,1.027232752896264367e+00,display,256,64,65,129,7.849769037227303237e-01,2.480568294941910140e-02,2.026976808184304327e-02,7.786572334177191412e-03,2.805634041602023468e-02,4.520929552558217309e-04,2.208011776920320912e+00,1.363613854390599784e-03,2.512074246378540598e-01,1.998401444325281773e-14,6.1.1-I-900
objective_profiles,1,3,2,1.000000000000000000e+00,4.152787295564890901e-01,4.152787295564890901e-01,2.200000000000000000e+01,4194304,1.027232752896264367e+00,display,256,64,65,129,7.906671061257641853e-01,2.325840205320180501e-02,1.907289944308911828e-02,7.363559716740642087e-03,2.643645915982975950e-02,4.520929552558217309e-04,2.208011776920320912e+00,1.363613854390599784e-03,2.512074246378540598e-01,1.998401444325281773e-14,6.1.1-I-900
objective_profiles,1,3,2,1.000000000000000000e+00,4.152787295564890901e-01,4.152787295564890901e-01,2.200000000000000000e+01,4194304,1.027232752896264367e+00,display,256,64,65,129,7.965135209669864658e-01,2.172967612132144233e-02,1.789012593592655478e-02,6.942229044316986127e-03,2.483235498024354004e-02,4.520929552558217309e-04,2.208011776920320912e+00,1.363613854390599784e-03,2.512074246378540598e-01,4.118927421359330765e-14,6.1.1-I-900
objective_profiles,1,3,2,1.000000000000000000e+00,4.152787295564890901e-01,4.152787295564890901e-01,2.200000000000000000e+01,4194304,1.027232752896264367e+00,display,256,64,65,129,8.025126265847083440e-01,2.022414157355990547e-02,1.672484991006792723e-02,6.523799059336985243e-03,2.324864896940491421e-02,4.520929552558217309e-04,2.208011776920320912e+00,1.363613854390599784e-03,2.512074246378540598e-01,1.998401444325281773e-14,6.1.1-I-900
objective_profiles,1,3,2,1.000000000000000000e+00,4.152787295564890901e-01,4.152787295564890901e-01,2.200000000000000000e+01,4194304,1.027232752896264367e+00,display,256,64,65,129,8.086608093420265542e-01,1.874628454222596052e-02,1.558033907395427707e-02,6.109475058373795876e-03,2.168981413232807381e-02,4.520929552558217309e-04,2.208011776920320912e+00,1.363613854390599784e-03,2.512074246378540598e-01,2.375877272697834997e-14,6.1.1-I-900
objective_profiles,1,3,2,1.000000000000000000e+00,4.152787295564890901e-01,4.152787295564890901e-01,2.200000000000000000e+01,4194304,1.027232752896264367e+00,display,256,64,65,129,8.149543658035435234e-01,1.730043000026591782e-02,1.445971827774072786e-02,5.700445549568951276e-03,2.016016382730968087e-02,4.520929552558217309e-04,2.208011776920320912e+00,1.363613854390599784e-03,2.512074246378540598e-01,1.998401444325281773e-14,6.1.1-I-900
objective_profiles,1,3,2,1.000000000000000000e+00,4.152787295564890901e-01,4.152787295564890901e-01,2.200000000000000000e+01,4194304,1.027232752896264367e+00,display,256,64,65,129,8.213895049661780190e-01,1.589073015866633923e-02,1.336596238769681942e-02,5.297879019704097858e-03,1.866384140740091901e-02,4.520929552558217309e-04,2.208011776920320912e+00,1.363613854390599784e-03,2.512074246378540598e-01,1.998401444325281773e-14,6.1.1-I-900
objective_profiles,1,3,2,1.000000000000000000e+00,4.152787295564890901e-01,4.152787295564890901e-01,2.200000000000000000e+01,4194304,1.027232752896264367e+00,display,256,64,65,129,8.279623505427240460e-01,1.452115603199742588e-02,1.230189022742987116e-02,4.902920818894643783e-03,1.720481104632451408e-02,4.520929552558217309e-04,2.208011776920320912e+00,1.363613854390599784e-03,2.512074246378540598e-01,7.749356711883592652e-14,6.1.1-I-900
objective_profiles,1,3,2,1.000000000000000000e+00,4.152787295564890901e-01,4.152787295564890901e-01,2.200000000000000000e+01,4194304,1.027232752896264367e+00,display,256,64,65,129,8.346689432967805411e-01,1.319548892044684375e-02,1.127015955429772238e-02,4.516690170064479280e-03,1.578684972436220080e-02,4.520929552558217309e-04,2.208011776920320912e+00,1.363613854390599784e-03,2.512074246378540598e-01,1.998401444325281773e-14,6.1.1-I-900
objective_profiles,1,3,2,1.000000000000000000e+00,4.152787295564890901e-01,4.152787295564890901e-01,2.200000000000000000e+01,4194304,1.027232752896264367e+00,display,256,64,65,129,8.415052434276482085e-01,1.191731316189350437e-02,1.027326303330417835e-02,4.140277309558555371e-03,1.441354034286273372e-02,4.520929552558217309e-04,2.208011776920320912e+00,1.363613854390599784e-03,2.512074246378540598e-01,1.998401444325281773e-14,6.1.1-I-900
objective_profiles,1,3,2,1.000000000000000000e+00,4.152787295564890901e-01,4.152787295564890901e-01,2.200000000000000000e+01,4194304,1.027232752896264367e+00,display,256,64,65,129,8.484671330037540926e-01,1.069001071075100298e-02,9.313525165667429009e-03,3.774740764461973711e-03,1.308826593012940229e-02,4.520929552558217309e-04,2.208011776920320912e+00,1.363613854390599784e-03,2.512074246378540598e-01,1.998401444325281773e-14,6.1.1-I-900
objective_profiles,1,3,2,1.000000000000000000e+00,4.152787295564890901e-01,4.152787295564890901e-01,2.200000000000000000e+01,4194304,1.027232752896264367e+00,display,256,64,65,129,8.555504184431391712e-01,9.516755704632612681e-03,8.393100125085531035e-03,3.421104771428420174e-03,1.181420489651395164e-02,4.520929552558217309e-04,2.208011776920320912e+00,1.363613854390599784e-03,2.512074246378540598e-01,1.998401444325281773e-14,6.1.1-I-900
objective_profiles,1,3,2,1.000000000000000000e+00,4.152787295564890901e-01,4.152787295564890901e-01,2.200000000000000000e+01,4194304,1.027232752896264367e+00,display,256,64,65,129,8.627508330395159408e-01,8.400510692506796620e-03,7.513970451434218156e-03,3.080356841077124420e-03,1.059432729251134214e-02,4.520929552558217309e-04,2.208011776920320912e+00,1.363613854390599784e-03,2.512074246378540598e-01,4.374278717023116769e-14,6.1.1-I-900
objective_profiles,1,3,2,1.000000000000000000e+00,4.152787295564890901e-01,4.152787295564890901e-01,2.200000000000000000e+01,4194304,1.027232752896264367e+00,display,256,64,65,129,8.700640395323723242e-01,7.344024501726118329e-03,6.677946549198471998e-03,2.753445471304656524e-03,9.431392020503128956e-03,4.520929552558217309e-04,2.208011776920320912e+00,1.363613854390599784e-03,2.512074246378540598e-01,1.998401444325281773e-14,6.1.1-I-900
objective_profiles,1,3,2,1.000000000000000000e+00,4.152787295564890901e-01,4.152787295564890901e-01,2.200000000000000000e+01,4194304,1.027232752896264367e+00,display,256,64,65,129,8.774856327195754702e-01,6.349828876771000490e-03,5.886666936262470798e-03,2.441278012171369232e-03,8.327944948433840464e-03,4.520929552558217309e-04,2.208011776920320912e+00,1.363613854390599784e-03,2.512074246378540598e-01,6.861178292183467420e-14,6.1.1-I-900
objective_profiles,1,3,2,1.000000000000000000e+00,4.152787295564890901e-01,4.152787295564890901e-01,2.200000000000000000e+01,4194304,1.027232752896264367e+00,display,256,64,65,129,8.850111421109007059e-01,5.420238609733267314e-03,5.141599187734788821e-03,2.144718684369743052e-03,7.286317872104531440e-03,4.520929552558217309e-04,2.208011776920320912e+00,1.363613854390599784e-03,2.512074246378540598e-01,1.998401444325281773e-14,6.1.1-I-900
objective_profiles,1,3,2,1.000000000000000000e+00,4.152787295564890901e-01,4.152787295564890901e-01,2.200000000000000000e+01,4194304,1.027232752896264367e+00,display,256,64,65,129,8.926360346208876972e-01,4.557350178067894574e-03,4.444041519175264549e-03,1.864586752663102307e-03,6.308628271838367073e-03,4.520929552558217309e-04,2.208011776920320912e+00,1.363613854390599784e-03,2.512074246378540598e-01,3.619327060278010322e-14,6.1.1-I-900
objective_profiles,1,3,2,1.000000000000000000e+00,4.152787295564890901e-01,4.152787295564890901e-01,2.200000000000000000e+01,4194304,1.027232752896264367e+00,display,256,64,65,129,9.003557172994012259e-01,3.763042981577052574e-03,3.795124953859728163e-03,1.601654855097044920e-03,5.396779808956773082e-03,4.520929552558217309e-04,2.208011776920320912e+00,1.363613854390599784e-03,2.512074246378540598e-01,1.998401444325281773e-14,6.1.1-I-900
objective_profiles,1,3,2,1.000000000000000000e+00,4.152787295564890901e-01,4.152787295564890901e-01,2.200000000000000000e+01,4194304,1.027232752896264367e+00,display,256,64,65,129,9.081655400982534543e-01,3.038979864344311214e-03,3.195816019489178261e-03,1.356647488236367455e-03,4.552463507725545283e-03,4.520929552558217309e-04,2.208011776920320912e+00,1.363613854390599784e-03,2.512074246378540598e-01,1.998401444325281773e-14,6.1.1-I-900
objective_profiles,1,3,2,1.000000000000000000e+00,4.152787295564890901e-01,4.152787295564890901e-01,2.200000000000000000e+01,4194304,1.027232752896264367e+00,display,256,64,65,129,9.160607986722184570e-01,2.386609200731655729e-03,2.646919920973238825e-03,1.130239648165670772e-03,3.777159569138909597e-03,4.520929552558217309e-04,2.208011776920320912e+00,1.363613854390599784e-03,2.512074246378540598e-01,6.783462680459706462e-14,6.1.1-I-900
objective_profiles,1,3,2,1.000000000000000000e+00,4.152787295564890901e-01,4.152787295564890901e-01,2.200000000000000000e+01,4194304,1.027232752896264367e+00,display,256,64,65,129,9.240367372127540335e-01,1.807167009212989678e-03,2.149084137497835056e-03,9.230556265117992451e-04,3.072139764009634410e-03,4.520929552558217309e-04,2.208011776920320912e+00,1.363613854390599784e-03,2.512074246378540598e-01,1.998401444325281773e-14,6.1.1-I-900
objective_profiles,1,3,2,1.000000000000000000e+00,4.152787295564890901e-01,4.152787295564890901e-01,2.200000000000000000e+01,4194304,1.027232752896264367e+00,display,256,64,65,129,9.320885513127229460e-01,1.301679800395085960e-03,1.702802393994017104e-03,7.356679603021330218e-04,2.438470354296150017e-03,4.520929552558217309e-04,2.208011776920320912e+00,1.363613854390599784e-03,2.512074246378540598e-01,7.860379014346108306e-14,6.1.1-I-900
objective_profiles,1,3,2,1.000000000000000000e+00,4.152787295564890901e-01,4.152787295564890901e-01,2.200000000000000000e+01,4194304,1.027232752896264367e+00,display,256,64,65,129,9.402113908603878523e-01,8.709680600584749710e-04,1.308418959272725484e-03,5.685965340621048584e-04,1.877015493334830342e-03,4.520929552558217309e-04,2.208011776920320912e+00,1.363613854390599784e-03,2.512074246378540598e-01,1.998401444325281773e-14,6.1.1-I-900
objective_profiles,1,3,2,1.000000000000000000e+00,4.152787295564890901e-01,4.152787295564890901e-01,2.200000000000000000e+01,4194304,1.027232752896264367e+00,display,256,64,65,129,9.484003629609381036e-01,5.156500279610471988e-04,9.661332254404935175e-04,4.223078321778749164e-04,1.388441057618368434e-03,4.520929552558217309e-04,2.208011776920320912e+00,1.363613854390599784e-03,2.512074246378540598e-01,6.328271240363392280e-14,6.1.1-I-900
objective_profiles,1,3,2,1.000000000000000000e+00,4.152787295564890901e-01,4.152787295564890901e-01,2.200000000000000000e+01,4194304,1.027232752896264367e+00,display,256,64,65,129,9.566505348837854861e-01,2.361457219507289589e-04,6.760045257122791708e-04,2.972143392057857107e-04,9.732188649180648814e-04,4.520929552558217309e-04,2.208011776920320912e+00,1.363613854390599784e-03,2.512074246378540598e-01,1.998401444325281773e-14,6.1.1-I-900
objective_profiles,1,3,2,1.000000000000000000e+00,4.152787295564890901e-01,4.152787295564890901e-01,2.200000000000000000e+01,4194304,1.027232752896264367e+00,display,256,64,65,129,9.649569370338575425e-01,3.268177107616753710e-05,4.379571503273078882e-04,1.936740854964655279e-04,6.316312358237733890e-04,4.520929552558217309e-04,2.208011776920320912e+00,1.363613854390599784e-03,2.512074246378540598e-01,1.998401444325281773e-14,6.1.1-I-900
objective_profiles,1,3,2,1.000000000000000000e+00,4.152787295564890901e-01,4.152787295564890901e-01,2.200000000000000000e+01,4194304,1.027232752896264367e+00,display,256,64,65,129,9.733145659450954668e-01,-9.470398443319288603e-05,2.517855229409776056e-04,1.119903352179048159e-04,3.637758581588824351e-04,4.520929552558217309e-04,2.208011776920320912e+00,1.363613854390599784e-03,2.512074246378540598e-01,1.998401444325281773e-14,6.1.1-I-900
objective_profiles,1,3,2,1.000000000000000000e+00,4.152787295564890901e-01,4.152787295564890901e-01,2.200000000000000000e+01,4194304,1.027232752896264367e+00,display,256,64,65,129,9.817183872943550105e-01,-1.461573903904236048e-04,1.171595025416075108e-04,5.241141360614919107e-05,1.695709161477566883e-04,4.520929552558217309e-04,2.208011776920320912e+00,1.363613854390599784e-03,2.512074246378540598e-01,2.176037128265306819e-14,6.1.1-I-900
objective_profiles,1,3,2,1.000000000000000000e+00,4.152787295564890901e-01,4.152787295564890901e-01,2.200000000000000000e+01,4194304,1.027232752896264367e+00,display,256,64,65,129,9.901633389338944102e-01,-1.220024739850901247e-04,3.362977862234787732e-05,1.513067004532816884e-05,4.876044866767604446e-05,4.520929552558217309e-04,2.208011776920320912e+00,1.363613854390599784e-03,2.512074246378540598e-01,3.119726699196689879e-14,6.1.1-I-900
objective_profiles,1,3,2,1.000000000000000000e+00,4.152787295564890901e-01,4.152787295564890901e-01,2.200000000000000000e+01,4194304,1.027232752896264367e+00,display,256,64,65,129,9.986443339406233521e-01,-2.273582255192644168e-05,6.333299699786745867e-07,2.865733748299803357e-07,9.199033448086548695e-07,4.520929552558217309e-04,2.208011776920320912e+00,1.363613854390599784e-03,2.512074246378540598e-01,2.964295475749167963e-14,6.1.1-I-900
objective_profiles,1,3,2,1.000000000000000000e+00,4.152787295564890901e-01,4.152787295564890901e-01,2.200000000000000000e+01,4194304,1.027232752896264367e+00,display,256,64,65,129,1.007156263680274222e+00,1.509788897791341784e-04,1.749892002491388934e-05,7.962935644551991619e-06,2.546185566946588096e-05,4.520929552558217309e-04,2.208011776920320912e+00,1.363613854390599784e-03,2.512074246378540598e-01,1.998401444325281773e-14,6.1.1-I-900
objective_profiles,1,3,2,1.000000000000000000e+00,4.152787295564890901e-01,4.152787295564890901e-01,2.200000000000000000e+01,4194304,1.027232752896264367e+00,display,256,64,65,129,1.015694000884653558e+00,3.983171931298405992e-04,8.345260426166209650e-05,3.818926038297126396e-05,1.216418646446333672e-04,4.520929552558217309e-04,2.208011776920320912e+00,1.363613854390599784e-03,2.512074246378540598e-01,1.998401444325281773e-14,6.1.1-I-900
objective_profiles,1,3,2,1.000000000000000000e+00,4.152787295564890901e-01,4.152787295564890901e-01,2.200000000000000000e+01,4194304,1.027232752896264367e+00,display,256,64,65,129,1.024252402740116308e+00,7.182993317589868613e-04,1.976232274584286807e-04,9.094121130812065485e-05,2.885644387665493491e-04,4.520929552558217309e-04,2.208011776920320912e+00,1.363613854390599784e-03,2.512074246378540598e-01,1.998401444325281773e-14,6.1.1-I-900
objective_profiles,1,3,2,1.000000000000000000e+00,4.152787295564890901e-01,4.152787295564890901e-01,2.200000000000000000e+01,4194304,1.027232752896264367e+00,display,256,64,65,129,1.032826313985403477e+00,1.109796854351568357e-03,3.590478910252324716e-04,1.661411972973501634e-04,5.251890883225826621e-04,4.520929552558217309e-04,2.208011776920320912e+00,1.363613854390599784e-03,2.512074246378540598e-01,5.351274978693254525e-14,6.1.1-I-900
objective_profiles,1,3,2,1.000000000000000000e+00,4.152787295564890901e-01,4.152787295564890901e-01,2.200000000000000000e+01,4194304,1.027232752896264367e+00,display,256,64,65,129,1.041410570016980675e+00,1.571538252647913152e-03,5.666773727588123380e-04,2.636590693353357221e-04,8.303364420941480601e-04,4.520929552558217309e-04,2.208011776920320912e+00,1.363613854390599784e-03,2.512074246378540598e-01,1.998401444325281773e-14,6.1.1-I-900
objective_profiles,1,3,2,1.000000000000000000e+00,4.152787295564890901e-01,4.152787295564890901e-01,2.200000000000000000e+01,4194304,1.027232752896264367e+00,display,256,64,65,129,1.049999999999999822e+00,2.102116019733837621e-03,8.193814834551793125e-04,3.833129250803727294e-04,1.202694408535551988e-03,4.520929552558217309e-04,2.208011776920320912e+00,1.363613854390599784e-03,2.512074246378540598e-01,3.397282455352979014e-14,6.1.1-I-900
objective_profiles,1,3,2,1.000000000000000000e+00,4.152787295564890901e-01,4.152787295564890901e-01,2.200000000000000000e+01,4194304,1.027232752896264367e+00,display,256,64,65,129,1.058589429983019192e+00,2.699991965070573478e-03,1.115954346764129945e-03,5.248700166251747418e-04,1.640824363389304687e-03,4.520929552558217309e-04,2.208011776920320912e+00,1.363613854390599784e-03,2.512074246378540598e-01,1.998401444325281773e-14,6.1.1-I-900
objective_profiles,1,3,2,1.000000000000000000e+00,4.152787295564890901e-01,4.152787295564890901e-01,2.200000000000000000e+01,4194304,1.027232752896264367e+00,display,256,64,65,129,1.067173686014596168e+00,3.363504025736068458e-03,1.455119590481973807e-03,6.880477569793241746e-04,2.143167347461298090e-03,4.520929552558217309e-04,2.208011776920320912e+00,1.363613854390599784e-03,2.512074246378540598e-01,3.885780586188047891e-14,6.1.1-I-900
objective_profiles,1,3,2,1.000000000000000000e+00,4.152787295564890901e-01,4.152787295564890901e-01,2.200000000000000000e+01,4194304,1.027232752896264367e+00,display,256,64,65,129,1.075747597259883559e+00,4.090872703613445890e-03,1.835535439168717352e-03,8.725148207644943619e-04,2.708050259933211714e-03,4.520929552558217309e-04,2.208011776920320912e+00,1.363613854390599784e-03,2.512074246378540598e-01,4.640732242933154339e-14,6.1.1-I-900
objective_profiles,1,3,2,1.000000000000000000e+00,4.152787295564890901e-01,4.152787295564890901e-01,2.200000000000000000e+01,4194304,1.027232752896264367e+00,display,256,64,65,129,1.084305999115346086e+00,4.880206780570481295e-03,2.255799699542588091e-03,1.077892334588922757e-03,3.333692034131511064e-03,4.520929552558217309e-04,2.208011776920320912e+00,1.363613854390599784e-03,2.512074246378540598e-01,4.662936703425657470e-14,6.1.1-I-900
objective_profiles,1,3,2,1.000000000000000000e+00,4.152787295564890901e-01,4.152787295564890901e-01,2.200000000000000000e+01,4194304,1.027232752896264367e+00,display,256,64,65,129,1.092843736319725645e+00,5.729510049670997508e-03,2.714454631532054775e-03,1.303755152555949835e-03,4.018209784088004610e-03,4.520929552558217309e-04,2.208011776920320912e+00,1.363613854390599784e-03,2.512074246378540598e-01,3.519406988061746233e-14,6.1.1-I-900
objective_profiles,1,3,2,1.000000000000000000e+00,4.152787295564890901e-01,4.152787295564890901e-01,2.200000000000000000e+01,4194304,1.027232752896264367e+00,display,256,64,65,129,1.101355666059376404e+00,6.636687414845866481e-03,3.209991699192372115e-03,1.549633212356528976e-03,4.759624911548901091e-03,4.520929552558217309e-04,2.208011776920320912e+00,1.363613854390599784e-03,2.512074246378540598e-01,1.998401444325281773e-14,6.1.1-I-900
objective_profiles,1,3,2,1.000000000000000000e+00,4.152787295564890901e-01,4.152787295564890901e-01,2.200000000000000000e+01,4194304,1.027232752896264367e+00,display,256,64,65,129,1.109836661066105457e+00,7.599550981865121381e-03,3.740856196879908079e-03,1.815012967404222664e-03,5.555869164284131176e-03,4.520929552558217309e-04,2.208011776920320912e+00,1.363613854390599784e-03,2.512074246378540598e-01,5.018208071305707563e-14,6.1.1-I-900
objective_profiles,1,3,2,1.000000000000000000e+00,4.152787295564890901e-01,4.152787295564890901e-01,2.200000000000000000e+01,4194304,1.027232752896264367e+00,display,256,64,65,129,1.118281612705644745e+00,8.615826255436675324e-03,4.305451747172418624e-03,2.099338890482730161e-03,6.404790637655148784e-03,4.520929552558217309e-04,2.208011776920320912e+00,1.363613854390599784e-03,2.512074246378540598e-01,3.441691376337985275e-14,6.1.1-I-900
objective_profiles,1,3,2,1.000000000000000000e+00,4.152787295564890901e-01,4.152787295564890901e-01,2.200000000000000000e+01,4194304,1.027232752896264367e+00,display,256,64,65,129,1.126685434054904400e+00,9.683158324126590888e-03,4.902144667994014909e-03,2.402015044400530094e-03,7.304159712394545437e-03,4.520929552558217309e-04,2.208011776920320912e+00,1.363613854390599784e-03,2.512074246378540598e-01,1.998401444325281773e-14,6.1.1-I-900
objective_profiles,1,3,2,1.000000000000000000e+00,4.152787295564890901e-01,4.152787295564890901e-01,2.200000000000000000e+01,4194304,1.027232752896264367e+00,display,256,64,65,129,1.135043062966142324e+00,1.079911774081771143e-02,5.529268207283878807e-03,2.722406715173757152e-03,8.251674922457635092e-03,4.520929552558217309e-04,2.208011776920320912e+00,1.363613854390599784e-03,2.512074246378540598e-01,1.998401444325281773e-14,6.1.1-I-900
objective_profiles,1,3,2,1.000000000000000000e+00,4.152787295564890901e-01,4.152787295564890901e-01,2.200000000000000000e+01,4194304,1.027232752896264367e+00,display,256,64,65,129,1.143349465116214381e+00,1.196120618221617471e-02,6.185126644326613757e-03,3.059842103293604256e-03,9.244968747620218447e-03,4.520929552558217309e-04,2.208011776920320912e+00,1.363613854390599784e-03,2.512074246378540598e-01,1.998401444325281773e-14,6.1.1-I-900
objective_profiles,1,3,2,1.000000000000000000e+00,4.152787295564890901e-01,4.152787295564890901e-01,2.200000000000000000e+01,4194304,1.027232752896264367e+00,display,256,64,65,129,1.151599637039061541e+00,1.316686318528213773e-02,6.867999257554689881e-03,3.413614068674610414e-03,1.028161332622930073e-02,4.520929552558217309e-04,2.208011776920320912e+00,1.363613854390599784e-03,2.512074246378540598e-01,2.420286193682841258e-14,6.1.1-I-900
objective_profiles,1,3,2,1.000000000000000000e+00,4.152787295564890901e-01,4.152787295564890901e-01,2.200000000000000000e+01,4194304,1.027232752896264367e+00,display,256,64,65,129,1.159788609139611903e+00,1.441347103253388766e-02,7.576144159237041889e-03,3.782981924924527523e-03,1.135912608416156898e-02,4.520929552558217309e-04,2.208011776920320912e+00,1.363613854390599784e-03,2.512074246378540598e-01,1.998401444325281773e-14,6.1.1-I-900
objective_profiles,1,3,2,1.000000000000000000e+00,4.152787295564890901e-01,4.152787295564890901e-01,2.200000000000000000e+01,4194304,1.027232752896264367e+00,display,256,64,65,129,1.167911448687276810e+00,1.569836086737685932e-02,8.307801998003308541e-03,4.167173278625816574e-03,1.247497527662912511e-02,4.520929552558217309e-04,2.208011776920320912e+00,1.363613854390599784e-03,2.512074246378540598e-01,3.352873534367972752e-14,6.1.1-I-900
objective_profiles,1,3,2,1.000000000000000000e+00,4.152787295564890901e-01,4.152787295564890901e-01,2.200000000000000000e+01,4194304,1.027232752896264367e+00,display,256,64,65,129,1.175963262787245833e+00,1.701881809438283988e-02,9.061199530608377364e-03,4.565385909371000306e-03,1.362658543997937767e-02,4.520929552558217309e-04,2.208011776920320912e+00,1.363613854390599784e-03,2.512074246378540598e-01,1.998401444325281773e-14,6.1.1-I-900
objective_profiles,1,3,2,1.000000000000000000e+00,4.152787295564890901e-01,4.152787295564890901e-01,2.200000000000000000e+01,4194304,1.027232752896264367e+00,display,256,64,65,129,1.183939201327781188e+00,1.837208851201679177e-02,9.834553064733284056e-03,4.976789686351355650e-03,1.481134275108464057e-02,4.520929552558217309e-04,2.208011776920320912e+00,1.363613854390599784e-03,2.512074246378540598e-01,1.998401444325281773e-14,6.1.1-I-900
objective_profiles,1,3,2,1.000000000000000000e+00,4.152787295564890901e-01,4.152787295564890901e-01,2.200000000000000000e+01,4194304,1.027232752896264367e+00,display,256,64,65,129,1.191834459901746301e+00,1.975538300134575126e-02,1.062607177495458743e-02,5.400528517356452743e-03,1.602660029231103844e-02,4.520929552558217309e-04,2.208011776920320912e+00,1.363613854390599784e-03,2.512074246378540598e-01,6.217248937900876626e-14,6.1.1-I-900
objective_profiles,1,3,2,1.000000000000000000e+00,4.152787295564890901e-01,4.152787295564890901e-01,2.200000000000000000e+01,4194304,1.027232752896264367e+00,display,256,64,65,129,1.199644282700598641e+00,2.116588336126317554e-02,1.143396089428956423e-02,5.835722326105282319e-03,1.726968322039484569e-02,4.520929552558217309e-04,2.208011776920320912e+00,1.363613854390599784e-03,2.512074246378540598e-01,2.531308496145356912e-14,6.1.1-I-900
objective_profiles,1,3,2,1.000000000000000000e+00,4.152787295564890901e-01,4.152787295564890901e-01,2.200000000000000000e+01,4194304,1.027232752896264367e+00,display,256,64,65,129,1.207363965379112170e+00,2.260074727382295132e-02,1.225642478395293222e-02,6.281469053892811683e-03,1.853789383784574391e-02,4.520929552558217309e-04,2.208011776920320912e+00,1.363613854390599784e-03,2.512074246378540598e-01,1.998401444325281773e-14,6.1.1-I-900
objective_profiles,1,3,2,1.000000000000000000e+00,4.152787295564890901e-01,4.152787295564890901e-01,2.200000000000000000e+01,4194304,1.027232752896264367e+00,display,256,64,65,129,1.214988857889099272e+00,2.405711380020652060e-02,1.309166988414325189e-02,6.736846681603373029e-03,1.982851656574662405e-02,4.520929552558217309e-04,2.208011776920320912e+00,1.363613854390599784e-03,2.512074246378540598e-01,1.998401444325281773e-14,6.1.1-I-900
objective_profiles,1,3,2,1.000000000000000000e+00,4.152787295564890901e-01,4.152787295564890901e-01,2.200000000000000000e+01,4194304,1.027232752896264367e+00,display,256,64,65,129,1.222514367280424175e+00,2.553210813902299578e-02,1.393790754882038088e-02,7.200915268209737846e-03,2.113882281703011873e-02,4.520929552558217309e-04,2.208011776920320912e+00,1.363613854390599784e-03,2.512074246378540598e-01,1.998401444325281773e-14,6.1.1-I-900
objective_profiles,1,3,2,1.000000000000000000e+00,4.152787295564890901e-01,4.152787295564890901e-01,2.200000000000000000e+01,4194304,1.027232752896264367e+00,display,256,64,65,129,1.229935960467627432e+00,2.702284675170299119e-02,1.479335676754308868e-02,7.672719001947026461e-03,2.246607576949011600e-02,4.520929552558217309e-04,2.208011776920320912e+00,1.363613854390599784e-03,2.512074246378540598e-01,1.998401444325281773e-14,6.1.1-I-900
objective_profiles,1,3,2,1.000000000000000000e+00,4.152787295564890901e-01,4.152787295564890901e-01,2.200000000000000000e+01,4194304,1.027232752896264367e+00,display,256,64,65,129,1.237249166960483926e+00,2.852644237132715213e-02,1.565624677750412572e-02,8.151288260422114018e-03,2.380753503792623973e-02,4.520929552558217309e-04,2.208011776920320912e+00,1.363613854390599784e-03,2.512074246378540598e-01,4.474198789239380858e-14,6.1.1-I-900
objective_profiles,1,3,2,1.000000000000000000e+00,4.152787295564890901e-01,4.152787295564890901e-01,2.200000000000000000e+01,4194304,1.027232752896264367e+00,display,256,64,65,129,1.244449581556860585e+00,3.004000833120047328e-02,1.652481956895544141e-02,8.635641675991562530e-03,2.516046124494700220e-02,4.520929552558217309e-04,2.208011776920320912e+00,1.363613854390599784e-03,2.512074246378540598e-01,1.998401444325281773e-14,6.1.1-I-900
objective_profiles,1,3,2,1.000000000000000000e+00,4.152787295564890901e-01,4.152787295564890901e-01,2.200000000000000000e+01,4194304,1.027232752896264367e+00,display,256,64,65,129,1.251532866996245774e+00,3.156066368502674635e-02,1.739733228722616792e-02,9.124788202815880406e-03,2.652212049004204833e-02,4.520929552558217309e-04,2.208011776920320912e+00,1.363613854390599784e-03,2.512074246378540598e-01,2.575717417130363174e-14,6.1.1-I-900
objective_profiles,1,3,2,1.000000000000000000e+00,4.152787295564890901e-01,4.152787295564890901e-01,2.200000000000000000e+01,4194304,1.027232752896264367e+00,display,256,64,65,129,1.258494756572351658e+00,3.308553775121569895e-02,1.827205953454175136e-02,9.617729182071063296e-03,2.788978871661281639e-02,4.520929552558217309e-04,2.208011776920320912e+00,1.363613854390599784e-03,2.512074246378540598e-01,2.353672812205331866e-14,6.1.1-I-900
objective_profiles,1,3,2,1.000000000000000000e+00,4.152787295564890901e-01,4.152787295564890901e-01,2.200000000000000000e+01,4194304,1.027232752896264367e+00,display,256,64,65,129,1.265331056703219215e+00,3.461177408480222567e-02,1.914729557483114269e-02,1.011346040187647427e-02,2.926075597670761697e-02,4.520929552558217309e-04,2.208011776920320912e+00,1.363613854390599784e-03,2.512074246378540598e-01,1.998401444325281773e-14,6.1.1-I-900
objective_profiles,1,3,2,1.000000000000000000e+00,4.152787295564890901e-01,4.152787295564890901e-01,2.200000000000000000e+01,4194304,1.027232752896264367e+00,display,256,64,65,129,1.272037649457275599e+00,3.613653561327891811e-02,2.002135644466531555e-02,1.061097414857261993e-02,3.063233059323793722e-02,4.520929552558217309e-04,2.208011776920320912e+00,1.363613854390599784e-03,2.512074246378540598e-01,1.998401444325281773e-14,6.1.1-I-900
objective_profiles,1,3,2,1.000000000000000000e+00,4.152787295564890901e-01,4.152787295564890901e-01,2.200000000000000000e+01,4194304,1.027232752896264367e+00,display,256,64,65,129,1.278610495033821737e+00,3.765700814573366695e-02,2.089258197343057261e-02,1.110926124606164030e-02,3.200184321949221117e-02,4.520929552558217309e-04,2.208011776920320912e+00,1.363613854390599784e-03,2.512074246378540598e-01,1.998401444325281773e-14,6.1.1-I-900
objective_profiles,1,3,2,1.000000000000000000e+00,4.152787295564890901e-01,4.152787295564890901e-01,2.200000000000000000e+01,4194304,1.027232752896264367e+00,display,256,64,65,129,1.285045634196456454e+00,3.917040507721655795e-02,2.175933771576404885e-02,1.160731307999971276e-02,3.336665079576375814e-02,4.520929552558217309e-04,2.208011776920320912e+00,1.363613854390599784e-03,2.512074246378540598e-01,1.998401444325281773e-14,6.1.1-I-900
objective_profiles,1,3,2,1.000000000000000000e+00,4.152787295564890901e-01,4.152787295564890901e-01,2.200000000000000000e+01,4194304,1.027232752896264367e+00,display,256,64,65,129,1.291339190657973424e+00,4.067397118668109740e-02,2.262001679921810463e-02,1.210412360371112585e-02,3.472414040292923221e-02,4.520929552558217309e-04,2.208011776920320912e+00,1.363613854390599784e-03,2.512074246378540598e-01,3.153033389935444575e-14,6.1.1-I-900
objective_profiles,1,3,2,1.000000000000000000e+00,4.152787295564890901e-01,4.152787295564890901e-01,2.200000000000000000e+01,4194304,1.027232752896264367e+00,display,256,64,65,129,1.297487373415291412e+00,4.216498674112676565e-02,2.347304169002749352e-02,1.259869132277107069e-02,3.607173301279856248e-02,4.520929552558217309e-04,2.208011776920320912e+00,1.363613854390599784e-03,2.512074246378540598e-01,5.639932965095795225e-14,6.1.1-I-900
objective_profiles,1,3,2,1.000000000000000000e+00,4.152787295564890901e-01,4.152787295564890901e-01,2.200000000000000000e+01,4194304,1.027232752896264367e+00,display,256,64,65,129,1.303486479033013179e+00,4.364077118393403648e-02,2.431686587977298364e-02,1.309002125528593678e-02,3.740688713505892216e-02,4.520929552558217309e-04,2.208011776920320912e+00,1.363613854390599784e-03,2.512074246378540598e-01,6.039613253960851580e-14,6.1.1-I-900
objective_profiles,1,3,2,1.000000000000000000e+00,4.152787295564890901e-01,4.152787295564890901e-01,2.200000000000000000e+01,4194304,1.027232752896264367e+00,display,256,64,65,129,1.309332893874235459e+00,4.509868692410666513e-02,2.514997549563972867e-02,1.357712686497866174e-02,3.872710236061838868e-02,4.520929552558217309e-04,2.208011776920320912e+00,1.363613854390599784e-03,2.512074246378540598e-01,2.842170943040400743e-14,6.1.1-I-900
objective_profiles,1,3,2,1.000000000000000000e+00,4.152787295564890901e-01,4.152787295564890901e-01,2.200000000000000000e+01,4194304,1.027232752896264367e+00,display,256,64,65,129,1.315023096277269543e+00,4.653614309767747231e-02,2.597089083686835581e-02,1.405903196426928903e-02,4.002992280113764484e-02,4.520929552558217309e-04,2.208011776920320912e+00,1.363613854390599784e-03,2.512074246378540598e-01,4.707345624410663731e-14,6.1.1-I-900
objective_profiles,1,3,2,1.000000000000000000e+00,4.152787295564890901e-01,4.152787295564890901e-01,2.200000000000000000e+01,4194304,1.027232752896264367e+00,display,256,64,65,129,1.320553658676957731e+00,4.795059883849604743e-02,2.677816783989949920e-02,1.453477258461923632e-02,4.131294042451873205e-02,4.520929552558217309e-04,2.208011776920320912e+00,1.363613854390599784e-03,2.512074246378540598e-01,1.998401444325281773e-14,6.1.1-I-900
objective_profiles,1,3,2,1.000000000000000000e+00,4.152787295564890901e-01,4.152787295564890901e-01,2.200000000000000000e+01,4194304,1.027232752896264367e+00,display,256,64,65,129,1.325921249669312019e+00,4.933956705703224088e-02,2.757039947461195281e-02,1.500339881149403976e-02,4.257379828610599604e-02,4.520929552558217309e-04,2.208011776920320912e+00,1.363613854390599784e-03,2.512074246378540598e-01,4.274358644806852681e-14,6.1.1-I-900
objective_profiles,1,3,2,1.000000000000000000e+00,4.152787295564890901e-01,4.152787295564890901e-01,2.200000000000000000e+01,4194304,1.027232752896264367e+00,display,256,64,65,129,1.331122636018225558e+00,5.070061750413003276e-02,2.834621707394305301e-02,1.546397658137552145e-02,4.381019365531857446e-02,4.520929552558217309e-04,2.208011776920320912e+00,1.363613854390599784e-03,2.512074246378540598e-01,1.998401444325281773e-14,6.1.1-I-900
objective_profiles,1,3,2,1.000000000000000000e+00,4.152787295564890901e-01,4.152787295564890901e-01,2.200000000000000000e+01,4194304,1.027232752896264367e+00,display,256,64,65,129,1.336154684603054088e+00,5.203137990609222469e-02,2.910429159908671862e-02,1.591558943834341794e-02,4.501988103743014003e-02,4.520929552558217309e-04,2.208011776920320912e+00,1.363613854390599784e-03,2.512074246378540598e-01,1.998401444325281773e-14,6.1.1-I-900
objective_profiles,1,3,2,1.000000000000000000e+00,4.152787295564890901e-01,4.152787295564890901e-01,2.200000000000000000e+01,4194304,1.027232752896264367e+00,display,256,64,65,129,1.341014364305890716e+00,5.332954740596657084e-02,2.984333484235382472e-02,1.635734024782354093e-02,4.620067509017736218e-02,4.520929552558217309e-04,2.208011776920320912e+00,1.363613854390599784e-03,2.512074246378540598e-01,3.919087276926802588e-14,6.1.1-I-900
objective_profiles,1,3,2,1.000000000000000000e+00,4.152787295564890901e-01,4.152787295564890901e-01,2.200000000000000000e+01,4194304,1.027232752896264367e+00,display,256,64,65,129,1.345698747837397402e+00,5.459287909840630088e-02,3.056210056967669300e-02,1.678835286518681746e-02,4.735045343486350700e-02,4.520929552558217309e-04,2.208011776920320912e+00,1.363613854390599784e-03,2.512074246378540598e-01,3.674838211509268149e-14,6.1.1-I-900
objective_profiles,1,3,2,1.000000000000000000e+00,4.152787295564890901e-01,4.152787295564890901e-01,2.200000000000000000e+01,4194304,1.027232752896264367e+00,display,256,64,65,129,1.350205013500095141e+00,5.581920351967000621e-02,3.125938560464387034e-02,1.720777375696564554e-02,4.846715936160951588e-02,4.520929552558217309e-04,2.208011776920320912e+00,1.363613854390599784e-03,2.512074246378540598e-01,1.998401444325281773e-14,6.1.1-I-900
objective_profiles,1,3,2,1.000000000000000000e+00,4.152787295564890901e-01,4.152787295564890901e-01,2.200000000000000000e+01,4194304,1.027232752896264367e+00,display,256,64,65,129,1.354530446888048800e+00,5.700642063271150334e-02,3.193403085584194112e-02,1.761477357253818030e-02,4.954880442838012489e-02,4.520929552558217309e-04,2.208011776920320912e+00,1.363613854390599784e-03,2.512074246378540598e-01,3.586020369539255626e-14,6.1.1-I-900
objective_profiles,1,3,2,1.000000000000000000e+00,4.152787295564890901e-01,4.152787295564890901e-01,2.200000000000000000e+01,4194304,1.027232752896264367e+00,display,256,64,65,129,1.358672442521924095e+00,5.815250510666628014e-02,3.258492228919274841e-02,1.800854866421590025e-02,5.059347095340864520e-02,4.520929552558217309e-04,2.208011776920320912e+00,1.363613854390599784e-03,2.512074246378540598e-01,1.998401444325281773e-14,6.1.1-I-900
objective_profiles,1,3,2,1.000000000000000000e+00,4.152787295564890901e-01,4.152787295564890901e-01,2.200000000000000000e+01,4194304,1.027232752896264367e+00,display,256,64,65,129,1.362628505418430169e+00,5.925550858030619733e-02,3.321099184687040934e-02,1.838832255375414879e-02,5.159931440062455466e-02,4.520929552558217309e-04,2.208011776920320912e+00,1.363613854390599784e-03,2.512074246378540598e-01,1.998401444325281773e-14,6.1.1-I-900
objective_profiles,1,3,2,1.000000000000000000e+00,4.152787295564890901e-01,4.152787295564890901e-01,2.200000000000000000e+01,4194304,1.027232752896264367e+00,display,256,64,65,129,1.366396252593204963e+00,6.031356224039444158e-02,3.381121831429114571e-02,1.875334734339135362e-02,5.256456565768249933e-02,4.520929552558217309e-04,2.208011776920320912e+00,1.363613854390599784e-03,2.512074246378540598e-01,4.996003610813204432e-14,6.1.1-I-900
objective_profiles,1,3,2,1.000000000000000000e+00,4.152787295564890901e-01,4.152787295564890901e-01,2.200000000000000000e+01,4194304,1.027232752896264367e+00,display,256,64,65,129,1.369973414496235664e+00,6.132487907122187443e-02,3.438462813658164224e-02,1.910290506960719489e-02,5.348753320618883367e-02,4.520929552558217309e-04,2.208011776920320912e+00,1.363613854390599784e-03,2.512074246378540598e-01,1.998401444325281773e-14,6.1.1-I-900
objective_profiles,1,3,2,1.000000000000000000e+00,4.152787295564890901e-01,4.152787295564890901e-01,2.200000000000000000e+01,4194304,1.027232752896264367e+00,display,256,64,65,129,1.373357836378950259e+00,6.228775587797198005e-02,3.493029618583395196e-02,1.943630899787590974e-02,5.436660518370986517e-02,4.520929552558217309e-04,2.208011776920320912e+00,1.363613854390599784e-03,2.512074246378540598e-01,3.530509218307997799e-14,6.1.1-I-900
objective_profiles,1,3,2,1.000000000000000000e+00,4.152787295564890901e-01,4.152787295564890901e-01,2.200000000000000000e+01,4194304,1.027232752896264367e+00,display,256,64,65,129,1.376547479592158396e+00,6.320057569979664613e-02,3.544734648037813768e-02,1.975290485677828889e-02,5.520025133715642657e-02,4.520929552558217309e-04,2.208011776920320912e+00,1.363613854390599784e-03,2.512074246378540598e-01,1.998401444325281773e-14,6.1.1-I-900
objective_profiles,1,3,2,1.000000000000000000e+00,4.152787295564890901e-01,4.152787295564890901e-01,2.200000000000000000e+01,4194304,1.027232752896264367e+00,display,256,64,65,129,1.379540422814057088e+00,6.406180960874936769e-02,3.593495285721339666e-02,2.005207200992054767e-02,5.598702486713394433e-02,4.520929552558217309e-04,2.208011776920320912e+00,1.363613854390599784e-03,2.512074246378540598e-01,1.998401444325281773e-14,6.1.1-I-900
objective_profiles,1,3,2,1.000000000000000000e+00,4.152787295564890901e-01,4.152787295564890901e-01,2.200000000000000000e+01,4194304,1.027232752896264367e+00,display,256,64,65,129,1.382334863207562714e+00,6.487001850175931617e-02,3.639233959865794538e-02,2.033322456419647817e-02,5.672556416285442354e-02,4.520929552558217309e-04,2.208011776920320912e+00,1.363613854390599784e-03,2.512074246378540598e-01,1.998401444325281773e-14,6.1.1-I-900
objective_profiles,1,3,2,1.000000000000000000e+00,4.152787295564890901e-01,4.152787295564890901e-01,2.200000000000000000e+01,4194304,1.027232752896264367e+00,display,256,64,65,129,1.384929117506273011e+00,6.562385511007801098e-02,3.681878201420498570e-02,2.059581241301563365e-02,5.741459442722061934e-02,4.520929552558217309e-04,2.208011776920320912e+00,1.363613854390599784e-03,2.512074246378540598e-01,1.998401444325281773e-14,6.1.1-I-900
objective_profiles,1,3,2,1.000000000000000000e+00,4.152787295564890901e-01,4.152787295564890901e-01,2.200000000000000000e+01,4194304,1.027232752896264367e+00,display,256,64,65,129,1.387321623028404005e+00,6.632206502053060448e-02,3.721360697848729443e-02,2.083932221320857273e-02,5.805292919169587063e-02,4.520929552558217309e-04,2.208011776920320912e+00,1.363613854390599784e-03,2.512074246378540598e-01,1.998401444325281773e-14,6.1.1-I-900
objective_profiles,1,3,2,1.000000000000000000e+00,4.152787295564890901e-01,4.152787295564890901e-01,2.200000000000000000e+01,4194304,1.027232752896264367e+00,display,256,64,65,129,1.389510938618090385e+00,6.696348907293356301e-02,3.757619342618638558e-02,2.106327829440605287e-02,5.863947172059243845e-02,4.520929552558217309e-04,2.208011776920320912e+00,1.363613854390599784e-03,2.512074246378540598e-01,2.564615186884111608e-14,6.1.1-I-900
objective_profiles,1,3,2,1.000000000000000000e+00,4.152787295564890901e-01,4.152787295564890901e-01,2.200000000000000000e+01,4194304,1.027232752896264367e+00,display,256,64,65,129,1.391495745513484872e+00,6.754706401425229767e-02,3.790597280464489544e-02,2.126724349977951456e-02,5.917321630442440999e-02,4.520929552558217309e-04,2.208011776920320912e+00,1.363613854390599784e-03,2.512074246378540598e-01,1.998401444325281773e-14,6.1.1-I-900
objective_profiles,1,3,2,1.000000000000000000e+00,4.152787295564890901e-01,4.152787295564890901e-01,2.200000000000000000e+01,4194304,1.027232752896264367e+00,display,256,64,65,129,1.393274848141130562e+00,6.807182406092411597e-02,3.820242948487883455e-02,2.145081995711581313e-02,5.965324944199464768e-02,4.520929552558217309e-04,2.208011776920320912e+00,1.363613854390599784e-03,2.512074246378540598e-01,2.642330798607872566e-14,6.1.1-I-900
objective_profiles,1,3,2,1.000000000000000000e+00,4.152787295564890901e-01,4.152787295564890901e-01,2.200000000000000000e+01,4194304,1.027232752896264367e+00,display,256,64,65,129,1.394847174836129300e+00,6.853690193750727744e-02,3.846510113160936384e-02,2.161364977928945108e-02,6.007875091089881492e-02,4.520929552558217309e-04,2.208011776920320912e+00,1.363613854390599784e-03,2.512074246378540598e-01,1.998401444325281773e-14,6.1.1-I-900
objective_profiles,1,3,2,1.000000000000000000e+00,4.152787295564890901e-01,4.152787295564890901e-01,2.200000000000000000e+01,4194304,1.027232752896264367e+00,display,256,64,65,129,1.396211778487673305e+00,6.894153003189541773e-02,3.869357903287713035e-02,2.175541569328325389e-02,6.044899472616038771e-02,4.520929552558217309e-04,2.208011776920320912e+00,1.363613854390599784e-03,2.512074246378540598e-01,2.586819647376614739e-14,6.1.1-I-900
objective_profiles,1,3,2,1.000000000000000000e+00,4.152787295564890901e-01,4.152787295564890901e-01,2.200000000000000000e+01,4194304,1.027232752896264367e+00,display,256,64,65,129,1.397367837109548372e+00,6.928504136959472148e-02,3.888750838973334401e-02,2.187584159699729539e-02,6.076334998673063592e-02,4.520929552558217309e-04,2.208011776920320912e+00,1.363613854390599784e-03,2.512074246378540598e-01,4.096722960866827634e-14,6.1.1-I-900
objective_profiles,1,3,2,1.000000000000000000e+00,4.152787295564890901e-01,4.152787295564890901e-01,2.200000000000000000e+01,4194304,1.027232752896264367e+00,display,256,64,65,129,1.398314654335268692e+00,6.956686991818543386e-02,3.904658856644250414e-02,2.197469304317543545e-02,6.102128160961793613e-02,4.520929552558217309e-04,2.208011776920320912e+00,1.363613854390599784e-03,2.512074246378540598e-01,1.998401444325281773e-14,6.1.1-I-900
objective_profiles,1,3,2,1.000000000000000000e+00,4.152787295564890901e-01,4.152787295564890901e-01,2.200000000000000000e+01,4194304,1.027232752896264367e+00,display,256,64,65,129,1.399051659837541539e+00,6.978655205395707661e-02,3.917057330156763911e-02,2.205177764986688757e-02,6.122235095143452321e-02,4.520929552558217309e-04,2.208011776920320912e+00,1.363613854390599784e-03,2.512074246378540598e-01,1.998401444325281773e-14,6.1.1-I-900
objective_profiles,1,3,2,1.000000000000000000e+00,4.152787295564890901e-01,4.152787295564890901e-01,2.200000000000000000e+01,4194304,1.027232752896264367e+00,display,256,64,65,129,1.399578409671810242e+00,6.994372631833908893e-02,3.925927088025280010e-02,2.210694543693075831e-02,6.136621631718355840e-02,4.520929552558217309e-04,2.208011776920320912e+00,1.363613854390599784e-03,2.512074246378540598e-01,1.998401444325281773e-14,6.1.1-I-900
objective_profiles,1,3,2,1.000000000000000000e+00,4.152787295564890901e-01,4.152787295564890901e-01,2.200000000000000000e+01,4194304,1.027232752896264367e+00,display,256,64,65,129,1.399894586543671382e+00,7.003813428953095666e-02,3.931254426795921519e-02,2.214008908818017318e-02,6.145263335613938838e-02,4.520929552558217309e-04,2.208011776920320912e+00,1.363613854390599784e-03,2.512074246378540598e-01,2.164934898019055254e-14,6.1.1-I-900
objective_profiles,1,3,2,1.000000000000000000e+00,4.152787295564890901e-01,4.152787295564890901e-01,2.200000000000000000e+01,4194304,1.027232752896264367e+00,display,256,64,65,129,1.399999999999999911e+00,7.006962083825002408e-02,3.933031120584876139e-02,2.215114413885239941e-02,6.148145534470116080e-02,4.520929552558217309e-04,2.208011776920320912e+00,1.363613854390599784e-03,2.512074246378540598e-01,4.352074256530613638e-14,6.1.1-I-900
objective_profiles,1,3,2,1.100000000000000089e+00,4.152787295564890901e-01,4.568066025121380602e-01,2.200000000000000000e+01,4194304,1.029956028185890826e+00,verification,128,32,33,65,6.999999999999999556e-01,5.475792836321807799e-02,3.605849886883178562e-02,2.209832009172026449e-02,5.815681896055205358e-02,9.041786040721105314e-04,1.277437336141398871e+00,1.712561667701299880e-03,2.518786250692455764e-01,5.551115123125782702e-15,6.1.1-I-900
objective_profiles,1,3,2,1.100000000000000089e+00,4.152787295564890901e-01,4.568066025121380602e-01,2.200000000000000000e+01,4194304,1.029956028185890826e+00,verification,128,32,33,65,7.004215903281896249e-01,5.457201579610168607e-02,3.593558099335762007e-02,2.203234954940759549e-02,5.796793054276521556e-02,9.041786040721105314e-04,1.277437336141398871e+00,1.712561667701299880e-03,2.518786250692455764e-01,4.662936703425657470e-15,6.1.1-I-900
objective_profiles,1,3,2,1.100000000000000089e+00,4.152787295564890901e-01,4.568066025121380602e-01,2.200000000000000000e+01,4194304,1.029956028185890826e+00,verification,128,32,33,65,7.016853456647310638e-01,5.401716036603906868e-02,3.556885974859430588e-02,2.183526418354726079e-02,5.740412393214156667e-02,9.041786040721105314e-04,1.277437336141398871e+00,1.712561667701299880e-03,2.518786250692455764e-01,1.698641227676489507e-14,6.1.1-I-900
objective_profiles,1,3,2,1.100000000000000089e+00,4.152787295564890901e-01,4.568066025121380602e-01,2.200000000000000000e+01,4194304,1.029956028185890826e+00,verification,128,32,33,65,7.037882215123265617e-01,5.310194504865647230e-02,3.496437959758462444e-02,2.150953037142027541e-02,5.647390996900489984e-02,9.041786040721105314e-04,1.277437336141398871e+00,1.712561667701299880e-03,2.518786250692455764e-01,9.547918011776346248e-15,6.1.1-I-900
objective_profiles,1,3,2,1.100000000000000089e+00,4.152787295564890901e-01,4.568066025121380602e-01,2.200000000000000000e+01,4194304,1.029956028185890826e+00,verification,128,32,33,65,7.067251518588693049e-01,5.184045836507533006e-02,3.413204132693747200e-02,2.105921767140922843e-02,5.519125899834670390e-02,9.041786040721105314e-04,1.277437336141398871e+00,1.712561667701299880e-03,2.518786250692455764e-01,4.440892098500626162e-15,6.1.1-I-900
objective_profiles,1,3,2,1.100000000000000089e+00,4.152787295564890901e-01,4.568066025121380602e-01,2.200000000000000000e+01,4194304,1.029956028185890826e+00,verification,128,32,33,65,7.104890613819095924e-01,5.025198068004846363e-02,3.308534992032001465e-02,2.048993819595285731e-02,5.357528811627287196e-02,9.041786040721105314e-04,1.277437336141398871e+00,1.712561667701299880e-03,2.518786250692455764e-01,4.440892098500626162e-15,6.1.1-I-900
objective_profiles,1,3,2,1.100000000000000089e+00,4.152787295564890901e-01,4.568066025121380602e-01,2.200000000000000000e+01,4194304,1.029956028185890826e+00,verification,128,32,33,65,7.150708824937268560e-01,4.836055966980514625e-02,3.184107673502421104e-02,1.980876365173500978e-02,5.164984038675922429e-02,9.041786040721105314e-04,1.277437336141398871e+00,1.712561667701299880e-03,2.518786250692455764e-01,4.884981308350688778e-15,6.1.1-I-900
objective_profiles,1,3,2,1.100000000000000089e+00,4.152787295564890901e-01,4.568066025121380602e-01,2.200000000000000000e+01,4194304,1.029956028185890826e+00,verification,128,32,33,65,7.204595771859426678e-01,4.619449532028484934e-02,3.041884991009908418e-02,1.902412187643793065e-02,4.944297178653701830e-02,9.041786040721105314e-04,1.277437336141398871e+00,1.712561667701299880e-03,2.518786250692455764e-01,3.663735981263016583e-15,6.1.1-I-900
objective_profiles,1,3,2,1.100000000000000089e+00,4.152787295564890901e-01,4.568066025121380602e-01,2.200000000000000000e+01,4194304,1.029956028185890826e+00,verification,128,32,33,65,7.266421636210496082e-01,4.378574745889023123e-02,2.884068929806354181e-02,1.814567510357504437e-02,4.698636440163858619e-02,9.041786040721105314e-04,1.277437336141398871e+00,1.712561667701299880e-03,2.518786250692455764e-01,8.659739592076221015e-15,6.1.1-I-900
objective_profiles,1,3,2,1.100000000000000089e+00,4.152787295564890901e-01,4.568066025121380602e-01,2.200000000000000000e+01,4194304,1.029956028185890826e+00,verification,128,32,33,65,7.336037474067947928e-01,4.116929164487961174e-02,2.713050357925677822e-02,1.718418250909189288e-02,4.431468608834866763e-02,9.041786040721105314e-04,1.277437336141398871e+00,1.712561667701299880e-03,2.518786250692455764e-01,3.663735981263016583e-15,6.1.1-I-900
objective_profiles,1,3,2,1.100000000000000089e+00,4.152787295564890901e-01,4.568066025121380602e-01,2.200000000000000000e+01,4194304,1.029956028185890826e+00,verification,128,32,33,65,7.413275574780756605e-01,3.838244083641409454e-02,2.531356757142929140e-02,1.615134982810737668e-02,4.146491739953667155e-02,9.041786040721105314e-04,1.277437336141398871e+00,1.712561667701299880e-03,2.518786250692455764e-01,6.106226635438360972e-15,6.1.1-I-900
objective_profiles,1,3,2,1.100000000000000089e+00,4.152787295564890901e-01,4.568066025121380602e-01,2.200000000000000000e+01,4194304,1.029956028185890826e+00,verification,128,32,33,65,7.497949864999047254e-01,3.546415384314180463e-02,2.341599715068906282e-02,1.505966897459046043e-02,3.847566612527952151e-02,9.041786040721105314e-04,1.277437336141398871e+00,1.712561667701299880e-03,2.518786250692455764e-01,4.551914400963141816e-15,6.1.1-I-900
objective_profiles,1,3,2,1.100000000000000089e+00,4.152787295564890901e-01,4.568066025121380602e-01,2.200000000000000000e+01,4194304,1.029956028185890826e+00,verification,128,32,33,65,7.589856356941091509e-01,3.245435027679582224e-02,2.146423778346151154e-02,1.392225065262783952e-02,3.538648843608935279e-02,9.041786040721105314e-04,1.277437336141398871e+00,1.712561667701299880e-03,2.518786250692455764e-01,1.676436767183986376e-14,6.1.1-I-900
objective_profiles,1,3,2,1.100000000000000089e+00,4.152787295564890901e-01,4.568066025121380602e-01,2.200000000000000000e+01,4194304,1.029956028185890826e+00,verification,128,32,33,65,7.688773639817741978e-01,2.939324906619299529e-02,1.948458060985636467e-02,1.275265292085592250e-02,3.223723353071228370e-02,9.041786040721105314e-04,1.277437336141398871e+00,1.712561667701299880e-03,2.518786250692455764e-01,4.440892098500626162e-15,6.1.1-I-900
objective_profiles,1,3,2,1.100000000000000089e+00,4.152787295564890901e-01,4.568066025121380602e-01,2.200000000000000000e+01,4194304,1.029956028185890826e+00,verification,128,32,33,65,7.794463413230420246e-01,2.632074326450015850e-02,1.750271751925716254e-02,1.156470857039738551e-02,2.906742608965454805e-02,9.041786040721105314e-04,1.277437336141398871e+00,1.712561667701299880e-03,2.518786250692455764e-01,4.773959005888173124e-15,6.1.1-I-900
objective_profiles,1,3,2,1.100000000000000089e+00,4.152787295564890901e-01,4.568066025121380602e-01,2.200000000000000000e+01,4194304,1.029956028185890826e+00,verification,128,32,33,65,7.906671061257641853e-01,2.327582563477419847e-02,1.554334392557539697e-02,1.037235401233160478e-02,2.591569793790700349e-02,9.041786040721105314e-04,1.277437336141398871e+00,1.712561667701299880e-03,2.518786250692455764e-01,6.661338147750939243e-15,6.1.1-I-900
objective_profiles,1,3,2,1.100000000000000089e+00,4.152787295564890901e-01,4.568066025121380602e-01,2.200000000000000000e+01,4194304,1.029956028185890826e+00,verification,128,32,33,65,8.025126265847083440e-01,2.029607039119733780e-02,1.362981517474568145e-02,9.189462155772517085e-03,2.281927733051819854e-02,9.041786040721105314e-04,1.277437336141398871e+00,1.712561667701299880e-03,2.518786250692455764e-01,4.996003610813204432e-15,6.1.1-I-900
objective_profiles,1,3,2,1.100000000000000089e+00,4.152787295564890901e-01,4.568066025121380602e-01,2.200000000000000000e+01,4194304,1.029956028185890826e+00,verification,128,32,33,65,8.149543658035435234e-01,1.741717827063879453e-02,1.178385986506575583e-02,8.029681504955725121e-03,1.981354137002148269e-02,9.041786040721105314e-04,1.277437336141398871e+00,1.712561667701299880e-03,2.518786250692455764e-01,3.996802888650563546e-15,6.1.1-I-900
objective_profiles,1,3,2,1.100000000000000089e+00,4.152787295564890901e-01,4.568066025121380602e-01,2.200000000000000000e+01,4194304,1.029956028185890826e+00,verification,128,32,33,65,8.279623505427240460e-01,1.467258826612890914e-02,1.002535095988782259e-02,6.906283425988981976e-03,1.693163438587680369e-02,9.041786040721105314e-04,1.277437336141398871e+00,1.712561667701299880e-03,2.518786250692455764e-01,5.329070518200751394e-15,6.1.1-I-900
objective_profiles,1,3,2,1.100000000000000089e+00,4.152787295564890901e-01,4.568066025121380602e-01,2.200000000000000000e+01,4194304,1.029956028185890826e+00,verification,128,32,33,65,8.415052434276482085e-01,1.209315550545915323e-02,8.372133510220208449e-03,5.832019242857966294e-03,1.420415275307817388e-02,9.041786040721105314e-04,1.277437336141398871e+00,1.712561667701299880e-03,2.518786250692455764e-01,4.107825191113079200e-15,6.1.1-I-900
objective_profiles,1,3,2,1.100000000000000089e+00,4.152787295564890901e-01,4.568066025121380602e-01,2.200000000000000000e+01,4194304,1.029956028185890826e+00,verification,128,32,33,65,8.555504184431391712e-01,9.706894342561212669e-03,6.839906131485638981e-03,4.818988528314560246e-03,1.165889465980020009e-02,9.041786040721105314e-04,1.277437336141398871e+00,1.712561667701299880e-03,2.518786250692455764e-01,6.550315845288423588e-15,6.1.1-I-900
objective_profiles,1,3,2,1.100000000000000089e+00,4.152787295564890901e-01,4.568066025121380602e-01,2.200000000000000000e+01,4194304,1.029956028185890826e+00,verification,128,32,33,65,8.700640395323723242e-01,7.538783916125607956e-03,5.442152109096937661e-03,3.878519667205825722e-03,9.320671776302764250e-03,9.041786040721105314e-04,1.277437336141398871e+00,1.712561667701299880e-03,2.518786250692455764e-01,5.662137425588298356e-15,6.1.1-I-900
objective_profiles,1,3,2,1.100000000000000089e+00,4.152787295564890901e-01,4.568066025121380602e-01,2.200000000000000000e+01,4194304,1.029956028185890826e+00,verification,128,32,33,65,8.850111421109007059e-01,5.610631394740339846e-03,4.190115128582525168e-03,3.021063494680503638e-03,7.211178623263028373e-03,9.041786040721105314e-04,1.277437336141398871e+00,1.712561667701299880e-03,2.518786250692455764e-01,3.663735981263016583e-15,6.1.1-I-900
objective_profiles,1,3,2,1.100000000000000089e+00,4.152787295564890901e-01,4.568066025121380602e-01,2.200000000000000000e+01,4194304,1.029956028185890826e+00,verification,128,32,33,65,9.003557172994012259e-01,3.940989344320714946e-03,3.092814103822545766e-03,2.256100554853606669e-03,5.348914658676152435e-03,9.041786040721105314e-04,1.277437336141398871e+00,1.712561667701299880e-03,2.518786250692455764e-01,5.884182030513329664e-15,6.1.1-I-900
objective_profiles,1,3,2,1.100000000000000089e+00,4.152787295564890901e-01,4.568066025121380602e-01,2.200000000000000000e+01,4194304,1.029956028185890826e+00,verification,128,32,33,65,9.160607986722184570e-01,2.545119309753090132e-03,2.157091364000836287e-03,1.592062290592322115e-03,3.749153654593158184e-03,9.041786040721105314e-04,1.277437336141398871e+00,1.712561667701299880e-03,2.518786250692455764e-01,6.439293542825907934e-15,6.1.1-I-900
objective_profiles,1,3,2,1.100000000000000089e+00,4.152787295564890901e-01,4.568066025121380602e-01,2.200000000000000000e+01,4194304,1.029956028185890826e+00,verification,128,32,33,65,9.320885513127229460e-01,1.434999872147636833e-03,1.387688501484356197e-03,1.036266264322658259e-03,2.423954765807014456e-03,9.041786040721105314e-04,1.277437336141398871e+00,1.712561667701299880e-03,2.518786250692455764e-01,2.198241588757809950e-14,6.1.1-I-900
objective_profiles,1,3,2,1.100000000000000089e+00,4.152787295564890901e-01,4.568066025121380602e-01,2.200000000000000000e+01,4194304,1.029956028185890826e+00,verification,128,32,33,65,9.484003629609381036e-01,6.193694746373827132e-04,7.873444226849476328e-04,5.948653241136641614e-04,1.382209746798611794e-03,9.041786040721105314e-04,1.277437336141398871e+00,1.712561667701299880e-03,2.518786250692455764e-01,3.663735981263016583e-15,6.1.1-I-900
objective_profiles,1,3,2,1.100000000000000089e+00,4.152787295564890901e-01,4.568066025121380602e-01,2.200000000000000000e+01,4194304,1.029956028185890826e+00,verification,128,32,33,65,9.649569370338575425e-01,1.038019957507430274e-04,3.569105280775146556e-04,2.728104687216559017e-04,6.297209967991706115e-04,9.041786040721105314e-04,1.277437336141398871e+00,1.712561667701299880e-03,2.518786250692455764e-01,9.103828801926283631e-15,6.1.1-I-900
objective_profiles,1,3,2,1.100000000000000089e+00,4.152787295564890901e-01,4.568066025121380602e-01,2.200000000000000000e+01,4194304,1.029956028185890826e+00,verification,128,32,33,65,9.817183872943550105e-01,-1.091919053728749429e-04,9.547842726205797823e-05,7.382702892648522692e-05,1.693054561885432051e-04,9.041786040721105314e-04,1.277437336141398871e+00,1.712561667701299880e-03,2.518786250692455764e-01,1.532107773982716026e-14,6.1.1-I-900
objective_profiles,1,3,2,1.100000000000000089e+00,4.152787295564890901e-01,4.568066025121380602e-01,2.200000000000000000e+01,4194304,1.029956028185890826e+00,verification,128,32,33,65,9.986443339406233521e-01,-2.004028071969768859e-05,5.161284245809716439e-07,4.036689602024246222e-07,9.197973847833963190e-07,9.041786040721105314e-04,1.277437336141398871e+00,1.712561667701299880e-03,2.518786250692455764e-01,8.659739592076221015e-15,6.1.1-I-900
objective_profiles,1,3,2,1.100000000000000089e+00,4.152787295564890901e-01,4.568066025121380602e-01,2.200000000000000000e+01,4194304,1.029956028185890826e+00,verification,128,32,33,65,1.015694000884653558e+00,3.680312212912694348e-04,6.800919458493535560e-05,5.379361930898022252e-05,1.218028138939155714e-04,9.041786040721105314e-04,1.277437336141398871e+00,1.712561667701299880e-03,2.518786250692455764e-01,4.551914400963141816e-15,6.1.1-I-900
objective_profiles,1,3,2,1.100000000000000089e+00,4.152787295564890901e-01,4.568066025121380602e-01,2.200000000000000000e+01,4194304,1.029956028185890826e+00,verification,128,32,33,65,1.032826313985403477e+00,1.049155753885986806e-03,2.926039049600219618e-04,2.340274786504381197e-04,5.266313836104600816e-04,9.041786040721105314e-04,1.277437336141398871e+00,1.712561667701299880e-03,2.518786250692455764e-01,4.440892098500626162e-15,6.1.1-I-900
objective_profiles,1,3,2,1.100000000000000089e+00,4.152787295564890901e-01,4.568066025121380602e-01,2.200000000000000000e+01,4194304,1.029956028185890826e+00,verification,128,32,33,65,1.049999999999999822e+00,2.014992202868780540e-03,6.677499790524382218e-04,5.399368660509505473e-04,1.207686845103388661e-03,9.041786040721105314e-04,1.277437336141398871e+00,1.712561667701299880e-03,2.518786250692455764e-01,1.487698852997709764e-14,6.1.1-I-900
objective_profiles,1,3,2,1.100000000000000089e+00,4.152787295564890901e-01,4.568066025121380602e-01,2.200000000000000000e+01,4194304,1.029956028185890826e+00,verification,128,32,33,65,1.067173686014596168e+00,3.254901148001033886e-03,1.185840900340873541e-03,9.691881626973733194e-04,2.155029063038246644e-03,9.041786040721105314e-04,1.277437336141398871e+00,1.712561667701299880e-03,2.518786250692455764e-01,5.773159728050814010e-15,6.1.1-I-900
objective_profiles,1,3,2,1.100000000000000089e+00,4.152787295564890901e-01,4.568066025121380602e-01,2.200000000000000000e+01,4194304,1.029956028185890826e+00,verification,128,32,33,65,1.084305999115346086e+00,4.756126706156632578e-03,1.838350307556657756e-03,1.518325553348491000e-03,3.356675860905148755e-03,9.041786040721105314e-04,1.277437336141398871e+00,1.712561667701299880e-03,2.518786250692455764e-01,4.218847493575594854e-15,6.1.1-I-900
objective_profiles,1,3,2,1.100000000000000089e+00,4.152787295564890901e-01,4.568066025121380602e-01,2.200000000000000000e+01,4194304,1.029956028185890826e+00,verification,128,32,33,65,1.101355666059376404e+00,6.503981940482155520e-03,2.615963300580804833e-03,2.182822559486644141e-03,4.798785860067449408e-03,9.041786040721105314e-04,1.277437336141398871e+00,1.712561667701299880e-03,2.518786250692455764e-01,3.996802888650563546e-15,6.1.1-I-900
objective_profiles,1,3,2,1.100000000000000089e+00,4.152787295564890901e-01,4.568066025121380602e-01,2.200000000000000000e+01,4194304,1.029956028185890826e+00,verification,128,32,33,65,1.118281612705644745e+00,8.482037570952902575e-03,3.508701834293925965e-03,2.957141247111486591e-03,6.465843081405412557e-03,9.041786040721105314e-04,1.277437336141398871e+00,1.712561667701299880e-03,2.518786250692455764e-01,6.106226635438360972e-15,6.1.1-I-900
objective_profiles,1,3,2,1.100000000000000089e+00,4.152787295564890901e-01,4.568066025121380602e-01,2.200000000000000000e+01,4194304,1.029956028185890826e+00,verification,128,32,33,65,1.135043062966142324e+00,1.067231122302624534e-02,4.506043648948392794e-03,3.834798290714481073e-03,8.340841939662873433e-03,9.041786040721105314e-04,1.277437336141398871e+00,1.712561667701299880e-03,2.518786250692455764e-01,4.884981308350688778e-15,6.1.1-I-900
objective_profiles,1,3,2,1.100000000000000089e+00,4.152787295564890901e-01,4.568066025121380602e-01,2.200000000000000000e+01,4194304,1.029956028185890826e+00,verification,128,32,33,65,1.151599637039061541e+00,1.305545637616808106e-02,5.597034413110664464e-03,4.808437079864020386e-03,1.040547149297468485e-02,9.041786040721105314e-04,1.277437336141398871e+00,1.712561667701299880e-03,2.518786250692455764e-01,9.992007221626408864e-15,6.1.1-I-900
objective_profiles,1,3,2,1.100000000000000089e+00,4.152787295564890901e-01,4.568066025121380602e-01,2.200000000000000000e+01,4194304,1.029956028185890826e+00,verification,128,32,33,65,1.167911448687276810e+00,1.561095097495853422e-02,6.770392939251680849e-03,5.869905064851929297e-03,1.264029800410361101e-02,9.041786040721105314e-04,1.277437336141398871e+00,1.712561667701299880e-03,2.518786250692455764e-01,5.329070518200751394e-15,6.1.1-I-900
objective_profiles,1,3,2,1.100000000000000089e+00,4.152787295564890901e-01,4.568066025121380602e-01,2.200000000000000000e+01,4194304,1.029956028185890826e+00,verification,128,32,33,65,1.183939201327781188e+00,1.831728268019714237e-02,8.014609477472969812e-03,7.010335552029205684e-03,1.502494502950217636e-02,9.041786040721105314e-04,1.277437336141398871e+00,1.712561667701299880e-03,2.518786250692455764e-01,4.551914400963141816e-15,6.1.1-I-900
objective_profiles,1,3,2,1.100000000000000089e+00,4.152787295564890901e-01,4.568066025121380602e-01,2.200000000000000000e+01,4194304,1.029956028185890826e+00,verification,128,32,33,65,1.199644282700598641e+00,2.115213315747094952e-02,9.318037204664137568e-03,8.220233176953705562e-03,1.753827038161784313e-02,9.041786040721105314e-04,1.277437336141398871e+00,1.712561667701299880e-03,2.518786250692455764e-01,6.328271240363392280e-15,6.1.1-I-900
objective_profiles,1,3,2,1.100000000000000089e+00,4.152787295564890901e-01,4.568066025121380602e-01,2.200000000000000000e+01,4194304,1.029956028185890826e+00,verification,128,32,33,65,1.214988857889099272e+00,2.409255734525667450e-02,1.066897710945927634e-02,9.489562303613866684e-03,2.015853941307314129e-02,9.041786040721105314e-04,1.277437336141398871e+00,1.712561667701299880e-03,2.518786250692455764e-01,7.327471962526033167e-15,6.1.1-I-900
objective_profiles,1,3,2,1.100000000000000089e+00,4.152787295564890901e-01,4.568066025121380602e-01,2.200000000000000000e+01,4194304,1.029956028185890826e+00,verification,128,32,33,65,1.229935960467627432e+00,2.711516066298040248e-02,1.205575653233868783e-02,1.080783762022164904e-02,2.286359415256033686e-02,9.041786040721105314e-04,1.277437336141398871e+00,1.712561667701299880e-03,2.518786250692455764e-01,5.440092820663267048e-15,6.1.1-I-900
objective_profiles,1,3,2,1.100000000000000089e+00,4.152787295564890901e-01,4.568066025121380602e-01,2.200000000000000000e+01,4194304,1.029956028185890826e+00,verification,128,32,33,65,1.244449581556860585e+00,3.019627045628562809e-02,1.346680165932613409e-02,1.216421622593652843e-02,2.563101788526266078e-02,9.041786040721105314e-04,1.277437336141398871e+00,1.712561667701299880e-03,2.518786250692455764e-01,1.421085471520200372e-14,6.1.1-I-900
objective_profiles,1,3,2,1.100000000000000089e+00,4.152787295564890901e-01,4.568066025121380602e-01,2.200000000000000000e+01,4194304,1.029956028185890826e+00,verification,128,32,33,65,1.258494756572351658e+00,3.331210328137054755e-02,1.489070429073537961e-02,1.354759052804015325e-02,2.843829481877553286e-02,9.041786040721105314e-04,1.277437336141398871e+00,1.712561667701299880e-03,2.518786250692455764e-01,5.551115123125782702e-15,6.1.1-I-900
objective_profiles,1,3,2,1.100000000000000089e+00,4.152787295564890901e-01,4.568066025121380602e-01,2.200000000000000000e+01,4194304,1.029956028185890826e+00,verification,128,32,33,65,1.272037649457275599e+00,3.643892777799274257e-02,1.631628321664163259e-02,1.494668129525413003e-02,3.126296451189576608e-02,9.041786040721105314e-04,1.277437336141398871e+00,1.712561667701299880e-03,2.518786250692455764e-01,2.109423746787797427e-14,6.1.1-I-900
objective_profiles,1,3,2,1.100000000000000089e+00,4.152787295564890901e-01,4.568066025121380602e-01,2.200000000000000000e+01,4194304,1.029956028185890826e+00,verification,128,32,33,65,1.285045634196456454e+00,3.955322098585557083e-02,1.773264053103435975e-02,1.635013023986380681e-02,3.408277077089816309e-02,9.041786040721105314e-04,1.277437336141398871e+00,1.712561667701299880e-03,2.518786250692455764e-01,3.663735981263016583e-15,6.1.1-I-900
objective_profiles,1,3,2,1.100000000000000089e+00,4.152787295564890901e-01,4.568066025121380602e-01,2.200000000000000000e+01,4194304,1.029956028185890826e+00,verification,128,32,33,65,1.297487373415291412e+00,4.263181977194522437e-02,1.912921320935640976e-02,1.774659152892894137e-02,3.687580473828534766e-02,9.041786040721105314e-04,1.277437336141398871e+00,1.712561667701299880e-03,2.518786250692455764e-01,7.105427357601001859e-15,6.1.1-I-900
objective_profiles,1,3,2,1.100000000000000089e+00,4.152787295564890901e-01,4.568066025121380602e-01,2.200000000000000000e+01,4194304,1.029956028185890826e+00,verification,128,32,33,65,1.309332893874235459e+00,4.565206547571040024e-02,2.049582026135863752e-02,1.912482165300226356e-02,3.962064191436090455e-02,9.041786040721105314e-04,1.277437336141398871e+00,1.712561667701299880e-03,2.518786250692455764e-01,4.440892098500626162e-15,6.1.1-I-900
objective_profiles,1,3,2,1.100000000000000089e+00,4.152787295564890901e-01,4.568066025121380602e-01,2.200000000000000000e+01,4194304,1.029956028185890826e+00,verification,128,32,33,65,1.320553658676957731e+00,4.859194296371249083e-02,2.182270575453353414e-02,2.047376710935863361e-02,4.229647286389216776e-02,9.041786040721105314e-04,1.277437336141398871e+00,1.712561667701299880e-03,2.518786250692455764e-01,4.773959005888173124e-15,6.1.1-I-900
objective_profiles,1,3,2,1.100000000000000089e+00,4.152787295564890901e-01,4.568066025121380602e-01,2.200000000000000000e+01,4194304,1.029956028185890826e+00,verification,128,32,33,65,1.331122636018225558e+00,5.143021225924315071e-02,2.310057798417008285e-02,2.178264938570088904e-02,4.488322736987097189e-02,9.041786040721105314e-04,1.277437336141398871e+00,1.712561667701299880e-03,2.518786250692455764e-01,6.661338147750939243e-15,6.1.1-I-900
objective_profiles,1,3,2,1.100000000000000089e+00,4.152787295564890901e-01,4.568066025121380602e-01,2.200000000000000000e+01,4194304,1.029956028185890826e+00,verification,128,32,33,65,1.341014364305890716e+00,5.414653335781811211e-02,2.432064504533892543e-02,2.304104675960783402e-02,4.736169180494675945e-02,9.041786040721105314e-04,1.277437336141398871e+00,1.712561667701299880e-03,2.518786250692455764e-01,5.107025913275720086e-15,6.1.1-I-900
objective_profiles,1,3,2,1.100000000000000089e+00,4.152787295564890901e-01,4.568066025121380602e-01,2.200000000000000000e+01,4194304,1.029956028185890826e+00,verification,128,32,33,65,1.350205013500095141e+00,5.672158436173982410e-02,2.547464704068434782e-02,2.423897245860329522e-02,4.971361949928763957e-02,9.041786040721105314e-04,1.277437336141398871e+00,1.712561667701299880e-03,2.518786250692455764e-01,3.885780586188047891e-15,6.1.1-I-900
objective_profiles,1,3,2,1.100000000000000089e+00,4.152787295564890901e-01,4.568066025121380602e-01,2.200000000000000000e+01,4194304,1.029956028185890826e+00,verification,128,32,33,65,1.358672442521924095e+00,5.913717118979636145e-02,2.655488513638591327e-02,2.536694875562559362e-02,5.192183389201150689e-02,9.041786040721105314e-04,1.277437336141398871e+00,1.712561667701299880e-03,2.518786250692455764e-01,4.329869796038110508e-15,6.1.1-I-900
objective_profiles,1,3,2,1.100000000000000089e+00,4.152787295564890901e-01,4.568066025121380602e-01,2.200000000000000000e+01,4194304,1.029956028185890826e+00,verification,128,32,33,65,1.366396252593204963e+00,6.137632987791050848e-02,2.755424765751412694e-02,2.641607660485885412e-02,5.397032426237298453e-02,9.041786040721105314e-04,1.277437336141398871e+00,1.712561667701299880e-03,2.518786250692455764e-01,4.551914400963141816e-15,6.1.1-I-900
objective_profiles,1,3,2,1.100000000000000089e+00,4.152787295564890901e-01,4.568066025121380602e-01,2.200000000000000000e+01,4194304,1.029956028185890826e+00,verification,128,32,33,65,1.373357836378950259e+00,6.342342158439680244e-02,2.846623339354721616e-02,2.737810045333211387e-02,5.584433384687932655e-02,9.041786040721105314e-04,1.277437336141398871e+00,1.712561667701299880e-03,2.518786250692455764e-01,5.884182030513329664e-15,6.1.1-I-900
objective_profiles,1,3,2,1.100000000000000089e+00,4.152787295564890901e-01,4.568066025121380602e-01,2.200000000000000000e+01,4194304,1.029956028185890826e+00,verification,128,32,33,65,1.379540422814057088e+00,6.526421801602039219e-02,2.928497226526253355e-02,2.824546789439547415e-02,5.753044015965801117e-02,9.041786040721105314e-04,1.277437336141398871e+00,1.712561667701299880e-03,2.518786250692455764e-01,6.661338147750939243e-15,6.1.1-I-900
objective_profiles,1,3,2,1.100000000000000089e+00,4.152787295564890901e-01,4.568066025121380602e-01,2.200000000000000000e+01,4194304,1.029956028185890826e+00,verification,128,32,33,65,1.384929117506273011e+00,6.688597928695137751e-02,3.000524348566942223e-02,2.901138386013256409e-02,5.901662734580198633e-02,9.041786040721105314e-04,1.277437336141398871e+00,1.712561667701299880e-03,2.518786250692455764e-01,3.663735981263016583e-15,6.1.1-I-900
objective_profiles,1,3,2,1.100000000000000089e+00,4.152787295564890901e-01,4.568066025121380602e-01,2.200000000000000000e+01,4194304,1.029956028185890826e+00,verification,128,32,33,65,1.389510938618090385e+00,6.827752318414480326e-02,3.062249133016787736e-02,2.966985908094794261e-02,6.029235041111581650e-02,9.041786040721105314e-04,1.277437336141398871e+00,1.712561667701299880e-03,2.518786250692455764e-01,1.132427485117659671e-14,6.1.1-I-900
objective_profiles,1,3,2,1.100000000000000089e+00,4.152787295564890901e-01,4.568066025121380602e-01,2.200000000000000000e+01,4194304,1.029956028185890826e+00,verification,128,32,33,65,1.393274848141130562e+00,6.942928477715913649e-02,3.113283861469573824e-02,3.021575257197438649e-02,6.134859118667012473e-02,9.041786040721105314e-04,1.277437336141398871e+00,1.712561667701299880e-03,2.518786250692455764e-01,3.996802888650563546e-15,6.1.1-I-900
objective_profiles,1,3,2,1.100000000000000089e+00,4.152787295564890901e-01,4.568066025121380602e-01,2.200000000000000000e+01,4194304,1.029956028185890826e+00,verification,128,32,33,65,1.396211778487673305e+00,7.033336826019336019e-02,3.153309796520548797e-02,3.064480793754612367e-02,6.217790590275161511e-02,9.041786040721105314e-04,1.277437336141398871e+00,1.712561667701299880e-03,2.518786250692455764e-01,4.662936703425657470e-15,6.1.1-I-900
objective_profiles,1,3,2,1.100000000000000089e+00,4.152787295564890901e-01,4.568066025121380602e-01,2.200000000000000000e+01,4194304,1.029956028185890826e+00,verification,128,32,33,65,1.398314654335268692e+00,7.098358831276953274e-02,3.182078094731242285e-02,3.095368331677294735e-02,6.277446426408536673e-02,9.041786040721105314e-04,1.277437336141398871e+00,1.712561667701299880e-03,2.518786250692455764e-01,4.996003610813204432e-15,6.1.1-I-900
objective_profiles,1,3,2,1.100000000000000089e+00,4.152787295564890901e-01,4.568066025121380602e-01,2.200000000000000000e+01,4194304,1.029956028185890826e+00,verification,128,32,33,65,1.399578409671810242e+00,7.137550355766585086e-02,3.199410511128154139e-02,3.113997482519785184e-02,6.313407993647938976e-02,9.041786040721105314e-04,1.277437336141398871e+00,1.712561667701299880e-03,2.518786250692455764e-01,6.439293542825907934e-15,6.1.1-I-900
objective_profiles,1,3,2,1.100000000000000089e+00,4.152787295564890901e-01,4.568066025121380602e-01,2.200000000000000000e+01,4194304,1.029956028185890826e+00,verification,128,32,33,65,1.399999999999999911e+00,7.150643969377400155e-02,3.205199899451716128e-02,3.120223337959981275e-02,6.325423237411698096e-02,9.041786040721105314e-04,1.277437336141398871e+00,1.712561667701299880e-03,2.518786250692455764e-01,5.107025913275720086e-15,6.1.1-I-900
objective_profiles,1,3,2,1.100000000000000089e+00,4.152787295564890901e-01,4.568066025121380602e-01,2.200000000000000000e+01,4194304,1.029956028185890826e+00,display,256,64,65,129,6.999999999999999556e-01,5.472690442222469254e-02,3.605840669555344241e-02,2.209839225167578233e-02,5.815679894722922127e-02,9.041786040721105314e-04,1.277429899411387293e+00,1.712555299783763288e-03,2.518752855970204929e-01,1.221245327087672194e-14,6.1.1-I-900
objective_profiles,1,3,2,1.100000000000000089e+00,4.152787295564890901e-01,4.568066025121380602e-01,2.200000000000000000e+01,4194304,1.029956028185890826e+00,display,256,64,65,129,7.001054134563284848e-01,5.468039939088467638e-02,3.602764544575291772e-02,2.208188662755363255e-02,5.810953207330654680e-02,9.041786040721105314e-04,1.277429899411387293e+00,1.712555299783763288e-03,2.518752855970204929e-01,1.110223024625156540e-14,6.1.1-I-900
objective_profiles,1,3,2,1.100000000000000089e+00,4.152787295564890901e-01,4.568066025121380602e-01,2.200000000000000000e+01,4194304,1.029956028185890826e+00,display,256,64,65,129,7.004215903281896249e-01,5.454106512014108427e-02,3.593548913428380037e-02,2.203242149394260205e-02,5.796791062822639895e-02,9.041786040721105314e-04,1.277429899411387293e+00,1.712555299783763288e-03,2.518752855970204929e-01,2.908784324517910136e-14,6.1.1-I-900
objective_profiles,1,3,2,1.100000000000000089e+00,4.152787295564890901e-01,4.568066025121380602e-01,2.200000000000000000e+01,4194304,1.029956028185890826e+00,display,256,64,65,129,7.009483401624583276e-01,5.430944232877491645e-02,3.578231924500022837e-02,2.195015187243051086e-02,5.773247111743073923e-02,9.041786040721105314e-04,1.277429899411387293e+00,1.712555299783763288e-03,2.518752855970204929e-01,8.104628079763642745e-15,6.1.1-I-900
objective_profiles,1,3,2,1.100000000000000089e+00,4.152787295564890901e-01,4.568066025121380602e-01,2.200000000000000000e+01,4194304,1.029956028185890826e+00,display,256,64,65,129,7.016853456647310638e-01,5.398642927088571214e-02,3.556876882693885827e-02,2.183533548451881134e-02,5.740410431145766962e-02,9.041786040721105314e-04,1.277429899411387293e+00,1.712555299783763288e-03,2.518752855970204929e-01,2.242650509742816212e-14,6.1.1-I-900
objective_profiles,1,3,2,1.100000000000000089e+00,4.152787295564890901e-01,4.568066025121380602e-01,2.200000000000000000e+01,4194304,1.029956028185890826e+00,display,256,64,65,129,7.026321628904514949e-01,5.357327572975995045e-02,3.529571838991166222e-02,2.168833178379778875e-02,5.698405017370945097e-02,9.041786040721105314e-04,1.277429899411387293e+00,1.712555299783763288e-03,2.518752855970204929e-01,2.731148640577885089e-14,6.1.1-I-900
objective_profiles,1,3,2,1.100000000000000089e+00,4.152787295564890901e-01,4.568066025121380602e-01,2.200000000000000000e+01,4194304,1.029956028185890826e+00,display,256,64,65,129,7.037882215123265617e-01,5.307157708099997928e-02,3.496429022111045837e-02,2.150960060873914961e-02,5.647389082984960451e-02,9.041786040721105314e-04,1.277429899411387293e+00,1.712555299783763288e-03,2.518752855970204929e-01,8.104628079763642745e-15,6.1.1-I-900
objective_profiles,1,3,2,1.100000000000000089e+00,4.152787295564890901e-01,4.568066025121380602e-01,2.200000000000000000e+01,4194304,1.029956028185890826e+00,display,256,64,65,129,7.051528251638705669e-01,5.248326417160619622e-02,3.457584118419814584e-02,2.129970046376029533e-02,5.587554164795843770e-02,9.041786040721105314e-04,1.277429899411387293e+00,1.712555299783763288e-03,2.518752855970204929e-01,8.437694987151189707e-15,6.1.1-I-900
objective_profiles,1,3,2,1.100000000000000089e+00,4.152787295564890901e-01,4.568066025121380602e-01,2.200000000000000000e+01,4194304,1.029956028185890826e+00,display,256,64,65,129,7.067251518588693049e-01,5.181059348853273017e-02,3.413195407809893611e-02,2.105928643827494756e-02,5.519124051637388367e-02,9.041786040721105314e-04,1.277429899411387293e+00,1.712555299783763288e-03,2.518752855970204929e-01,1.199040866595169064e-14,6.1.1-I-900
objective_profiles,1,3,2,1.100000000000000089e+00,4.152787295564890901e-01,4.568066025121380602e-01,2.200000000000000000e+01,4194304,1.029956028185890826e+00,display,256,64,65,129,7.085042544865149949e-01,5.105613380916310812e-02,3.363442764713389654e-02,2.078910777540575808e-02,5.442353542253965115e-02,9.041786040721105314e-04,1.277429899411387293e+00,1.712555299783763288e-03,2.518752855970204929e-01,1.609823385706476984e-14,6.1.1-I-900
objective_profiles,1,3,2,1.100000000000000089e+00,4.152787295564890901e-01,4.568066025121380602e-01,2.200000000000000000e+01,4194304,1.029956028185890826e+00,display,256,64,65,129,7.104890613819095924e-01,5.022275315724260281e-02,3.308526534704982897e-02,2.049000510389077656e-02,5.357527045094060553e-02,9.041786040721105314e-04,1.277429899411387293e+00,1.712555299783763288e-03,2.518752855970204929e-01,1.421085471520200372e-14,6.1.1-I-900
objective_profiles,1,3,2,1.100000000000000089e+00,4.152787295564890901e-01,4.568066025121380602e-01,2.200000000000000000e+01,4194304,1.029956028185890826e+00,display,256,64,65,129,7.126783769715959727e-01,4.931360211996866499e-02,3.248666298269062974e-02,2.016290734843753304e-02,5.264957033112815932e-02,9.041786040721105314e-04,1.277429899411387293e+00,1.712555299783763288e-03,2.518752855970204929e-01,3.397282455352979014e-14,6.1.1-I-900
objective_profiles,1,3,2,1.100000000000000089e+00,4.152787295564890901e-01,4.568066025121380602e-01,2.200000000000000000e+01,4194304,1.029956028185890826e+00,display,256,64,65,129,7.150708824937268560e-01,4.833209767654361028e-02,3.184099534238390289e-02,1.980882833536245363e-02,5.164982367774635652e-02,9.041786040721105314e-04,1.277429899411387293e+00,1.712555299783763288e-03,2.518752855970204929e-01,2.986499936241671094e-14,6.1.1-I-900
objective_profiles,1,3,2,1.100000000000000089e+00,4.152787295564890901e-01,4.568066025121380602e-01,2.200000000000000000e+01,4194304,1.029956028185890826e+00,display,256,64,65,129,7.176651367924371527e-01,4.728190501106828425e-02,3.115080196149803970e-02,1.942886311178258427e-02,5.057966507328062744e-02,9.041786040721105314e-04,1.277429899411387293e+00,1.712555299783763288e-03,2.518752855970204929e-01,3.552713678800500929e-14,6.1.1-I-900
objective_profiles,1,3,2,1.100000000000000089e+00,4.152787295564890901e-01,4.568066025121380602e-01,2.200000000000000000e+01,4194304,1.029956028185890826e+00,display,256,64,65,129,7.204595771859426678e-01,4.616691845701507285e-02,3.041877215297641990e-02,1.902418399789253256e-02,4.944295615086895246e-02,9.041786040721105314e-04,1.277429899411387293e+00,1.712555299783763288e-03,2.518752855970204929e-01,8.104628079763642745e-15,6.1.1-I-900
objective_profiles,1,3,2,1.100000000000000089e+00,4.152787295564890901e-01,4.568066025121380602e-01,2.200000000000000000e+01,4194304,1.029956028185890826e+00,display,256,64,65,129,7.234525204078413596e-01,4.499124161057448112e-02,2.964772944597597951e-02,1.859603639295407534e-02,4.824376583893005832e-02,9.041786040721105314e-04,1.277429899411387293e+00,1.712555299783763288e-03,2.518752855970204929e-01,4.096722960866827634e-14,6.1.1-I-900
objective_profiles,1,3,2,1.100000000000000089e+00,4.152787295564890901e-01,4.568066025121380602e-01,2.200000000000000000e+01,4194304,1.029956028185890826e+00,display,256,64,65,129,7.266421636210496082e-01,4.375916667680809086e-02,2.884061557505882348e-02,1.814573435654553632e-02,4.698634993160435980e-02,9.041786040721105314e-04,1.277429899411387293e+00,1.712555299783763288e-03,2.518752855970204929e-01,1.032507412901395583e-14,6.1.1-I-900
objective_profiles,1,3,2,1.100000000000000089e+00,4.152787295564890901e-01,4.568066025121380602e-01,2.200000000000000000e+01,4194304,1.029956028185890826e+00,display,256,64,65,129,7.300265855037642027e-01,4.247515351567256875e-02,2.800047416175401385e-02,1.767465598735968105e-02,4.567513014911369490e-02,9.041786040721105314e-04,1.277429899411387293e+00,1.712555299783763288e-03,2.518752855970204929e-01,5.107025913275720086e-14,6.1.1-I-900
objective_profiles,1,3,2,1.100000000000000089e+00,4.152787295564890901e-01,4.568066025121380602e-01,2.200000000000000000e+01,4194304,1.029956028185890826e+00,display,256,64,65,129,7.336037474067947928e-01,4.114380777700116232e-02,2.713043422785457043e-02,1.718423862240006650e-02,4.431467285025463693e-02,9.041786040721105314e-04,1.277429899411387293e+00,1.712555299783763288e-03,2.518752855970204929e-01,2.864375403532903874e-14,6.1.1-I-900
objective_profiles,1,3,2,1.100000000000000089e+00,4.152787295564890901e-01,4.568066025121380602e-01,2.200000000000000000e+01,4194304,1.029956028185890826e+00,display,256,64,65,129,7.373714945815695865e-01,3.976986014898156729e-02,2.623369367563928301e-02,1.667597387981227183e-02,4.290966755545155831e-02,9.041786040721105314e-04,1.277429899411387293e+00,1.712555299783763288e-03,2.518752855970204929e-01,4.574118861455644947e-14,6.1.1-I-900
objective_profiles,1,3,2,1.100000000000000089e+00,4.152787295564890901e-01,4.568066025121380602e-01,2.200000000000000000e+01,4194304,1.029956028185890826e+00,display,256,64,65,129,7.413275574780756605e-01,3.835814360518188804e-02,2.531350286450629802e-02,1.615140256879898928e-02,4.146490543330529077e-02,9.041786040721105314e-04,1.277429899411387293e+00,1.712555299783763288e-03,2.518752855970204929e-01,2.231548279496564646e-14,6.1.1-I-900
objective_profiles,1,3,2,1.100000000000000089e+00,4.152787295564890901e-01,4.568066025121380602e-01,2.200000000000000000e+01,4194304,1.029956028185890826e+00,display,256,64,65,129,7.454695531119509555e-01,3.691357263171751030e-02,2.437314840642456487e-02,1.561210949011212698e-02,3.998525789653668838e-02,9.041786040721105314e-04,1.277429899411387293e+00,1.712555299783763288e-03,2.518752855970204929e-01,2.819966482547897613e-14,6.1.1-I-900
objective_profiles,1,3,2,1.100000000000000089e+00,4.152787295564890901e-01,4.568066025121380602e-01,2.200000000000000000e+01,4194304,1.029956028185890826e+00,display,256,64,65,129,7.497949864999047254e-01,3.544112152206469607e-02,2.341593729436418012e-02,1.505971815050242274e-02,3.847565544486659939e-02,9.041786040721105314e-04,1.277429899411387293e+00,1.712555299783763288e-03,2.518752855970204929e-01,8.104628079763642745e-15,6.1.1-I-900
objective_profiles,1,3,2,1.100000000000000089e+00,4.152787295564890901e-01,4.568066025121380602e-01,2.200000000000000000e+01,4194304,1.029956028185890826e+00,display,256,64,65,129,7.543012521626024647e-01,3.394580311762779301e-02,2.244518146865526198e-02,1.449588541423925230e-02,3.694106688289451601e-02,9.041786040721105314e-04,1.277429899411387293e+00,1.712555299783763288e-03,2.518752855970204929e-01,1.665334536937734811e-14,6.1.1-I-900
objective_profiles,1,3,2,1.100000000000000089e+00,4.152787295564890901e-01,4.568066025121380602e-01,2.200000000000000000e+01,4194304,1.029956028185890826e+00,display,256,64,65,129,7.589856356941091509e-01,3.243264905250325958e-02,2.146418291625334235e-02,1.392229611440880949e-02,3.538647903066215183e-02,9.041786040721105314e-04,1.277429899411387293e+00,1.712555299783763288e-03,2.518752855970204929e-01,1.254552017826426891e-14,6.1.1-I-900
objective_profiles,1,3,2,1.100000000000000089e+00,4.152787295564890901e-01,4.568066025121380602e-01,2.200000000000000000e+01,4194304,1.029956028185890826e+00,display,256,64,65,129,7.638453153969456677e-01,3.090668899130206981e-02,2.047621938737276270e-02,1.334065764616189538e-02,3.381687703353465635e-02,9.041786040721105314e-04,1.277429899411387293e+00,1.712555299783763288e-03,2.518752855970204929e-01,3.641531520770513453e-14,6.1.1-I-900
objective_profiles,1,3,2,1.100000000000000089e+00,4.152787295564890901e-01,4.568066025121380602e-01,2.200000000000000000e+01,4194304,1.029956028185890826e+00,display,256,64,65,129,7.688773639817741978e-01,2.937293245447465673e-02,1.948453080307770841e-02,1.275269456342710897e-02,3.223722536650482084e-02,9.041786040721105314e-04,1.277429899411387293e+00,1.712555299783763288e-03,2.518752855970204929e-01,8.104628079763642745e-15,6.1.1-I-900
objective_profiles,1,3,2,1.100000000000000089e+00,4.152787295564890901e-01,4.568066025121380602e-01,2.200000000000000000e+01,4194304,1.029956028185890826e+00,display,256,64,65,129,7.740787503306877371e-01,2.783634908616180320e-02,1.849230641639968559e-02,1.216014319984822824e-02,3.065244961624791209e-02,9.041786040721105314e-04,1.277429899411387293e+00,1.712555299783763288e-03,2.518752855970204929e-01,3.486100297322991537e-14,6.1.1-I-900
objective_profiles,1,3,2,1.100000000000000089e+00,4.152787295564890901e-01,4.568066025121380602e-01,2.200000000000000000e+01,4194304,1.029956028185890826e+00,display,256,64,65,129,7.794463413230420246e-01,2.630185243479780249e-02,1.750267277854681419e-02,1.156474633384965527e-02,2.906741911239647119e-02,9.041786040721105314e-04,1.277429899411387293e+00,1.712555299783763288e-03,2.518752855970204929e-01,3.208544541166702402e-14,6.1.1-I-900
objective_profiles,1,3,2,1.100000000000000089e+00,4.152787295564890901e-01,4.568066025121380602e-01,2.200000000000000000e+01,4194304,1.029956028185890826e+00,display,256,64,65,129,7.849769037227303237e-01,2.477428214249723093e-02,1.651868255095501753e-02,1.096824791680237228e-02,2.748693046775738807e-02,9.041786040721105314e-04,1.277429899411387293e+00,1.712555299783763288e-03,2.518752855970204929e-01,1.298960938811433152e-14,6.1.1-I-900
objective_profiles,1,3,2,1.100000000000000089e+00,4.152787295564890901e-01,4.568066025121380602e-01,2.200000000000000000e+01,4194304,1.029956028185890826e+00,display,256,64,65,129,7.906671061257641853e-01,2.325838902384920817e-02,1.554330419344535953e-02,1.037238788226384559e-02,2.591569207570920685e-02,9.041786040721105314e-04,1.277429899411387293e+00,1.712555299783763288e-03,2.518752855970204929e-01,5.506706202140776441e-14,6.1.1-I-900
objective_profiles,1,3,2,1.100000000000000089e+00,4.152787295564890901e-01,4.568066025121380602e-01,2.200000000000000000e+01,4194304,1.029956028185890826e+00,display,256,64,65,129,7.965135209669864658e-01,2.175881991029136875e-02,1.457941254872548338e-02,9.778897053210366605e-03,2.435830960193584999e-02,9.041786040721105314e-04,1.277429899411387293e+00,1.712555299783763288e-03,2.518752855970204929e-01,3.841371665203041630e-14,6.1.1-I-900
objective_profiles,1,3,2,1.100000000000000089e+00,4.152787295564890901e-01,4.568066025121380602e-01,2.200000000000000000e+01,4194304,1.029956028185890826e+00,display,256,64,65,129,8.025126265847083440e-01,2.028010387791865515e-02,1.362978033400668101e-02,9.189492163084279214e-03,2.281927249709096023e-02,9.041786040721105314e-04,1.277429899411387293e+00,1.712555299783763288e-03,2.518752855970204929e-01,5.861977570020826533e-14,6.1.1-I-900
objective_profiles,1,3,2,1.100000000000000089e+00,4.152787295564890901e-01,4.568066025121380602e-01,2.200000000000000000e+01,4194304,1.029956028185890826e+00,display,256,64,65,129,8.086608093420265542e-01,1.882664004164576535e-02,1.269707054169165981e-02,8.605871005351086941e-03,2.130294154704274676e-02,9.041786040721105314e-04,1.277429899411387293e+00,1.712555299783763288e-03,2.518752855970204929e-01,1.620925615952728549e-14,6.1.1-I-900
objective_profiles,1,3,2,1.100000000000000089e+00,4.152787295564890901e-01,4.568066025121380602e-01,2.200000000000000000e+01,4194304,1.029956028185890826e+00,display,256,64,65,129,8.149543658035435234e-01,1.740268565482634006e-02,1.178382974298554375e-02,8.029707725114444694e-03,1.981353746809998845e-02,9.041786040721105314e-04,1.277429899411387293e+00,1.712555299783763288e-03,2.518752855970204929e-01,2.642330798607872566e-14,6.1.1-I-900
objective_profiles,1,3,2,1.100000000000000089e+00,4.152787295564890901e-01,4.568066025121380602e-01,2.200000000000000000e+01,4194304,1.029956028185890826e+00,display,256,64,65,129,8.213895049661780190e-01,1.601234526909109737e-02,1.089248228094641217e-02,7.462648265179288795e-03,1.835513054612570097e-02,9.041786040721105314e-04,1.277429899411387293e+00,1.712555299783763288e-03,2.518752855970204929e-01,1.143529715363911237e-14,6.1.1-I-900
objective_profiles,1,3,2,1.100000000000000089e+00,4.152787295564890901e-01,4.568066025121380602e-01,2.200000000000000000e+01,4194304,1.029956028185890826e+00,display,256,64,65,129,8.279623505427240460e-01,1.465956155111112179e-02,1.002532533293458081e-02,6.906305977798474736e-03,1.693163131073305641e-02,9.041786040721105314e-04,1.277429899411387293e+00,1.712555299783763288e-03,2.518752855970204929e-01,1.709743457922741072e-14,6.1.1-I-900
objective_profiles,1,3,2,1.100000000000000089e+00,4.152787295564890901e-01,4.568066025121380602e-01,2.200000000000000000e+01,4194304,1.029956028185890826e+00,display,256,64,65,129,8.346689432967805411e-01,1.334810695357442623e-02,9.184524816681041703e-03,6.362257412187309093e-03,1.554678222886834993e-02,9.041786040721105314e-04,1.277429899411387293e+00,1.712555299783763288e-03,2.518752855970204929e-01,8.104628079763642745e-15,6.1.1-I-900
objective_profiles,1,3,2,1.100000000000000089e+00,4.152787295564890901e-01,4.568066025121380602e-01,2.200000000000000000e+01,4194304,1.029956028185890826e+00,display,256,64,65,129,8.415052434276482085e-01,1.208157560104776256e-02,8.372112109246329995e-03,5.832038286760280778e-03,1.420415039600661164e-02,9.041786040721105314e-04,1.277429899411387293e+00,1.712555299783763288e-03,2.518752855970204929e-01,4.118927421359330765e-14,6.1.1-I-900
objective_profiles,1,3,2,1.100000000000000089e+00,4.152787295564890901e-01,4.568066025121380602e-01,2.200000000000000000e+01,4194304,1.029956028185890826e+00,display,256,64,65,129,8.484671330037540926e-01,1.086337725365451104e-02,7.589981543982338326e-03,5.317139653934007879e-03,1.290712119791634707e-02,9.041786040721105314e-04,1.277429899411387293e+00,1.712555299783763288e-03,2.518752855970204929e-01,1.620925615952728549e-14,6.1.1-I-900
objective_profiles,1,3,2,1.100000000000000089e+00,4.152787295564890901e-01,4.568066025121380602e-01,2.200000000000000000e+01,4194304,1.029956028185890826e+00,display,256,64,65,129,8.555504184431391712e-01,9.696731457223262823e-03,6.839888647214482226e-03,4.819004264261745295e-03,1.165889291147622839e-02,9.041786040721105314e-04,1.277429899411387293e+00,1.712555299783763288e-03,2.518752855970204929e-01,9.325873406851314940e-15,6.1.1-I-900
objective_profiles,1,3,2,1.100000000000000089e+00,4.152787295564890901e-01,4.568066025121380602e-01,2.200000000000000000e+01,4194304,1.029956028185890826e+00,display,256,64,65,129,8.627508330395159408e-01,8.584663195857237736e-03,6.123449073681371327e-03,4.339023135617257020e-03,1.046247220929862748e-02,9.041786040721105314e-04,1.277429899411387293e+00,1.712555299783763288e-03,2.518752855970204929e-01,3.008704396734174225e-14,6.1.1-I-900
objective_profiles,1,3,2,1.100000000000000089e+00,4.152787295564890901e-01,4.568066025121380602e-01,2.200000000000000000e+01,4194304,1.029956028185890826e+00,display,256,64,65,129,8.700640395323723242e-01,7.529998535624160029e-03,5.442138197785682807e-03,3.878532332141689659e-03,9.320670529927372466e-03,9.041786040721105314e-04,1.277429899411387293e+00,1.712555299783763288e-03,2.518752855970204929e-01,9.325873406851314940e-15,6.1.1-I-900
objective_profiles,1,3,2,1.100000000000000089e+00,4.152787295564890901e-01,4.568066025121380602e-01,2.200000000000000000e+01,4194304,1.029956028185890826e+00,display,256,64,65,129,8.774856327195754702e-01,6.535362342510387529e-03,4.797291316343521225e-03,3.438809956700098619e-03,8.236101273043619844e-03,9.041786040721105314e-04,1.277429899411387293e+00,1.712555299783763288e-03,2.518752855970204929e-01,1.110223024625156540e-14,6.1.1-I-900
objective_profiles,1,3,2,1.100000000000000089e+00,4.152787295564890901e-01,4.568066025121380602e-01,2.200000000000000000e+01,4194304,1.029956028185890826e+00,display,256,64,65,129,8.850111421109007059e-01,5.603175265147823138e-03,4.190104417747072228e-03,3.021073359675059255e-03,7.211177777422131049e-03,9.041786040721105314e-04,1.277429899411387293e+00,1.712555299783763288e-03,2.518752855970204929e-01,3.108624468950438313e-14,6.1.1-I-900
objective_profiles,1,3,2,1.100000000000000089e+00,4.152787295564890901e-01,4.568066025121380602e-01,2.200000000000000000e+01,4194304,1.029956028185890826e+00,display,256,64,65,129,8.926360346208876972e-01,4.735653166522325701e-03,3.621635472202463981e-03,2.626476566053175671e-03,6.248112038255640086e-03,9.041786040721105314e-04,1.277429899411387293e+00,1.712555299783763288e-03,2.518752855970204929e-01,3.153033389935444575e-14,6.1.1-I-900
objective_profiles,1,3,2,1.100000000000000089e+00,4.152787295564890901e-01,4.568066025121380602e-01,2.200000000000000000e+01,4194304,1.029956028185890826e+00,display,256,64,65,129,9.003557172994012259e-01,3.934805848869490745e-03,3.092806197924513611e-03,2.256107921934679024e-03,5.348914119859192635e-03,9.041786040721105314e-04,1.277429899411387293e+00,1.712555299783763288e-03,2.518752855970204929e-01,8.992806499463767977e-15,6.1.1-I-900
objective_profiles,1,3,2,1.100000000000000089e+00,4.152787295564890901e-01,4.568066025121380602e-01,2.200000000000000000e+01,4194304,1.029956028185890826e+00,display,256,64,65,129,9.081655400982534543e-01,3.202437044795089331e-03,2.604404258797931269e-03,1.910987960822184244e-03,4.515392219620115513e-03,9.041786040721105314e-04,1.277429899411387293e+00,1.712555299783763288e-03,2.518752855970204929e-01,3.863576125695544761e-14,6.1.1-I-900
objective_profiles,1,3,2,1.100000000000000089e+00,4.152787295564890901e-01,4.568066025121380602e-01,2.200000000000000000e+01,4194304,1.029956028185890826e+00,display,256,64,65,129,9.160607986722184570e-01,2.540145079689942308e-03,2.157085850011376382e-03,1.592067489319808809e-03,3.749153339331185407e-03,9.041786040721105314e-04,1.277429899411387293e+00,1.712555299783763288e-03,2.518752855970204929e-01,8.215650382226158399e-15,6.1.1-I-900
objective_profiles,1,3,2,1.100000000000000089e+00,4.152787295564890901e-01,4.568066025121380602e-01,2.200000000000000000e+01,4194304,1.029956028185890826e+00,display,256,64,65,129,9.240367372127540335e-01,1.949324054486763951e-03,1.751378629458489071e-03,1.300225891197681529e-03,3.051604520656170383e-03,9.041786040721105314e-04,1.277429899411387293e+00,1.712555299783763288e-03,2.518752855970204929e-01,8.104628079763642745e-15,6.1.1-I-900
objective_profiles,1,3,2,1.100000000000000089e+00,4.152787295564890901e-01,4.568066025121380602e-01,2.200000000000000000e+01,4194304,1.029956028185890826e+00,display,256,64,65,129,9.320885513127229460e-01,1.431165142075325981e-03,1.387684954254091033e-03,1.036269648151258178e-03,2.423954602405349427e-03,9.041786040721105314e-04,1.277429899411387293e+00,1.712555299783763288e-03,2.518752855970204929e-01,1.054711873393898713e-14,6.1.1-I-900
objective_profiles,1,3,2,1.100000000000000089e+00,4.152787295564890901e-01,4.568066025121380602e-01,2.200000000000000000e+01,4194304,1.029956028185890826e+00,display,256,64,65,129,9.402113908603878523e-01,9.866593470684327776e-04,1.066285383464134944e-03,8.009310750064127082e-04,1.867216458470547652e-03,9.041786040721105314e-04,1.277429899411387293e+00,1.712555299783763288e-03,2.518752855970204929e-01,8.881784197001252323e-15,6.1.1-I-900
objective_profiles,1,3,2,1.100000000000000089e+00,4.152787295564890901e-01,4.568066025121380602e-01,2.200000000000000000e+01,4194304,1.029956028185890826e+00,display,256,64,65,129,9.484003629609381036e-01,6.165994646319541235e-04,7.873424100632661236e-04,5.948672665896147585e-04,1.382209676652880991e-03,9.041786040721105314e-04,1.277429899411387293e+00,1.712555299783763288e-03,2.518752855970204929e-01,7.993605777301127091e-14,6.1.1-I-900
objective_profiles,1,3,2,1.100000000000000089e+00,4.152787295564890901e-01,4.568066025121380602e-01,2.200000000000000000e+01,4194304,1.029956028185890826e+00,display,256,64,65,129,9.566505348837854861e-01,3.215834209737570616e-04,5.509043871721844591e-04,4.186592529975037970e-04,9.695636401696882019e-04,9.041786040721105314e-04,1.277429899411387293e+00,1.712555299783763288e-03,2.518752855970204929e-01,9.880984919163893210e-15,6.1.1-I-900
objective_profiles,1,3,2,1.100000000000000089e+00,4.152787295564890901e-01,4.568066025121380602e-01,2.200000000000000000e+01,4194304,1.029956028185890826e+00,display,256,64,65,129,9.649569370338575425e-01,1.020175836421477499e-04,3.569096157374427843e-04,2.728113595582084844e-04,6.297209752956512687e-04,9.041786040721105314e-04,1.277429899411387293e+00,1.712555299783763288e-03,2.518752855970204929e-01,2.009503674571533338e-14,6.1.1-I-900
objective_profiles,1,3,2,1.100000000000000089e+00,4.152787295564890901e-01,4.568066025121380602e-01,2.200000000000000000e+01,4194304,1.029956028185890826e+00,display,256,64,65,129,9.733145659450954668e-01,-4.187940073006592791e-05,2.051905629899064630e-04,1.577507673773613473e-04,3.629413303672678103e-04,9.041786040721105314e-04,1.277429899411387293e+00,1.712555299783763288e-03,2.518752855970204929e-01,2.819966482547897613e-14,6.1.1-I-900
objective_profiles,1,3,2,1.100000000000000089e+00,4.152787295564890901e-01,4.568066025121380602e-01,2.200000000000000000e+01,4194304,1.029956028185890826e+00,display,256,64,65,129,9.817183872943550105e-01,-1.100727811128901073e-04,9.547818319866299588e-05,7.382727000160321145e-05,1.693054532002662073e-04,9.041786040721105314e-04,1.277429899411387293e+00,1.712555299783763288e-03,2.518752855970204929e-01,2.797762022055394482e-14,6.1.1-I-900
objective_profiles,1,3,2,1.100000000000000089e+00,4.152787295564890901e-01,4.568066025121380602e-01,2.200000000000000000e+01,4194304,1.029956028185890826e+00,display,256,64,65,129,9.901633389338944102e-01,-1.027070456400277994e-04,2.740631442246609225e-05,2.131322141272208763e-05,4.871953583518818327e-05,9.041786040721105314e-04,1.277429899411387293e+00,1.712555299783763288e-03,2.518752855970204929e-01,5.351274978693254525e-14,6.1.1-I-900
objective_profiles,1,3,2,1.100000000000000089e+00,4.152787295564890901e-01,4.568066025121380602e-01,2.200000000000000000e+01,4194304,1.029956028185890826e+00,display,256,64,65,129,9.986443339406233521e-01,-2.010200217290196285e-05,5.161271052457128068e-07,4.036702783448938863e-07,9.197973835906066402e-07,9.041786040721105314e-04,1.277429899411387293e+00,1.712555299783763288e-03,2.518752855970204929e-01,3.885780586188047891e-14,6.1.1-I-900
objective_profiles,1,3,2,1.100000000000000089e+00,4.152787295564890901e-01,4.568066025121380602e-01,2.200000000000000000e+01,4194304,1.029956028185890826e+00,display,256,64,65,129,1.007156263680274222e+00,1.372529703238380226e-04,1.426060247502444460e-05,1.121667513594322859e-05,2.547727761096767489e-05,9.041786040721105314e-04,1.277429899411387293e+00,1.712555299783763288e-03,2.518752855970204929e-01,1.154631945610162802e-14,6.1.1-I-900
objective_profiles,1,3,2,1.100000000000000089e+00,4.152787295564890901e-01,4.568066025121380602e-01,2.200000000000000000e+01,4194304,1.029956028185890826e+00,display,256,64,65,129,1.015694000884653558e+00,3.687028092518921632e-04,6.800902073880701253e-05,5.379379496691079972e-05,1.218028157057178122e-04,9.041786040721105314e-04,1.277429899411387293e+00,1.712555299783763288e-03,2.518752855970204929e-01,1.620925615952728549e-14,6.1.1-I-900
objective_profiles,1,3,2,1.100000000000000089e+00,4.152787295564890901e-01,4.568066025121380602e-01,2.200000000000000000e+01,4194304,1.029956028185890826e+00,display,256,64,65,129,1.024252402740116308e+00,6.734331154858712743e-04,1.610514410377079822e-04,1.281007494277879716e-04,2.891521904654959538e-04,9.041786040721105314e-04,1.277429899411387293e+00,1.712555299783763288e-03,2.518752855970204929e-01,1.054711873393898713e-14,6.1.1-I-900
objective_profiles,1,3,2,1.100000000000000089e+00,4.152787295564890901e-01,4.568066025121380602e-01,2.200000000000000000e+01,4194304,1.029956028185890826e+00,display,256,64,65,129,1.032826313985403477e+00,1.050474472389289603e-03,2.926031570015094532e-04,2.340282428448374767e-04,5.266313998463469570e-04,9.041786040721105314e-04,1.277429899411387293e+00,1.712555299783763288e-03,2.518752855970204929e-01,9.547918011776346248e-15,6.1.1-I-900
objective_profiles,1,3,2,1.100000000000000089e+00,4.152787295564890901e-01,4.568066025121380602e-01,2.200000000000000000e+01,4194304,1.029956028185890826e+00,display,256,64,65,129,1.041410570016980675e+00,1.498708221077726943e-03,4.618091135338185053e-04,3.713929459423603147e-04,8.332020594761788742e-04,9.041786040721105314e-04,1.277429899411387293e+00,1.712555299783763288e-03,2.518752855970204929e-01,9.214851104388799286e-15,6.1.1-I-900
objective_profiles,1,3,2,1.100000000000000089e+00,4.152787295564890901e-01,4.568066025121380602e-01,2.200000000000000000e+01,4194304,1.029956028185890826e+00,display,256,64,65,129,1.049999999999999822e+00,2.016872219698787657e-03,6.677482721398762984e-04,5.399386291632629446e-04,1.207686901303139243e-03,9.041786040721105314e-04,1.277429899411387293e+00,1.712555299783763288e-03,2.518752855970204929e-01,8.104628079763642745e-15,6.1.1-I-900
objective_profiles,1,3,2,1.100000000000000089e+00,4.152787295564890901e-01,4.568066025121380602e-01,2.200000000000000000e+01,4194304,1.029956028185890826e+00,display,256,64,65,129,1.058589429983019192e+00,2.603566245753915782e-03,9.094379137010283852e-04,7.393374413504927864e-04,1.648775355051521063e-03,9.041786040721105314e-04,1.277429899411387293e+00,1.712555299783763288e-03,2.518752855970204929e-01,5.906386491005832795e-14,6.1.1-I-900
objective_profiles,1,3,2,1.100000000000000089e+00,4.152787295564890901e-01,4.568066025121380602e-01,2.200000000000000000e+01,4194304,1.029956028185890826e+00,display,256,64,65,129,1.067173686014596168e+00,3.257257881468048673e-03,1.185837869076489075e-03,9.691913274888334668e-04,2.155029196565322325e-03,9.041786040721105314e-04,1.277429899411387293e+00,1.712555299783763288e-03,2.518752855970204929e-01,4.618527782440651208e-14,6.1.1-I-900
objective_profiles,1,3,2,1.100000000000000089e+00,4.152787295564890901e-01,4.568066025121380602e-01,2.200000000000000000e+01,4194304,1.029956028185890826e+00,display,256,64,65,129,1.075747597259883559e+00,3.976288138100326879e-03,1.495854669290272530e-03,1.229033579155804513e-03,2.724888248446077042e-03,9.041786040721105314e-04,1.277429899411387293e+00,1.712555299783763288e-03,2.518752855970204929e-01,2.597921877622866305e-14,6.1.1-I-900
objective_profiles,1,3,2,1.100000000000000089e+00,4.152787295564890901e-01,4.568066025121380602e-01,2.200000000000000000e+01,4194304,1.029956028185890826e+00,display,256,64,65,129,1.084305999115346086e+00,4.758877392815174384e-03,1.838345608337891256e-03,1.518330511295698515e-03,3.356676119633589771e-03,9.041786040721105314e-04,1.277429899411387293e+00,1.712555299783763288e-03,2.518752855970204929e-01,8.104628079763642745e-15,6.1.1-I-900
objective_profiles,1,3,2,1.100000000000000089e+00,4.152787295564890901e-01,4.568066025121380602e-01,2.200000000000000000e+01,4194304,1.029956028185890826e+00,display,256,64,65,129,1.092843736319725645e+00,5.603131131979058668e-03,2.212122712810562705e-03,1.836483258914363989e-03,4.048605971724926478e-03,9.041786040721105314e-04,1.277429899411387293e+00,1.712555299783763288e-03,2.518752855970204929e-01,9.547918011776346248e-15,6.1.1-I-900
objective_profiles,1,3,2,1.100000000000000089e+00,4.152787295564890901e-01,4.568066025121380602e-01,2.200000000000000000e+01,4194304,1.029956028185890826e+00,display,256,64,65,129,1.101355666059376404e+00,6.507046285835673544e-03,2.615956613615983556e-03,2.182829687285415491e-03,4.798786300901398613e-03,9.041786040721105314e-04,1.277429899411387293e+00,1.712555299783763288e-03,2.518752855970204929e-01,5.839773109528323403e-14,6.1.1-I-900
objective_profiles,1,3,2,1.100000000000000089e+00,4.152787295564890901e-01,4.568066025121380602e-01,2.200000000000000000e+01,4194304,1.029956028185890826e+00,display,256,64,65,129,1.109836661066105457e+00,7.468516542032193131e-03,3.048580316041455112e-03,2.556646409270695551e-03,5.605226725312150229e-03,9.041786040721105314e-04,1.277429899411387293e+00,1.712555299783763288e-03,2.518752855970204929e-01,5.528910662633279571e-14,6.1.1-I-900
objective_profiles,1,3,2,1.100000000000000089e+00,4.152787295564890901e-01,4.568066025121380602e-01,2.200000000000000000e+01,4194304,1.029956028185890826e+00,display,256,64,65,129,1.118281612705644745e+00,8.485338548877025683e-03,3.508692865297408266e-03,2.957150903374042208e-03,6.465843768671450040e-03,9.041786040721105314e-04,1.277429899411387293e+00,1.712555299783763288e-03,2.518752855970204929e-01,3.175237850427947706e-14,6.1.1-I-900
objective_profiles,1,3,2,1.100000000000000089e+00,4.152787295564890901e-01,4.568066025121380602e-01,2.200000000000000000e+01,4194304,1.029956028185890826e+00,display,256,64,65,129,1.126685434054904400e+00,9.555218033353839527e-03,3.994962905470352682e-03,3.383503726181983414e-03,7.378466631652336530e-03,9.041786040721105314e-04,1.277429899411387293e+00,1.712555299783763288e-03,2.518752855970204929e-01,1.987299214079030207e-14,6.1.1-I-900
objective_profiles,1,3,2,1.100000000000000089e+00,4.152787295564890901e-01,4.568066025121380602e-01,2.200000000000000000e+01,4194304,1.029956028185890826e+00,display,256,64,65,129,1.135043062966142324e+00,1.067577531887759813e-02,4.506032130531694053e-03,3.834810812882362245e-03,8.340842943414056299e-03,9.041786040721105314e-04,1.277429899411387293e+00,1.712555299783763288e-03,2.518752855970204929e-01,2.509104035652853781e-14,6.1.1-I-900
objective_profiles,1,3,2,1.100000000000000089e+00,4.152787295564890901e-01,4.568066025121380602e-01,2.200000000000000000e+01,4194304,1.029956028185890826e+00,display,256,64,65,129,1.143349465116214381e+00,1.184455160491649367e-02,5.040518626683521825e-03,4.310125859601440096e-03,9.350644486284961920e-03,9.041786040721105314e-04,1.277429899411387293e+00,1.712555299783763288e-03,2.518752855970204929e-01,3.308464613382966490e-14,6.1.1-I-900
objective_profiles,1,3,2,1.100000000000000089e+00,4.152787295564890901e-01,4.568066025121380602e-01,2.200000000000000000e+01,4194304,1.029956028185890826e+00,display,256,64,65,129,1.151599637039061541e+00,1.305901443857430087e-02,5.597020105886929726e-03,4.808452781356457352e-03,1.040547288724338708e-02,9.041786040721105314e-04,1.277429899411387293e+00,1.712555299783763288e-03,2.518752855970204929e-01,3.552713678800500929e-14,6.1.1-I-900
objective_profiles,1,3,2,1.100000000000000089e+00,4.152787295564890901e-01,4.568066025121380602e-01,2.200000000000000000e+01,4194304,1.029956028185890826e+00,display,256,64,65,129,1.159788609139611903e+00,1.431656381662120038e-02,6.174117030910278477e-03,5.328748239483093417e-03,1.150286527039337189e-02,9.041786040721105314e-04,1.277429899411387293e+00,1.712555299783763288e-03,2.518752855970204929e-01,1.554312234475219157e-14,6.1.1-I-900
objective_profiles,1,3,2,1.100000000000000089e+00,4.152787295564890901e-01,4.568066025121380602e-01,2.200000000000000000e+01,4194304,1.029956028185890826e+00,display,256,64,65,129,1.167911448687276810e+00,1.561453806553568698e-02,6.770375632671195298e-03,5.869924232466780523e-03,1.264029986513797582e-02,9.041786040721105314e-04,1.277429899411387293e+00,1.712555299783763288e-03,2.518752855970204929e-01,8.548717289613705361e-15,6.1.1-I-900
objective_profiles,1,3,2,1.100000000000000089e+00,4.152787295564890901e-01,4.568066025121380602e-01,2.200000000000000000e+01,4194304,1.029956028185890826e+00,display,256,64,65,129,1.175963262787245833e+00,1.695021914615127759e-02,7.384350821017026528e-03,6.430850744180331181e-03,1.381520156519735684e-02,9.041786040721105314e-04,1.277429899411387293e+00,1.712555299783763288e-03,2.518752855970204929e-01,1.465494392505206633e-14,6.1.1-I-900
objective_profiles,1,3,2,1.100000000000000089e+00,4.152787295564890901e-01,4.568066025121380602e-01,2.200000000000000000e+01,4194304,1.029956028185890826e+00,display,256,64,65,129,1.183939201327781188e+00,1.832083893327845353e-02,8.014588990407413641e-03,7.010358443610986874e-03,1.502494743401840138e-02,9.041786040721105314e-04,1.277429899411387293e+00,1.712555299783763288e-03,2.518752855970204929e-01,3.530509218307997799e-14,6.1.1-I-900
objective_profiles,1,3,2,1.100000000000000089e+00,4.152787295564890901e-01,4.568066025121380602e-01,2.200000000000000000e+01,4194304,1.029956028185890826e+00,display,256,64,65,129,1.191834459901746301e+00,1.972358443865942015e-02,8.659630722236553307e-03,7.607241430241720552e-03,1.626687215247827473e-02,9.041786040721105314e-04,1.277429899411387293e+00,1.712555299783763288e-03,2.518752855970204929e-01,1.243449787580175325e-14,6.1.1-I-900
objective_profiles,1,3,2,1.100000000000000089e+00,4.152787295564890901e-01,4.568066025121380602e-01,2.200000000000000000e+01,4194304,1.029956028185890826e+00,display,256,64,65,129,1.199644282700598641e+00,2.115560368035459063e-02,9.318013385756978434e-03,8.220260019340725269e-03,1.753827340509770544e-02,9.041786040721105314e-04,1.277429899411387293e+00,1.712555299783763288e-03,2.518752855970204929e-01,3.974598428158060415e-14,6.1.1-I-900
objective_profiles,1,3,2,1.100000000000000089e+00,4.152787295564890901e-01,4.568066025121380602e-01,2.200000000000000000e+01,4194304,1.029956028185890826e+00,display,256,64,65,129,1.207363965379112170e+00,2.261401098383744243e-02,9.988273639752817332e-03,8.848143561501856449e-03,1.883641720125467378e-02,9.041786040721105314e-04,1.277429899411387293e+00,1.712555299783763288e-03,2.518752855970204929e-01,1.032507412901395583e-14,6.1.1-I-900
objective_profiles,1,3,2,1.100000000000000089e+00,4.152787295564890901e-01,4.568066025121380602e-01,2.200000000000000000e+01,4194304,1.029956028185890826e+00,display,256,64,65,129,1.214988857889099272e+00,2.409589272351538025e-02,1.066894983725916700e-02,9.489593290874023812e-03,2.015854312813319255e-02,9.041786040721105314e-04,1.277429899411387293e+00,1.712555299783763288e-03,2.518752855970204929e-01,9.658940314238861902e-15,6.1.1-I-900
objective_profiles,1,3,2,1.100000000000000089e+00,4.152787295564890901e-01,4.568066025121380602e-01,2.200000000000000000e+01,4194304,1.029956028185890826e+00,display,256,64,65,129,1.222514367280424175e+00,2.559831262027275831e-02,1.135858433574090699e-02,1.014328519661248686e-02,2.150186953235339385e-02,9.041786040721105314e-04,1.277429899411387293e+00,1.712555299783763288e-03,2.518752855970204929e-01,1.199040866595169064e-14,6.1.1-I-900
objective_profiles,1,3,2,1.100000000000000089e+00,4.152787295564890901e-01,4.568066025121380602e-01,2.200000000000000000e+01,4194304,1.029956028185890826e+00,display,256,64,65,129,1.229935960467627432e+00,2.711831690582065454e-02,1.205572571523211463e-02,1.080787291218405534e-02,2.286359862741616997e-02,9.041786040721105314e-04,1.277429899411387293e+00,1.712555299783763288e-03,2.518752855970204929e-01,9.992007221626408864e-15,6.1.1-I-900
objective_profiles,1,3,2,1.100000000000000089e+00,4.152787295564890901e-01,4.568066025121380602e-01,2.200000000000000000e+01,4194304,1.029956028185890826e+00,display,256,64,65,129,1.237249166960483926e+00,2.865293981026234907e-02,1.275893090699278462e-02,1.148199061725892894e-02,2.424092152425171356e-02,9.041786040721105314e-04,1.277429899411387293e+00,1.712555299783763288e-03,2.518752855970204929e-01,1.465494392505206633e-14,6.1.1-I-900
objective_profiles,1,3,2,1.100000000000000089e+00,4.152787295564890901e-01,4.568066025121380602e-01,2.200000000000000000e+01,4194304,1.029956028185890826e+00,display,256,64,65,129,1.244449581556860585e+00,3.019920895731155117e-02,1.346676723528473889e-02,1.216425594702383838e-02,2.563102318230857726e-02,9.041786040721105314e-04,1.277429899411387293e+00,1.712555299783763288e-03,2.518752855970204929e-01,2.398081733190338127e-14,6.1.1-I-900
objective_profiles,1,3,2,1.100000000000000089e+00,4.152787295564890901e-01,4.568066025121380602e-01,2.200000000000000000e+01,4194304,1.029956028185890826e+00,display,256,64,65,129,1.251532866996245774e+00,3.175414988398631705e-02,1.417781437487660237e-02,1.285327290385647296e-02,2.703108727873307360e-02,9.041786040721105314e-04,1.277429899411387293e+00,1.712555299783763288e-03,2.518752855970204929e-01,4.041211809635569807e-14,6.1.1-I-900
objective_profiles,1,3,2,1.100000000000000089e+00,4.152787295564890901e-01,4.568066025121380602e-01,2.200000000000000000e+01,4194304,1.029956028185890826e+00,display,256,64,65,129,1.258494756572351658e+00,3.331479143049951436e-02,1.489066622689261092e-02,1.354763476640423632e-02,2.843830099329684724e-02,9.041786040721105314e-04,1.277429899411387293e+00,1.712555299783763288e-03,2.518752855970204929e-01,2.464695114667847520e-14,6.1.1-I-900
objective_profiles,1,3,2,1.100000000000000089e+00,4.152787295564890901e-01,4.568066025121380602e-01,2.200000000000000000e+01,4194304,1.029956028185890826e+00,display,256,64,65,129,1.265331056703219215e+00,3.487817078029473161e-02,1.560393271560227280e-02,1.424592699122040340e-02,2.984985970682267620e-02,9.041786040721105314e-04,1.277429899411387293e+00,1.712555299783763288e-03,2.518752855970204929e-01,2.264854970235319342e-14,6.1.1-I-900
objective_profiles,1,3,2,1.100000000000000089e+00,4.152787295564890901e-01,4.568066025121380602e-01,2.200000000000000000e+01,4194304,1.029956028185890826e+00,display,256,64,65,129,1.272037649457275599e+00,3.644133829762834231e-02,1.631624150871252912e-02,1.494673010221560586e-02,3.126297161092813498e-02,9.041786040721105314e-04,1.277429899411387293e+00,1.712555299783763288e-03,2.518752855970204929e-01,2.153832667772803688e-14,6.1.1-I-900
objective_profiles,1,3,2,1.100000000000000089e+00,4.152787295564890901e-01,4.568066025121380602e-01,2.200000000000000000e+01,4194304,1.029956028185890826e+00,display,256,64,65,129,1.278610495033821737e+00,3.800136194958834979e-02,1.702623966369154473e-02,1.564862256329437040e-02,3.267486222698591514e-02,9.041786040721105314e-04,1.277429899411387293e+00,1.712555299783763288e-03,2.518752855970204929e-01,2.819966482547897613e-14,6.1.1-I-900
objective_profiles,1,3,2,1.100000000000000089e+00,4.152787295564890901e-01,4.568066025121380602e-01,2.200000000000000000e+01,4194304,1.029956028185890826e+00,display,256,64,65,129,1.285045634196456454e+00,3.955533234790623714e-02,1.773259520259133984e-02,1.635018362965388536e-02,3.408277883224522520e-02,9.041786040721105314e-04,1.277429899411387293e+00,1.712555299783763288e-03,2.518752855970204929e-01,1.265654248072678456e-14,6.1.1-I-900
objective_profiles,1,3,2,1.100000000000000089e+00,4.152787295564890901e-01,4.568066025121380602e-01,2.200000000000000000e+01,4194304,1.029956028185890826e+00,display,256,64,65,129,1.291339190657973424e+00,4.110036717275169366e-02,1.843399861778679052e-02,1.704999617333572901e-02,3.548399479112251953e-02,9.041786040721105314e-04,1.277429899411387293e+00,1.712555299783763288e-03,2.518752855970204929e-01,9.436895709313830594e-15,6.1.1-I-900
objective_profiles,1,3,2,1.100000000000000089e+00,4.152787295564890901e-01,4.568066025121380602e-01,2.200000000000000000e+01,4194304,1.029956028185890826e+00,display,256,64,65,129,1.297487373415291412e+00,4.263361580963674624e-02,1.912916431097325815e-02,1.774664947873010393e-02,3.687581378970336554e-02,9.041786040721105314e-04,1.277429899411387293e+00,1.712555299783763288e-03,2.518752855970204929e-01,1.232347557333923760e-14,6.1.1-I-900
objective_profiles,1,3,2,1.100000000000000089e+00,4.152787295564890901e-01,4.568066025121380602e-01,2.200000000000000000e+01,4194304,1.029956028185890826e+00,display,256,64,65,129,1.303486479033013179e+00,4.415226340026913443e-02,1.981683196769936164e-02,1.843874200384735748e-02,3.825557397154671913e-02,9.041786040721105314e-04,1.277429899411387293e+00,1.712555299783763288e-03,2.518752855970204929e-01,2.331468351712828735e-14,6.1.1-I-900
objective_profiles,1,3,2,1.100000000000000089e+00,4.152787295564890901e-01,4.568066025121380602e-01,2.200000000000000000e+01,4194304,1.029956028185890826e+00,display,256,64,65,129,1.309332893874235459e+00,4.565353558068335066e-02,2.049576786963393932e-02,1.912488410328237742e-02,3.962065197291631674e-02,9.041786040721105314e-04,1.277429899411387293e+00,1.712555299783763288e-03,2.518752855970204929e-01,8.104628079763642745e-15,6.1.1-I-900
objective_profiles,1,3,2,1.100000000000000089e+00,4.152787295564890901e-01,4.568066025121380602e-01,2.200000000000000000e+01,4194304,1.029956028185890826e+00,display,256,64,65,129,1.315023096277269543e+00,4.713470208101261383e-02,2.116476614668436063e-02,1.980370070891394885e-02,4.096846685559830947e-02,9.041786040721105314e-04,1.277429899411387293e+00,1.712555299783763288e-03,2.518752855970204929e-01,3.330669073875469621e-14,6.1.1-I-900
objective_profiles,1,3,2,1.100000000000000089e+00,4.152787295564890901e-01,4.568066025121380602e-01,2.200000000000000000e+01,4194304,1.029956028185890826e+00,display,256,64,65,129,1.320553658676957731e+00,4.859308149913809521e-02,2.182264997100413426e-02,2.047383396449141066e-02,4.229648393549554491e-02,9.041786040721105314e-04,1.277429899411387293e+00,1.712555299783763288e-03,2.518752855970204929e-01,1.687538997430237941e-14,6.1.1-I-900
objective_profiles,1,3,2,1.100000000000000089e+00,4.152787295564890901e-01,4.568066025121380602e-01,2.200000000000000000e+01,4194304,1.029956028185890826e+00,display,256,64,65,129,1.325921249669312019e+00,5.002604462697061299e-02,2.246827269484583806e-02,2.113394581038254352e-02,4.360221850522838505e-02,9.041786040721105314e-04,1.277429899411387293e+00,1.712555299783763288e-03,2.518752855970204929e-01,2.309263891220325604e-14,6.1.1-I-900
objective_profiles,1,3,2,1.100000000000000089e+00,4.152787295564890901e-01,4.568066025121380602e-01,2.200000000000000000e+01,4194304,1.029956028185890826e+00,display,256,64,65,129,1.331122636018225558e+00,5.143101866468780675e-02,2.310051893412442756e-02,2.178272051486384100e-02,4.488323944898826856e-02,9.041786040721105314e-04,1.277429899411387293e+00,1.712555299783763288e-03,2.518752855970204929e-01,1.232347557333923760e-14,6.1.1-I-900
objective_profiles,1,3,2,1.100000000000000089e+00,4.152787295564890901e-01,4.568066025121380602e-01,2.200000000000000000e+01,4194304,1.029956028185890826e+00,display,256,64,65,129,1.336154684603054088e+00,5.280549077966018717e-02,2.371830559948008219e-02,2.241886714845993389e-02,4.613717274794001955e-02,9.041786040721105314e-04,1.277429899411387293e+00,1.712555299783763288e-03,2.518752855970204929e-01,3.441691376337985275e-14,6.1.1-I-900
objective_profiles,1,3,2,1.100000000000000089e+00,4.152787295564890901e-01,4.568066025121380602e-01,2.200000000000000000e+01,4194304,1.029956028185890826e+00,display,256,64,65,129,1.341014364305890716e+00,5.414701192110833033e-02,2.432058287653945938e-02,2.304112199794732668e-02,4.736170487448678607e-02,9.041786040721105314e-04,1.277429899411387293e+00,1.712555299783763288e-03,2.518752855970204929e-01,7.271960811294775340e-14,6.1.1-I-900
objective_profiles,1,3,2,1.100000000000000089e+00,4.152787295564890901e-01,4.568066025121380602e-01,2.200000000000000000e+01,4194304,1.029956028185890826e+00,display,256,64,65,129,1.345698747837397402e+00,5.545320004870942648e-02,2.490633515699047437e-02,2.364825091676059365e-02,4.855458607375107150e-02,9.041786040721105314e-04,1.277429899411387293e+00,1.712555299783763288e-03,2.518752855970204929e-01,1.409983241273948806e-14,6.1.1-I-900
objective_profiles,1,3,2,1.100000000000000089e+00,4.152787295564890901e-01,4.568066025121380602e-01,2.200000000000000000e+01,4194304,1.029956028185890826e+00,display,256,64,65,129,1.350205013500095141e+00,5.672174375368013721e-02,2.547458192200758448e-02,2.423905160865484285e-02,4.971363353066242385e-02,9.041786040721105314e-04,1.277429899411387293e+00,1.712555299783763288e-03,2.518752855970204929e-01,9.992007221626408864e-15,6.1.1-I-900
objective_profiles,1,3,2,1.100000000000000089e+00,4.152787295564890901e-01,4.568066025121380602e-01,2.200000000000000000e+01,4194304,1.029956028185890826e+00,display,256,64,65,129,1.354530446888048800e+00,5.795040535951758581e-02,2.602437857947565228e-02,2.481235584159678306e-02,5.083673442107243534e-02,9.041786040721105314e-04,1.277429899411387293e+00,1.712555299783763288e-03,2.518752855970204929e-01,1.199040866595169064e-14,6.1.1-I-900
objective_profiles,1,3,2,1.100000000000000089e+00,4.152787295564890901e-01,4.568066025121380602e-01,2.200000000000000000e+01,4194304,1.029956028185890826e+00,display,256,64,65,129,1.358672442521924095e+00,5.913702424117726203e-02,2.655481725638824883e-02,2.536703158897610222e-02,5.192184884536435452e-02,9.041786040721105314e-04,1.277429899411387293e+00,1.712555299783763288e-03,2.518752855970204929e-01,3.219646771412953967e-14,6.1.1-I-900
objective_profiles,1,3,2,1.100000000000000089e+00,4.152787295564890901e-01,4.568066025121380602e-01,2.200000000000000000e+01,4194304,1.029956028185890826e+00,display,256,64,65,129,1.362628505418430169e+00,6.027951962568506294e-02,2.706502754771161062e-02,2.590198509534765575e-02,5.296701264305926637e-02,9.041786040721105314e-04,1.277429899411387293e+00,1.712555299783763288e-03,2.518752855970204929e-01,1.398881011027697241e-14,6.1.1-I-900
objective_profiles,1,3,2,1.100000000000000089e+00,4.152787295564890901e-01,4.568066025121380602e-01,2.200000000000000000e+01,4194304,1.029956028185890826e+00,display,256,64,65,129,1.366396252593204963e+00,6.137589365913580924e-02,2.755417722293091939e-02,2.641616286403624184e-02,5.397034008696716123e-02,9.041786040721105314e-04,1.277429899411387293e+00,1.712555299783763288e-03,2.518752855970204929e-01,1.998401444325281773e-14,6.1.1-I-900
objective_profiles,1,3,2,1.100000000000000089e+00,4.152787295564890901e-01,4.568066025121380602e-01,2.200000000000000000e+01,4194304,1.029956028185890826e+00,display,256,64,65,129,1.369973414496235664e+00,6.242423395157401661e-02,2.802147289142458211e-02,2.690855356405459642e-02,5.493002645547917506e-02,9.041786040721105314e-04,1.277429899411387293e+00,1.712555299783763288e-03,2.518752855970204929e-01,5.107025913275720086e-14,6.1.1-I-900
objective_profiles,1,3,2,1.100000000000000089e+00,4.152787295564890901e-01,4.568066025121380602e-01,2.200000000000000000e+01,4194304,1.029956028185890826e+00,display,256,64,65,129,1.373357836378950259e+00,6.342271647172911808e-02,2.846616062773232522e-02,2.737818985390657808e-02,5.584435048163890331e-02,9.041786040721105314e-04,1.277429899411387293e+00,1.712555299783763288e-03,2.518752855970204929e-01,2.631228568361621001e-14,6.1.1-I-900
objective_profiles,1,3,2,1.100000000000000089e+00,4.152787295564890901e-01,4.568066025121380602e-01,2.200000000000000000e+01,4194304,1.029956028185890826e+00,display,256,64,65,129,1.376547479592158396e+00,6.436960786280361557e-02,2.888752655772063374e-02,2.782415011997032422e-02,5.671167667769096143e-02,9.041786040721105314e-04,1.277429899411387293e+00,1.712555299783763288e-03,2.518752855970204929e-01,2.442490654175344389e-14,6.1.1-I-900
objective_profiles,1,3,2,1.100000000000000089e+00,4.152787295564890901e-01,4.568066025121380602e-01,2.200000000000000000e+01,4194304,1.029956028185890826e+00,display,256,64,65,129,1.379540422814057088e+00,6.526326777069270391e-02,2.928489740657500007e-02,2.824556012727554716e-02,5.753045753385054722e-02,9.041786040721105314e-04,1.277429899411387293e+00,1.712555299783763288e-03,2.518752855970204929e-01,5.850875339774574968e-14,6.1.1-I-900
objective_profiles,1,3,2,1.100000000000000089e+00,4.152787295564890901e-01,4.568066025121380602e-01,2.200000000000000000e+01,4194304,1.029956028185890826e+00,display,256,64,65,129,1.382334863207562714e+00,6.610215127698249038e-02,2.965764100948312457e-02,2.864159458061329294e-02,5.829923559009642098e-02,9.041786040721105314e-04,1.277429899411387293e+00,1.712555299783763288e-03,2.518752855970204929e-01,2.531308496145356912e-14,6.1.1-I-900
objective_profiles,1,3,2,1.100000000000000089e+00,4.152787295564890901e-01,4.568066025121380602e-01,2.200000000000000000e+01,4194304,1.029956028185890826e+00,display,256,64,65,129,1.384929117506273011e+00,6.688481067486125309e-02,3.000516678581372984e-02,2.901147859403813839e-02,5.901664537985186476e-02,9.041786040721105314e-04,1.277429899411387293e+00,1.712555299783763288e-03,2.518752855970204929e-01,1.110223024625156540e-14,6.1.1-I-900
objective_profiles,1,3,2,1.100000000000000089e+00,4.152787295564890901e-01,4.568066025121380602e-01,2.200000000000000000e+01,4194304,1.029956028185890826e+00,display,256,64,65,129,1.387321623028404005e+00,6.760989775471713814e-02,3.032692617752644551e-02,2.935448906694725080e-02,5.968141524447369284e-02,9.041786040721105314e-04,1.277429899411387293e+00,1.712555299783763288e-03,2.518752855970204929e-01,1.609823385706476984e-14,6.1.1-I-900
objective_profiles,1,3,2,1.100000000000000089e+00,4.152787295564890901e-01,4.568066025121380602e-01,2.200000000000000000e+01,4194304,1.029956028185890826e+00,display,256,64,65,129,1.389510938618090385e+00,6.827616536338808328e-02,3.062241305249394779e-02,2.966995596504151331e-02,6.029236901753545763e-02,9.041786040721105314e-04,1.277429899411387293e+00,1.712555299783763288e-03,2.518752855970204929e-01,1.987299214079030207e-14,6.1.1-I-900
objective_profiles,1,3,2,1.100000000000000089e+00,4.152787295564890901e-01,4.568066025121380602e-01,2.200000000000000000e+01,4194304,1.029956028185890826e+00,display,256,64,65,129,1.391495745513484872e+00,6.888246919960816506e-02,3.089116407335476544e-02,2.995726350460141407e-02,6.084842757795617951e-02,9.041786040721105314e-04,1.277429899411387293e+00,1.712555299783763288e-03,2.518752855970204929e-01,2.109423746787797427e-14,6.1.1-I-900
objective_profiles,1,3,2,1.100000000000000089e+00,4.152787295564890901e-01,4.568066025121380602e-01,2.200000000000000000e+01,4194304,1.029956028185890826e+00,display,256,64,65,129,1.393274848141130562e+00,6.942776920276998165e-02,3.113275903246438478e-02,3.021585123863106126e-02,6.134861027109544951e-02,9.041786040721105314e-04,1.277429899411387293e+00,1.712555299783763288e-03,2.518752855970204929e-01,3.375077994860475883e-14,6.1.1-I-900
objective_profiles,1,3,2,1.100000000000000089e+00,4.152787295564890901e-01,4.568066025121380602e-01,2.200000000000000000e+01,4194304,1.029956028185890826e+00,display,256,64,65,129,1.394847174836129300e+00,6.991113124891996933e-02,3.134682115344963188e-02,3.044521504355075445e-02,6.179203619700038286e-02,9.041786040721105314e-04,1.277429899411387293e+00,1.712555299783763288e-03,2.518752855970204929e-01,1.065814103640150279e-14,6.1.1-I-900
objective_profiles,1,3,2,1.100000000000000089e+00,4.152787295564890901e-01,4.568066025121380602e-01,2.200000000000000000e+01,4194304,1.029956028185890826e+00,display,256,64,65,129,1.396211778487673305e+00,7.033172806002484234e-02,3.153301735982515230e-02,3.064490800524215242e-02,6.217792536506730472e-02,9.041786040721105314e-04,1.277429899411387293e+00,1.712555299783763288e-03,2.518752855970204929e-01,8.104628079763642745e-15,6.1.1-I-900
objective_profiles,1,3,2,1.100000000000000089e+00,4.152787295564890901e-01,4.568066025121380602e-01,2.200000000000000000e+01,4194304,1.029956028185890826e+00,display,256,64,65,129,1.397367837109548372e+00,7.068884039915988848e-02,3.169105851107482941e-02,3.081454120337516825e-02,6.250559971444999419e-02,9.041786040721105314e-04,1.277429899411387293e+00,1.712555299783763288e-03,2.518752855970204929e-01,2.808864252301646047e-14,6.1.1-I-900
objective_profiles,1,3,2,1.100000000000000089e+00,4.152787295564890901e-01,4.568066025121380602e-01,2.200000000000000000e+01,4194304,1.029956028185890826e+00,display,256,64,65,129,1.398314654335268692e+00,7.098185814493512824e-02,3.182069960655250357e-02,3.095378439307204868e-02,6.277448399962455572e-02,9.041786040721105314e-04,1.277429899411387293e+00,1.712555299783763288e-03,2.518752855970204929e-01,1.065814103640150279e-14,6.1.1-I-900
objective_profiles,1,3,2,1.100000000000000089e+00,4.152787295564890901e-01,4.568066025121380602e-01,2.200000000000000000e+01,4194304,1.029956028185890826e+00,display,256,64,65,129,1.399051659837541539e+00,7.121028097699712289e-02,3.192173995750406668e-02,3.106236658308780471e-02,6.298410654059187486e-02,9.041786040721105314e-04,1.277429899411387293e+00,1.712555299783763288e-03,2.518752855970204929e-01,1.776356839400250465e-14,6.1.1-I-900
objective_profiles,1,3,2,1.100000000000000089e+00,4.152787295564890901e-01,4.568066025121380602e-01,2.200000000000000000e+01,4194304,1.029956028185890826e+00,display,256,64,65,129,1.399578409671810242e+00,7.137371902778835708e-02,3.199402332746778543e-02,3.114007650981409636e-02,6.313409983728188180e-02,9.041786040721105314e-04,1.277429899411387293e+00,1.712555299783763288e-03,2.518752855970204929e-01,3.308464613382966490e-14,6.1.1-I-900
objective_profiles,1,3,2,1.100000000000000089e+00,4.152787295564890901e-01,4.568066025121380602e-01,2.200000000000000000e+01,4194304,1.029956028185890826e+00,display,256,64,65,129,1.399894586543671382e+00,7.147189345616655753e-02,3.203743804126139849e-02,3.118676300653820677e-02,6.322420104779960526e-02,9.041786040721105314e-04,1.277429899411387293e+00,1.712555299783763288e-03,2.518752855970204929e-01,8.104628079763642745e-15,6.1.1-I-900
objective_profiles,1,3,2,1.100000000000000089e+00,4.152787295564890901e-01,4.568066025121380602e-01,2.200000000000000000e+01,4194304,1.029956028185890826e+00,display,256,64,65,129,1.399999999999999911e+00,7.150463688427878550e-02,3.205191706271418722e-02,3.120233526751542766e-02,6.325425233022961835e-02,9.041786040721105314e-04,1.277429899411387293e+00,1.712555299783763288e-03,2.518752855970204929e-01,6.505906924303417327e-14,6.1.1-I-900
objective_profiles,1,3,2,2.000000000000000000e+00,4.152787295564890901e-01,8.305574591129781803e-01,2.200000000000000000e+01,4194304,1.054465505792528734e+00,verification,128,32,33,65,6.999999999999999556e-01,3.438290268030764346e-02,3.240175620366485157e-04,5.007387469626182336e-02,5.039789225829847258e-02,2.045773635727837769e-02,5.065806234572607820e-03,2.050961950122041216e-02,2.578932651417299438e-01,8.659739592076221015e-15,6.1.1-I-900
objective_profiles,1,3,2,2.000000000000000000e+00,4.152787295564890901e-01,8.305574591129781803e-01,2.200000000000000000e+01,4194304,1.054465505792528734e+00,verification,128,32,33,65,7.004215903281896249e-01,3.424646686911829441e-02,3.229130360139002257e-04,4.992438818978993387e-02,5.024730122580383512e-02,2.045773635727837769e-02,5.065806234572607820e-03,2.050961950122041216e-02,2.578932651417299438e-01,8.326672684688674053e-15,6.1.1-I-900
objective_profiles,1,3,2,2.000000000000000000e+00,4.152787295564890901e-01,8.305574591129781803e-01,2.200000000000000000e+01,4194304,1.054465505792528734e+00,verification,128,32,33,65,7.016853456647310638e-01,3.383915213515915899e-02,3.196177206956587634e-04,4.947780094362840692e-02,4.979741866432406405e-02,2.045773635727837769e-02,5.065806234572607820e-03,2.050961950122041216e-02,2.578932651417299438e-01,1.665334536937734811e-14,6.1.1-I-900
objective_profiles,1,3,2,2.000000000000000000e+00,4.152787295564890901e-01,8.305574591129781803e-01,2.200000000000000000e+01,4194304,1.054465505792528734e+00,verification,128,32,33,65,7.037882215123265617e-01,3.316690667833535611e-02,3.141859309380712882e-04,4.873970166616823502e-02,4.905388759710630625e-02,2.045773635727837769e-02,5.065806234572607820e-03,2.050961950122041216e-02,2.578932651417299438e-01,7.549516567451064475e-15,6.1.1-I-900
objective_profiles,1,3,2,2.000000000000000000e+00,4.152787295564890901e-01,8.305574591129781803e-01,2.200000000000000000e+01,4194304,1.054465505792528734e+00,verification,128,32,33,65,7.067251518588693049e-01,3.223954525542664651e-02,3.067066340814290329e-04,4.771931180753199997e-02,4.802601844161343003e-02,2.045773635727837769e-02,5.065806234572607820e-03,2.050961950122041216e-02,2.578932651417299438e-01,1.265654248072678456e-14,6.1.1-I-900
objective_profiles,1,3,2,2.000000000000000000e+00,4.152787295564890901e-01,8.305574591129781803e-01,2.200000000000000000e+01,4194304,1.054465505792528734e+00,verification,128,32,33,65,7.104890613819095924e-01,3.107060308411049507e-02,2.973011843700975633e-04,4.642934818120927204e-02,4.672664936557936743e-02,2.045773635727837769e-02,5.065806234572607820e-03,2.050961950122041216e-02,2.578932651417299438e-01,4.996003610813204432e-15,6.1.1-I-900
objective_profiles,1,3,2,2.000000000000000000e+00,4.152787295564890901e-01,8.305574591129781803e-01,2.200000000000000000e+01,4194304,1.054465505792528734e+00,verification,128,32,33,65,7.150708824937268560e-01,2.967713568059914334e-02,2.861202873096376203e-04,4.488583498057336502e-02,4.517195526788300025e-02,2.045773635727837769e-02,5.065806234572607820e-03,2.050961950122041216e-02,2.578932651417299438e-01,7.993605777301127091e-15,6.1.1-I-900
objective_profiles,1,3,2,2.000000000000000000e+00,4.152787295564890901e-01,8.305574591129781803e-01,2.200000000000000000e+01,4194304,1.054465505792528734e+00,verification,128,32,33,65,7.204595771859426678e-01,2.807946922150680522e-02,2.733403191209536837e-04,4.310786933546537775e-02,4.338120965458633349e-02,2.045773635727837769e-02,5.065806234572607820e-03,2.050961950122041216e-02,2.578932651417299438e-01,1.909583602355269250e-14,6.1.1-I-900
objective_profiles,1,3,2,2.000000000000000000e+00,4.152787295564890901e-01,8.305574591129781803e-01,2.200000000000000000e+01,4194304,1.054465505792528734e+00,verification,128,32,33,65,7.266421636210496082e-01,2.630090629625400980e-02,2.591591476896597810e-04,4.111734546536573165e-02,4.137650461305539262e-02,2.045773635727837769e-02,5.065806234572607820e-03,2.050961950122041216e-02,2.578932651417299438e-01,4.996003610813204432e-15,6.1.1-I-900
objective_profiles,1,3,2,2.000000000000000000e+00,4.152787295564890901e-01,8.305574591129781803e-01,2.200000000000000000e+01,4194304,1.054465505792528734e+00,verification,128,32,33,65,7.336037474067947928e-01,2.436739332164860466e-02,2.437916136929342906e-04,3.893864321570594811e-02,3.918243482939888500e-02,2.045773635727837769e-02,5.065806234572607820e-03,2.050961950122041216e-02,2.578932651417299438e-01,5.551115123125782702e-15,6.1.1-I-900
objective_profiles,1,3,2,2.000000000000000000e+00,4.152787295564890901e-01,8.305574591129781803e-01,2.200000000000000000e+01,4194304,1.054465505792528734e+00,verification,128,32,33,65,7.413275574780756605e-01,2.230715580628782335e-02,2.274648337630648582e-04,3.659828729565570149e-02,3.682575212941876369e-02,2.045773635727837769e-02,5.065806234572607820e-03,2.050961950122041216e-02,2.578932651417299438e-01,4.996003610813204432e-15,6.1.1-I-900
objective_profiles,1,3,2,2.000000000000000000e+00,4.152787295564890901e-01,8.305574591129781803e-01,2.200000000000000000e+01,4194304,1.054465505792528734e+00,verification,128,32,33,65,7.497949864999047254e-01,2.015030901464088045e-02,2.104134821869024189e-04,3.412458386297731461e-02,3.433499734516421570e-02,2.045773635727837769e-02,5.065806234572607820e-03,2.050961950122041216e-02,2.578932651417299438e-01,2.742250870824136655e-14,6.1.1-I-900
objective_profiles,1,3,2,2.000000000000000000e+00,4.152787295564890901e-01,8.305574591129781803e-01,2.200000000000000000e+01,4194304,1.054465505792528734e+00,verification,128,32,33,65,7.589856356941091509e-01,1.792845029498535761e-02,1.928751949123342507e-04,3.154724122811664727e-02,3.174011642302897868e-02,2.045773635727837769e-02,5.065806234572607820e-03,2.050961950122041216e-02,2.578932651417299438e-01,4.996003610813204432e-15,6.1.1-I-900
objective_profiles,1,3,2,2.000000000000000000e+00,4.152787295564890901e-01,8.305574591129781803e-01,2.200000000000000000e+01,4194304,1.054465505792528734e+00,verification,128,32,33,65,7.688773639817741978e-01,1.567424043664075728e-02,1.750862211285600129e-04,2.889698138833260432e-02,2.907206760946116561e-02,2.045773635727837769e-02,5.065806234572607820e-03,2.050961950122041216e-02,2.578932651417299438e-01,4.996003610813204432e-15,6.1.1-I-900
objective_profiles,1,3,2,2.000000000000000000e+00,4.152787295564890901e-01,8.305574591129781803e-01,2.200000000000000000e+01,4194304,1.054465505792528734e+00,verification,128,32,33,65,7.794463413230420246e-01,1.342098120766159648e-02,1.572774252260373434e-04,2.620514887327727790e-02,2.636242629850331365e-02,2.045773635727837769e-02,5.065806234572607820e-03,2.050961950122041216e-02,2.578932651417299438e-01,5.773159728050814010e-15,6.1.1-I-900
objective_profiles,1,3,2,2.000000000000000000e+00,4.152787295564890901e-01,8.305574591129781803e-01,2.200000000000000000e+01,4194304,1.054465505792528734e+00,verification,128,32,33,65,7.906671061257641853e-01,1.120219504952651990e-02,1.396707173801784775e-04,2.350332301111715191e-02,2.364299372849732947e-02,2.045773635727837769e-02,5.065806234572607820e-03,2.050961950122041216e-02,2.578932651417299438e-01,5.107025913275720086e-15,6.1.1-I-900
objective_profiles,1,3,2,2.000000000000000000e+00,4.152787295564890901e-01,8.305574591129781803e-01,2.200000000000000000e+01,4194304,1.054465505792528734e+00,verification,128,32,33,65,8.025126265847083440e-01,9.051212846936655676e-03,1.224759660682538586e-04,2.082293923720480305e-02,2.094541520327305659e-02,2.045773635727837769e-02,5.065806234572607820e-03,2.050961950122041216e-02,2.578932651417299438e-01,4.996003610813204432e-15,6.1.1-I-900
objective_profiles,1,3,2,2.000000000000000000e+00,4.152787295564890901e-01,8.305574591129781803e-01,2.200000000000000000e+01,4194304,1.054465505792528734e+00,verification,128,32,33,65,8.149543658035435234e-01,7.000775078044961866e-03,1.058884219986336962e-04,1.819492449476706186e-02,1.830081291676569424e-02,2.045773635727837769e-02,5.065806234572607820e-03,2.050961950122041216e-02,2.578932651417299438e-01,4.996003610813204432e-15,6.1.1-I-900
objective_profiles,1,3,2,2.000000000000000000e+00,4.152787295564890901e-01,8.305574591129781803e-01,2.200000000000000000e+01,4194304,1.054465505792528734e+00,verification,128,32,33,65,8.279623505427240460e-01,5.082651436717309547e-03,9.008666135551378796e-05,1.564935114771075567e-02,1.573943780906627080e-02,2.045773635727837769e-02,5.065806234572607820e-03,2.050961950122041216e-02,2.578932651417299438e-01,7.327471962526033167e-15,6.1.1-I-900
objective_profiles,1,3,2,2.000000000000000000e+00,4.152787295564890901e-01,8.305574591129781803e-01,2.200000000000000000e+01,4194304,1.054465505792528734e+00,verification,128,32,33,65,8.415052434276482085e-01,3.327284473119818294e-03,7.523103773384467964e-05,1.321511316611235186e-02,1.329034420384619594e-02,2.045773635727837769e-02,5.065806234572607820e-03,2.050961950122041216e-02,2.578932651417299438e-01,4.996003610813204432e-15,6.1.1-I-900
objective_profiles,1,3,2,2.000000000000000000e+00,4.152787295564890901e-01,8.305574591129781803e-01,2.200000000000000000e+01,4194304,1.054465505792528734e+00,verification,128,32,33,65,8.555504184431391712e-01,1.763456800551812175e-03,6.146261710298706656e-05,1.091962767884596501e-02,1.098109029594895175e-02,2.045773635727837769e-02,5.065806234572607820e-03,2.050961950122041216e-02,2.578932651417299438e-01,1.187938636348917498e-14,6.1.1-I-900
objective_profiles,1,3,2,2.000000000000000000e+00,4.152787295564890901e-01,8.305574591129781803e-01,2.200000000000000000e+01,4194304,1.054465505792528734e+00,verification,128,32,33,65,8.700640395323723242e-01,4.179881071258308807e-04,4.890255872926534207e-05,8.788564335051814863e-03,8.837466893781080815e-03,2.045773635727837769e-02,5.065806234572607820e-03,2.050961950122041216e-02,2.578932651417299438e-01,1.110223024625156540e-14,6.1.1-I-900
objective_profiles,1,3,2,2.000000000000000000e+00,4.152787295564890901e-01,8.305574591129781803e-01,2.200000000000000000e+01,4194304,1.054465505792528734e+00,verification,128,32,33,65,8.850111421109007059e-01,-6.845364517692165661e-04,3.765189708964091023e-05,6.845604292733645409e-03,6.883256189823286353e-03,2.045773635727837769e-02,5.065806234572607820e-03,2.050961950122041216e-02,2.578932651417299438e-01,4.996003610813204432e-15,6.1.1-I-900
objective_profiles,1,3,2,2.000000000000000000e+00,4.152787295564890901e-01,8.305574591129781803e-01,2.200000000000000000e+01,4194304,1.054465505792528734e+00,verification,128,32,33,65,9.003557172994012259e-01,-1.522005753756824420e-03,2.779167511655234528e-05,5.112230070747966239e-03,5.140021745864518411e-03,2.045773635727837769e-02,5.065806234572607820e-03,2.050961950122041216e-02,2.578932651417299438e-01,8.881784197001252323e-15,6.1.1-I-900
objective_profiles,1,3,2,2.000000000000000000e+00,4.152787295564890901e-01,8.305574591129781803e-01,2.200000000000000000e+01,4194304,1.054465505792528734e+00,verification,128,32,33,65,9.160607986722184570e-01,-2.074988522471076218e-03,1.938337720037494261e-05,3.607546968135060070e-03,3.626930345335435159e-03,2.045773635727837769e-02,5.065806234572607820e-03,2.050961950122041216e-02,2.578932651417299438e-01,8.659739592076221015e-15,6.1.1-I-900
objective_profiles,1,3,2,2.000000000000000000e+00,4.152787295564890901e-01,8.305574591129781803e-01,2.200000000000000000e+01,4194304,1.054465505792528734e+00,verification,128,32,33,65,9.320885513127229460e-01,-2.326904811541118025e-03,1.246961074982260699e-05,2.348136277159732031e-03,2.360605887909554470e-03,2.045773635727837769e-02,5.065806234572607820e-03,2.050961950122041216e-02,2.578932651417299438e-01,1.287858708565181587e-14,6.1.1-I-900
objective_profiles,1,3,2,2.000000000000000000e+00,4.152787295564890901e-01,8.305574591129781803e-01,2.200000000000000000e+01,4194304,1.054465505792528734e+00,verification,128,32,33,65,9.484003629609381036e-01,-2.264162859419174834e-03,7.074987265818874916e-06,1.347940095771324627e-03,1.355015083037143563e-03,2.045773635727837769e-02,5.065806234572607820e-03,2.050961950122041216e-02,2.578932651417299438e-01,7.993605777301127091e-15,6.1.1-I-900
objective_profiles,1,3,2,2.000000000000000000e+00,4.152787295564890901e-01,8.305574591129781803e-01,2.200000000000000000e+01,4194304,1.054465505792528734e+00,verification,128,32,33,65,9.649569370338575425e-01,-1.876263138307315446e-03,3.207157336015738512e-06,6.181771813376438218e-04,6.213843386736595366e-04,2.045773635727837769e-02,5.065806234572607820e-03,2.050961950122041216e-02,2.578932651417299438e-01,1.665334536937734811e-14,6.1.1-I-900
objective_profiles,1,3,2,2.000000000000000000e+00,4.152787295564890901e-01,8.305574591129781803e-01,2.200000000000000000e+01,4194304,1.054465505792528734e+00,verification,128,32,33,65,9.817183872943550105e-01,-1.155867924185794392e-03,8.579582677881947577e-07,1.672889785430896857e-04,1.681469368108778808e-04,2.045773635727837769e-02,5.065806234572607820e-03,2.050961950122041216e-02,2.578932651417299438e-01,1.521005543736464460e-14,6.1.1-I-900
objective_profiles,1,3,2,2.000000000000000000e+00,4.152787295564890901e-01,8.305574591129781803e-01,2.200000000000000000e+01,4194304,1.054465505792528734e+00,verification,128,32,33,65,9.986443339406233521e-01,-9.883830228627102463e-05,4.637871211413540044e-09,9.146970832194598953e-07,9.193349544308734692e-07,2.045773635727837769e-02,5.065806234572607820e-03,2.050961950122041216e-02,2.578932651417299438e-01,1.143529715363911237e-14,6.1.1-I-900
objective_profiles,1,3,2,2.000000000000000000e+00,4.152787295564890901e-01,8.305574591129781803e-01,2.200000000000000000e+01,4194304,1.054465505792528734e+00,verification,128,32,33,65,1.015694000884653558e+00,1.295757418085137719e-03,6.111228730193868123e-07,1.218941051426591281e-04,1.225052280156785161e-04,2.045773635727837769e-02,5.065806234572607820e-03,2.050961950122041216e-02,2.578932651417299438e-01,4.996003610813204432e-15,6.1.1-I-900
objective_profiles,1,3,2,2.000000000000000000e+00,4.152787295564890901e-01,8.305574591129781803e-01,2.200000000000000000e+01,4194304,1.054465505792528734e+00,verification,128,32,33,65,1.032826313985403477e+00,3.025668951936783761e-03,2.629305348301680409e-06,5.302965380529012576e-04,5.329258434012028919e-04,2.045773635727837769e-02,5.065806234572607820e-03,2.050961950122041216e-02,2.578932651417299438e-01,6.994405055138486205e-15,6.1.1-I-900
objective_profiles,1,3,2,2.000000000000000000e+00,4.152787295564890901e-01,8.305574591129781803e-01,2.200000000000000000e+01,4194304,1.054465505792528734e+00,verification,128,32,33,65,1.049999999999999822e+00,5.085514523983326526e-03,6.000325222900877325e-06,1.223474493188179101e-03,1.229474818411079940e-03,2.045773635727837769e-02,5.065806234572607820e-03,2.050961950122041216e-02,2.578932651417299438e-01,7.549516567451064475e-15,6.1.1-I-900
objective_profiles,1,3,2,2.000000000000000000e+00,4.152787295564890901e-01,8.305574591129781803e-01,2.200000000000000000e+01,4194304,1.054465505792528734e+00,verification,128,32,33,65,1.067173686014596168e+00,7.466860398821638552e-03,1.065583120610484788e-05,2.196140087326907495e-03,2.206795918533012348e-03,2.045773635727837769e-02,5.065806234572607820e-03,2.050961950122041216e-02,2.578932651417299438e-01,7.105427357601001859e-15,6.1.1-I-900
objective_profiles,1,3,2,2.000000000000000000e+00,4.152787295564890901e-01,8.305574591129781803e-01,2.200000000000000000e+01,4194304,1.054465505792528734e+00,verification,128,32,33,65,1.084305999115346086e+00,1.015832771588412280e-02,1.651920638711628210e-05,3.440462586791421477e-03,3.456981793178537637e-03,2.045773635727837769e-02,5.065806234572607820e-03,2.050961950122041216e-02,2.578932651417299438e-01,1.632027846198980114e-14,6.1.1-I-900
objective_profiles,1,3,2,2.000000000000000000e+00,4.152787295564890901e-01,8.305574591129781803e-01,2.200000000000000000e+01,4194304,1.054465505792528734e+00,verification,128,32,33,65,1.101355666059376404e+00,1.314571668694084622e-02,2.350674813488145306e-05,4.946185179427320736e-03,4.969691927562202433e-03,2.045773635727837769e-02,5.065806234572607820e-03,2.050961950122041216e-02,2.578932651417299438e-01,4.996003610813204432e-15,6.1.1-I-900
objective_profiles,1,3,2,2.000000000000000000e+00,4.152787295564890901e-01,8.305574591129781803e-01,2.200000000000000000e+01,4194304,1.054465505792528734e+00,verification,128,32,33,65,1.118281612705644745e+00,1.641215266519796892e-02,3.152879487293717211e-05,6.700759137002840204e-03,6.732287931875777058e-03,2.045773635727837769e-02,5.065806234572607820e-03,2.050961950122041216e-02,2.578932651417299438e-01,4.996003610813204432e-15,6.1.1-I-900
objective_profiles,1,3,2,2.000000000000000000e+00,4.152787295564890901e-01,8.305574591129781803e-01,2.200000000000000000e+01,4194304,1.054465505792528734e+00,verification,128,32,33,65,1.135043062966142324e+00,1.993825495935568071e-02,4.049079477418311181e-05,8.689493513428772978e-03,8.729984308202955873e-03,2.045773635727837769e-02,5.065806234572607820e-03,2.050961950122041216e-02,2.578932651417299438e-01,4.996003610813204432e-15,6.1.1-I-900
objective_profiles,1,3,2,2.000000000000000000e+00,4.152787295564890901e-01,8.305574591129781803e-01,2.200000000000000000e+01,4194304,1.054465505792528734e+00,verification,128,32,33,65,1.151599637039061541e+00,2.370232350354658374e-02,5.029431346458310370e-05,1.089571853528286012e-02,1.094601284874744361e-02,2.045773635727837769e-02,5.065806234572607820e-03,2.050961950122041216e-02,2.578932651417299438e-01,6.439293542825907934e-15,6.1.1-I-900
objective_profiles,1,3,2,2.000000000000000000e+00,4.152787295564890901e-01,8.305574591129781803e-01,2.200000000000000000e+01,4194304,1.054465505792528734e+00,verification,128,32,33,65,1.167911448687276810e+00,2.768053874512771406e-02,6.083797947847129208e-05,1.330096086382949287e-02,1.336179884330796451e-02,2.045773635727837769e-02,5.065806234572607820e-03,2.050961950122041216e-02,2.578932651417299438e-01,8.104628079763642745e-15,6.1.1-I-900
objective_profiles,1,3,2,2.000000000000000000e+00,4.152787295564890901e-01,8.305574591129781803e-01,2.200000000000000000e+01,4194304,1.054465505792528734e+00,verification,128,32,33,65,1.183939201327781188e+00,3.184717275124118729e-02,7.201836751477451372e-05,1.588512893985025848e-02,1.595714730736503412e-02,2.045773635727837769e-02,5.065806234572607820e-03,2.050961950122041216e-02,2.578932651417299438e-01,4.996003610813204432e-15,6.1.1-I-900
objective_profiles,1,3,2,2.000000000000000000e+00,4.152787295564890901e-01,8.305574591129781803e-01,2.200000000000000000e+01,4194304,1.054465505792528734e+00,verification,128,32,33,65,1.199644282700598641e+00,3.617481665728895790e-02,8.373082054815657500e-05,1.862670666224345087e-02,1.871043748279160868e-02,2.045773635727837769e-02,5.065806234572607820e-03,2.050961950122041216e-02,2.578932651417299438e-01,5.107025913275720086e-15,6.1.1-I-900
objective_profiles,1,3,2,2.000000000000000000e+00,4.152787295564890901e-01,8.305574591129781803e-01,2.200000000000000000e+01,4194304,1.054465505792528734e+00,verification,128,32,33,65,1.214988857889099272e+00,4.063461324321947926e-02,9.587021259556389010e-05,2.150295369699026585e-02,2.159882390958582990e-02,2.045773635727837769e-02,5.065806234572607820e-03,2.050961950122041216e-02,2.578932651417299438e-01,6.994405055138486205e-15,6.1.1-I-900
objective_profiles,1,3,2,2.000000000000000000e+00,4.152787295564890901e-01,8.305574591129781803e-01,2.200000000000000000e+01,4194304,1.054465505792528734e+00,verification,128,32,33,65,1.229935960467627432e+00,4.519650099027467532e-02,1.083316544686302809e-04,2.449011076345550611e-02,2.459844241792413788e-02,2.045773635727837769e-02,5.065806234572607820e-03,2.050961950122041216e-02,2.578932651417299438e-01,4.996003610813204432e-15,6.1.1-I-900
objective_profiles,1,3,2,2.000000000000000000e+00,4.152787295564890901e-01,8.305574591129781803e-01,2.200000000000000000e+01,4194304,1.054465505792528734e+00,verification,128,32,33,65,1.244449581556860585e+00,4.982946280152210361e-02,1.210111451937797666e-04,2.756360829907609361e-02,2.768461944426987495e-02,2.045773635727837769e-02,5.065806234572607820e-03,2.050961950122041216e-02,2.578932651417299438e-01,4.996003610813204432e-15,6.1.1-I-900
objective_profiles,1,3,2,2.000000000000000000e+00,4.152787295564890901e-01,8.305574591129781803e-01,2.200000000000000000e+01,4194304,1.054465505792528734e+00,verification,128,32,33,65,1.258494756572351658e+00,5.450177679146826076e-02,1.338061719885748704e-04,3.069827696049709509e-02,3.083208313248567145e-02,2.045773635727837769e-02,5.065806234572607820e-03,2.050961950122041216e-02,2.578932651417299438e-01,6.439293542825907934e-15,6.1.1-I-900
objective_profiles,1,3,2,2.000000000000000000e+00,4.152787295564890901e-01,8.305574591129781803e-01,2.200000000000000000e+01,4194304,1.054465505792528734e+00,verification,128,32,33,65,1.272037649457275599e+00,5.918126833391954000e-02,1.466162617747094601e-04,3.386855847852156265e-02,3.401517474029627092e-02,2.045773635727837769e-02,5.065806234572607820e-03,2.050961950122041216e-02,2.578932651417299438e-01,4.996003610813204432e-15,6.1.1-I-900
objective_profiles,1,3,2,2.000000000000000000e+00,4.152787295564890901e-01,8.305574591129781803e-01,2.200000000000000000e+01,4194304,1.054465505792528734e+00,verification,128,32,33,65,1.285045634196456454e+00,6.383556681133301103e-02,1.593434872105689494e-04,3.704871544535438127e-02,3.720805893256495106e-02,2.045773635727837769e-02,5.065806234572607820e-03,2.050961950122041216e-02,2.578932651417299438e-01,5.107025913275720086e-15,6.1.1-I-900
objective_profiles,1,3,2,2.000000000000000000e+00,4.152787295564890901e-01,8.305574591129781803e-01,2.200000000000000000e+01,4194304,1.054465505792528734e+00,verification,128,32,33,65,1.297487373415291412e+00,6.843235660209837090e-02,1.718929301611197180e-04,4.021303867520150538e-02,4.038493160536262699e-02,2.045773635727837769e-02,5.065806234572607820e-03,2.050961950122041216e-02,2.578932651417299438e-01,9.103828801926283631e-15,6.1.1-I-900
objective_profiles,1,3,2,2.000000000000000000e+00,4.152787295564890901e-01,8.305574591129781803e-01,2.200000000000000000e+01,4194304,1.054465505792528734e+00,verification,128,32,33,65,1.309332893874235459e+00,7.293962619995385255e-02,1.841731054080877352e-04,4.333605084305034577e-02,4.352022394845843356e-02,2.045773635727837769e-02,5.065806234572607820e-03,2.050961950122041216e-02,2.578932651417299438e-01,4.996003610813204432e-15,6.1.1-I-900
objective_profiles,1,3,2,2.000000000000000000e+00,4.152787295564890901e-01,8.305574591129781803e-01,2.200000000000000000e+01,4194304,1.054465505792528734e+00,verification,128,32,33,65,1.320553658676957731e+00,7.732591195472465762e-02,1.960963472536308939e-04,4.639270517122205673e-02,4.658880151847568513e-02,2.045773635727837769e-02,5.065806234572607820e-03,2.050961950122041216e-02,2.578932651417299438e-01,1.176836406102665933e-14,6.1.1-I-900
objective_profiles,1,3,2,2.000000000000000000e+00,4.152787295564890901e-01,8.305574591129781803e-01,2.200000000000000000e+01,4194304,1.054465505792528734e+00,verification,128,32,33,65,1.331122636018225558e+00,8.156053534113995307e-02,2.075791614979884028e-04,4.935857799891617270e-02,4.956615716041416070e-02,2.045773635727837769e-02,5.065806234572607820e-03,2.050961950122041216e-02,2.578932651417299438e-01,5.107025913275720086e-15,6.1.1-I-900
objective_profiles,1,3,2,2.000000000000000000e+00,4.152787295564890901e-01,8.305574591129781803e-01,2.200000000000000000e+01,4194304,1.054465505792528734e+00,verification,128,32,33,65,1.341014364305890716e+00,8.561383259715510397e-02,2.185425450852862160e-04,5.221005413635934622e-02,5.242859668144463081e-02,2.045773635727837769e-02,5.065806234572607820e-03,2.050961950122041216e-02,2.578932651417299438e-01,7.327471962526033167e-15,6.1.1-I-900
objective_profiles,1,3,2,2.000000000000000000e+00,4.152787295564890901e-01,8.305574591129781803e-01,2.200000000000000000e+01,4194304,1.054465505792528734e+00,verification,128,32,33,65,1.350205013500095141e+00,8.945737531711379920e-02,2.289122755190857699e-04,5.492450397227268549e-02,5.515341624779176999e-02,2.045773635727837769e-02,5.065806234572607820e-03,2.050961950122041216e-02,2.578932651417299438e-01,1.376676550535194110e-14,6.1.1-I-900
objective_profiles,1,3,2,2.000000000000000000e+00,4.152787295564890901e-01,8.305574591129781803e-01,2.200000000000000000e+01,4194304,1.054465505792528734e+00,verification,128,32,33,65,1.358672442521924095e+00,9.306417967345688436e-02,2.386191719559443568e-04,5.748045137112543779e-02,5.771907054308138274e-02,2.045773635727837769e-02,5.065806234572607820e-03,2.050961950122041216e-02,2.578932651417299438e-01,1.065814103640150279e-14,6.1.1-I-900
objective_profiles,1,3,2,2.000000000000000000e+00,4.152787295564890901e-01,8.305574591129781803e-01,2.200000000000000000e+01,4194304,1.054465505792528734e+00,verification,128,32,33,65,1.366396252593204963e+00,9.640890514351459217e-02,2.475993296953076612e-04,5.985773146503394621e-02,6.010533079472925311e-02,2.045773635727837769e-02,5.065806234572607820e-03,2.050961950122041216e-02,2.578932651417299438e-01,4.996003610813204432e-15,6.1.1-I-900
objective_profiles,1,3,2,2.000000000000000000e+00,4.152787295564890901e-01,8.305574591129781803e-01,2.200000000000000000e+01,4194304,1.054465505792528734e+00,verification,128,32,33,65,1.373357836378950259e+00,9.946803862916477057e-02,2.557943296002278049e-04,6.203763751415098532e-02,6.229343184375121106e-02,2.045773635727837769e-02,5.065806234572607820e-03,2.050961950122041216e-02,2.578932651417299438e-01,8.215650382226158399e-15,6.1.1-I-900
objective_profiles,1,3,2,2.000000000000000000e+00,4.152787295564890901e-01,8.305574591129781803e-01,2.200000000000000000e+01,4194304,1.054465505792528734e+00,verification,128,32,33,65,1.379540422814057088e+00,1.022200658883669899e-01,2.631514238076947099e-04,6.400305607896293603e-02,6.426620750277063643e-02,2.045773635727837769e-02,5.065806234572607820e-03,2.050961950122041216e-02,2.578932651417299438e-01,4.996003610813204432e-15,6.1.1-I-900
objective_profiles,1,3,2,2.000000000000000000e+00,4.152787295564890901e-01,8.305574591129781803e-01,2.200000000000000000e+01,4194304,1.054465505792528734e+00,verification,128,32,33,65,1.384929117506273011e+00,1.046456256991558226e-01,2.696236989207091532e-04,6.573858981804363288e-02,6.600821351696434247e-02,2.045773635727837769e-02,5.065806234572607820e-03,2.050961950122041216e-02,2.578932651417299438e-01,1.465494392505206633e-14,6.1.1-I-900
objective_profiles,1,3,2,2.000000000000000000e+00,4.152787295564890901e-01,8.305574591129781803e-01,2.200000000000000000e+01,4194304,1.054465505792528734e+00,verification,128,32,33,65,1.389510938618090385e+00,1.067276493343716492e-01,2.751702177171320117e-04,6.723066729546495202e-02,6.750583751318207926e-02,2.045773635727837769e-02,5.065806234572607820e-03,2.050961950122041216e-02,2.578932651417299438e-01,8.215650382226158399e-15,6.1.1-I-900
objective_profiles,1,3,2,2.000000000000000000e+00,4.152787295564890901e-01,8.305574591129781803e-01,2.200000000000000000e+01,4194304,1.054465505792528734e+00,verification,128,32,33,65,1.393274848141130562e+00,1.084514828774841844e-01,2.797561402627784795e-04,6.846763925322950362e-02,6.874739539349228323e-02,2.045773635727837769e-02,5.065806234572607820e-03,2.050961950122041216e-02,2.578932651417299438e-01,1.543210004228967591e-14,6.1.1-I-900
objective_profiles,1,3,2,2.000000000000000000e+00,4.152787295564890901e-01,8.305574591129781803e-01,2.200000000000000000e+01,4194304,1.054465505792528734e+00,verification,128,32,33,65,1.396211778487673305e+00,1.098049924638773989e-01,2.833528251776527233e-04,6.943986087569789523e-02,6.972321370087554426e-02,2.045773635727837769e-02,5.065806234572607820e-03,2.050961950122041216e-02,2.578932651417299438e-01,8.215650382226158399e-15,6.1.1-I-900
objective_profiles,1,3,2,2.000000000000000000e+00,4.152787295564890901e-01,8.305574591129781803e-01,2.200000000000000000e+01,4194304,1.054465505792528734e+00,verification,128,32,33,65,1.398314654335268692e+00,1.107786493194288790e-01,2.859379116739265607e-04,7.013975964501471816e-02,7.042569755668864895e-02,2.045773635727837769e-02,5.065806234572607820e-03,2.050961950122041216e-02,2.578932651417299438e-01,1.154631945610162802e-14,6.1.1-I-900
objective_profiles,1,3,2,2.000000000000000000e+00,4.152787295564890901e-01,8.305574591129781803e-01,2.200000000000000000e+01,4194304,1.054465505792528734e+00,verification,128,32,33,65,1.399578409671810242e+00,1.113655989984772693e-01,2.874953828613879630e-04,7.056188845893036909e-02,7.084938384179176318e-02,2.045773635727837769e-02,5.065806234572607820e-03,2.050961950122041216e-02,2.578932651417299438e-01,6.106226635438360972e-15,6.1.1-I-900
objective_profiles,1,3,2,2.000000000000000000e+00,4.152787295564890901e-01,8.305574591129781803e-01,2.200000000000000000e+01,4194304,1.054465505792528734e+00,verification,128,32,33,65,1.399999999999999911e+00,1.115617091487037249e-01,2.880156106992432636e-04,7.070296375510468079e-02,7.099097936580392454e-02,2.045773635727837769e-02,5.065806234572607820e-03,2.050961950122041216e-02,2.578932651417299438e-01,4.996003610813204432e-15,6.1.1-I-900
objective_profiles,1,3,2,2.000000000000000000e+00,4.152787295564890901e-01,8.305574591129781803e-01,2.200000000000000000e+01,4194304,1.054465505792528734e+00,display,256,64,65,129,6.999999999999999556e-01,3.439659715342750085e-02,3.240137725786638068e-04,5.007387766292552972e-02,5.039789143550419542e-02,2.045773635727837769e-02,5.065746688709786560e-03,2.050961889058892929e-02,2.578902183870192544e-01,3.552713678800500929e-14,6.1.1-I-900
objective_profiles,1,3,2,2.000000000000000000e+00,4.152787295564890901e-01,8.305574591129781803e-01,2.200000000000000000e+01,4194304,1.054465505792528734e+00,display,256,64,65,129,7.001054134563284848e-01,3.436244996326782986e-02,3.237373580193279366e-04,5.003647672472016916e-02,5.036021408273949618e-02,2.045773635727837769e-02,5.065746688709786560e-03,2.050961889058892929e-02,2.578902183870192544e-01,9.880984919163893210e-15,6.1.1-I-900
objective_profiles,1,3,2,2.000000000000000000e+00,4.152787295564890901e-01,8.305574591129781803e-01,2.200000000000000000e+01,4194304,1.054465505792528734e+00,display,256,64,65,129,7.004215903281896249e-01,3.426013319301406818e-02,3.229092594735948128e-04,4.992439114759719687e-02,5.024730040707078849e-02,2.045773635727837769e-02,5.065746688709786560e-03,2.050961889058892929e-02,2.578902183870192544e-01,2.553512956637860043e-14,6.1.1-I-900
objective_profiles,1,3,2,2.000000000000000000e+00,4.152787295564890901e-01,8.305574591129781803e-01,2.200000000000000000e+01,4194304,1.054465505792528734e+00,display,256,64,65,129,7.009483401624583276e-01,3.409002074235741725e-02,3.215329048805797788e-04,4.973797220290408772e-02,5.005950510778466728e-02,2.045773635727837769e-02,5.065746688709786560e-03,2.050961889058892929e-02,2.578902183870192544e-01,9.325873406851314940e-15,6.1.1-I-900
objective_profiles,1,3,2,2.000000000000000000e+00,4.152787295564890901e-01,8.305574591129781803e-01,2.200000000000000000e+01,4194304,1.054465505792528734e+00,display,256,64,65,129,7.016853456647310638e-01,3.385273424245349716e-02,3.196139826948043322e-04,4.947780387497727195e-02,4.979741785767207579e-02,2.045773635727837769e-02,5.065746688709786560e-03,2.050961889058892929e-02,2.578902183870192544e-01,9.325873406851314940e-15,6.1.1-I-900
objective_profiles,1,3,2,2.000000000000000000e+00,4.152787295564890901e-01,8.305574591129781803e-01,2.200000000000000000e+01,4194304,1.054465505792528734e+00,display,256,64,65,129,7.026321628904514949e-01,3.354914068725829701e-02,3.171604050047965515e-04,4.914470066809834004e-02,4.946186107310313745e-02,2.045773635727837769e-02,5.065746688709786560e-03,2.050961889058892929e-02,2.578902183870192544e-01,9.325873406851314940e-15,6.1.1-I-900
objective_profiles,1,3,2,2.000000000000000000e+00,4.152787295564890901e-01,8.305574591129781803e-01,2.200000000000000000e+01,4194304,1.054465505792528734e+00,display,256,64,65,129,7.037882215123265617e-01,3.318034921296629525e-02,3.141822564632150124e-04,4.873970455378786454e-02,4.905388681025107944e-02,2.045773635727837769e-02,5.065746688709786560e-03,2.050961889058892929e-02,2.578902183870192544e-01,2.886579864025407005e-14,6.1.1-I-900
objective_profiles,1,3,2,2.000000000000000000e+00,4.152787295564890901e-01,8.305574591129781803e-01,2.200000000000000000e+01,4194304,1.054465505792528734e+00,display,256,64,65,129,7.051528251638705669e-01,3.274770695331495618e-02,3.106917295808936754e-04,4.826408107578102763e-02,4.857477280536191822e-02,2.045773635727837769e-02,5.065746688709786560e-03,2.050961889058892929e-02,2.578902183870192544e-01,3.130828929442941444e-14,6.1.1-I-900
objective_profiles,1,3,2,2.000000000000000000e+00,4.152787295564890901e-01,8.305574591129781803e-01,2.200000000000000000e+01,4194304,1.054465505792528734e+00,display,256,64,65,129,7.067251518588693049e-01,3.225279401984613992e-02,3.067030470786252534e-04,4.771931463469788331e-02,4.802601768177650748e-02,2.045773635727837769e-02,5.065746688709786560e-03,2.050961889058892929e-02,2.578902183870192544e-01,1.598721155460225418e-14,6.1.1-I-900
objective_profiles,1,3,2,2.000000000000000000e+00,4.152787295564890901e-01,8.305574591129781803e-01,2.200000000000000000e+01,4194304,1.054465505792528734e+00,display,256,64,65,129,7.085042544865149949e-01,3.169741763736259182e-02,3.022323721201984137e-04,4.710710297886493148e-02,4.740933535098512674e-02,2.045773635727837769e-02,5.065746688709786560e-03,2.050961889058892929e-02,2.578902183870192544e-01,9.325873406851314940e-15,6.1.1-I-900
objective_profiles,1,3,2,2.000000000000000000e+00,4.152787295564890901e-01,8.305574591129781803e-01,2.200000000000000000e+01,4194304,1.054465505792528734e+00,display,256,64,65,129,7.104890613819095924e-01,3.108360547284410441e-02,2.972977073661355247e-04,4.642935093195030977e-02,4.672664863931644263e-02,2.045773635727837769e-02,5.065746688709786560e-03,2.050961889058892929e-02,2.578902183870192544e-01,1.720845688168992638e-14,6.1.1-I-900
objective_profiles,1,3,2,2.000000000000000000e+00,4.152787295564890901e-01,8.305574591129781803e-01,2.200000000000000000e+01,4194304,1.054465505792528734e+00,display,256,64,65,129,7.126783769715959727e-01,3.041359817406233054e-02,2.919187838882312961e-04,4.568816339197707271e-02,4.598008217586530694e-02,2.045773635727837769e-02,5.065746688709786560e-03,2.050961889058892929e-02,2.578902183870192544e-01,2.009503674571533338e-14,6.1.1-I-900
objective_profiles,1,3,2,2.000000000000000000e+00,4.152787295564890901e-01,8.305574591129781803e-01,2.200000000000000000e+01,4194304,1.054465505792528734e+00,display,256,64,65,129,7.150708824937268560e-01,2.968984118322388552e-02,2.861169410687718420e-04,4.488583763986782327e-02,4.517195458093659771e-02,2.045773635727837769e-02,5.065746688709786560e-03,2.050961889058892929e-02,2.578902183870192544e-01,9.325873406851314940e-15,6.1.1-I-900
objective_profiles,1,3,2,2.000000000000000000e+00,4.152787295564890901e-01,8.305574591129781803e-01,2.200000000000000000e+01,4194304,1.054465505792528734e+00,display,256,64,65,129,7.176651367924371527e-01,2.891497583236130389e-02,2.799149986746496269e-04,4.402485499891294757e-02,4.430476999758759665e-02,2.045773635727837769e-02,5.065746688709786560e-03,2.050961889058892929e-02,2.578902183870192544e-01,1.776356839400250465e-14,6.1.1-I-900
objective_profiles,1,3,2,2.000000000000000000e+00,4.152787295564890901e-01,8.305574591129781803e-01,2.200000000000000000e+01,4194304,1.054465505792528734e+00,display,256,64,65,129,7.204595771859426678e-01,2.809182979793412721e-02,2.733371223446792167e-04,4.310787188942294401e-02,4.338120901176762551e-02,2.045773635727837769e-02,5.065746688709786560e-03,2.050961889058892929e-02,2.578902183870192544e-01,9.325873406851314940e-15,6.1.1-I-900
objective_profiles,1,3,2,2.000000000000000000e+00,4.152787295564890901e-01,8.305574591129781803e-01,2.200000000000000000e+01,4194304,1.054465505792528734e+00,display,256,64,65,129,7.234525204078413596e-01,2.722340697138349655e-02,2.664086837582542683e-04,4.213771032530565924e-02,4.240411900906391335e-02,2.045773635727837769e-02,5.065746688709786560e-03,2.050961889058892929e-02,2.578902183870192544e-01,9.325873406851314940e-15,6.1.1-I-900
objective_profiles,1,3,2,2.000000000000000000e+00,4.152787295564890901e-01,8.305574591129781803e-01,2.200000000000000000e+01,4194304,1.054465505792528734e+00,display,256,64,65,129,7.266421636210496082e-01,2.631287675478639204e-02,2.591561167653624854e-04,4.111734790139323636e-02,4.137650401815860107e-02,2.045773635727837769e-02,5.065746688709786560e-03,2.050961889058892929e-02,2.578902183870192544e-01,1.276756478318930021e-14,6.1.1-I-900
objective_profiles,1,3,2,2.000000000000000000e+00,4.152787295564890901e-01,8.305574591129781803e-01,2.200000000000000000e+01,4194304,1.054465505792528734e+00,display,256,64,65,129,7.300265855037642027e-01,2.536356285683189285e-02,2.516067707523000126e-04,4.004990732202375753e-02,4.030151409277605429e-02,2.045773635727837769e-02,5.065746688709786560e-03,2.050961889058892929e-02,2.578902183870192544e-01,1.765254609153998899e-14,6.1.1-I-900
objective_profiles,1,3,2,2.000000000000000000e+00,4.152787295564890901e-01,8.305574591129781803e-01,2.200000000000000000e+01,4194304,1.054465505792528734e+00,display,256,64,65,129,7.336037474067947928e-01,2.437893165034257445e-02,2.437887624953902232e-04,3.893864552265462881e-02,3.918243428515001681e-02,2.045773635727837769e-02,5.065746688709786560e-03,2.050961889058892929e-02,2.578902183870192544e-01,9.436895709313830594e-15,6.1.1-I-900
objective_profiles,1,3,2,2.000000000000000000e+00,4.152787295564890901e-01,8.305574591129781803e-01,2.200000000000000000e+01,4194304,1.054465505792528734e+00,display,256,64,65,129,7.373714945815695865e-01,2.336258014565799693e-02,2.357308277174961005e-04,3.778694243716027024e-02,3.802267326487776544e-02,2.045773635727837769e-02,5.065746688709786560e-03,2.050961889058892929e-02,2.578902183870192544e-01,1.199040866595169064e-14,6.1.1-I-900
objective_profiles,1,3,2,2.000000000000000000e+00,4.152787295564890901e-01,8.305574591129781803e-01,2.200000000000000000e+01,4194304,1.054465505792528734e+00,display,256,64,65,129,7.413275574780756605e-01,2.231822358827969047e-02,2.274621735108701124e-04,3.659828946394826782e-02,3.682575163745913788e-02,2.045773635727837769e-02,5.065746688709786560e-03,2.050961889058892929e-02,2.578902183870192544e-01,9.325873406851314940e-15,6.1.1-I-900
objective_profiles,1,3,2,2.000000000000000000e+00,4.152787295564890901e-01,8.305574591129781803e-01,2.200000000000000000e+01,4194304,1.054465505792528734e+00,display,256,64,65,129,7.454695531119509555e-01,2.124968284148853054e-02,2.190123327262577426e-04,3.537627768412837659e-02,3.559529001685463739e-02,2.045773635727837769e-02,5.065746688709786560e-03,2.050961889058892929e-02,2.578902183870192544e-01,2.164934898019055254e-14,6.1.1-I-900
objective_profiles,1,3,2,2.000000000000000000e+00,4.152787295564890901e-01,8.305574591129781803e-01,2.200000000000000000e+01,4194304,1.054465505792528734e+00,display,256,64,65,129,7.497949864999047254e-01,2.016087151212348980e-02,2.104110213540847350e-04,3.412458588471349585e-02,3.433499690606758165e-02,2.045773635727837769e-02,5.065746688709786560e-03,2.050961889058892929e-02,2.578902183870192544e-01,9.325873406851314940e-15,6.1.1-I-900
objective_profiles,1,3,2,2.000000000000000000e+00,4.152787295564890901e-01,8.305574591129781803e-01,2.200000000000000000e+01,4194304,1.054465505792528734e+00,display,256,64,65,129,7.543012521626024647e-01,1.905578286543915811e-02,2.016879998407838785e-04,3.284696843922473714e-02,3.304865643906552269e-02,2.045773635727837769e-02,5.065746688709786560e-03,2.050961889058892929e-02,2.578902183870192544e-01,9.547918011776346248e-15,6.1.1-I-900
objective_profiles,1,3,2,2.000000000000000000e+00,4.152787295564890901e-01,8.305574591129781803e-01,2.200000000000000000e+01,4194304,1.054465505792528734e+00,display,256,64,65,129,7.589856356941091509e-01,1.793847670580527368e-02,1.928729391937156841e-04,3.154724309715625785e-02,3.174011603634997042e-02,2.045773635727837769e-02,5.065746688709786560e-03,2.050961889058892929e-02,2.578902183870192544e-01,9.325873406851314940e-15,6.1.1-I-900
objective_profiles,1,3,2,2.000000000000000000e+00,4.152787295564890901e-01,8.305574591129781803e-01,2.200000000000000000e+01,4194304,1.054465505792528734e+00,display,256,64,65,129,7.638453153969456677e-01,1.681306612768028105e-02,1.839952926336362656e-04,3.022927873253879530e-02,3.041327402517243067e-02,2.045773635727837769e-02,5.065746688709786560e-03,2.050961889058892929e-02,2.578902183870192544e-01,9.325873406851314940e-15,6.1.1-I-900
objective_profiles,1,3,2,2.000000000000000000e+00,4.152787295564890901e-01,8.305574591129781803e-01,2.200000000000000000e+01,4194304,1.054465505792528734e+00,display,256,64,65,129,7.688773639817741978e-01,1.568370426807819476e-02,1.750841734559755412e-04,2.889698310035561379e-02,2.907206727381158803e-02,2.045773635727837769e-02,5.065746688709786560e-03,2.050961889058892929e-02,2.578902183870192544e-01,9.325873406851314940e-15,6.1.1-I-900
objective_profiles,1,3,2,2.000000000000000000e+00,4.152787295564890901e-01,8.305574591129781803e-01,2.200000000000000000e+01,4194304,1.054465505792528734e+00,display,256,64,65,129,7.740787503306877371e-01,1.455457111241906763e-02,1.661682396631565203e-04,2.755429064784932491e-02,2.772045888751248008e-02,2.045773635727837769e-02,5.065746688709786560e-03,2.050961889058892929e-02,2.578902183870192544e-01,1.254552017826426891e-14,6.1.1-I-900
objective_profiles,1,3,2,2.000000000000000000e+00,4.152787295564890901e-01,8.305574591129781803e-01,2.200000000000000000e+01,4194304,1.054465505792528734e+00,display,256,64,65,129,7.794463413230420246e-01,1.342986033864389424e-02,1.572755858313110210e-04,2.620515042582068424e-02,2.636242601165199664e-02,2.045773635727837769e-02,5.065746688709786560e-03,2.050961889058892929e-02,2.578902183870192544e-01,9.325873406851314940e-15,6.1.1-I-900
objective_profiles,1,3,2,2.000000000000000000e+00,4.152787295564890901e-01,8.305574591129781803e-01,2.200000000000000000e+01,4194304,1.054465505792528734e+00,display,256,64,65,129,7.849769037227303237e-01,1.231376636553115252e-02,1.484336425775656539e-04,2.485351414291013181e-02,2.500194778548769578e-02,2.045773635727837769e-02,5.065746688709786560e-03,2.050961889058892929e-02,2.578902183870192544e-01,2.309263891220325604e-14,6.1.1-I-900
objective_profiles,1,3,2,2.000000000000000000e+00,4.152787295564890901e-01,8.305574591129781803e-01,2.200000000000000000e+01,4194304,1.054465505792528734e+00,display,256,64,65,129,7.906671061257641853e-01,1.121047152439294710e-02,1.396690838998452492e-04,2.350332440358888705e-02,2.364299348748873097e-02,2.045773635727837769e-02,5.065746688709786560e-03,2.050961889058892929e-02,2.578902183870192544e-01,9.325873406851314940e-15,6.1.1-I-900
objective_profiles,1,3,2,2.000000000000000000e+00,4.152787295564890901e-01,8.305574591129781803e-01,2.200000000000000000e+01,4194304,1.054465505792528734e+00,display,256,64,65,129,7.965135209669864658e-01,1.012413345737144324e-02,1.310077425710490175e-04,2.215850316819614058e-02,2.228951091076718932e-02,2.045773635727837769e-02,5.065746688709786560e-03,2.050961889058892929e-02,2.578902183870192544e-01,9.992007221626408864e-15,6.1.1-I-900
objective_profiles,1,3,2,2.000000000000000000e+00,4.152787295564890901e-01,8.305574591129781803e-01,2.200000000000000000e+01,4194304,1.054465505792528734e+00,display,256,64,65,129,8.025126265847083440e-01,9.058872737669270217e-03,1.224745336843897513e-04,2.082294047087522235e-02,2.094541500455961158e-02,2.045773635727837769e-02,5.065746688709786560e-03,2.050961889058892929e-02,2.578902183870192544e-01,1.088018564132653410e-14,6.1.1-I-900
objective_profiles,1,3,2,2.000000000000000000e+00,4.152787295564890901e-01,8.305574591129781803e-01,2.200000000000000000e+01,4194304,1.054465505792528734e+00,display,256,64,65,129,8.086608093420265542e-01,8.018760846479438403e-03,1.140933863674640711e-04,1.950048342870688844e-02,1.961457681507435338e-02,2.045773635727837769e-02,5.065746688709786560e-03,2.050961889058892929e-02,2.578902183870192544e-01,9.325873406851314940e-15,6.1.1-I-900
objective_profiles,1,3,2,2.000000000000000000e+00,4.152787295564890901e-01,8.305574591129781803e-01,2.200000000000000000e+01,4194304,1.054465505792528734e+00,display,256,64,65,129,8.149543658035435234e-01,7.007808434005612618e-03,1.058871836098139419e-04,1.819492557273880498e-02,1.830081275634861879e-02,2.045773635727837769e-02,5.065746688709786560e-03,2.050961889058892929e-02,2.578902183870192544e-01,9.325873406851314940e-15,6.1.1-I-900
objective_profiles,1,3,2,2.000000000000000000e+00,4.152787295564890901e-01,8.305574591129781803e-01,2.200000000000000000e+01,4194304,1.054465505792528734e+00,display,256,64,65,129,8.213895049661780190e-01,6.029953941661684615e-03,9.787771008281722382e-05,1.690999652898702091e-02,1.700787423906983953e-02,2.045773635727837769e-02,5.065746688709786560e-03,2.050961889058892929e-02,2.578902183870192544e-01,1.243449787580175325e-14,6.1.1-I-900
objective_profiles,1,3,2,2.000000000000000000e+00,4.152787295564890901e-01,8.305574591129781803e-01,2.200000000000000000e+01,4194304,1.054465505792528734e+00,display,256,64,65,129,8.279623505427240460e-01,5.089052684004944857e-03,9.008560777182515213e-05,1.564935207486812391e-02,1.573943768263994999e-02,2.045773635727837769e-02,5.065746688709786560e-03,2.050961889058892929e-02,2.578902183870192544e-01,1.287858708565181587e-14,6.1.1-I-900
objective_profiles,1,3,2,2.000000000000000000e+00,4.152787295564890901e-01,8.305574591129781803e-01,2.200000000000000000e+01,4194304,1.054465505792528734e+00,display,256,64,65,129,8.346689432967805411e-01,4.188866096606401988e-03,8.253033918889601621e-05,1.441656459391290994e-02,1.449909493310180646e-02,2.045773635727837769e-02,5.065746688709786560e-03,2.050961889058892929e-02,2.578902183870192544e-01,9.325873406851314940e-15,6.1.1-I-900
objective_profiles,1,3,2,2.000000000000000000e+00,4.152787295564890901e-01,8.305574591129781803e-01,2.200000000000000000e+01,4194304,1.054465505792528734e+00,display,256,64,65,129,8.415052434276482085e-01,3.333051636656988049e-03,7.523015789000274487e-05,1.321511394905149420e-02,1.329034410694149640e-02,2.045773635727837769e-02,5.065746688709786560e-03,2.050961889058892929e-02,2.578902183870192544e-01,2.764455331316639786e-14,6.1.1-I-900
objective_profiles,1,3,2,2.000000000000000000e+00,4.152787295564890901e-01,8.305574591129781803e-01,2.200000000000000000e+01,4194304,1.054465505792528734e+00,display,256,64,65,129,8.484671330037540926e-01,2.525153042326502579e-03,6.820208598322269355e-05,1.204837879224409519e-02,1.211658087822731732e-02,2.045773635727837769e-02,5.065746688709786560e-03,2.050961889058892929e-02,2.578902183870192544e-01,9.325873406851314940e-15,6.1.1-I-900
objective_profiles,1,3,2,2.000000000000000000e+00,4.152787295564890901e-01,8.305574591129781803e-01,2.200000000000000000e+01,4194304,1.054465505792528734e+00,display,256,64,65,129,8.555504184431391712e-01,1.768591193901359942e-03,6.146189828390923818e-05,1.091962832578737344e-02,1.098109022407128300e-02,2.045773635727837769e-02,5.065746688709786560e-03,2.050961889058892929e-02,2.578902183870192544e-01,1.620925615952728549e-14,6.1.1-I-900
objective_profiles,1,3,2,2.000000000000000000e+00,4.152787295564890901e-01,8.305574591129781803e-01,2.200000000000000000e+01,4194304,1.054465505792528734e+00,display,256,64,65,129,8.627508330395159408e-01,1.066655318742611635e-03,5.502411274876138419e-05,9.832014528252648253e-03,9.887038641001408973e-03,2.045773635727837769e-02,5.065746688709786560e-03,2.050961889058892929e-02,2.578902183870192544e-01,9.325873406851314940e-15,6.1.1-I-900
objective_profiles,1,3,2,2.000000000000000000e+00,4.152787295564890901e-01,8.305574591129781803e-01,2.200000000000000000e+01,4194304,1.054465505792528734e+00,display,256,64,65,129,8.700640395323723242e-01,4.224946714700249109e-04,4.890198680288429788e-05,8.788564855736801310e-03,8.837466842539686007e-03,2.045773635727837769e-02,5.065746688709786560e-03,2.050961889058892929e-02,2.578902183870192544e-01,1.532107773982716026e-14,6.1.1-I-900
objective_profiles,1,3,2,2.000000000000000000e+00,4.152787295564890901e-01,8.305574591129781803e-01,2.200000000000000000e+01,4194304,1.054465505792528734e+00,display,256,64,65,129,8.774856327195754702e-01,-1.608891913546126810e-04,4.310751916165525425e-05,7.792175426915638400e-03,7.835282946077293600e-03,2.045773635727837769e-02,5.065746688709786560e-03,2.050961889058892929e-02,2.578902183870192544e-01,9.992007221626408864e-15,6.1.1-I-900
objective_profiles,1,3,2,2.000000000000000000e+00,4.152787295564890901e-01,8.305574591129781803e-01,2.200000000000000000e+01,4194304,1.054465505792528734e+00,display,256,64,65,129,8.850111421109007059e-01,-6.806495476446532264e-04,3.765145674226847328e-05,6.845604698306529713e-03,6.883256155048798376e-03,2.045773635727837769e-02,5.065746688709786560e-03,2.050961889058892929e-02,2.578902183870192544e-01,2.731148640577885089e-14,6.1.1-I-900
objective_profiles,1,3,2,2.000000000000000000e+00,4.152787295564890901e-01,8.305574591129781803e-01,2.200000000000000000e+01,4194304,1.054465505792528734e+00,display,256,64,65,129,8.926360346208876972e-01,-1.134101235562642515e-03,3.254330625755952447e-05,5.951467634172078781e-03,5.984010940429638353e-03,2.045773635727837769e-02,5.065746688709786560e-03,2.050961889058892929e-02,2.578902183870192544e-01,9.325873406851314940e-15,6.1.1-I-900
objective_profiles,1,3,2,2.000000000000000000e+00,4.152787295564890901e-01,8.305574591129781803e-01,2.200000000000000000e+01,4194304,1.054465505792528734e+00,display,256,64,65,129,9.003557172994012259e-01,-1.518726894922169980e-03,2.779135008668508024e-05,5.112230373625813173e-03,5.140021723712498609e-03,2.045773635727837769e-02,5.065746688709786560e-03,2.050961889058892929e-02,2.578902183870192544e-01,1.998401444325281773e-14,6.1.1-I-900
objective_profiles,1,3,2,2.000000000000000000e+00,4.152787295564890901e-01,8.305574591129781803e-01,2.200000000000000000e+01,4194304,1.054465505792528734e+00,display,256,64,65,129,9.081655400982534543e-01,-1.832182551374098847e-03,2.340266602287553664e-05,4.330205395746702067e-03,4.353608061769577431e-03,2.045773635727837769e-02,5.065746688709786560e-03,2.050961889058892929e-02,2.578902183870192544e-01,9.325873406851314940e-15,6.1.1-I-900
objective_profiles,1,3,2,2.000000000000000000e+00,4.152787295564890901e-01,8.305574591129781803e-01,2.200000000000000000e+01,4194304,1.054465505792528734e+00,display,256,64,65,129,9.160607986722184570e-01,-2.072302700914801284e-03,1.938315050743570476e-05,3.607547181866845379e-03,3.626930332374280874e-03,2.045773635727837769e-02,5.065746688709786560e-03,2.050961889058892929e-02,2.578902183870192544e-01,2.020605904817784904e-14,6.1.1-I-900
objective_profiles,1,3,2,2.000000000000000000e+00,4.152787295564890901e-01,8.305574591129781803e-01,2.200000000000000000e+01,4194304,1.054465505792528734e+00,display,256,64,65,129,9.240367372127540335e-01,-2.237104907409006183e-03,1.573754497073972738e-05,2.946248372664475070e-03,2.961985917635214655e-03,2.045773635727837769e-02,5.065746688709786560e-03,2.050961889058892929e-02,2.578902183870192544e-01,1.287858708565181587e-14,6.1.1-I-900
objective_profiles,1,3,2,2.000000000000000000e+00,4.152787295564890901e-01,8.305574591129781803e-01,2.200000000000000000e+01,4194304,1.054465505792528734e+00,display,256,64,65,129,9.320885513127229460e-01,-2.324793858437061364e-03,1.246946491493104866e-05,2.348136416276800590e-03,2.360605881191731557e-03,2.045773635727837769e-02,5.065746688709786560e-03,2.050961889058892929e-02,2.578902183870192544e-01,9.325873406851314940e-15,6.1.1-I-900
objective_profiles,1,3,2,2.000000000000000000e+00,4.152787295564890901e-01,8.305574591129781803e-01,2.200000000000000000e+01,4194304,1.054465505792528734e+00,display,256,64,65,129,9.402113908603878523e-01,-2.333764732008410375e-03,9.581431388766988553e-06,1.814870702336511109e-03,1.824452133725278091e-03,2.045773635727837769e-02,5.065746688709786560e-03,2.050961889058892929e-02,2.578902183870192544e-01,1.887379141862766119e-14,6.1.1-I-900
objective_profiles,1,3,2,2.000000000000000000e+00,4.152787295564890901e-01,8.305574591129781803e-01,2.200000000000000000e+01,4194304,1.054465505792528734e+00,display,256,64,65,129,9.484003629609381036e-01,-2.262606295797080311e-03,7.074904522257637679e-06,1.347940175631031365e-03,1.355015080153288949e-03,2.045773635727837769e-02,5.065746688709786560e-03,2.050961889058892929e-02,2.578902183870192544e-01,9.325873406851314940e-15,6.1.1-I-900
objective_profiles,1,3,2,2.000000000000000000e+00,4.152787295564890901e-01,8.305574591129781803e-01,2.200000000000000000e+01,4194304,1.054465505792528734e+00,display,256,64,65,129,9.566505348837854861e-01,-2.110103213835985269e-03,4.950318807064987749e-06,9.486614219846262273e-04,9.536117407916912692e-04,2.045773635727837769e-02,5.065746688709786560e-03,2.050961889058892929e-02,2.578902183870192544e-01,1.776356839400250465e-14,6.1.1-I-900
objective_profiles,1,3,2,2.000000000000000000e+00,4.152787295564890901e-01,8.305574591129781803e-01,2.200000000000000000e+01,4194304,1.054465505792528734e+00,display,256,64,65,129,9.649569370338575425e-01,-1.875238067440958408e-03,3.207119827592124518e-06,6.181772179620076283e-04,6.213843377895997841e-04,2.045773635727837769e-02,5.065746688709786560e-03,2.050961889058892929e-02,2.578902183870192544e-01,3.486100297322991537e-14,6.1.1-I-900
objective_profiles,1,3,2,2.000000000000000000e+00,4.152787295564890901e-01,8.305574591129781803e-01,2.200000000000000000e+01,4194304,1.054465505792528734e+00,display,256,64,65,129,9.733145659450954668e-01,-1.557192771369489111e-03,1.843802167223825444e-06,3.574555350870648926e-04,3.592993372542887219e-04,2.045773635727837769e-02,5.065746688709786560e-03,2.050961889058892929e-02,2.578902183870192544e-01,9.325873406851314940e-15,6.1.1-I-900
objective_profiles,1,3,2,2.000000000000000000e+00,4.152787295564890901e-01,8.305574591129781803e-01,2.200000000000000000e+01,4194304,1.054465505792528734e+00,display,256,64,65,129,9.817183872943550105e-01,-1.155349499074296172e-03,8.579482337740259323e-07,1.672889884542488187e-04,1.681469366880228398e-04,2.045773635727837769e-02,5.065746688709786560e-03,2.050961889058892929e-02,2.578902183870192544e-01,9.325873406851314940e-15,6.1.1-I-900
objective_profiles,1,3,2,2.000000000000000000e+00,4.152787295564890901e-01,8.305574591129781803e-01,2.200000000000000000e+01,4194304,1.054465505792528734e+00,display,256,64,65,129,9.901633389338944102e-01,-6.692911075322831261e-04,2.462677678322189172e-07,4.829471888583022703e-05,4.854098665366244383e-05,2.045773635727837769e-02,5.065746688709786560e-03,2.050961889058892929e-02,2.578902183870192544e-01,9.325873406851314940e-15,6.1.1-I-900
objective_profiles,1,3,2,2.000000000000000000e+00,4.152787295564890901e-01,8.305574591129781803e-01,2.200000000000000000e+01,4194304,1.054465505792528734e+00,display,256,64,65,129,9.986443339406233521e-01,-9.880107415482421314e-05,4.637816970470599555e-09,9.146971374113644051e-07,9.193349543818350261e-07,2.045773635727837769e-02,5.065746688709786560e-03,2.050961889058892929e-02,2.578902183870192544e-01,9.325873406851314940e-15,6.1.1-I-900
objective_profiles,1,3,2,2.000000000000000000e+00,4.152787295564890901e-01,8.305574591129781803e-01,2.200000000000000000e+01,4194304,1.054465505792528734e+00,display,256,64,65,129,1.007156263680274222e+00,5.561369565995509176e-04,1.281429777580021155e-07,2.541643808949075890e-05,2.554458106724876194e-05,2.045773635727837769e-02,5.065746688709786560e-03,2.050961889058892929e-02,2.578902183870192544e-01,9.325873406851314940e-15,6.1.1-I-900
objective_profiles,1,3,2,2.000000000000000000e+00,4.152787295564890901e-01,8.305574591129781803e-01,2.200000000000000000e+01,4194304,1.054465505792528734e+00,display,256,64,65,129,1.015694000884653558e+00,1.295340182473911058e-03,6.111157258004636443e-07,1.218941123643654475e-04,1.225052280901659158e-04,2.045773635727837769e-02,5.065746688709786560e-03,2.050961889058892929e-02,2.578902183870192544e-01,9.325873406851314940e-15,6.1.1-I-900
objective_profiles,1,3,2,2.000000000000000000e+00,4.152787295564890901e-01,8.305574591129781803e-01,2.200000000000000000e+01,4194304,1.054465505792528734e+00,display,256,64,65,129,1.024252402740116308e+00,2.118428139647065070e-03,1.447176671738325652e-06,2.902700423778432838e-04,2.917172190495816273e-04,2.045773635727837769e-02,5.065746688709786560e-03,2.050961889058892929e-02,2.578902183870192544e-01,2.453592884421595954e-14,6.1.1-I-900
objective_profiles,1,3,2,2.000000000000000000e+00,4.152787295564890901e-01,8.305574591129781803e-01,2.200000000000000000e+01,4194304,1.054465505792528734e+00,display,256,64,65,129,1.032826313985403477e+00,3.024824433594238814e-03,2.629274597986531688e-06,5.302965694707114513e-04,5.329258440686980309e-04,2.045773635727837769e-02,5.065746688709786560e-03,2.050961889058892929e-02,2.578902183870192544e-01,2.953193245502916398e-14,6.1.1-I-900
objective_profiles,1,3,2,2.000000000000000000e+00,4.152787295564890901e-01,8.305574591129781803e-01,2.200000000000000000e+01,4194304,1.054465505792528734e+00,display,256,64,65,129,1.041410570016980675e+00,4.013759032528805594e-03,4.149726147099920594e-06,8.415582784571577855e-04,8.457080046042577586e-04,2.045773635727837769e-02,5.065746688709786560e-03,2.050961889058892929e-02,2.578902183870192544e-01,1.487698852997709764e-14,6.1.1-I-900
objective_profiles,1,3,2,2.000000000000000000e+00,4.152787295564890901e-01,8.305574591129781803e-01,2.200000000000000000e+01,4194304,1.054465505792528734e+00,display,256,64,65,129,1.049999999999999822e+00,5.084270969620556697e-03,6.000255047753012346e-06,1.223474565673829395e-03,1.229474820721582424e-03,2.045773635727837769e-02,5.065746688709786560e-03,2.050961889058892929e-02,2.578902183870192544e-01,1.432187701766451937e-14,6.1.1-I-900
objective_profiles,1,3,2,2.000000000000000000e+00,4.152787295564890901e-01,8.305574591129781803e-01,2.200000000000000000e+01,4194304,1.054465505792528734e+00,display,256,64,65,129,1.058589429983019192e+00,6.235211368875404232e-03,8.172030778627744916e-06,1.675302536409521443e-03,1.683474567188149220e-03,2.045773635727837769e-02,5.065746688709786560e-03,2.050961889058892929e-02,2.578902183870192544e-01,2.331468351712828735e-14,6.1.1-I-900
objective_profiles,1,3,2,2.000000000000000000e+00,4.152787295564890901e-01,8.305574591129781803e-01,2.200000000000000000e+01,4194304,1.054465505792528734e+00,display,256,64,65,129,1.067173686014596168e+00,7.465246951094192153e-03,1.065570658377143457e-05,2.196140217438849549e-03,2.206795924022621116e-03,2.045773635727837769e-02,5.065746688709786560e-03,2.050961889058892929e-02,2.578902183870192544e-01,9.325873406851314940e-15,6.1.1-I-900
objective_profiles,1,3,2,2.000000000000000000e+00,4.152787295564890901e-01,8.305574591129781803e-01,2.200000000000000000e+01,4194304,1.054465505792528734e+00,display,256,64,65,129,1.075747597259883559e+00,8.772863803203075767e-03,1.344145676536281444e-05,2.784930070268270934e-03,2.798371527033633767e-03,2.045773635727837769e-02,5.065746688709786560e-03,2.050961889058892929e-02,2.578902183870192544e-01,1.088018564132653410e-14,6.1.1-I-900
objective_profiles,1,3,2,2.000000000000000000e+00,4.152787295564890901e-01,8.305574591129781803e-01,2.200000000000000000e+01,4194304,1.054465505792528734e+00,display,256,64,65,129,1.084305999115346086e+00,1.015637149569724104e-02,1.651901319129642917e-05,3.440462790624169032e-03,3.456981803815465607e-03,2.045773635727837769e-02,5.065746688709786560e-03,2.050961889058892929e-02,2.578902183870192544e-01,9.325873406851314940e-15,6.1.1-I-900
objective_profiles,1,3,2,2.000000000000000000e+00,4.152787295564890901e-01,8.305574591129781803e-01,2.200000000000000000e+01,4194304,1.054465505792528734e+00,display,256,64,65,129,1.092843736319725645e+00,1.161390754801134607e-02,1.987770096544741919e-05,4.161381379675486818e-03,4.181259080640934572e-03,2.045773635727837769e-02,5.065746688709786560e-03,2.050961889058892929e-02,2.578902183870192544e-01,9.325873406851314940e-15,6.1.1-I-900
objective_profiles,1,3,2,2.000000000000000000e+00,4.152787295564890901e-01,8.305574591129781803e-01,2.200000000000000000e+01,4194304,1.054465505792528734e+00,display,256,64,65,129,1.101355666059376404e+00,1.314344224685635651e-02,2.350647321819528959e-05,4.946185472467715637e-03,4.969691945685910696e-03,2.045773635727837769e-02,5.065746688709786560e-03,2.050961889058892929e-02,2.578902183870192544e-01,1.221245327087672194e-14,6.1.1-I-900
objective_profiles,1,3,2,2.000000000000000000e+00,4.152787295564890901e-01,8.305574591129781803e-01,2.200000000000000000e+01,4194304,1.054465505792528734e+00,display,256,64,65,129,1.109836661066105457e+00,1.474278377832505087e-02,2.739394498347193268e-05,5.793235909072545417e-03,5.820629854056017655e-03,2.045773635727837769e-02,5.065746688709786560e-03,2.050961889058892929e-02,2.578902183870192544e-01,9.547918011776346248e-15,6.1.1-I-900
objective_profiles,1,3,2,2.000000000000000000e+00,4.152787295564890901e-01,8.305574591129781803e-01,2.200000000000000000e+01,4194304,1.054465505792528734e+00,display,256,64,65,129,1.118281612705644745e+00,1.640958355393306450e-02,3.152842613661705536e-05,6.700759533994266048e-03,6.732287960130882778e-03,2.045773635727837769e-02,5.065746688709786560e-03,2.050961889058892929e-02,2.578902183870192544e-01,1.310063169057684718e-14,6.1.1-I-900
objective_profiles,1,3,2,2.000000000000000000e+00,4.152787295564890901e-01,8.305574591129781803e-01,2.200000000000000000e+01,4194304,1.054465505792528734e+00,display,256,64,65,129,1.126685434054904400e+00,1.814134190231894705e-02,3.589795337443157057e-05,7.666854209452333806e-03,7.702752162826765302e-03,2.045773635727837769e-02,5.065746688709786560e-03,2.050961889058892929e-02,2.578902183870192544e-01,9.325873406851314940e-15,6.1.1-I-900
objective_profiles,1,3,2,2.000000000000000000e+00,4.152787295564890901e-01,8.305574591129781803e-01,2.200000000000000000e+01,4194304,1.054465505792528734e+00,display,256,64,65,129,1.135043062966142324e+00,1.993541399725067345e-02,4.049032122526618804e-05,8.689494028244235807e-03,8.729984349469501609e-03,2.045773635727837769e-02,5.065746688709786560e-03,2.050961889058892929e-02,2.578902183870192544e-01,9.325873406851314940e-15,6.1.1-I-900
objective_profiles,1,3,2,2.000000000000000000e+00,4.152787295564890901e-01,8.305574591129781803e-01,2.200000000000000000e+01,4194304,1.054465505792528734e+00,display,256,64,65,129,1.143349465116214381e+00,2.178901602977812227e-02,4.529311208268532469e-05,9.766534712005017771e-03,9.811827824087702987e-03,2.045773635727837769e-02,5.065746688709786560e-03,2.050961889058892929e-02,2.578902183870192544e-01,9.325873406851314940e-15,6.1.1-I-900
objective_profiles,1,3,2,2.000000000000000000e+00,4.152787295564890901e-01,8.305574591129781803e-01,2.200000000000000000e+01,4194304,1.054465505792528734e+00,display,256,64,65,129,1.151599637039061541e+00,2.369923158514713676e-02,5.029372526131859974e-05,1.089571918080775408e-02,1.094601290606907196e-02,2.045773635727837769e-02,5.065746688709786560e-03,2.050961889058892929e-02,2.578902183870192544e-01,9.325873406851314940e-15,6.1.1-I-900
objective_profiles,1,3,2,2.000000000000000000e+00,4.152787295564890901e-01,8.305574591129781803e-01,2.200000000000000000e+01,4194304,1.054465505792528734e+00,display,256,64,65,129,1.159788609139611903e+00,2.566301817930448370e-02,5.547940507793179803e-05,1.207468328019074312e-02,1.213016268526867503e-02,2.045773635727837769e-02,5.065746688709786560e-03,2.050961889058892929e-02,2.578902183870192544e-01,3.352873534367972752e-14,6.1.1-I-900
objective_profiles,1,3,2,2.000000000000000000e+00,4.152787295564890901e-01,8.305574591129781803e-01,2.200000000000000000e+01,4194304,1.054465505792528734e+00,display,256,64,65,129,1.167911448687276810e+00,2.767721408565273350e-02,6.083726796467043218e-05,1.330096165185474556e-02,1.336179891981941620e-02,2.045773635727837769e-02,5.065746688709786560e-03,2.050961889058892929e-02,2.578902183870192544e-01,1.743050148661495768e-14,6.1.1-I-900
objective_profiles,1,3,2,2.000000000000000000e+00,4.152787295564890901e-01,8.305574591129781803e-01,2.200000000000000000e+01,4194304,1.054465505792528734e+00,display,256,64,65,129,1.175963262787245833e+00,2.973854524542708655e-02,6.635432862476223117e-05,1.457199373444011646e-02,1.463834806306487865e-02,2.045773635727837769e-02,5.065746688709786560e-03,2.050961889058892929e-02,2.578902183870192544e-01,9.325873406851314940e-15,6.1.1-I-900
objective_profiles,1,3,2,2.000000000000000000e+00,4.152787295564890901e-01,8.305574591129781803e-01,2.200000000000000000e+01,4194304,1.054465505792528734e+00,display,256,64,65,129,1.183939201327781188e+00,3.184363245954933974e-02,7.201752524383059177e-05,1.588512988097645628e-02,1.595714740622028796e-02,2.045773635727837769e-02,5.065746688709786560e-03,2.050961889058892929e-02,2.578902183870192544e-01,9.325873406851314940e-15,6.1.1-I-900
objective_profiles,1,3,2,2.000000000000000000e+00,4.152787295564890901e-01,8.305574591129781803e-01,2.200000000000000000e+01,4194304,1.054465505792528734e+00,display,256,64,65,129,1.191834459901746301e+00,3.398899864581143848e-02,7.781374377243262209e-05,1.723763757978257621e-02,1.731545132355500824e-02,2.045773635727837769e-02,5.065746688709786560e-03,2.050961889058892929e-02,2.578902183870192544e-01,2.109423746787797427e-14,6.1.1-I-900
objective_profiles,1,3,2,2.000000000000000000e+00,4.152787295564890901e-01,8.305574591129781803e-01,2.200000000000000000e+01,4194304,1.054465505792528734e+00,display,256,64,65,129,1.199644282700598641e+00,3.617107627599539660e-02,8.372984129745022705e-05,1.862670776579644638e-02,1.871043760709389589e-02,2.045773635727837769e-02,5.065746688709786560e-03,2.050961889058892929e-02,2.578902183870192544e-01,9.658940314238861902e-15,6.1.1-I-900
objective_profiles,1,3,2,2.000000000000000000e+00,4.152787295564890901e-01,8.305574591129781803e-01,2.200000000000000000e+01,4194304,1.054465505792528734e+00,display,256,64,65,129,1.207363965379112170e+00,3.838621490128144714e-02,8.975266852163554159e-05,2.004946120951616242e-02,2.013921387803779828e-02,2.045773635727837769e-02,5.065746688709786560e-03,2.050961889058892929e-02,2.578902183870192544e-01,2.331468351712828735e-14,6.1.1-I-900
objective_profiles,1,3,2,2.000000000000000000e+00,4.152787295564890901e-01,8.305574591129781803e-01,2.200000000000000000e+01,4194304,1.054465505792528734e+00,display,256,64,65,129,1.214988857889099272e+00,4.063068869408196365e-02,9.586909137194770043e-05,2.150295497094864561e-02,2.159882406232059224e-02,2.045773635727837769e-02,5.065746688709786560e-03,2.050961889058892929e-02,2.578902183870192544e-01,9.325873406851314940e-15,6.1.1-I-900
objective_profiles,1,3,2,2.000000000000000000e+00,4.152787295564890901e-01,8.305574591129781803e-01,2.200000000000000000e+01,4194304,1.054465505792528734e+00,display,256,64,65,129,1.222514367280424175e+00,4.290070422263531080e-02,1.020660117583667225e-04,2.298418890617803800e-02,2.308625491793640447e-02,2.045773635727837769e-02,5.065746688709786560e-03,2.050961889058892929e-02,2.578902183870192544e-01,9.880984919163893210e-15,6.1.1-I-900
objective_profiles,1,3,2,2.000000000000000000e+00,4.152787295564890901e-01,8.305574591129781803e-01,2.200000000000000000e+01,4194304,1.054465505792528734e+00,display,256,64,65,129,1.229935960467627432e+00,4.519240824986497929e-02,1.083303875056593706e-04,2.449011221439021183e-02,2.459844260189587156e-02,2.045773635727837769e-02,5.065746688709786560e-03,2.050961889058892929e-02,2.578902183870192544e-01,9.325873406851314940e-15,6.1.1-I-900
objective_profiles,1,3,2,2.000000000000000000e+00,4.152787295564890901e-01,8.305574591129781803e-01,2.200000000000000000e+01,4194304,1.054465505792528734e+00,display,256,64,65,129,1.237249166960483926e+00,4.750189553429196021e-02,1.146492514810711083e-04,2.601763001341794723e-02,2.613227926489901723e-02,2.045773635727837769e-02,5.065746688709786560e-03,2.050961889058892929e-02,2.578902183870192544e-01,9.325873406851314940e-15,6.1.1-I-900
objective_profiles,1,3,2,2.000000000000000000e+00,4.152787295564890901e-01,8.305574591129781803e-01,2.200000000000000000e+01,4194304,1.054465505792528734e+00,display,256,64,65,129,1.244449581556860585e+00,4.982521678493828654e-02,1.210097299413239575e-04,2.756360993210243276e-02,2.768461966204375721e-02,2.045773635727837769e-02,5.065746688709786560e-03,2.050961889058892929e-02,2.578902183870192544e-01,9.325873406851314940e-15,6.1.1-I-900
objective_profiles,1,3,2,2.000000000000000000e+00,4.152787295564890901e-01,8.305574591129781803e-01,2.200000000000000000e+01,4194304,1.054465505792528734e+00,display,256,64,65,129,1.251532866996245774e+00,5.215838658524564464e-02,1.273990601223726205e-04,2.912488870800533300e-02,2.925228776812770562e-02,2.045773635727837769e-02,5.065746688709786560e-03,2.050961889058892929e-02,2.578902183870192544e-01,9.325873406851314940e-15,6.1.1-I-900
objective_profiles,1,3,2,2.000000000000000000e+00,4.152787295564890901e-01,8.305574591129781803e-01,2.200000000000000000e+01,4194304,1.054465505792528734e+00,display,256,64,65,129,1.258494756572351658e+00,5.449739130616795824e-02,1.338046070954139607e-04,3.069827877923919299e-02,3.083208338633460638e-02,2.045773635727837769e-02,5.065746688709786560e-03,2.050961889058892929e-02,2.578902183870192544e-01,1.243449787580175325e-14,6.1.1-I-900
objective_profiles,1,3,2,2.000000000000000000e+00,4.152787295564890901e-01,8.305574591129781803e-01,2.200000000000000000e+01,4194304,1.054465505792528734e+00,display,256,64,65,129,1.265331056703219215e+00,5.683819705734181882e-02,1.402138799124863868e-04,3.228057485943322535e-02,3.242078873934570865e-02,2.045773635727837769e-02,5.065746688709786560e-03,2.050961889058892929e-02,2.578902183870192544e-01,3.042011087472928921e-14,6.1.1-I-900
objective_profiles,1,3,2,2.000000000000000000e+00,4.152787295564890901e-01,8.305574591129781803e-01,2.200000000000000000e+01,4194304,1.054465505792528734e+00,display,256,64,65,129,1.272037649457275599e+00,5.917675759961908005e-02,1.466145470646783777e-04,3.386856048508932876e-02,3.401517503215401028e-02,2.045773635727837769e-02,5.065746688709786560e-03,2.050961889058892929e-02,2.578902183870192544e-01,9.325873406851314940e-15,6.1.1-I-900
objective_profiles,1,3,2,2.000000000000000000e+00,4.152787295564890901e-01,8.305574591129781803e-01,2.200000000000000000e+01,4194304,1.054465505792528734e+00,display,256,64,65,129,1.278610495033821737e+00,6.150902228858440984e-02,1.529944512756709312e-04,3.545901452483615768e-02,3.561200897611183080e-02,2.045773635727837769e-02,5.065746688709786560e-03,2.050961889058892929e-02,2.578902183870192544e-01,1.876276911616514553e-14,6.1.1-I-900
objective_profiles,1,3,2,2.000000000000000000e+00,4.152787295564890901e-01,8.305574591129781803e-01,2.200000000000000000e+01,4194304,1.054465505792528734e+00,display,256,64,65,129,1.285045634196456454e+00,6.383094393594412885e-02,1.593416236527848149e-04,3.704871764033289966e-02,3.720805926398568220e-02,2.045773635727837769e-02,5.065746688709786560e-03,2.050961889058892929e-02,2.578902183870192544e-01,1.176836406102665933e-14,6.1.1-I-900
objective_profiles,1,3,2,2.000000000000000000e+00,4.152787295564890901e-01,8.305574591129781803e-01,2.200000000000000000e+01,4194304,1.054465505792528734e+00,display,256,64,65,129,1.291339190657973424e+00,6.613848658915981449e-02,1.656442972172566402e-04,3.863445868883148143e-02,3.880010298604873870e-02,2.045773635727837769e-02,5.065746688709786560e-03,2.050961889058892929e-02,2.578902183870192544e-01,1.942890293094023946e-14,6.1.1-I-900
objective_profiles,1,3,2,2.000000000000000000e+00,4.152787295564890901e-01,8.305574591129781803e-01,2.200000000000000000e+01,4194304,1.054465505792528734e+00,display,256,64,65,129,1.297487373415291412e+00,6.842763339059733385e-02,1.718909198347885877e-04,4.021304105765269310e-02,4.038493197748747876e-02,2.045773635727837769e-02,5.065746688709786560e-03,2.050961889058892929e-02,2.578902183870192544e-01,9.325873406851314940e-15,6.1.1-I-900
objective_profiles,1,3,2,2.000000000000000000e+00,4.152787295564890901e-01,8.305574591129781803e-01,2.200000000000000000e+01,4194304,1.054465505792528734e+00,display,256,64,65,129,1.303486479033013179e+00,7.069439410853468886e-02,1.780701665668310010e-04,4.178128892109255615e-02,4.195935908765938832e-02,2.045773635727837769e-02,5.065746688709786560e-03,2.050961889058892929e-02,2.578902183870192544e-01,2.597921877622866305e-14,6.1.1-I-900
objective_profiles,1,3,2,2.000000000000000000e+00,4.152787295564890901e-01,8.305574591129781803e-01,2.200000000000000000e+01,4194304,1.054465505792528734e+00,display,256,64,65,129,1.309332893874235459e+00,7.293481283000055604e-02,1.841709514623557007e-04,4.333605341052669535e-02,4.352022436198905303e-02,2.045773635727837769e-02,5.065746688709786560e-03,2.050961889058892929e-02,2.578902183870192544e-01,9.325873406851314940e-15,6.1.1-I-900
objective_profiles,1,3,2,2.000000000000000000e+00,4.152787295564890901e-01,8.305574591129781803e-01,2.200000000000000000e+01,4194304,1.054465505792528734e+00,display,256,64,65,129,1.315023096277269543e+00,7.514497542663922669e-02,1.901824388091458693e-04,4.487421868874416631e-02,4.506440112755331212e-02,2.045773635727837769e-02,5.065746688709786560e-03,2.050961889058892929e-02,2.578902183870192544e-01,9.325873406851314940e-15,6.1.1-I-900
objective_profiles,1,3,2,2.000000000000000000e+00,4.152787295564890901e-01,8.305574591129781803e-01,2.200000000000000000e+01,4194304,1.054465505792528734e+00,display,256,64,65,129,1.320553658676957731e+00,7.732101689794253219e-02,1.960940538629140305e-04,4.639270791979215047e-02,4.658880197365506542e-02,2.045773635727837769e-02,5.065746688709786560e-03,2.050961889058892929e-02,2.578902183870192544e-01,1.576516694967722287e-14,6.1.1-I-900
objective_profiles,1,3,2,2.000000000000000000e+00,4.152787295564890901e-01,8.305574591129781803e-01,2.200000000000000000e+01,4194304,1.054465505792528734e+00,display,256,64,65,129,1.325921249669312019e+00,7.945912869264311340e-02,2.018954930718256421e-04,4.788848912588843793e-02,4.809038461896026490e-02,2.045773635727837769e-02,5.065746688709786560e-03,2.050961889058892929e-02,2.578902183870192544e-01,9.325873406851314940e-15,6.1.1-I-900
objective_profiles,1,3,2,2.000000000000000000e+00,4.152787295564890901e-01,8.305574591129781803e-01,2.200000000000000000e+01,4194304,1.054465505792528734e+00,display,256,64,65,129,1.331122636018225558e+00,8.155556574863043195e-02,2.075767338131862200e-04,4.935858092320159068e-02,4.956615765701477549e-02,2.045773635727837769e-02,5.065746688709786560e-03,2.050961889058892929e-02,2.578902183870192544e-01,9.325873406851314940e-15,6.1.1-I-900
objective_profiles,1,3,2,2.000000000000000000e+00,4.152787295564890901e-01,8.305574591129781803e-01,2.200000000000000000e+01,4194304,1.054465505792528734e+00,display,256,64,65,129,1.336154684603054088e+00,8.360665352950688578e-02,2.131280436583703045e-04,5.080005812858322256e-02,5.101318617224159108e-02,2.045773635727837769e-02,5.065746688709786560e-03,2.050961889058892929e-02,2.578902183870192544e-01,1.709743457922741072e-14,6.1.1-I-900
objective_profiles,1,3,2,2.000000000000000000e+00,4.152787295564890901e-01,8.305574591129781803e-01,2.200000000000000000e+01,4194304,1.054465505792528734e+00,display,256,64,65,129,1.341014364305890716e+00,8.560879475353522228e-02,2.185399891812566157e-04,5.221005722958257239e-02,5.242859721876382689e-02,2.045773635727837769e-02,5.065746688709786560e-03,2.050961889058892929e-02,2.578902183870192544e-01,9.325873406851314940e-15,6.1.1-I-900
objective_profiles,1,3,2,2.000000000000000000e+00,4.152787295564890901e-01,8.305574591129781803e-01,2.200000000000000000e+01,4194304,1.054465505792528734e+00,display,256,64,65,129,1.345698747837397402e+00,8.755847614591752426e-02,2.238034443246834763e-04,5.358578171035218579e-02,5.380958515467686859e-02,2.045773635727837769e-02,5.065746688709786560e-03,2.050961889058892929e-02,2.578902183870192544e-01,3.952393967665557284e-14,6.1.1-I-900
objective_profiles,1,3,2,2.000000000000000000e+00,4.152787295564890901e-01,8.305574591129781803e-01,2.200000000000000000e+01,4194304,1.054465505792528734e+00,display,256,64,65,129,1.350205013500095141e+00,8.945227485005412260e-02,2.289095983387353696e-04,5.492450722631549848e-02,5.515341682465423057e-02,2.045773635727837769e-02,5.065746688709786560e-03,2.050961889058892929e-02,2.578902183870192544e-01,1.165734175856414367e-14,6.1.1-I-900
objective_profiles,1,3,2,2.000000000000000000e+00,4.152787295564890901e-01,8.305574591129781803e-01,2.200000000000000000e+01,4194304,1.054465505792528734e+00,display,256,64,65,129,1.354530446888048800e+00,9.128686468779766139e-02,2.338499633038721934e-04,5.622358662073592694e-02,5.645743658403980236e-02,2.045773635727837769e-02,5.065746688709786560e-03,2.050961889058892929e-02,2.578902183870192544e-01,9.325873406851314940e-15,6.1.1-I-900
objective_profiles,1,3,2,2.000000000000000000e+00,4.152787295564890901e-01,8.305574591129781803e-01,2.200000000000000000e+01,4194304,1.054465505792528734e+00,display,256,64,65,129,1.358672442521924095e+00,9.305902230827355071e-02,2.386163812512652927e-04,5.748045477659724511e-02,5.771907115784850884e-02,2.045773635727837769e-02,5.065746688709786560e-03,2.050961889058892929e-02,2.578902183870192544e-01,9.325873406851314940e-15,6.1.1-I-900
objective_profiles,1,3,2,2.000000000000000000e+00,4.152787295564890901e-01,8.305574591129781803e-01,2.200000000000000000e+01,4194304,1.054465505792528734e+00,display,256,64,65,129,1.362628505418430169e+00,9.476563303823766493e-02,2.432010308919419362e-04,5.869263329747451824e-02,5.893583432836645847e-02,2.045773635727837769e-02,5.065746688709786560e-03,2.050961889058892929e-02,2.578902183870192544e-01,3.042011087472928921e-14,6.1.1-I-900
objective_profiles,1,3,2,2.000000000000000000e+00,4.152787295564890901e-01,8.305574591129781803e-01,2.200000000000000000e+01,4194304,1.054465505792528734e+00,display,256,64,65,129,1.366396252593204963e+00,9.640369652860557304e-02,2.475964339656718210e-04,5.985773501134946523e-02,6.010533144531513688e-02,2.045773635727837769e-02,5.065746688709786560e-03,2.050961889058892929e-02,2.578902183870192544e-01,9.325873406851314940e-15,6.1.1-I-900
objective_profiles,1,3,2,2.000000000000000000e+00,4.152787295564890901e-01,8.305574591129781803e-01,2.200000000000000000e+01,4194304,1.054465505792528734e+00,display,256,64,65,129,1.369973414496235664e+00,9.797033222645862294e-02,2.517954612198896702e-04,6.097346829159348836e-02,6.122526375281337613e-02,2.045773635727837769e-02,5.065746688709786560e-03,2.050961889058892929e-02,2.578902183870192544e-01,9.325873406851314940e-15,6.1.1-I-900
objective_profiles,1,3,2,2.000000000000000000e+00,4.152787295564890901e-01,8.305574591129781803e-01,2.200000000000000000e+01,4194304,1.054465505792528734e+00,display,256,64,65,129,1.373357836378950259e+00,9.946278458871803119e-02,2.557913380282319832e-04,6.203764118961664631e-02,6.229343252764487499e-02,2.045773635727837769e-02,5.065746688709786560e-03,2.050961889058892929e-02,2.578902183870192544e-01,9.325873406851314940e-15,6.1.1-I-900
objective_profiles,1,3,2,2.000000000000000000e+00,4.152787295564890901e-01,8.305574591129781803e-01,2.200000000000000000e+01,4194304,1.054465505792528734e+00,display,256,64,65,129,1.376547479592158396e+00,1.008784280567128072e-01,2.595776496577046786e-04,6.304816537395899201e-02,6.330774302361669159e-02,2.045773635727837769e-02,5.065746688709786560e-03,2.050961889058892929e-02,2.578902183870192544e-01,9.325873406851314940e-15,6.1.1-I-900
objective_profiles,1,3,2,2.000000000000000000e+00,4.152787295564890901e-01,8.305574591129781803e-01,2.200000000000000000e+01,4194304,1.054465505792528734e+00,display,256,64,65,129,1.379540422814057088e+00,1.022147717940678491e-01,2.631483461928337268e-04,6.400305987087127890e-02,6.426620821706410802e-02,2.045773635727837769e-02,5.065746688709786560e-03,2.050961889058892929e-02,2.578902183870192544e-01,1.065814103640150279e-14,6.1.1-I-900
objective_profiles,1,3,2,2.000000000000000000e+00,4.152787295564890901e-01,8.305574591129781803e-01,2.200000000000000000e+01,4194304,1.054465505792528734e+00,display,256,64,65,129,1.382334863207562714e+00,1.034694641425549649e-01,2.664977471245648312e-04,6.490045460171346703e-02,6.516695234883802812e-02,2.045773635727837769e-02,5.065746688709786560e-03,2.050961889058892929e-02,2.578902183870192544e-01,9.325873406851314940e-15,6.1.1-I-900
objective_profiles,1,3,2,2.000000000000000000e+00,4.152787295564890901e-01,8.305574591129781803e-01,2.200000000000000000e+01,4194304,1.054465505792528734e+00,display,256,64,65,129,1.384929117506273011e+00,1.046402968911011727e-01,2.696205456111406694e-04,6.573859371277496200e-02,6.600821425838609979e-02,2.045773635727837769e-02,5.065746688709786560e-03,2.050961889058892929e-02,2.578902183870192544e-01,1.199040866595169064e-14,6.1.1-I-900
objective_profiles,1,3,2,2.000000000000000000e+00,4.152787295564890901e-01,8.305574591129781803e-01,2.200000000000000000e+01,4194304,1.054465505792528734e+00,display,256,64,65,129,1.387321623028404005e+00,1.057252091826845763e-01,2.725118124175664007e-04,6.651583869340248201e-02,6.678835050582004884e-02,2.045773635727837769e-02,5.065746688709786560e-03,2.050961889058892929e-02,2.578902183870192544e-01,9.325873406851314940e-15,6.1.1-I-900
objective_profiles,1,3,2,2.000000000000000000e+00,4.152787295564890901e-01,8.305574591129781803e-01,2.200000000000000000e+01,4194304,1.054465505792528734e+00,display,256,64,65,129,1.389510938618090385e+00,1.067222912360673848e-01,2.751669995397834352e-04,6.723067127859549963e-02,6.750583827813527726e-02,2.045773635727837769e-02,5.065746688709786560e-03,2.050961889058892929e-02,2.578902183870192544e-01,1.243449787580175325e-14,6.1.1-I-900
objective_profiles,1,3,2,2.000000000000000000e+00,4.152787295564890901e-01,8.305574591129781803e-01,2.200000000000000000e+01,4194304,1.054465505792528734e+00,display,256,64,65,129,1.391495745513484872e+00,1.076297877545070864e-01,2.775819435191084891e-04,6.788169613251751611e-02,6.815927807603662514e-02,2.045773635727837769e-02,5.065746688709786560e-03,2.050961889058892929e-02,2.578902183870192544e-01,2.231548279496564646e-14,6.1.1-I-900
objective_profiles,1,3,2,2.000000000000000000e+00,4.152787295564890901e-01,8.305574591129781803e-01,2.200000000000000000e+01,4194304,1.054465505792528734e+00,display,256,64,65,129,1.393274848141130562e+00,1.084461010307781748e-01,2.797528684520382298e-04,6.846764330964537348e-02,6.874739617809741410e-02,2.045773635727837769e-02,5.065746688709786560e-03,2.050961889058892929e-02,2.578902183870192544e-01,9.325873406851314940e-15,6.1.1-I-900
objective_profiles,1,3,2,2.000000000000000000e+00,4.152787295564890901e-01,8.305574591129781803e-01,2.200000000000000000e+01,4194304,1.054465505792528734e+00,display,256,64,65,129,1.394847174836129300e+00,1.091697938476191287e-01,2.816763886999578727e-04,6.898737049056646864e-02,6.926904687926642434e-02,2.045773635727837769e-02,5.065746688709786560e-03,2.050961889058892929e-02,2.578902183870192544e-01,1.643130076445231680e-14,6.1.1-I-900
objective_profiles,1,3,2,2.000000000000000000e+00,4.152787295564890901e-01,8.305574591129781803e-01,2.200000000000000000e+01,4194304,1.054465505792528734e+00,display,256,64,65,129,1.396211778487673305e+00,1.097995919794820807e-01,2.833495113028766253e-04,6.943986498971374544e-02,6.972321450101662266e-02,2.045773635727837769e-02,5.065746688709786560e-03,2.050961889058892929e-02,2.578902183870192544e-01,9.325873406851314940e-15,6.1.1-I-900
objective_profiles,1,3,2,2.000000000000000000e+00,4.152787295564890901e-01,8.305574591129781803e-01,2.200000000000000000e+01,4194304,1.054465505792528734e+00,display,256,64,65,129,1.397367837109548372e+00,1.103343864897078086e-01,2.847696381008086122e-04,6.982424553261226685e-02,7.010901517071307931e-02,2.045773635727837769e-02,5.065746688709786560e-03,2.050961889058892929e-02,2.578902183870192544e-01,9.325873406851314940e-15,6.1.1-I-900
objective_profiles,1,3,2,2.000000000000000000e+00,4.152787295564890901e-01,8.305574591129781803e-01,2.200000000000000000e+01,4194304,1.054465505792528734e+00,display,256,64,65,129,1.398314654335268692e+00,1.107732356963861270e-01,2.859345675659846655e-04,7.013976380049659343e-02,7.042569836806257533e-02,2.045773635727837769e-02,5.065746688709786560e-03,2.050961889058892929e-02,2.578902183870192544e-01,2.331468351712828735e-14,6.1.1-I-900
objective_profiles,1,3,2,2.000000000000000000e+00,4.152787295564890901e-01,8.305574591129781803e-01,2.200000000000000000e+01,4194304,1.054465505792528734e+00,display,256,64,65,129,1.399051659837541539e+00,1.111153668485264367e-01,2.868424963486095546e-04,7.038580574043948324e-02,7.067264823678809371e-02,2.045773635727837769e-02,5.065746688709786560e-03,2.050961889058892929e-02,2.578902183870192544e-01,9.325873406851314940e-15,6.1.1-I-900
objective_profiles,1,3,2,2.000000000000000000e+00,4.152787295564890901e-01,8.305574591129781803e-01,2.200000000000000000e+01,4194304,1.054465505792528734e+00,display,256,64,65,129,1.399578409671810242e+00,1.113601774903261177e-01,2.874920205384716172e-04,7.056189263942157230e-02,7.084938465996004631e-02,2.045773635727837769e-02,5.065746688709786560e-03,2.050961889058892929e-02,2.578902183870192544e-01,9.547918011776346248e-15,6.1.1-I-900
objective_profiles,1,3,2,2.000000000000000000e+00,4.152787295564890901e-01,8.305574591129781803e-01,2.200000000000000000e+01,4194304,1.054465505792528734e+00,display,256,64,65,129,1.399894586543671382e+00,1.115072365266027016e-01,2.878821366442790549e-04,7.066768196105407962e-02,7.095556409769836204e-02,2.045773635727837769e-02,5.065746688709786560e-03,2.050961889058892929e-02,2.578902183870192544e-01,1.354472090042690979e-14,6.1.1-I-900
objective_profiles,1,3,2,2.000000000000000000e+00,4.152787295564890901e-01,8.305574591129781803e-01,2.200000000000000000e+01,4194304,1.054465505792528734e+00,display,256,64,65,129,1.399999999999999911e+00,1.115562849957361519e-01,2.880122422921456904e-04,7.070296794395400375e-02,7.099098018624615258e-02,2.045773635727837769e-02,5.065746688709786560e-03,2.050961889058892929e-02,2.578902183870192544e-01,1.298960938811433152e-14,6.1.1-I-900
