dataset,shard_index,shard_count,d,lambda_ratio,lambda_star,lambda,log2N,N,alpha,evaluation_resolution,radial_order,angular_order,state_bins,z_order,z,G_N,a_w,b_w,profile_sum,delta_N,w_N,Delta_N,H_N,row_error,cgal_version
objective_profiles,2,3,2,1.000000000000000000e+00,4.152787295564890901e-01,4.152787295564890901e-01,3.000000000000000000e+01,1073741824,1.019970685457260551e+00,verification,128,32,33,65,6.999999999999999556e-01,5.766739337029803958e-02,4.547466569040335693e-02,1.472665889925022301e-02,6.020132458965357647e-02,2.825641827020512151e-05,2.417444485350962680e+00,9.463646528078026006e-05,2.494303704055561011e-01,1.298960938811433152e-14,6.1.1-I-900
objective_profiles,2,3,2,1.000000000000000000e+00,4.152787295564890901e-01,4.152787295564890901e-01,3.000000000000000000e+01,1073741824,1.019970685457260551e+00,verification,128,32,33,65,7.004215903281896249e-01,5.747101401640955509e-02,4.531964955079932633e-02,1.468269511965046917e-02,6.000234467044979203e-02,2.825641827020512151e-05,2.417444485350962680e+00,9.463646528078026006e-05,2.494303704055561011e-01,9.658940314238861902e-15,6.1.1-I-900
objective_profiles,2,3,2,1.000000000000000000e+00,4.152787295564890901e-01,4.152787295564890901e-01,3.000000000000000000e+01,1073741824,1.019970685457260551e+00,verification,128,32,33,65,7.016853456647310638e-01,5.688499592316888925e-02,4.485716424136247660e-02,1.455135441388584645e-02,5.940851865524832132e-02,2.825641827020512151e-05,2.417444485350962680e+00,9.463646528078026006e-05,2.494303704055561011e-01,1.376676550535194110e-14,6.1.1-I-900
objective_profiles,2,3,2,1.000000000000000000e+00,4.152787295564890901e-01,4.152787295564890901e-01,3.000000000000000000e+01,1073741824,1.019970685457260551e+00,verification,128,32,33,65,7.037882215123265617e-01,5.591863071974581545e-02,4.409483265114171741e-02,1.433428041354389837e-02,5.842911306468561577e-02,2.825641827020512151e-05,2.417444485350962680e+00,9.463646528078026006e-05,2.494303704055561011e-01,9.658940314238861902e-15,6.1.1-I-900
objective_profiles,2,3,2,1.000000000000000000e+00,4.152787295564890901e-01,4.152787295564890901e-01,3.000000000000000000e+01,1073741824,1.019970685457260551e+00,verification,128,32,33,65,7.067251518588693049e-01,5.458720169541559503e-02,4.304514101709190632e-02,1.403418513464766045e-02,5.707932615173956503e-02,2.825641827020512151e-05,2.417444485350962680e+00,9.463646528078026006e-05,2.494303704055561011e-01,9.658940314238861902e-15,6.1.1-I-900
objective_profiles,2,3,2,1.000000000000000000e+00,4.152787295564890901e-01,4.152787295564890901e-01,3.000000000000000000e+01,1073741824,1.019970685457260551e+00,verification,128,32,33,65,7.104890613819095924e-01,5.291158956424447252e-02,4.172512095829544743e-02,1.365480857486422485e-02,5.537992953315967054e-02,2.825641827020512151e-05,2.417444485350962680e+00,9.463646528078026006e-05,2.494303704055561011e-01,9.658940314238861902e-15,6.1.1-I-900
objective_profiles,2,3,2,1.000000000000000000e+00,4.152787295564890901e-01,4.152787295564890901e-01,3.000000000000000000e+01,1073741824,1.019970685457260551e+00,verification,128,32,33,65,7.150708824937268560e-01,5.091770635571984255e-02,4.015592343471886816e-02,1.320086342781627911e-02,5.335678686253514380e-02,2.825641827020512151e-05,2.417444485350962680e+00,9.463646528078026006e-05,2.494303704055561011e-01,1.298960938811433152e-14,6.1.1-I-900
objective_profiles,2,3,2,1.000000000000000000e+00,4.152787295564890901e-01,4.152787295564890901e-01,3.000000000000000000e+01,1073741824,1.019970685457260551e+00,verification,128,32,33,65,7.204595771859426678e-01,4.863598315199903904e-02,3.836230219622360771e-02,1.267796613359020545e-02,5.104026832981381490e-02,2.825641827020512151e-05,2.417444485350962680e+00,9.463646528078026006e-05,2.494303704055561011e-01,9.658940314238861902e-15,6.1.1-I-900
objective_profiles,2,3,2,1.000000000000000000e+00,4.152787295564890901e-01,4.152787295564890901e-01,3.000000000000000000e+01,1073741824,1.019970685457260551e+00,verification,128,32,33,65,7.266421636210496082e-01,4.610081971979698018e-02,3.637202726827556271e-02,1.209255575255649418e-02,4.846458302083205688e-02,2.825641827020512151e-05,2.417444485350962680e+00,9.463646528078026006e-05,2.494303704055561011e-01,1.776356839400250465e-14,6.1.1-I-900
objective_profiles,2,3,2,1.000000000000000000e+00,4.152787295564890901e-01,4.152787295564890901e-01,3.000000000000000000e+01,1073741824,1.019970685457260551e+00,verification,128,32,33,65,7.336037474067947928e-01,4.334955569763061095e-02,3.421525074482292816e-02,1.145180236431981441e-02,4.566705310914274257e-02,2.825641827020512151e-05,2.417444485350962680e+00,9.463646528078026006e-05,2.494303704055561011e-01,1.165734175856414367e-14,6.1.1-I-900
objective_profiles,2,3,2,1.000000000000000000e+00,4.152787295564890901e-01,4.152787295564890901e-01,3.000000000000000000e+01,1073741824,1.019970685457260551e+00,verification,128,32,33,65,7.413275574780756605e-01,4.042209267766158631e-02,3.192384760468195554e-02,1.076350685001255247e-02,4.268735445469450801e-02,2.825641827020512151e-05,2.417444485350962680e+00,9.463646528078026006e-05,2.494303704055561011e-01,9.658940314238861902e-15,6.1.1-I-900
objective_profiles,2,3,2,1.000000000000000000e+00,4.152787295564890901e-01,4.152787295564890901e-01,3.000000000000000000e+01,1073741824,1.019970685457260551e+00,verification,128,32,33,65,7.497949864999047254e-01,3.735993683649349584e-02,2.953075351551707334e-02,1.003599401239148835e-02,3.956674752790856342e-02,2.825641827020512151e-05,2.417444485350962680e+00,9.463646528078026006e-05,2.494303704055561011e-01,9.658940314238861902e-15,6.1.1-I-900
objective_profiles,2,3,2,1.000000000000000000e+00,4.152787295564890901e-01,4.152787295564890901e-01,3.000000000000000000e+01,1073741824,1.019970685457260551e+00,verification,128,32,33,65,7.589856356941091509e-01,3.420512846567396598e-02,2.706931980315849598e-02,9.278001025423348452e-03,3.634732082858184443e-02,2.825641827020512151e-05,2.417444485350962680e+00,9.463646528078026006e-05,2.494303704055561011e-01,9.658940314238861902e-15,6.1.1-I-900
objective_profiles,2,3,2,1.000000000000000000e+00,4.152787295564890901e-01,4.152787295564890901e-01,3.000000000000000000e+01,1073741824,1.019970685457260551e+00,verification,128,32,33,65,7.688773639817741978e-01,3.100010964274963962e-02,2.457270316698682844e-02,8.498563186997100741e-03,3.307126635398392744e-02,2.825641827020512151e-05,2.417444485350962680e+00,9.463646528078026006e-05,2.494303704055561011e-01,9.658940314238861902e-15,6.1.1-I-900
objective_profiles,2,3,2,1.000000000000000000e+00,4.152787295564890901e-01,4.152787295564890901e-01,3.000000000000000000e+01,1073741824,1.019970685457260551e+00,verification,128,32,33,65,7.794463413230420246e-01,2.778663658076161239e-02,2.207330456980756417e-02,7.706898880937518466e-03,2.978020345074508177e-02,2.825641827020512151e-05,2.417444485350962680e+00,9.463646528078026006e-05,2.494303704055561011e-01,9.658940314238861902e-15,6.1.1-I-900
objective_profiles,2,3,2,1.000000000000000000e+00,4.152787295564890901e-01,4.152787295564890901e-01,3.000000000000000000e+01,1073741824,1.019970685457260551e+00,verification,128,32,33,65,7.906671061257641853e-01,2.460517707722463532e-02,1.960226828348283004e-02,6.912295544995249175e-03,2.651456382847807922e-02,2.825641827020512151e-05,2.417444485350962680e+00,9.463646528078026006e-05,2.494303704055561011e-01,9.658940314238861902e-15,6.1.1-I-900
objective_profiles,2,3,2,1.000000000000000000e+00,4.152787295564890901e-01,4.152787295564890901e-01,3.000000000000000000e+01,1073741824,1.019970685457260551e+00,verification,128,32,33,65,8.025126265847083440e-01,2.149462845126940552e-02,1.718904857210510478e-02,6.123998298238769039e-03,2.331304687034387382e-02,2.825641827020512151e-05,2.417444485350962680e+00,9.463646528078026006e-05,2.494303704055561011e-01,9.658940314238861902e-15,6.1.1-I-900
objective_profiles,2,3,2,1.000000000000000000e+00,4.152787295564890901e-01,4.152787295564890901e-01,3.000000000000000000e+01,1073741824,1.019970685457260551e+00,verification,128,32,33,65,8.149543658035435234e-01,1.849163078329311635e-02,1.486104814999992044e-02,5.351102712889333445e-03,2.021215086288925475e-02,2.825641827020512151e-05,2.417444485350962680e+00,9.463646528078026006e-05,2.494303704055561011e-01,9.658940314238861902e-15,6.1.1-I-900
objective_profiles,2,3,2,1.000000000000000000e+00,4.152787295564890901e-01,4.152787295564890901e-01,3.000000000000000000e+01,1073741824,1.019970685457260551e+00,verification,128,32,33,65,8.279623505427240460e-01,1.563007269706433167e-02,1.264332952373492004e-02,4.602453030544709396e-03,1.724578255427963031e-02,2.825641827020512151e-05,2.417444485350962680e+00,9.463646528078026006e-05,2.494303704055561011e-01,9.658940314238861902e-15,6.1.1-I-900
objective_profiles,2,3,2,1.000000000000000000e+00,4.152787295564890901e-01,4.152787295564890901e-01,3.000000000000000000e+01,1073741824,1.019970685457260551e+00,verification,128,32,33,65,8.415052434276482085e-01,1.294092418884829759e-02,1.055839772691628820e-02,3.886546928769142161e-03,1.444494465568543079e-02,2.825641827020512151e-05,2.417444485350962680e+00,9.463646528078026006e-05,2.494303704055561011e-01,9.658940314238861902e-15,6.1.1-I-900
objective_profiles,2,3,2,1.000000000000000000e+00,4.152787295564890901e-01,4.152787295564890901e-01,3.000000000000000000e+01,1073741824,1.019970685457260551e+00,verification,128,32,33,65,8.555504184431391712e-01,1.045227847611584701e-02,8.626050846279353576e-03,3.211447748124451364e-03,1.183749859440380581e-02,2.825641827020512151e-05,2.417444485350962680e+00,9.463646528078026006e-05,2.494303704055561011e-01,9.658940314238861902e-15,6.1.1-I-900
objective_profiles,2,3,2,1.000000000000000000e+00,4.152787295564890901e-01,4.152787295564890901e-01,3.000000000000000000e+01,1073741824,1.019970685457260551e+00,verification,128,32,33,65,8.700640395323723242e-01,8.188580643932165393e-03,6.863293136460079692e-03,2.584704897743533326e-03,9.447998034203613019e-03,2.825641827020512151e-05,2.417444485350962680e+00,9.463646528078026006e-05,2.494303704055561011e-01,1.454392162258955068e-14,6.1.1-I-900
objective_profiles,2,3,2,1.000000000000000000e+00,4.152787295564890901e-01,4.152787295564890901e-01,3.000000000000000000e+01,1073741824,1.019970685457260551e+00,verification,128,32,33,65,8.850111421109007059e-01,6.170850998043201328e-03,5.284304412386232885e-03,2.013282974202462976e-03,7.297587386588696295e-03,2.825641827020512151e-05,2.417444485350962680e+00,9.463646528078026006e-05,2.494303704055561011e-01,9.658940314238861902e-15,6.1.1-I-900
objective_profiles,2,3,2,1.000000000000000000e+00,4.152787295564890901e-01,4.152787295564890901e-01,3.000000000000000000e+01,1073741824,1.019970685457260551e+00,verification,128,32,33,65,9.003557172994012259e-01,4.416850572040241507e-03,3.900458749697566056e-03,1.503499957274436307e-03,5.403958706972002146e-03,2.825641827020512151e-05,2.417444485350962680e+00,9.463646528078026006e-05,2.494303704055561011e-01,9.658940314238861902e-15,6.1.1-I-900
objective_profiles,2,3,2,1.000000000000000000e+00,4.152787295564890901e-01,4.152787295564890901e-01,3.000000000000000000e+01,1073741824,1.019970685457260551e+00,verification,128,32,33,65,9.160607986722184570e-01,2.940562017801558268e-03,2.720385255038549385e-03,1.060974689596278636e-03,3.781359944634828021e-03,2.825641827020512151e-05,2.417444485350962680e+00,9.463646528078026006e-05,2.494303704055561011e-01,9.658940314238861902e-15,6.1.1-I-900
objective_profiles,2,3,2,1.000000000000000000e+00,4.152787295564890901e-01,4.152787295564890901e-01,3.000000000000000000e+01,1073741824,1.019970685457260551e+00,verification,128,32,33,65,9.320885513127229460e-01,1.752863280121729752e-03,1.750063720538412842e-03,6.905837068220362692e-04,2.440647427360448894e-03,2.825641827020512151e-05,2.417444485350962680e+00,9.463646528078026006e-05,2.494303704055561011e-01,9.658940314238861902e-15,6.1.1-I-900
objective_profiles,2,3,2,1.000000000000000000e+00,4.152787295564890901e-01,4.152787295564890901e-01,3.000000000000000000e+01,1073741824,1.019970685457260551e+00,verification,128,32,33,65,9.484003629609381036e-01,8.609571041054762779e-04,9.929482792682211862e-04,3.964273611230825865e-04,1.389375640391303773e-03,2.825641827020512151e-05,2.417444485350962680e+00,9.463646528078026006e-05,2.494303704055561011e-01,9.658940314238861902e-15,6.1.1-I-900
objective_profiles,2,3,2,1.000000000000000000e+00,4.152787295564890901e-01,4.152787295564890901e-01,3.000000000000000000e+01,1073741824,1.019970685457260551e+00,verification,128,32,33,65,9.649569370338575425e-01,2.691068109774248304e-04,4.501126628912304763e-04,1.818050738849464449e-04,6.319177367761769212e-04,2.825641827020512151e-05,2.417444485350962680e+00,9.463646528078026006e-05,2.494303704055561011e-01,9.658940314238861902e-15,6.1.1-I-900
objective_profiles,2,3,2,1.000000000000000000e+00,4.152787295564890901e-01,4.152787295564890901e-01,3.000000000000000000e+01,1073741824,1.019970685457260551e+00,verification,128,32,33,65,9.817183872943550105e-01,-2.176171257464873875e-05,1.204112677064486528e-04,4.919946258506708816e-05,1.696107302915157342e-04,2.825641827020512151e-05,2.417444485350962680e+00,9.463646528078026006e-05,2.494303704055561011e-01,9.658940314238861902e-15,6.1.1-I-900
objective_profiles,2,3,2,1.000000000000000000e+00,4.152787295564890901e-01,4.152787295564890901e-01,3.000000000000000000e+01,1073741824,1.019970685457260551e+00,verification,128,32,33,65,9.986443339406233521e-01,-1.340102521193830178e-05,6.509080604412484733e-07,2.690111764352378503e-07,9.199192368764863766e-07,2.825641827020512151e-05,2.417444485350962680e+00,9.463646528078026006e-05,2.494303704055561011e-01,9.658940314238861902e-15,6.1.1-I-900
objective_profiles,2,3,2,1.000000000000000000e+00,4.152787295564890901e-01,4.152787295564890901e-01,3.000000000000000000e+01,1073741824,1.019970685457260551e+00,verification,128,32,33,65,1.015694000884653558e+00,2.896036559231118714e-04,8.576883355221387505e-05,3.584889164567272798e-05,1.216177251978866030e-04,2.825641827020512151e-05,2.417444485350962680e+00,9.463646528078026006e-05,2.494303704055561011e-01,9.658940314238861902e-15,6.1.1-I-900
objective_profiles,2,3,2,1.000000000000000000e+00,4.152787295564890901e-01,4.152787295564890901e-01,3.000000000000000000e+01,1073741824,1.019970685457260551e+00,verification,128,32,33,65,1.032826313985403477e+00,8.799952911852252984e-04,3.690132749609562513e-04,1.559594954201007247e-04,5.249727703810569759e-04,2.825641827020512151e-05,2.417444485350962680e+00,9.463646528078026006e-05,2.494303704055561011e-01,9.658940314238861902e-15,6.1.1-I-900
objective_profiles,2,3,2,1.000000000000000000e+00,4.152787295564890901e-01,4.152787295564890901e-01,3.000000000000000000e+01,1073741824,1.019970685457260551e+00,verification,128,32,33,65,1.049999999999999822e+00,1.748439506851793895e-03,8.421234387111704335e-04,3.598221955542105048e-04,1.201945634265380938e-03,2.825641827020512151e-05,2.417444485350962680e+00,9.463646528078026006e-05,2.494303704055561011e-01,9.658940314238861902e-15,6.1.1-I-900
objective_profiles,2,3,2,1.000000000000000000e+00,4.152787295564890901e-01,4.152787295564890901e-01,3.000000000000000000e+01,1073741824,1.019970685457260551e+00,verification,128,32,33,65,1.067173686014596168e+00,2.883220872038906070e-03,1.495506474109503572e-03,6.458818327363706957e-04,2.141388306845874376e-03,2.825641827020512151e-05,2.417444485350962680e+00,9.463646528078026006e-05,2.494303704055561011e-01,9.658940314238861902e-15,6.1.1-I-900
objective_profiles,2,3,2,1.000000000000000000e+00,4.152787295564890901e-01,4.152787295564890901e-01,3.000000000000000000e+01,1073741824,1.019970685457260551e+00,verification,128,32,33,65,1.084305999115346086e+00,4.270821549886085616e-03,2.318409481273495023e-03,1.011835398771163000e-03,3.330244880044658240e-03,2.825641827020512151e-05,2.417444485350962680e+00,9.463646528078026006e-05,2.494303704055561011e-01,9.658940314238861902e-15,6.1.1-I-900
objective_profiles,2,3,2,1.000000000000000000e+00,4.152787295564890901e-01,4.152787295564890901e-01,3.000000000000000000e+01,1073741824,1.019970685457260551e+00,verification,128,32,33,65,1.101355666059376404e+00,5.895809189088338856e-03,3.299085105705906480e-03,1.454666379060750095e-03,4.753751484766656141e-03,2.825641827020512151e-05,2.417444485350962680e+00,9.463646528078026006e-05,2.494303704055561011e-01,1.865174681370262988e-14,6.1.1-I-900
objective_profiles,2,3,2,1.000000000000000000e+00,4.152787295564890901e-01,4.152787295564890901e-01,3.000000000000000000e+01,1073741824,1.019970685457260551e+00,verification,128,32,33,65,1.118281612705644745e+00,7.741496073056172711e-03,4.424949676974464403e-03,1.970684209585280879e-03,6.395633886559745282e-03,2.825641827020512151e-05,2.417444485350962680e+00,9.463646528078026006e-05,2.494303704055561011e-01,9.658940314238861902e-15,6.1.1-I-900
objective_profiles,2,3,2,1.000000000000000000e+00,4.152787295564890901e-01,4.152787295564890901e-01,3.000000000000000000e+01,1073741824,1.019970685457260551e+00,verification,128,32,33,65,1.135043062966142324e+00,9.789555730711409914e-03,5.682733196068071209e-03,2.555568302947127269e-03,8.238301499015198912e-03,2.825641827020512151e-05,2.417444485350962680e+00,9.463646528078026006e-05,2.494303704055561011e-01,9.658940314238861902e-15,6.1.1-I-900
objective_profiles,2,3,2,1.000000000000000000e+00,4.152787295564890901e-01,4.152787295564890901e-01,3.000000000000000000e+01,1073741824,1.019970685457260551e+00,verification,128,32,33,65,1.151599637039061541e+00,1.202064737169523251e-02,7.058620762881924124e-03,3.204416101303372670e-03,1.026303686418529593e-02,2.825641827020512151e-05,2.417444485350962680e+00,9.463646528078026006e-05,2.494303704055561011e-01,9.658940314238861902e-15,6.1.1-I-900
objective_profiles,2,3,2,1.000000000000000000e+00,4.152787295564890901e-01,4.152787295564890901e-01,3.000000000000000000e+01,1073741824,1.019970685457260551e+00,verification,128,32,33,65,1.167911448687276810e+00,1.441449276897334257e-02,8.538385267370732223e-03,3.911794620689029375e-03,1.245017988805976160e-02,2.825641827020512151e-05,2.417444485350962680e+00,9.463646528078026006e-05,2.494303704055561011e-01,9.658940314238861902e-15,6.1.1-I-900
objective_profiles,2,3,2,1.000000000000000000e+00,4.152787295564890901e-01,4.152787295564890901e-01,3.000000000000000000e+01,1073741824,1.019970685457260551e+00,verification,128,32,33,65,1.183939201327781188e+00,1.694994312718584376e-02,1.010751135129074087e-02,4.671794960681303552e-03,1.477930631197204442e-02,2.825641827020512151e-05,2.417444485350962680e+00,9.463646528078026006e-05,2.494303704055561011e-01,9.658940314238861902e-15,6.1.1-I-900
objective_profiles,2,3,2,1.000000000000000000e+00,4.152787295564890901e-01,4.152787295564890901e-01,3.000000000000000000e+01,1073741824,1.019970685457260551e+00,verification,128,32,33,65,1.199644282700598641e+00,1.960529736319494010e-02,1.175131078845630117e-02,5.478089265014056929e-03,1.722940005347035897e-02,2.825641827020512151e-05,2.417444485350962680e+00,9.463646528078026006e-05,2.494303704055561011e-01,9.658940314238861902e-15,6.1.1-I-900
objective_profiles,2,3,2,1.000000000000000000e+00,4.152787295564890901e-01,4.152787295564890901e-01,3.000000000000000000e+01,1073741824,1.019970685457260551e+00,verification,128,32,33,65,1.214988857889099272e+00,2.235837610919180068e-02,1.345502953620167884e-02,6.323989632174147578e-03,1.977901916837582555e-02,2.825641827020512151e-05,2.417444485350962680e+00,9.463646528078026006e-05,2.494303704055561011e-01,9.658940314238861902e-15,6.1.1-I-900
objective_profiles,2,3,2,1.000000000000000000e+00,4.152787295564890901e-01,4.152787295564890901e-01,3.000000000000000000e+01,1073741824,1.019970685457260551e+00,verification,128,32,33,65,1.229935960467627432e+00,2.518673668324337631e-02,1.520394678511916876e-02,7.202508489825132539e-03,2.240645527494430217e-02,2.825641827020512151e-05,2.417444485350962680e+00,9.463646528078026006e-05,2.494303704055561011e-01,9.658940314238861902e-15,6.1.1-I-900
objective_profiles,2,3,2,1.000000000000000000e+00,4.152787295564890901e-01,4.152787295564890901e-01,3.000000000000000000e+01,1073741824,1.019970685457260551e+00,verification,128,32,33,65,1.244449581556860585e+00,2.806787311844242960e-02,1.698346638345972492e-02,8.106419962810256993e-03,2.508988634626998365e-02,2.825641827020512151e-05,2.417444485350962680e+00,9.463646528078026006e-05,2.494303704055561011e-01,9.658940314238861902e-15,6.1.1-I-900
objective_profiles,2,3,2,1.000000000000000000e+00,4.152787295564890901e-01,4.152787295564890901e-01,3.000000000000000000e+01,1073741824,1.019970685457260551e+00,verification,128,32,33,65,1.258494756572351658e+00,3.097928175148036492e-02,1.877920104159300912e-02,9.028321781252171205e-03,2.780752282284518206e-02,2.825641827020512151e-05,2.417444485350962680e+00,9.463646528078026006e-05,2.494303704055561011e-01,9.658940314238861902e-15,6.1.1-I-900
objective_profiles,2,3,2,1.000000000000000000e+00,4.152787295564890901e-01,4.152787295564890901e-01,3.000000000000000000e+01,1073741824,1.019970685457260551e+00,verification,128,32,33,65,1.272037649457275599e+00,3.389851103796819032e-02,2.057704973481486871e-02,9.960697292708825187e-03,3.053774702752369563e-02,2.825641827020512151e-05,2.417444485350962680e+00,9.463646528078026006e-05,2.494303704055561011e-01,2.342570581959080300e-14,6.1.1-I-900
objective_profiles,2,3,2,1.000000000000000000e+00,4.152787295564890901e-01,4.152787295564890901e-01,3.000000000000000000e+01,1073741824,1.019970685457260551e+00,verification,128,32,33,65,1.285045634196456454e+00,3.680365487448770262e-02,2.236326872314441105e-02,1.089597716031845930e-02,3.325924588346287208e-02,2.825641827020512151e-05,2.417444485350962680e+00,9.463646528078026006e-05,2.494303704055561011e-01,9.658940314238861902e-15,6.1.1-I-900
objective_profiles,2,3,2,1.000000000000000000e+00,4.152787295564890901e-01,4.152787295564890901e-01,3.000000000000000000e+01,1073741824,1.019970685457260551e+00,verification,128,32,33,65,1.297487373415291412e+00,3.967307939818967566e-02,2.412453659760776734e-02,1.182660034727169886e-02,3.595113694487946793e-02,2.825641827020512151e-05,2.417444485350962680e+00,9.463646528078026006e-05,2.494303704055561011e-01,1.365574320288942545e-14,6.1.1-I-900
objective_profiles,2,3,2,1.000000000000000000e+00,4.152787295564890901e-01,4.152787295564890901e-01,3.000000000000000000e+01,1073741824,1.019970685457260551e+00,verification,128,32,33,65,1.309332893874235459e+00,4.248568982030494212e-02,2.584801374639353333e-02,1.274507400670175927e-02,3.859308775309529260e-02,2.825641827020512151e-05,2.417444485350962680e+00,9.463646528078026006e-05,2.494303704055561011e-01,9.658940314238861902e-15,6.1.1-I-900
objective_profiles,2,3,2,1.000000000000000000e+00,4.152787295564890901e-01,4.152787295564890901e-01,3.000000000000000000e+01,1073741824,1.019970685457260551e+00,verification,128,32,33,65,1.320553658676957731e+00,4.522125478563297774e-02,2.752139661324744593e-02,1.364403191513104477e-02,4.116542852837849070e-02,2.825641827020512151e-05,2.417444485350962680e+00,9.463646528078026006e-05,2.494303704055561011e-01,9.992007221626408864e-15,6.1.1-I-900
objective_profiles,2,3,2,1.000000000000000000e+00,4.152787295564890901e-01,4.152787295564890901e-01,3.000000000000000000e+01,1073741824,1.019970685457260551e+00,verification,128,32,33,65,1.331122636018225558e+00,4.786015412848902001e-02,2.913296709623286462e-02,1.451629110691407196e-02,4.364925820314694005e-02,2.825641827020512151e-05,2.417444485350962680e+00,9.463646528078026006e-05,2.494303704055561011e-01,1.065814103640150279e-14,6.1.1-I-900
objective_profiles,2,3,2,1.000000000000000000e+00,4.152787295564890901e-01,4.152787295564890901e-01,3.000000000000000000e+01,1073741824,1.019970685457260551e+00,verification,128,32,33,65,1.341014364305890716e+00,5.038370112056055061e-02,3.067163740883658077e-02,1.535490638664220586e-02,4.602654379547878316e-02,2.825641827020512151e-05,2.417444485350962680e+00,9.463646528078026006e-05,2.494303704055561011e-01,9.658940314238861902e-15,6.1.1-I-900
objective_profiles,2,3,2,1.000000000000000000e+00,4.152787295564890901e-01,4.152787295564890901e-01,3.000000000000000000e+01,1073741824,1.019970685457260551e+00,verification,128,32,33,65,1.350205013500095141e+00,5.277429322864161942e-02,3.212699069837000182e-02,1.615322241621052965e-02,4.828021311458052800e-02,2.825641827020512151e-05,2.417444485350962680e+00,9.463646528078026006e-05,2.494303704055561011e-01,9.658940314238861902e-15,6.1.1-I-900
objective_profiles,2,3,2,1.000000000000000000e+00,4.152787295564890901e-01,4.152787295564890901e-01,3.000000000000000000e+01,1073741824,1.019970685457260551e+00,verification,128,32,33,65,1.358672442521924095e+00,5.501534639808227517e-02,3.348931768948409243e-02,1.690492309317332895e-02,5.039424078265741791e-02,2.825641827020512151e-05,2.417444485350962680e+00,9.463646528078026006e-05,2.494303704055561011e-01,9.658940314238861902e-15,6.1.1-I-900
objective_profiles,2,3,2,1.000000000000000000e+00,4.152787295564890901e-01,4.152787295564890901e-01,3.000000000000000000e+01,1073741824,1.019970685457260551e+00,verification,128,32,33,65,1.366396252593204963e+00,5.709140296998673619e-02,3.474964959395798053e-02,1.760407795712839660e-02,5.235372755108637366e-02,2.825641827020512151e-05,2.417444485350962680e+00,9.463646528078026006e-05,2.494303704055561011e-01,1.199040866595169064e-14,6.1.1-I-900
objective_profiles,2,3,2,1.000000000000000000e+00,4.152787295564890901e-01,4.152787295564890901e-01,3.000000000000000000e+01,1073741824,1.019970685457260551e+00,verification,128,32,33,65,1.373357836378950259e+00,5.898833718141018728e-02,3.589978750212167308e-02,1.824518538115914301e-02,5.414497288328081609e-02,2.825641827020512151e-05,2.417444485350962680e+00,9.463646528078026006e-05,2.494303704055561011e-01,9.658940314238861902e-15,6.1.1-I-900
objective_profiles,2,3,2,1.000000000000000000e+00,4.152787295564890901e-01,4.152787295564890901e-01,3.000000000000000000e+01,1073741824,1.019970685457260551e+00,verification,128,32,33,65,1.379540422814057088e+00,6.069323320260772148e-02,3.693232844661380881e-02,1.882321232582456760e-02,5.575554077243837642e-02,2.825641827020512151e-05,2.417444485350962680e+00,9.463646528078026006e-05,2.494303704055561011e-01,1.776356839400250465e-14,6.1.1-I-900
objective_profiles,2,3,2,1.000000000000000000e+00,4.152787295564890901e-01,4.152787295564890901e-01,3.000000000000000000e+01,1073741824,1.019970685457260551e+00,verification,128,32,33,65,1.384929117506273011e+00,6.219451061917222190e-02,3.784068830578514453e-02,1.933363045381277304e-02,5.717431875959791410e-02,2.825641827020512151e-05,2.417444485350962680e+00,9.463646528078026006e-05,2.494303704055561011e-01,9.658940314238861902e-15,6.1.1-I-900
objective_profiles,2,3,2,1.000000000000000000e+00,4.152787295564890901e-01,4.152787295564890901e-01,3.000000000000000000e+01,1073741824,1.019970685457260551e+00,verification,128,32,33,65,1.389510938618090385e+00,6.348220182370596654e-02,3.861912169201110745e-02,1.977244842415205872e-02,5.839157011616316617e-02,2.825641827020512151e-05,2.417444485350962680e+00,9.463646528078026006e-05,2.494303704055561011e-01,1.176836406102665933e-14,6.1.1-I-900
objective_profiles,2,3,2,1.000000000000000000e+00,4.152787295564890901e-01,4.152787295564890901e-01,3.000000000000000000e+01,1073741824,1.019970685457260551e+00,verification,128,32,33,65,1.393274848141130562e+00,6.454766809728618160e-02,3.926273894946632342e-02,2.013624020580334628e-02,5.939897915526966971e-02,2.825641827020512151e-05,2.417444485350962680e+00,9.463646528078026006e-05,2.494303704055561011e-01,1.232347557333923760e-14,6.1.1-I-900
objective_profiles,2,3,2,1.000000000000000000e+00,4.152787295564890901e-01,4.152787295564890901e-01,3.000000000000000000e+01,1073741824,1.019970685457260551e+00,verification,128,32,33,65,1.396211778487673305e+00,6.538378556106769213e-02,3.976752036646596239e-02,2.042216927151705580e-02,6.018968963798301819e-02,2.825641827020512151e-05,2.417444485350962680e+00,9.463646528078026006e-05,2.494303704055561011e-01,9.658940314238861902e-15,6.1.1-I-900
objective_profiles,2,3,2,1.000000000000000000e+00,4.152787295564890901e-01,4.152787295564890901e-01,3.000000000000000000e+01,1073741824,1.019970685457260551e+00,verification,128,32,33,65,1.398314654335268692e+00,6.598500986901190135e-02,4.013032768919228693e-02,2.062800855402225839e-02,6.075833624321454185e-02,2.825641827020512151e-05,2.417444485350962680e+00,9.463646528078026006e-05,2.494303704055561011e-01,9.658940314238861902e-15,6.1.1-I-900
objective_profiles,2,3,2,1.000000000000000000e+00,4.152787295564890901e-01,4.152787295564890901e-01,3.000000000000000000e+01,1073741824,1.019970685457260551e+00,verification,128,32,33,65,1.399578409671810242e+00,6.634730837970408135e-02,4.034891300638022982e-02,2.075215606790627512e-02,6.110106907428650147e-02,2.825641827020512151e-05,2.417444485350962680e+00,9.463646528078026006e-05,2.494303704055561011e-01,9.658940314238861902e-15,6.1.1-I-900
objective_profiles,2,3,2,1.000000000000000000e+00,4.152787295564890901e-01,4.152787295564890901e-01,3.000000000000000000e+01,1073741824,1.019970685457260551e+00,verification,128,32,33,65,1.399999999999999911e+00,6.646834262056364184e-02,4.042192505813633346e-02,2.079364612192090983e-02,6.121557118005724329e-02,2.825641827020512151e-05,2.417444485350962680e+00,9.463646528078026006e-05,2.494303704055561011e-01,9.658940314238861902e-15,6.1.1-I-900
objective_profiles,2,3,2,1.000000000000000000e+00,4.152787295564890901e-01,4.152787295564890901e-01,3.000000000000000000e+01,1073741824,1.019970685457260551e+00,display,256,64,65,129,6.999999999999999556e-01,5.747024520147388932e-02,4.547461158181593383e-02,1.472670125939332976e-02,6.020131284120926185e-02,2.825641827020512151e-05,2.417434655353401851e+00,9.463600014381188966e-05,2.494269042748054610e-01,3.930189507173054153e-14,6.1.1-I-900
objective_profiles,2,3,2,1.000000000000000000e+00,4.152787295564890901e-01,4.152787295564890901e-01,3.000000000000000000e+01,1073741824,1.019970685457260551e+00,display,256,64,65,129,7.001054134563284848e-01,5.742115548356586247e-02,4.543581741383560801e-02,1.471570166300738627e-02,6.015151907684299082e-02,2.825641827020512151e-05,2.417434655353401851e+00,9.463600014381188966e-05,2.494269042748054610e-01,3.930189507173054153e-14,6.1.1-I-900
objective_profiles,2,3,2,1.000000000000000000e+00,4.152787295564890901e-01,4.152787295564890901e-01,3.000000000000000000e+01,1073741824,1.019970685457260551e+00,display,256,64,65,129,7.004215903281896249e-01,5.727416481149354838e-02,4.531959562665975605e-02,1.468273735333502222e-02,6.000233297999477827e-02,2.825641827020512151e-05,2.417434655353401851e+00,9.463600014381188966e-05,2.494269042748054610e-01,3.930189507173054153e-14,6.1.1-I-900
objective_profiles,2,3,2,1.000000000000000000e+00,4.152787295564890901e-01,4.152787295564890901e-01,3.000000000000000000e+01,1073741824,1.019970685457260551e+00,display,256,64,65,129,7.009483401624583276e-01,5.702972523802098126e-02,4.512642732391111688e-02,1.462791163909601087e-02,5.975433896300712949e-02,2.825641827020512151e-05,2.417434655353401851e+00,9.463600014381188966e-05,2.494269042748054610e-01,3.930189507173054153e-14,6.1.1-I-900
objective_profiles,2,3,2,1.000000000000000000e+00,4.152787295564890901e-01,4.152787295564890901e-01,3.000000000000000000e+01,1073741824,1.019970685457260551e+00,display,256,64,65,129,7.016853456647310638e-01,5.668898591589256741e-02,4.485711086751670296e-02,1.455139626977859126e-02,5.940850713729529248e-02,2.825641827020512151e-05,2.417434655353401851e+00,9.463600014381188966e-05,2.494269042748054610e-01,5.861977570020826533e-14,6.1.1-I-900
objective_profiles,2,3,2,1.000000000000000000e+00,4.152787295564890901e-01,4.152787295564890901e-01,3.000000000000000000e+01,1073741824,1.019970685457260551e+00,display,256,64,65,129,7.026321628904514949e-01,5.625311983388562448e-02,4.451275670148562014e-02,1.445343079066643485e-02,5.896618749215205846e-02,2.825641827020512151e-05,2.417434655353401851e+00,9.463600014381188966e-05,2.494269042748054610e-01,3.930189507173054153e-14,6.1.1-I-900
objective_profiles,2,3,2,1.000000000000000000e+00,4.152787295564890901e-01,4.152787295564890901e-01,3.000000000000000000e+01,1073741824,1.019970685457260551e+00,display,256,64,65,129,7.037882215123265617e-01,5.572401144636693338e-02,4.409478018436552987e-02,1.433432164503936623e-02,5.842910182940489611e-02,2.825641827020512151e-05,2.417434655353401851e+00,9.463600014381188966e-05,2.494269042748054610e-01,3.930189507173054153e-14,6.1.1-I-900
objective_profiles,2,3,2,1.000000000000000000e+00,4.152787295564890901e-01,4.152787295564890901e-01,3.000000000000000000e+01,1073741824,1.019970685457260551e+00,display,256,64,65,129,7.051528251638705669e-01,5.510359697508757093e-02,4.360489250790600124e-02,1.419444102864870876e-02,5.779933353655471173e-02,2.825641827020512151e-05,2.417434655353401851e+00,9.463600014381188966e-05,2.494269042748054610e-01,3.930189507173054153e-14,6.1.1-I-900
objective_profiles,2,3,2,1.000000000000000000e+00,4.152787295564890901e-01,4.152787295564890901e-01,3.000000000000000000e+01,1073741824,1.019970685457260551e+00,display,256,64,65,129,7.067251518588693049e-01,5.439439353711910535e-02,4.304508979930414536e-02,1.403422550294129538e-02,5.707931530224544248e-02,2.825641827020512151e-05,2.417434655353401851e+00,9.463600014381188966e-05,2.494269042748054610e-01,3.930189507173054153e-14,6.1.1-I-900
objective_profiles,2,3,2,1.000000000000000000e+00,4.152787295564890901e-01,4.152787295564890901e-01,3.000000000000000000e+01,1073741824,1.019970685457260551e+00,display,256,64,65,129,7.085042544865149949e-01,5.359921864753733334e-02,4.241764052261125933e-02,1.385417437481295012e-02,5.627181489742420772e-02,2.825641827020512151e-05,2.417434655353401851e+00,9.463600014381188966e-05,2.494269042748054610e-01,3.930189507173054153e-14,6.1.1-I-900
objective_profiles,2,3,2,1.000000000000000000e+00,4.152787295564890901e-01,4.152787295564890901e-01,3.000000000000000000e+01,1073741824,1.019970685457260551e+00,display,256,64,65,129,7.104890613819095924e-01,5.272115166583878076e-02,4.172507131114971263e-02,1.365484785190929605e-02,5.537991916305901041e-02,2.825641827020512151e-05,2.417434655353401851e+00,9.463600014381188966e-05,2.494269042748054610e-01,3.930189507173054153e-14,6.1.1-I-900
objective_profiles,2,3,2,1.000000000000000000e+00,4.152787295564890901e-01,4.152787295564890901e-01,3.000000000000000000e+01,1073741824,1.019970685457260551e+00,display,256,64,65,129,7.126783769715959727e-01,5.176355987160093791e-02,4.097015137691567555e-02,1.343686498363919762e-02,5.440701636055487317e-02,2.825641827020512151e-05,2.417434655353401851e+00,9.463600014381188966e-05,2.494269042748054610e-01,5.373479439185757656e-14,6.1.1-I-900
objective_profiles,2,3,2,1.000000000000000000e+00,4.152787295564890901e-01,4.152787295564890901e-01,3.000000000000000000e+01,1073741824,1.019970685457260551e+00,display,256,64,65,129,7.150708824937268560e-01,5.073020734236144413e-02,4.015587565470200848e-02,1.320090139912177135e-02,5.335677705382377983e-02,2.825641827020512151e-05,2.417434655353401851e+00,9.463600014381188966e-05,2.494269042748054610e-01,3.930189507173054153e-14,6.1.1-I-900
objective_profiles,2,3,2,1.000000000000000000e+00,4.152787295564890901e-01,4.152787295564890901e-01,3.000000000000000000e+01,1073741824,1.019970685457260551e+00,display,256,64,65,129,7.176651367924371527e-01,4.962489914083672432e-02,3.928544684798505882e-02,1.294768685424034504e-02,5.223313370222540386e-02,2.825641827020512151e-05,2.417434655353401851e+00,9.463600014381188966e-05,2.494269042748054610e-01,3.930189507173054153e-14,6.1.1-I-900
objective_profiles,2,3,2,1.000000000000000000e+00,4.152787295564890901e-01,4.152787295564890901e-01,3.000000000000000000e+01,1073741824,1.019970685457260551e+00,display,256,64,65,129,7.204595771859426678e-01,4.845192860047941447e-02,3.836225655036891447e-02,1.267800260082037681e-02,5.104025915118928780e-02,2.825641827020512151e-05,2.417434655353401851e+00,9.463600014381188966e-05,2.494269042748054610e-01,3.930189507173054153e-14,6.1.1-I-900
objective_profiles,2,3,2,1.000000000000000000e+00,4.152787295564890901e-01,4.152787295564890901e-01,3.000000000000000000e+01,1073741824,1.019970685457260551e+00,display,256,64,65,129,7.234525204078413596e-01,4.721562162532134260e-02,3.738986562056777208e-02,1.239267859167779776e-02,4.978254421224556636e-02,2.825641827020512151e-05,2.417434655353401851e+00,9.463600014381188966e-05,2.494269042748054610e-01,3.930189507173054153e-14,6.1.1-I-900
objective_profiles,2,3,2,1.000000000000000000e+00,4.152787295564890901e-01,4.152787295564890901e-01,3.000000000000000000e+01,1073741824,1.019970685457260551e+00,display,256,64,65,129,7.266421636210496082e-01,4.592065394917153182e-02,3.637198399057385567e-02,1.209259053589708220e-02,4.846457452647093961e-02,2.825641827020512151e-05,2.417434655353401851e+00,9.463600014381188966e-05,2.494269042748054610e-01,3.930189507173054153e-14,6.1.1-I-900
objective_profiles,2,3,2,1.000000000000000000e+00,4.152787295564890901e-01,4.152787295564890901e-01,3.000000000000000000e+01,1073741824,1.019970685457260551e+00,display,256,64,65,129,7.300265855037642027e-01,4.457181271129761341e-02,3.531245008586182677e-02,1.177865681919259243e-02,4.709110690505442093e-02,2.825641827020512151e-05,2.417434655353401851e+00,9.463600014381188966e-05,2.494269042748054610e-01,3.930189507173054153e-14,6.1.1-I-900
objective_profiles,2,3,2,1.000000000000000000e+00,4.152787295564890901e-01,4.152787295564890901e-01,3.000000000000000000e+01,1073741824,1.019970685457260551e+00,display,256,64,65,129,7.336037474067947928e-01,4.317391810146654213e-02,3.421521003338815620e-02,1.145183530458075867e-02,4.566704533796891313e-02,2.825641827020512151e-05,2.417434655353401851e+00,9.463600014381188966e-05,2.494269042748054610e-01,3.930189507173054153e-14,6.1.1-I-900
objective_profiles,2,3,2,1.000000000000000000e+00,4.152787295564890901e-01,4.152787295564890901e-01,3.000000000000000000e+01,1073741824,1.019970685457260551e+00,display,256,64,65,129,7.373714945815695865e-01,4.173208907572105442e-02,3.308429682787811243e-02,1.111312002884818489e-02,4.419741685672629733e-02,2.825641827020512151e-05,2.417434655353401851e+00,9.463600014381188966e-05,2.494269042748054610e-01,3.930189507173054153e-14,6.1.1-I-900
objective_profiles,2,3,2,1.000000000000000000e+00,4.152787295564890901e-01,4.152787295564890901e-01,3.000000000000000000e+01,1073741824,1.019970685457260551e+00,display,256,64,65,129,7.413275574780756605e-01,4.025147140164158505e-02,3.192380961970124609e-02,1.076353781044245110e-02,4.268734743014369892e-02,2.825641827020512151e-05,2.417434655353401851e+00,9.463600014381188966e-05,2.494269042748054610e-01,3.930189507173054153e-14,6.1.1-I-900
objective_profiles,2,3,2,1.000000000000000000e+00,4.152787295564890901e-01,4.152787295564890901e-01,3.000000000000000000e+01,1073741824,1.019970685457260551e+00,display,256,64,65,129,7.454695531119509555e-01,3.873727173267525054e-02,3.073789327870637272e-02,1.040414478444176213e-02,4.114203806314813139e-02,2.825641827020512151e-05,2.417434655353401851e+00,9.463600014381188966e-05,2.494269042748054610e-01,5.706546346573304618e-14,6.1.1-I-900
objective_profiles,2,3,2,1.000000000000000000e+00,4.152787295564890901e-01,4.152787295564890901e-01,3.000000000000000000e+01,1073741824,1.019970685457260551e+00,display,256,64,65,129,7.497949864999047254e-01,3.719466408770056437e-02,2.953071837798865173e-02,1.003602288018461824e-02,3.956674125817326998e-02,2.825641827020512151e-05,2.417434655353401851e+00,9.463600014381188966e-05,2.494269042748054610e-01,3.930189507173054153e-14,6.1.1-I-900
objective_profiles,2,3,2,1.000000000000000000e+00,4.152787295564890901e-01,4.152787295564890901e-01,3.000000000000000000e+01,1073741824,1.019970685457260551e+00,display,256,64,65,129,7.543012521626024647e-01,3.562914438402191297e-02,2.830646172994485607e-02,9.660276256962092856e-03,3.796673798690694546e-02,2.825641827020512151e-05,2.417434655353401851e+00,9.463600014381188966e-05,2.494269042748054610e-01,3.930189507173054153e-14,6.1.1-I-900
objective_profiles,2,3,2,1.000000000000000000e+00,4.152787295564890901e-01,4.152787295564890901e-01,3.000000000000000000e+01,1073741824,1.019970685457260551e+00,display,256,64,65,129,7.589856356941091509e-01,3.404580614191535931e-02,2.706928759439709495e-02,9.278027712905817168e-03,3.634731530730291038e-02,2.825641827020512151e-05,2.417434655353401851e+00,9.463600014381188966e-05,2.494269042748054610e-01,3.930189507173054153e-14,6.1.1-I-900
objective_profiles,2,3,2,1.000000000000000000e+00,4.152787295564890901e-01,4.152787295564890901e-01,3.000000000000000000e+01,1073741824,1.019970685457260551e+00,display,256,64,65,129,7.638453153969456677e-01,3.245008471276538548e-02,2.582332966530244411e-02,8.890415081846927275e-03,3.471374474714937486e-02,2.825641827020512151e-05,2.417434655353401851e+00,9.463600014381188966e-05,2.494269042748054610e-01,3.930189507173054153e-14,6.1.1-I-900
objective_profiles,2,3,2,1.000000000000000000e+00,4.152787295564890901e-01,4.152787295564890901e-01,3.000000000000000000e+01,1073741824,1.019970685457260551e+00,display,256,64,65,129,7.688773639817741978e-01,3.084721730493377584e-02,2.457267392885528062e-02,8.498587632484380996e-03,3.307126156133965988e-02,2.825641827020512151e-05,2.417434655353401851e+00,9.463600014381188966e-05,2.494269042748054610e-01,3.930189507173054153e-14,6.1.1-I-900
objective_profiles,2,3,2,1.000000000000000000e+00,4.152787295564890901e-01,4.152787295564890901e-01,3.000000000000000000e+01,1073741824,1.019970685457260551e+00,display,256,64,65,129,7.740787503306877371e-01,2.924231090845479455e-02,2.332134247189013992e-02,8.103702483696663406e-03,3.142504495558680333e-02,2.825641827020512151e-05,2.417434655353401851e+00,9.463600014381188966e-05,2.494269042748054610e-01,4.640732242933154339e-14,6.1.1-I-900
objective_profiles,2,3,2,1.000000000000000000e+00,4.152787295564890901e-01,4.152787295564890901e-01,3.000000000000000000e+01,1073741824,1.019970685457260551e+00,display,256,64,65,129,7.794463413230420246e-01,2.764053362319208312e-02,2.207327830561602033e-02,7.706921049261083317e-03,2.978019935487710365e-02,2.825641827020512151e-05,2.417434655353401851e+00,9.463600014381188966e-05,2.494269042748054610e-01,3.930189507173054153e-14,6.1.1-I-900
objective_profiles,2,3,2,1.000000000000000000e+00,4.152787295564890901e-01,4.152787295564890901e-01,3.000000000000000000e+01,1073741824,1.019970685457260551e+00,display,256,64,65,129,7.849769037227303237e-01,2.604698472846321902e-02,2.083233125607382788e-02,7.309405524624208381e-03,2.814173678069803453e-02,2.825641827020512151e-05,2.417434655353401851e+00,9.463600014381188966e-05,2.494269042748054610e-01,5.739853037312059314e-14,6.1.1-I-900
objective_profiles,2,3,2,1.000000000000000000e+00,4.152787295564890901e-01,4.152787295564890901e-01,3.000000000000000000e+01,1073741824,1.019970685457260551e+00,display,256,64,65,129,7.906671061257641853e-01,2.446637739184704535e-02,1.960224495948405254e-02,6.912315427701196981e-03,2.651456038718524866e-02,2.825641827020512151e-05,2.417434655353401851e+00,9.463600014381188966e-05,2.494269042748054610e-01,3.930189507173054153e-14,6.1.1-I-900
objective_profiles,2,3,2,1.000000000000000000e+00,4.152787295564890901e-01,4.152787295564890901e-01,3.000000000000000000e+01,1073741824,1.019970685457260551e+00,display,256,64,65,129,7.965135209669864658e-01,2.290375566985197731e-02,1.838664498800779423e-02,6.516804204978762435e-03,2.490344919298655840e-02,2.825641827020512151e-05,2.417434655353401851e+00,9.463600014381188966e-05,2.494269042748054610e-01,4.252154184314349550e-14,6.1.1-I-900
objective_profiles,2,3,2,1.000000000000000000e+00,4.152787295564890901e-01,4.152787295564890901e-01,3.000000000000000000e+01,1073741824,1.019970685457260551e+00,display,256,64,65,129,8.025126265847083440e-01,2.136357952419839362e-02,1.718902811950532780e-02,6.124015913466097048e-03,2.331304403297142572e-02,2.825641827020512151e-05,2.417434655353401851e+00,9.463600014381188966e-05,2.494269042748054610e-01,3.930189507173054153e-14,6.1.1-I-900
objective_profiles,2,3,2,1.000000000000000000e+00,4.152787295564890901e-01,4.152787295564890901e-01,3.000000000000000000e+01,1073741824,1.019970685457260551e+00,display,256,64,65,129,8.086608093420265542e-01,1.985044946921423262e-02,1.601275275375789453e-02,5.735081988286712396e-03,2.174783474204460693e-02,2.825641827020512151e-05,2.417434655353401851e+00,9.463600014381188966e-05,2.494269042748054610e-01,3.930189507173054153e-14,6.1.1-I-900
objective_profiles,2,3,2,1.000000000000000000e+00,4.152787295564890901e-01,4.152787295564890901e-01,3.000000000000000000e+01,1073741824,1.019970685457260551e+00,display,256,64,65,129,8.149543658035435234e-01,1.836864536859391522e-02,1.486103046739993203e-02,5.351118104939780150e-03,2.021214857233971304e-02,2.825641827020512151e-05,2.417434655353401851e+00,9.463600014381188966e-05,2.494269042748054610e-01,3.930189507173054153e-14,6.1.1-I-900
objective_profiles,2,3,2,1.000000000000000000e+00,4.152787295564890901e-01,4.152787295564890901e-01,3.000000000000000000e+01,1073741824,1.019970685457260551e+00,display,256,64,65,129,8.213895049661780190e-01,1.692236210817488901e-02,1.373691869055691100e-02,4.973221144488068103e-03,1.871013983504497824e-02,2.825641827020512151e-05,2.417434655353401851e+00,9.463600014381188966e-05,2.494269042748054610e-01,3.930189507173054153e-14,6.1.1-I-900
objective_profiles,2,3,2,1.000000000000000000e+00,4.152787295564890901e-01,4.152787295564890901e-01,3.000000000000000000e+01,1073741824,1.019970685457260551e+00,display,256,64,65,129,8.279623505427240460e-01,1.551558027346098406e-02,1.264331447991457608e-02,4.602466269159818935e-03,1.724578074907439501e-02,2.825641827020512151e-05,2.417434655353401851e+00,9.463600014381188966e-05,2.494269042748054610e-01,3.930189507173054153e-14,6.1.1-I-900
objective_profiles,2,3,2,1.000000000000000000e+00,4.152787295564890901e-01,4.152787295564890901e-01,3.000000000000000000e+01,1073741824,1.019970685457260551e+00,display,256,64,65,129,8.346689432967805411e-01,1.415202782000171168e-02,1.158294935570805019e-02,4.239904115085034453e-03,1.582285347079308291e-02,2.825641827020512151e-05,2.417434655353401851e+00,9.463600014381188966e-05,2.494269042748054610e-01,3.930189507173054153e-14,6.1.1-I-900
objective_profiles,2,3,2,1.000000000000000000e+00,4.152787295564890901e-01,4.152787295564890901e-01,3.000000000000000000e+01,1073741824,1.019970685457260551e+00,display,256,64,65,129,8.415052434276482085e-01,1.283538954252991422e-02,1.055838516387755562e-02,3.886558108133397228e-03,1.444494327201095371e-02,2.825641827020512151e-05,2.417434655353401851e+00,9.463600014381188966e-05,2.494269042748054610e-01,3.930189507173054153e-14,6.1.1-I-900
objective_profiles,2,3,2,1.000000000000000000e+00,4.152787295564890901e-01,4.152787295564890901e-01,3.000000000000000000e+01,1073741824,1.019970685457260551e+00,display,256,64,65,129,8.484671330037540926e-01,1.156896326018348742e-02,9.572010919392923492e-03,3.543421908081216716e-03,1.311543282747414108e-02,2.825641827020512151e-05,2.417434655353401851e+00,9.463600014381188966e-05,2.494269042748054610e-01,3.930189507173054153e-14,6.1.1-I-900
objective_profiles,2,3,2,1.000000000000000000e+00,4.152787295564890901e-01,4.152787295564890901e-01,3.000000000000000000e+01,1073741824,1.019970685457260551e+00,display,256,64,65,129,8.555504184431391712e-01,1.035593541863642428e-02,8.626040582467200957e-03,3.211456985615936642e-03,1.183749756808313847e-02,2.825641827020512151e-05,2.417434655353401851e+00,9.463600014381188966e-05,2.494269042748054610e-01,3.930189507173054153e-14,6.1.1-I-900
objective_profiles,2,3,2,1.000000000000000000e+00,4.152787295564890901e-01,4.152787295564890901e-01,3.000000000000000000e+01,1073741824,1.019970685457260551e+00,display,256,64,65,129,8.627508330395159408e-01,9.199314125243891749e-03,7.722511715999628990e-03,2.891590335988618310e-03,1.061410205198824730e-02,2.825641827020512151e-05,2.417434655353401851e+00,9.463600014381188966e-05,2.494269042748054610e-01,3.930189507173054153e-14,6.1.1-I-900
objective_profiles,2,3,2,1.000000000000000000e+00,4.152787295564890901e-01,4.152787295564890901e-01,3.000000000000000000e+01,1073741824,1.019970685457260551e+00,display,256,64,65,129,8.700640395323723242e-01,8.101782133510289710e-03,6.863284970086759931e-03,2.584712332455650109e-03,9.447997302542410908e-03,2.825641827020512151e-05,2.417434655353401851e+00,9.463600014381188966e-05,2.494269042748054610e-01,3.930189507173054153e-14,6.1.1-I-900
objective_profiles,2,3,2,1.000000000000000000e+00,4.152787295564890901e-01,4.152787295564890901e-01,3.000000000000000000e+01,1073741824,1.019970685457260551e+00,display,256,64,65,129,8.774856327195754702e-01,7.065898505526212181e-03,6.050044337717283907e-03,2.291674722006498913e-03,8.341719059723782387e-03,2.825641827020512151e-05,2.417434655353401851e+00,9.463600014381188966e-05,2.494269042748054610e-01,3.930189507173054153e-14,6.1.1-I-900
objective_profiles,2,3,2,1.000000000000000000e+00,4.152787295564890901e-01,4.152787295564890901e-01,3.000000000000000000e+01,1073741824,1.019970685457260551e+00,display,256,64,65,129,8.850111421109007059e-01,6.093995333157326000e-03,5.284298124791965597e-03,2.013288765261758272e-03,7.297586890053723435e-03,2.825641827020512151e-05,2.417434655353401851e+00,9.463600014381188966e-05,2.494269042748054610e-01,3.930189507173054153e-14,6.1.1-I-900
objective_profiles,2,3,2,1.000000000000000000e+00,4.152787295564890901e-01,4.152787295564890901e-01,3.000000000000000000e+01,1073741824,1.019970685457260551e+00,display,256,64,65,129,8.926360346208876972e-01,5.188096951489822375e-03,4.567380577291084084e-03,1.750323521844862271e-03,6.317704099135946355e-03,2.825641827020512151e-05,2.417434655353401851e+00,9.463600014381188966e-05,2.494269042748054610e-01,3.930189507173054153e-14,6.1.1-I-900
objective_profiles,2,3,2,1.000000000000000000e+00,4.152787295564890901e-01,4.152787295564890901e-01,3.000000000000000000e+01,1073741824,1.019970685457260551e+00,display,256,64,65,129,9.003557172994012259e-01,4.350136798738025480e-03,3.900454108688995117e-03,1.503504281980657048e-03,5.403958390669652383e-03,2.825641827020512151e-05,2.417434655353401851e+00,9.463600014381188966e-05,2.494269042748054610e-01,3.930189507173054153e-14,6.1.1-I-900
objective_profiles,2,3,2,1.000000000000000000e+00,4.152787295564890901e-01,4.152787295564890901e-01,3.000000000000000000e+01,1073741824,1.019970685457260551e+00,display,256,64,65,129,9.081655400982534543e-01,3.581718160064238134e-03,3.284512071507250490e-03,1.273511144558103726e-03,4.558023216065354433e-03,2.825641827020512151e-05,2.417434655353401851e+00,9.463600014381188966e-05,2.494269042748054610e-01,3.930189507173054153e-14,6.1.1-I-900
objective_profiles,2,3,2,1.000000000000000000e+00,4.152787295564890901e-01,4.152787295564890901e-01,3.000000000000000000e+01,1073741824,1.019970685457260551e+00,display,256,64,65,129,9.160607986722184570e-01,2.884370316947334513e-03,2.720382018154865987e-03,1.060977741411357061e-03,3.781359759566223049e-03,2.825641827020512151e-05,2.417434655353401851e+00,9.463600014381188966e-05,2.494269042748054610e-01,3.930189507173054153e-14,6.1.1-I-900
objective_profiles,2,3,2,1.000000000000000000e+00,4.152787295564890901e-01,4.152787295564890901e-01,3.000000000000000000e+01,1073741824,1.019970685457260551e+00,display,256,64,65,129,9.240367372127540335e-01,2.259202972697353304e-03,2.208729397828306743e-03,8.664901071228231239e-04,3.075219504951130084e-03,2.825641827020512151e-05,2.417434655353401851e+00,9.463600014381188966e-05,2.494269042748054610e-01,3.930189507173054153e-14,6.1.1-I-900
objective_profiles,2,3,2,1.000000000000000000e+00,4.152787295564890901e-01,4.152787295564890901e-01,3.000000000000000000e+01,1073741824,1.019970685457260551e+00,display,256,64,65,129,9.320885513127229460e-01,1.707272879437096626e-03,1.750061638203680029e-03,6.905856932348980503e-04,2.440647331438578187e-03,2.825641827020512151e-05,2.417434655353401851e+00,9.463600014381188966e-05,2.494269042748054610e-01,3.930189507173054153e-14,6.1.1-I-900
objective_profiles,2,3,2,1.000000000000000000e+00,4.152787295564890901e-01,4.152787295564890901e-01,3.000000000000000000e+01,1073741824,1.019970685457260551e+00,display,256,64,65,129,9.402113908603878523e-01,1.229469489133438575e-03,1.344732562861093630e-03,5.337525253716020931e-04,1.878485088232695723e-03,2.825641827020512151e-05,2.417434655353401851e+00,9.463600014381188966e-05,2.494269042748054610e-01,3.930189507173054153e-14,6.1.1-I-900
objective_profiles,2,3,2,1.000000000000000000e+00,4.152787295564890901e-01,4.152787295564890901e-01,3.000000000000000000e+01,1073741824,1.019970685457260551e+00,display,256,64,65,129,9.484003629609381036e-01,8.262955341157140077e-04,9.929470977965608805e-04,3.964285014170123417e-04,1.389375599213573276e-03,2.825641827020512151e-05,2.417434655353401851e+00,9.463600014381188966e-05,2.494269042748054610e-01,3.930189507173054153e-14,6.1.1-I-900
objective_profiles,2,3,2,1.000000000000000000e+00,4.152787295564890901e-01,4.152787295564890901e-01,3.000000000000000000e+01,1073741824,1.019970685457260551e+00,display,256,64,65,129,9.566505348837854861e-01,4.982512511286022990e-04,6.947662229474701459e-04,2.790008285741903300e-04,9.737670515216604759e-04,2.825641827020512151e-05,2.417434655353401851e+00,9.463600014381188966e-05,2.494269042748054610e-01,3.930189507173054153e-14,6.1.1-I-900
objective_profiles,2,3,2,1.000000000000000000e+00,4.152787295564890901e-01,4.152787295564890901e-01,3.000000000000000000e+01,1073741824,1.019970685457260551e+00,display,256,64,65,129,9.649569370338575425e-01,2.454820879649597981e-04,4.501121273191707392e-04,1.818055968337700667e-04,6.319177241529408059e-04,2.825641827020512151e-05,2.417434655353401851e+00,9.463600014381188966e-05,2.494269042748054610e-01,3.930189507173054153e-14,6.1.1-I-900
objective_profiles,2,3,2,1.000000000000000000e+00,4.152787295564890901e-01,4.152787295564890901e-01,3.000000000000000000e+01,1073741824,1.019970685457260551e+00,display,256,64,65,129,9.733145659450954668e-01,6.812757340275560889e-05,2.587735290414477593e-04,1.051274861152073578e-04,3.639010151566551441e-04,2.825641827020512151e-05,2.417434655353401851e+00,9.463600014381188966e-05,2.494269042748054610e-01,3.930189507173054153e-14,6.1.1-I-900
objective_profiles,2,3,2,1.000000000000000000e+00,4.152787295564890901e-01,4.152787295564890901e-01,3.000000000000000000e+01,1073741824,1.019970685457260551e+00,display,256,64,65,129,9.817183872943550105e-01,-3.409192601809961256e-05,1.204111244336283551e-04,4.919960410367563332e-05,1.696107285373039952e-04,2.825641827020512151e-05,2.417434655353401851e+00,9.463600014381188966e-05,2.494269042748054610e-01,3.930189507173054153e-14,6.1.1-I-900
objective_profiles,2,3,2,1.000000000000000000e+00,4.152787295564890901e-01,4.152787295564890901e-01,3.000000000000000000e+01,1073741824,1.019970685457260551e+00,display,256,64,65,129,9.901633389338944102e-01,-6.142641668858274493e-05,3.456313291303724633e-05,1.420345159257734802e-05,4.876658450561459097e-05,2.825641827020512151e-05,2.417434655353401851e+00,9.463600014381188966e-05,2.494269042748054610e-01,3.930189507173054153e-14,6.1.1-I-900
objective_profiles,2,3,2,1.000000000000000000e+00,4.152787295564890901e-01,4.152787295564890901e-01,3.000000000000000000e+01,1073741824,1.019970685457260551e+00,display,256,64,65,129,9.986443339406233521e-01,-1.430859459430573165e-05,6.509072859503279217e-07,2.690119502259536398e-07,9.199192361762815085e-07,2.825641827020512151e-05,2.417434655353401851e+00,9.463600014381188966e-05,2.494269042748054610e-01,3.930189507173054153e-14,6.1.1-I-900
objective_profiles,2,3,2,1.000000000000000000e+00,4.152787295564890901e-01,4.152787295564890901e-01,3.000000000000000000e+01,1073741824,1.019970685457260551e+00,display,256,64,65,129,1.007156263680274222e+00,1.064379013444706159e-04,1.798458162474463935e-05,7.474961163211979574e-06,2.545954278795661808e-05,2.825641827020512151e-05,2.417434655353401851e+00,9.463600014381188966e-05,2.494269042748054610e-01,3.930189507173054153e-14,6.1.1-I-900
objective_profiles,2,3,2,1.000000000000000000e+00,4.152787295564890901e-01,4.152787295564890901e-01,3.000000000000000000e+01,1073741824,1.019970685457260551e+00,display,256,64,65,129,1.015694000884653558e+00,3.001210583007128717e-04,8.576873149911775805e-05,3.584899476235321232e-05,1.216177262614709636e-04,2.825641827020512151e-05,2.417434655353401851e+00,9.463600014381188966e-05,2.494269042748054610e-01,3.930189507173054153e-14,6.1.1-I-900
objective_profiles,2,3,2,1.000000000000000000e+00,4.152787295564890901e-01,4.152787295564890901e-01,3.000000000000000000e+01,1073741824,1.019970685457260551e+00,display,256,64,65,129,1.024252402740116308e+00,5.657473136348769834e-04,2.031080238158341458e-04,8.536826781072166489e-05,2.884762916265558243e-04,2.825641827020512151e-05,2.417434655353401851e+00,9.463600014381188966e-05,2.494269042748054610e-01,3.930189507173054153e-14,6.1.1-I-900
objective_profiles,2,3,2,1.000000000000000000e+00,4.152787295564890901e-01,4.152787295564890901e-01,3.000000000000000000e+01,1073741824,1.019970685457260551e+00,display,256,64,65,129,1.032826313985403477e+00,9.021516132490576710e-04,3.690128358859956167e-04,1.559599440260329929e-04,5.249727799120285825e-04,2.825641827020512151e-05,2.417434655353401851e+00,9.463600014381188966e-05,2.494269042748054610e-01,3.930189507173054153e-14,6.1.1-I-900
objective_profiles,2,3,2,1.000000000000000000e+00,4.152787295564890901e-01,4.152787295564890901e-01,3.000000000000000000e+01,1073741824,1.019970685457260551e+00,display,256,64,65,129,1.041410570016980675e+00,1.308114736060460390e-03,5.824048255987647168e-04,2.475018500191749076e-04,8.299066756179396785e-04,2.825641827020512151e-05,2.417434655353401851e+00,9.463600014381188966e-05,2.494269042748054610e-01,3.930189507173054153e-14,6.1.1-I-900
objective_profiles,2,3,2,1.000000000000000000e+00,4.152787295564890901e-01,4.152787295564890901e-01,3.000000000000000000e+01,1073741824,1.019970685457260551e+00,display,256,64,65,129,1.049999999999999822e+00,1.782221237644102162e-03,8.421224367002921917e-04,3.598232305560938567e-04,1.201945667256386048e-03,2.825641827020512151e-05,2.417434655353401851e+00,9.463600014381188966e-05,2.494269042748054610e-01,3.930189507173054153e-14,6.1.1-I-900
objective_profiles,2,3,2,1.000000000000000000e+00,4.152787295564890901e-01,4.152787295564890901e-01,3.000000000000000000e+01,1073741824,1.019970685457260551e+00,display,256,64,65,129,1.058589429983019192e+00,2.322970535744644984e-03,1.146926325184278962e-03,4.927056006903523513e-04,1.639631925874631205e-03,2.825641827020512151e-05,2.417434655353401851e+00,9.463600014381188966e-05,2.494269042748054610e-01,3.930189507173054153e-14,6.1.1-I-900
objective_profiles,2,3,2,1.000000000000000000e+00,4.152787295564890901e-01,4.152787295564890901e-01,3.000000000000000000e+01,1073741824,1.019970685457260551e+00,display,256,64,65,129,1.067173686014596168e+00,2.928691388509942727e-03,1.495504694662825457e-03,6.458836905676039507e-04,2.141388385230429299e-03,2.825641827020512151e-05,2.417434655353401851e+00,9.463600014381188966e-05,2.494269042748054610e-01,3.930189507173054153e-14,6.1.1-I-900
objective_profiles,2,3,2,1.000000000000000000e+00,4.152787295564890901e-01,4.152787295564890901e-01,3.000000000000000000e+01,1073741824,1.019970685457260551e+00,display,256,64,65,129,1.075747597259883559e+00,3.597630935671749380e-03,1.886478530323115960e-03,8.190464786694125155e-04,2.705525008992528367e-03,2.825641827020512151e-05,2.417434655353401851e+00,9.463600014381188966e-05,2.494269042748054610e-01,3.930189507173054153e-14,6.1.1-I-900
objective_profiles,2,3,2,1.000000000000000000e+00,4.152787295564890901e-01,4.152787295564890901e-01,3.000000000000000000e+01,1073741824,1.019970685457260551e+00,display,256,64,65,129,1.084305999115346086e+00,4.327935789692761472e-03,2.318406722685604788e-03,1.011838309240712394e-03,3.330245031926317399e-03,2.825641827020512151e-05,2.417434655353401851e+00,9.463600014381188966e-05,2.494269042748054610e-01,3.930189507173054153e-14,6.1.1-I-900
objective_profiles,2,3,2,1.000000000000000000e+00,4.152787295564890901e-01,4.152787295564890901e-01,3.000000000000000000e+01,1073741824,1.019970685457260551e+00,display,256,64,65,129,1.092843736319725645e+00,5.117619881118165744e-03,2.789791073846262237e-03,1.223860089634258791e-03,4.013651163480520812e-03,2.825641827020512151e-05,2.417434655353401851e+00,9.463600014381188966e-05,2.494269042748054610e-01,3.930189507173054153e-14,6.1.1-I-900
objective_profiles,2,3,2,1.000000000000000000e+00,4.152787295564890901e-01,4.152787295564890901e-01,3.000000000000000000e+01,1073741824,1.019970685457260551e+00,display,256,64,65,129,1.101355666059376404e+00,5.964635422764948298e-03,3.299081180249124803e-03,1.454670563300801541e-03,4.753751743549926127e-03,2.825641827020512151e-05,2.417434655353401851e+00,9.463600014381188966e-05,2.494269042748054610e-01,3.930189507173054153e-14,6.1.1-I-900
objective_profiles,2,3,2,1.000000000000000000e+00,4.152787295564890901e-01,4.152787295564890901e-01,3.000000000000000000e+01,1073741824,1.019970685457260551e+00,display,256,64,65,129,1.109836661066105457e+00,6.866790235481512114e-03,3.844679187254561401e-03,1.703787654161809583e-03,5.548466841416370768e-03,2.825641827020512151e-05,2.417434655353401851e+00,9.463600014381188966e-05,2.494269042748054610e-01,3.930189507173054153e-14,6.1.1-I-900
objective_profiles,2,3,2,1.000000000000000000e+00,4.152787295564890901e-01,4.152787295564890901e-01,3.000000000000000000e+01,1073741824,1.019970685457260551e+00,display,256,64,65,129,1.118281612705644745e+00,7.821840660684080404e-03,4.424944411893945266e-03,1.970689878112385617e-03,6.395634290006330450e-03,2.825641827020512151e-05,2.417434655353401851e+00,9.463600014381188966e-05,2.494269042748054610e-01,3.930189507173054153e-14,6.1.1-I-900
objective_profiles,2,3,2,1.000000000000000000e+00,4.152787295564890901e-01,4.152787295564890901e-01,3.000000000000000000e+01,1073741824,1.019970685457260551e+00,display,256,64,65,129,1.126685434054904400e+00,8.827532097610000725e-03,5.038197831198952016e-03,2.254817817425050930e-03,7.293015648624003380e-03,2.825641827020512151e-05,2.417434655353401851e+00,9.463600014381188966e-05,2.494269042748054610e-01,3.930189507173054153e-14,6.1.1-I-900
objective_profiles,2,3,2,1.000000000000000000e+00,4.152787295564890901e-01,4.152787295564890901e-01,3.000000000000000000e+01,1073741824,1.019970685457260551e+00,display,256,64,65,129,1.135043062966142324e+00,9.881381215564566042e-03,5.682726434398440753e-03,2.555575653849988076e-03,8.238302088248428828e-03,2.825641827020512151e-05,2.417434655353401851e+00,9.463600014381188966e-05,2.494269042748054610e-01,3.930189507173054153e-14,6.1.1-I-900
objective_profiles,2,3,2,1.000000000000000000e+00,4.152787295564890901e-01,4.152787295564890901e-01,3.000000000000000000e+01,1073741824,1.019970685457260551e+00,display,256,64,65,129,1.143349465116214381e+00,1.098102757539999759e-02,6.356787438076326111e-03,2.872332756240350300e-03,9.229120194316675976e-03,2.825641827020512151e-05,2.417434655353401851e+00,9.463600014381188966e-05,2.494269042748054610e-01,3.930189507173054153e-14,6.1.1-I-900
objective_profiles,2,3,2,1.000000000000000000e+00,4.152787295564890901e-01,4.152787295564890901e-01,3.000000000000000000e+01,1073741824,1.019970685457260551e+00,display,256,64,65,129,1.151599637039061541e+00,1.212389298221001541e-02,7.058612364095636152e-03,3.204425318568846978e-03,1.026303768266448313e-02,2.825641827020512151e-05,2.417434655353401851e+00,9.463600014381188966e-05,2.494269042748054610e-01,3.930189507173054153e-14,6.1.1-I-900
objective_profiles,2,3,2,1.000000000000000000e+00,4.152787295564890901e-01,4.152787295564890901e-01,3.000000000000000000e+01,1073741824,1.019970685457260551e+00,display,256,64,65,129,1.159788609139611903e+00,1.330739591364212861e-02,7.786410980714305458e-03,3.551158044243454392e-03,1.133756902495776028e-02,2.825641827020512151e-05,2.417434655353401851e+00,9.463600014381188966e-05,2.494269042748054610e-01,3.930189507173054153e-14,6.1.1-I-900
objective_profiles,2,3,2,1.000000000000000000e+00,4.152787295564890901e-01,4.152787295564890901e-01,3.000000000000000000e+01,1073741824,1.019970685457260551e+00,display,256,64,65,129,1.167911448687276810e+00,1.452895967853978093e-02,8.538375107868541314e-03,3.911805872676399863e-03,1.245018098054494204e-02,2.825641827020512151e-05,2.417434655353401851e+00,9.463600014381188966e-05,2.494269042748054610e-01,3.930189507173054153e-14,6.1.1-I-900
objective_profiles,2,3,2,1.000000000000000000e+00,4.152787295564890901e-01,4.152787295564890901e-01,3.000000000000000000e+01,1073741824,1.019970685457260551e+00,display,256,64,65,129,1.175963262787245833e+00,1.578585295548181472e-02,9.312682288067437170e-03,4.285615744109586879e-03,1.359829803217702318e-02,2.825641827020512151e-05,2.417434655353401851e+00,9.463600014381188966e-05,2.494269042748054610e-01,3.930189507173054153e-14,6.1.1-I-900
objective_profiles,2,3,2,1.000000000000000000e+00,4.152787295564890901e-01,4.152787295564890901e-01,3.000000000000000000e+01,1073741824,1.019970685457260551e+00,display,256,64,65,129,1.183939201327781188e+00,1.707544104696577872e-02,1.010749932474467976e-02,4.671808398753337158e-03,1.477930772349801691e-02,2.825641827020512151e-05,2.417434655353401851e+00,9.463600014381188966e-05,2.494269042748054610e-01,3.930189507173054153e-14,6.1.1-I-900
objective_profiles,2,3,2,1.000000000000000000e+00,4.152787295564890901e-01,4.152787295564890901e-01,3.000000000000000000e+01,1073741824,1.019970685457260551e+00,display,256,64,65,129,1.191834459901746301e+00,1.839493283352281947e-02,1.092098569025869333e-02,5.069580206349824127e-03,1.599056589660851832e-02,2.825641827020512151e-05,2.417434655353401851e+00,9.463600014381188966e-05,2.494269042748054610e-01,3.930189507173054153e-14,6.1.1-I-900
objective_profiles,2,3,2,1.000000000000000000e+00,4.152787295564890901e-01,4.152787295564890901e-01,3.000000000000000000e+01,1073741824,1.019970685457260551e+00,display,256,64,65,129,1.199644282700598641e+00,1.974159708971580038e-02,1.175129680601536344e-02,5.478105022331911968e-03,1.722940182834727454e-02,2.825641827020512151e-05,2.417434655353401851e+00,9.463600014381188966e-05,2.494269042748054610e-01,3.930189507173054153e-14,6.1.1-I-900
objective_profiles,2,3,2,1.000000000000000000e+00,4.152787295564890901e-01,4.152787295564890901e-01,3.000000000000000000e+01,1073741824,1.019970685457260551e+00,display,256,64,65,129,1.207363965379112170e+00,2.111267453077755527e-02,1.259658719742216826e-02,5.896536066807352150e-03,1.849312326422952041e-02,2.825641827020512151e-05,2.417434655353401851e+00,9.463600014381188966e-05,2.494269042748054610e-01,3.930189507173054153e-14,6.1.1-I-900
objective_profiles,2,3,2,1.000000000000000000e+00,4.152787295564890901e-01,4.152787295564890901e-01,3.000000000000000000e+01,1073741824,1.019970685457260551e+00,display,256,64,65,129,1.214988857889099272e+00,2.250529990557709886e-02,1.345501352657014170e-02,6.324007822661729949e-03,1.977902134923187338e-02,2.825641827020512151e-05,2.417434655353401851e+00,9.463600014381188966e-05,2.494269042748054610e-01,3.930189507173054153e-14,6.1.1-I-900
objective_profiles,2,3,2,1.000000000000000000e+00,4.152787295564890901e-01,4.152787295564890901e-01,3.000000000000000000e+01,1073741824,1.019970685457260551e+00,display,256,64,65,129,1.222514367280424175e+00,2.391669214097354168e-02,1.432473750568719062e-02,6.759637949136827924e-03,2.108437545482401768e-02,2.825641827020512151e-05,2.417434655353401851e+00,9.463600014381188966e-05,2.494269042748054610e-01,3.930189507173054153e-14,6.1.1-I-900
objective_profiles,2,3,2,1.000000000000000000e+00,4.152787295564890901e-01,4.152787295564890901e-01,3.000000000000000000e+01,1073741824,1.019970685457260551e+00,display,256,64,65,129,1.229935960467627432e+00,2.534402345160040662e-02,1.520392869451704480e-02,7.202529207307111631e-03,2.240645790182415470e-02,2.825641827020512151e-05,2.417434655353401851e+00,9.463600014381188966e-05,2.494269042748054610e-01,3.930189507173054153e-14,6.1.1-I-900
objective_profiles,2,3,2,1.000000000000000000e+00,4.152787295564890901e-01,4.152787295564890901e-01,3.000000000000000000e+01,1073741824,1.019970685457260551e+00,display,256,64,65,129,1.237249166960483926e+00,2.678449987046275030e-02,1.609076718484823976e-02,7.651771393944135913e-03,2.374253857879237567e-02,2.825641827020512151e-05,2.417434655353401851e+00,9.463600014381188966e-05,2.494269042748054610e-01,4.152234112098085461e-14,6.1.1-I-900
objective_profiles,2,3,2,1.000000000000000000e+00,4.152787295564890901e-01,4.152787295564890901e-01,3.000000000000000000e+01,1073741824,1.019970685457260551e+00,display,256,64,65,129,1.244449581556860585e+00,2.823525956985981078e-02,1.698344617547442939e-02,8.106443280326610518e-03,2.508988945580103991e-02,2.825641827020512151e-05,2.417434655353401851e+00,9.463600014381188966e-05,2.494269042748054610e-01,3.930189507173054153e-14,6.1.1-I-900
objective_profiles,2,3,2,1.000000000000000000e+00,4.152787295564890901e-01,4.152787295564890901e-01,3.000000000000000000e+01,1073741824,1.019970685457260551e+00,display,256,64,65,129,1.251532866996245774e+00,2.969348154729622991e-02,1.788017444087747557e-02,8.565614552624079350e-03,2.644578899350155665e-02,2.825641827020512151e-05,2.417434655353401851e+00,9.463600014381188966e-05,2.494269042748054610e-01,3.930189507173054153e-14,6.1.1-I-900
objective_profiles,2,3,2,1.000000000000000000e+00,4.152787295564890901e-01,4.152787295564890901e-01,3.000000000000000000e+01,1073741824,1.019970685457260551e+00,display,256,64,65,129,1.258494756572351658e+00,3.115635603040757193e-02,1.877917869693085731e-02,9.028347750550794193e-03,2.780752644748165150e-02,2.825641827020512151e-05,2.417434655353401851e+00,9.463600014381188966e-05,2.494269042748054610e-01,3.930189507173054153e-14,6.1.1-I-900
objective_profiles,2,3,2,1.000000000000000000e+00,4.152787295564890901e-01,4.152787295564890901e-01,3.000000000000000000e+01,1073741824,1.019970685457260551e+00,display,256,64,65,129,1.265331056703219215e+00,3.262115864061718162e-02,1.967870586689860965e-02,9.493700201059721705e-03,2.917240606795833135e-02,2.825641827020512151e-05,2.417434655353401851e+00,9.463600014381188966e-05,2.494269042748054610e-01,3.930189507173054153e-14,6.1.1-I-900
objective_profiles,2,3,2,1.000000000000000000e+00,4.152787295564890901e-01,4.152787295564890901e-01,3.000000000000000000e+01,1073741824,1.019970685457260551e+00,display,256,64,65,129,1.272037649457275599e+00,3.408504866670983985e-02,2.057702525096044913e-02,9.960725943916519734e-03,3.053775119487697060e-02,2.825641827020512151e-05,2.417434655353401851e+00,9.463600014381188966e-05,2.494269042748054610e-01,3.930189507173054153e-14,6.1.1-I-900
objective_profiles,2,3,2,1.000000000000000000e+00,4.152787295564890901e-01,4.152787295564890901e-01,3.000000000000000000e+01,1073741824,1.019970685457260551e+00,display,256,64,65,129,1.278610495033821737e+00,3.554530681726222191e-02,2.147243060245254340e-02,1.042847764606776896e-02,3.190090824852031409e-02,2.825641827020512151e-05,2.417434655353401851e+00,9.463600014381188966e-05,2.494269042748054610e-01,3.930189507173054153e-14,6.1.1-I-900
objective_profiles,2,3,2,1.000000000000000000e+00,4.152787295564890901e-01,4.152787295564890901e-01,3.000000000000000000e+01,1073741824,1.019970685457260551e+00,display,256,64,65,129,1.285045634196456454e+00,3.699923402148563856e-02,2.236324211393547409e-02,1.089600850178938998e-02,3.325925061572486408e-02,2.825641827020512151e-05,2.417434655353401851e+00,9.463600014381188966e-05,2.494269042748054610e-01,3.930189507173054153e-14,6.1.1-I-900
objective_profiles,2,3,2,1.000000000000000000e+00,4.152787295564890901e-01,4.152787295564890901e-01,3.000000000000000000e+01,1073741824,1.019970685457260551e+00,display,256,64,65,129,1.291339190657973424e+00,3.844410711660106728e-02,2.324780831613834989e-02,1.136237411567684978e-02,3.461018243181519793e-02,2.825641827020512151e-05,2.417434655353401851e+00,9.463600014381188966e-05,2.494269042748054610e-01,3.930189507173054153e-14,6.1.1-I-900
objective_profiles,2,3,2,1.000000000000000000e+00,4.152787295564890901e-01,4.152787295564890901e-01,3.000000000000000000e+01,1073741824,1.019970685457260551e+00,display,256,64,65,129,1.297487373415291412e+00,3.987729562840317682e-02,2.412450789273269669e-02,1.182663436561126949e-02,3.595114225834396271e-02,2.825641827020512151e-05,2.417434655353401851e+00,9.463600014381188966e-05,2.494269042748054610e-01,3.930189507173054153e-14,6.1.1-I-900
objective_profiles,2,3,2,1.000000000000000000e+00,4.152787295564890901e-01,4.152787295564890901e-01,3.000000000000000000e+01,1073741824,1.019970685457260551e+00,display,256,64,65,129,1.303486479033013179e+00,4.129616121199655016e-02,2.499175141380744619e-02,1.228785524291233465e-02,3.727960665671978258e-02,2.825641827020512151e-05,2.417434655353401851e+00,9.463600014381188966e-05,2.494269042748054610e-01,3.930189507173054153e-14,6.1.1-I-900
objective_profiles,2,3,2,1.000000000000000000e+00,4.152787295564890901e-01,4.152787295564890901e-01,3.000000000000000000e+01,1073741824,1.019970685457260551e+00,display,256,64,65,129,1.309332893874235459e+00,4.269820143586545991e-02,2.584798299081808928e-02,1.274511066696275459e-02,3.859309365778084561e-02,2.825641827020512151e-05,2.417434655353401851e+00,9.463600014381188966e-05,2.494269042748054610e-01,3.930189507173054153e-14,6.1.1-I-900
objective_profiles,2,3,2,1.000000000000000000e+00,4.152787295564890901e-01,4.152787295564890901e-01,3.000000000000000000e+01,1073741824,1.019970685457260551e+00,display,256,64,65,129,1.315023096277269543e+00,4.408080057534977114e-02,2.669168185568012233e-02,1.319748427166666550e-02,3.988916612734678957e-02,2.825641827020512151e-05,2.417434655353401851e+00,9.463600014381188966e-05,2.494269042748054610e-01,3.930189507173054153e-14,6.1.1-I-900
objective_profiles,2,3,2,1.000000000000000000e+00,4.152787295564890901e-01,4.152787295564890901e-01,3.000000000000000000e+01,1073741824,1.019970685457260551e+00,display,256,64,65,129,1.320553658676957731e+00,4.544156552473846422e-02,2.752136386657691794e-02,1.364407116117785125e-02,4.116543502775477092e-02,2.825641827020512151e-05,2.417434655353401851e+00,9.463600014381188966e-05,2.494269042748054610e-01,3.930189507173054153e-14,6.1.1-I-900
objective_profiles,2,3,2,1.000000000000000000e+00,4.152787295564890901e-01,4.152787295564890901e-01,3.000000000000000000e+01,1073741824,1.019970685457260551e+00,display,256,64,65,129,1.325921249669312019e+00,4.677803071038149491e-02,2.833558294294881083e-02,1.408397963241463102e-02,4.241956257536344532e-02,2.825641827020512151e-05,2.417434655353401851e+00,9.463600014381188966e-05,2.494269042748054610e-01,3.930189507173054153e-14,6.1.1-I-900
objective_profiles,2,3,2,1.000000000000000000e+00,4.152787295564890901e-01,4.152787295564890901e-01,3.000000000000000000e+01,1073741824,1.019970685457260551e+00,display,256,64,65,129,1.331122636018225558e+00,4.808784049233235519e-02,2.913293243201548269e-02,1.451633286194981172e-02,4.364926529396529614e-02,2.825641827020512151e-05,2.417434655353401851e+00,9.463600014381188966e-05,2.494269042748054610e-01,3.930189507173054153e-14,6.1.1-I-900
objective_profiles,2,3,2,1.000000000000000000e+00,4.152787295564890901e-01,4.152787295564890901e-01,3.000000000000000000e+01,1073741824,1.019970685457260551e+00,display,256,64,65,129,1.336154684603054088e+00,4.936868786255063646e-02,2.991204640908807361e-02,1.494027055494772695e-02,4.485231696403579882e-02,2.825641827020512151e-05,2.417434655353401851e+00,9.463600014381188966e-05,2.494269042748054610e-01,3.930189507173054153e-14,6.1.1-I-900
objective_profiles,2,3,2,1.000000000000000000e+00,4.152787295564890901e-01,4.152787295564890901e-01,3.000000000000000000e+01,1073741824,1.019970685457260551e+00,display,256,64,65,129,1.341014364305890716e+00,5.061832378734711785e-02,3.067160091381349388e-02,1.535495055389265832e-02,4.602655146770615047e-02,2.825641827020512151e-05,2.417434655353401851e+00,9.463600014381188966e-05,2.494269042748054610e-01,3.930189507173054153e-14,6.1.1-I-900
objective_profiles,2,3,2,1.000000000000000000e+00,4.152787295564890901e-01,4.152787295564890901e-01,3.000000000000000000e+01,1073741824,1.019970685457260551e+00,display,256,64,65,129,1.345698747837397402e+00,5.183461514974040812e-02,3.141031512438779288e-02,1.575955040493491957e-02,4.716986552932271592e-02,2.825641827020512151e-05,2.417434655353401851e+00,9.463600014381188966e-05,2.494269042748054610e-01,3.930189507173054153e-14,6.1.1-I-900
objective_profiles,2,3,2,1.000000000000000000e+00,4.152787295564890901e-01,4.152787295564890901e-01,3.000000000000000000e+01,1073741824,1.019970685457260551e+00,display,256,64,65,129,1.350205013500095141e+00,5.301536794688242737e-02,3.212695247167699636e-02,1.615326887975788647e-02,4.828022135143487936e-02,2.825641827020512151e-05,2.417434655353401851e+00,9.463600014381188966e-05,2.494269042748054610e-01,3.930189507173054153e-14,6.1.1-I-900
objective_profiles,2,3,2,1.000000000000000000e+00,4.152787295564890901e-01,4.152787295564890901e-01,3.000000000000000000e+01,1073741824,1.019970685457260551e+00,display,256,64,65,129,1.354530446888048800e+00,5.415860238027467299e-02,3.282032169507154845e-02,1.653532745094834708e-02,4.935564914601989206e-02,2.825641827020512151e-05,2.417434655353401851e+00,9.463600014381188966e-05,2.494269042748054610e-01,3.930189507173054153e-14,6.1.1-I-900
objective_profiles,2,3,2,1.000000000000000000e+00,4.152787295564890901e-01,4.152787295564890901e-01,3.000000000000000000e+01,1073741824,1.019970685457260551e+00,display,256,64,65,129,1.358672442521924095e+00,5.526234421849211820e-02,3.348927784180964762e-02,1.690497171893198466e-02,5.039424956074163575e-02,2.825641827020512151e-05,2.417434655353401851e+00,9.463600014381188966e-05,2.494269042748054610e-01,5.173639294753229478e-14,6.1.1-I-900
objective_profiles,2,3,2,1.000000000000000000e+00,4.152787295564890901e-01,4.152787295564890901e-01,3.000000000000000000e+01,1073741824,1.019970685457260551e+00,display,256,64,65,129,1.362628505418430169e+00,5.632468741076227664e-02,3.413272321139766002e-02,1.726147278861506901e-02,5.139419600001272903e-02,2.825641827020512151e-05,2.417434655353401851e+00,9.463600014381188966e-05,2.494269042748054610e-01,3.930189507173054153e-14,6.1.1-I-900
objective_profiles,2,3,2,1.000000000000000000e+00,4.152787295564890901e-01,4.152787295564890901e-01,3.000000000000000000e+01,1073741824,1.019970685457260551e+00,display,256,64,65,129,1.366396252593204963e+00,5.734381321978096469e-02,3.474960824666219888e-02,1.760412859395421234e-02,5.235373684061640776e-02,2.825641827020512151e-05,2.417434655353401851e+00,9.463600014381188966e-05,2.494269042748054610e-01,3.930189507173054153e-14,6.1.1-I-900
objective_profiles,2,3,2,1.000000000000000000e+00,4.152787295564890901e-01,4.152787295564890901e-01,3.000000000000000000e+01,1073741824,1.019970685457260551e+00,display,256,64,65,129,1.369973414496235664e+00,5.831799649266852792e-02,3.533893237287864114e-02,1.793226516875521398e-02,5.327119754163385512e-02,2.825641827020512151e-05,2.417434655353401851e+00,9.463600014381188966e-05,2.494269042748054610e-01,3.930189507173054153e-14,6.1.1-I-900
objective_profiles,2,3,2,1.000000000000000000e+00,4.152787295564890901e-01,4.152787295564890901e-01,3.000000000000000000e+01,1073741824,1.019970685457260551e+00,display,256,64,65,129,1.373357836378950259e+00,5.924559391892415816e-02,3.589974478632022847e-02,1.824523786208296153e-02,5.414498264840318653e-02,2.825641827020512151e-05,2.417434655353401851e+00,9.463600014381188966e-05,2.494269042748054610e-01,3.930189507173054153e-14,6.1.1-I-900
objective_profiles,2,3,2,1.000000000000000000e+00,4.152787295564890901e-01,4.152787295564890901e-01,3.000000000000000000e+01,1073741824,1.019970685457260551e+00,display,256,64,65,129,1.376547479592158396e+00,6.012502860899249929e-02,3.643114519349329589e-02,1.854243249674613833e-02,5.497357769023943075e-02,2.825641827020512151e-05,2.417434655353401851e+00,9.463600014381188966e-05,2.494269042748054610e-01,3.930189507173054153e-14,6.1.1-I-900
objective_profiles,2,3,2,1.000000000000000000e+00,4.152787295564890901e-01,4.152787295564890901e-01,3.000000000000000000e+01,1073741824,1.019970685457260551e+00,display,256,64,65,129,1.379540422814057088e+00,6.095480100444778532e-02,3.693228450223089154e-02,1.882326646940006218e-02,5.575555097163095719e-02,2.825641827020512151e-05,2.417434655353401851e+00,9.463600014381188966e-05,2.494269042748054610e-01,4.662936703425657470e-14,6.1.1-I-900
objective_profiles,2,3,2,1.000000000000000000e+00,4.152787295564890901e-01,4.152787295564890901e-01,3.000000000000000000e+01,1073741824,1.019970685457260551e+00,display,256,64,65,129,1.382334863207562714e+00,6.173353082301295813e-02,3.740236546573457582e-02,1.908718979089372297e-02,5.648955525662829880e-02,2.825641827020512151e-05,2.417434655353401851e+00,9.463600014381188966e-05,2.494269042748054610e-01,3.930189507173054153e-14,6.1.1-I-900
objective_profiles,2,3,2,1.000000000000000000e+00,4.152787295564890901e-01,4.152787295564890901e-01,3.000000000000000000e+01,1073741824,1.019970685457260551e+00,display,256,64,65,129,1.384929117506273011e+00,6.245988852596557478e-02,3.784064328057912957e-02,1.933368606556818900e-02,5.717432934614731510e-02,2.825641827020512151e-05,2.417434655353401851e+00,9.463600014381188966e-05,2.494269042748054610e-01,3.930189507173054153e-14,6.1.1-I-900
objective_profiles,2,3,2,1.000000000000000000e+00,4.152787295564890901e-01,4.152787295564890901e-01,3.000000000000000000e+01,1073741824,1.019970685457260551e+00,display,256,64,65,129,1.387321623028404005e+00,6.313271238665393859e-02,3.824642613960771431e-02,1.956227340829637742e-02,5.780869954790408827e-02,2.825641827020512151e-05,2.417434655353401851e+00,9.463600014381188966e-05,2.494269042748054610e-01,3.930189507173054153e-14,6.1.1-I-900
objective_profiles,2,3,2,1.000000000000000000e+00,4.152787295564890901e-01,4.152787295564890901e-01,3.000000000000000000e+01,1073741824,1.019970685457260551e+00,display,256,64,65,129,1.389510938618090385e+00,6.375077992053840292e-02,3.861907574057659581e-02,1.977250529813484939e-02,5.839158103871144867e-02,2.825641827020512151e-05,2.417434655353401851e+00,9.463600014381188966e-05,2.494269042748054610e-01,3.930189507173054153e-14,6.1.1-I-900
objective_profiles,2,3,2,1.000000000000000000e+00,4.152787295564890901e-01,4.152787295564890901e-01,3.000000000000000000e+01,1073741824,1.019970685457260551e+00,display,256,64,65,129,1.391495745513484872e+00,6.431318347068198937e-02,3.895800775132928634e-02,1.996397136754309368e-02,5.892197911887238349e-02,2.825641827020512151e-05,2.417434655353401851e+00,9.463600014381188966e-05,2.494269042748054610e-01,3.930189507173054153e-14,6.1.1-I-900
objective_profiles,2,3,2,1.000000000000000000e+00,4.152787295564890901e-01,4.152787295564890901e-01,3.000000000000000000e+01,1073741824,1.019970685457260551e+00,display,256,64,65,129,1.393274848141130562e+00,6.481889760774876830e-02,3.926269223221594967e-02,2.013629812620624029e-02,5.939899035842219344e-02,2.825641827020512151e-05,2.417434655353401851e+00,9.463600014381188966e-05,2.494269042748054610e-01,3.930189507173054153e-14,6.1.1-I-900
objective_profiles,2,3,2,1.000000000000000000e+00,4.152787295564890901e-01,4.152787295564890901e-01,3.000000000000000000e+01,1073741824,1.019970685457260551e+00,display,256,64,65,129,1.394847174836129300e+00,6.526710829122100987e-02,3.953265401639494830e-02,2.028914961858184485e-02,5.982180363497679315e-02,2.825641827020512151e-05,2.417434655353401851e+00,9.463600014381188966e-05,2.494269042748054610e-01,3.930189507173054153e-14,6.1.1-I-900
objective_profiles,2,3,2,1.000000000000000000e+00,4.152787295564890901e-01,4.152787295564890901e-01,3.000000000000000000e+01,1073741824,1.019970685457260551e+00,display,256,64,65,129,1.396211778487673305e+00,6.565707391652532421e-02,3.976747304859523657e-02,2.042222801437372157e-02,6.018970106296896161e-02,2.825641827020512151e-05,2.417434655353401851e+00,9.463600014381188966e-05,2.494269042748054610e-01,3.930189507173054153e-14,6.1.1-I-900
objective_profiles,2,3,2,1.000000000000000000e+00,4.152787295564890901e-01,4.152787295564890901e-01,3.000000000000000000e+01,1073741824,1.019970685457260551e+00,display,256,64,65,129,1.397367837109548372e+00,6.598813030620197251e-02,3.996678468284746433e-02,2.053527413121921177e-02,6.050205881406667263e-02,2.825641827020512151e-05,2.417434655353401851e+00,9.463600014381188966e-05,2.494269042748054610e-01,3.930189507173054153e-14,6.1.1-I-900
objective_profiles,2,3,2,1.000000000000000000e+00,4.152787295564890901e-01,4.152787295564890901e-01,3.000000000000000000e+01,1073741824,1.019970685457260551e+00,display,256,64,65,129,1.398314654335268692e+00,6.625976880890677156e-02,4.013027993963082241e-02,2.062806788896036705e-02,6.075834782859118599e-02,2.825641827020512151e-05,2.417434655353401851e+00,9.463600014381188966e-05,2.494269042748054610e-01,6.483702463810914196e-14,6.1.1-I-900
objective_profiles,2,3,2,1.000000000000000000e+00,4.152787295564890901e-01,4.152787295564890901e-01,3.000000000000000000e+01,1073741824,1.019970685457260551e+00,display,256,64,65,129,1.399051659837541539e+00,6.647148352483751854e-02,4.025770572281661686e-02,2.070042869495209922e-02,6.095813441776871955e-02,2.825641827020512151e-05,2.417434655353401851e+00,9.463600014381188966e-05,2.494269042748054610e-01,3.930189507173054153e-14,6.1.1-I-900
objective_profiles,2,3,2,1.000000000000000000e+00,4.152787295564890901e-01,4.152787295564890901e-01,3.000000000000000000e+01,1073741824,1.019970685457260551e+00,display,256,64,65,129,1.399578409671810242e+00,6.662298803766300570e-02,4.034886499673235455e-02,2.075221575994551024e-02,6.110108075667786132e-02,2.825641827020512151e-05,2.417434655353401851e+00,9.463600014381188966e-05,2.494269042748054610e-01,4.141131881851833896e-14,6.1.1-I-900
objective_profiles,2,3,2,1.000000000000000000e+00,4.152787295564890901e-01,4.152787295564890901e-01,3.000000000000000000e+01,1073741824,1.019970685457260551e+00,display,256,64,65,129,1.399894586543671382e+00,6.671397938980505593e-02,4.040361692360946999e-02,2.078332834416762864e-02,6.118694526777709863e-02,2.825641827020512151e-05,2.417434655353401851e+00,9.463600014381188966e-05,2.494269042748054610e-01,3.930189507173054153e-14,6.1.1-I-900
objective_profiles,2,3,2,1.000000000000000000e+00,4.152787295564890901e-01,4.152787295564890901e-01,3.000000000000000000e+01,1073741824,1.019970685457260551e+00,display,256,64,65,129,1.399999999999999911e+00,6.674432125195317589e-02,4.042187696161417959e-02,2.079370593330320816e-02,6.121558289491738775e-02,2.825641827020512151e-05,2.417434655353401851e+00,9.463600014381188966e-05,2.494269042748054610e-01,3.930189507173054153e-14,6.1.1-I-900
objective_profiles,2,3,2,1.100000000000000089e+00,4.152787295564890901e-01,4.568066025121380602e-01,3.000000000000000000e+01,1073741824,1.021967754002986561e+00,verification,128,32,33,65,6.999999999999999556e-01,5.662882216679903519e-02,3.458892972297766821e-02,2.324880585173530120e-02,5.783773557471297289e-02,7.271265251480139185e-05,1.164736527279781830e+00,1.301755169689331089e-04,2.499199241174994701e-01,9.658940314238861902e-15,6.1.1-I-900
objective_profiles,2,3,2,1.100000000000000089e+00,4.152787295564890901e-01,4.568066025121380602e-01,3.000000000000000000e+01,1073741824,1.021967754002986561e+00,verification,128,32,33,65,7.004215903281896249e-01,5.644211141143220395e-02,3.447102138264604432e-02,2.317940074203488077e-02,5.765042212468092508e-02,7.271265251480139185e-05,1.164736527279781830e+00,1.301755169689331089e-04,2.499199241174994701e-01,8.881784197001252323e-15,6.1.1-I-900
objective_profiles,2,3,2,1.100000000000000089e+00,4.152787295564890901e-01,4.568066025121380602e-01,3.000000000000000000e+01,1073741824,1.021967754002986561e+00,verification,128,32,33,65,7.016853456647310638e-01,5.588460180478529993e-02,3.411924591331264717e-02,2.297205469092840346e-02,5.709130060424105063e-02,7.271265251480139185e-05,1.164736527279781830e+00,1.301755169689331089e-04,2.499199241174994701e-01,5.551115123125782702e-15,6.1.1-I-900
objective_profiles,2,3,2,1.100000000000000089e+00,4.152787295564890901e-01,4.568066025121380602e-01,3.000000000000000000e+01,1073741824,1.021967754002986561e+00,verification,128,32,33,65,7.037882215123265617e-01,5.496495729043627404e-02,3.353940143508669230e-02,2.262936248056788419e-02,5.616876391565457649e-02,7.271265251480139185e-05,1.164736527279781830e+00,1.301755169689331089e-04,2.499199241174994701e-01,5.551115123125782702e-15,6.1.1-I-900
objective_profiles,2,3,2,1.100000000000000089e+00,4.152787295564890901e-01,4.568066025121380602e-01,3.000000000000000000e+01,1073741824,1.021967754002986561e+00,verification,128,32,33,65,7.067251518588693049e-01,5.369693361732677528e-02,3.274098522663924926e-02,2.215560553924046661e-02,5.489659076587971587e-02,7.271265251480139185e-05,1.164736527279781830e+00,1.301755169689331089e-04,2.499199241174994701e-01,5.551115123125782702e-15,6.1.1-I-900
objective_profiles,2,3,2,1.100000000000000089e+00,4.152787295564890901e-01,4.568066025121380602e-01,3.000000000000000000e+01,1073741824,1.021967754002986561e+00,verification,128,32,33,65,7.104890613819095924e-01,5.209953542804972998e-02,3.173695187414631025e-02,2.155668815794949122e-02,5.329364003209580147e-02,7.271265251480139185e-05,1.164736527279781830e+00,1.301755169689331089e-04,2.499199241174994701e-01,5.551115123125782702e-15,6.1.1-I-900
objective_profiles,2,3,2,1.100000000000000089e+00,4.152787295564890901e-01,4.568066025121380602e-01,3.000000000000000000e+01,1073741824,1.021967754002986561e+00,verification,128,32,33,65,7.150708824937268560e-01,5.019641346344891342e-02,3.054338921589646802e-02,2.084005021153841064e-02,5.138343942743488213e-02,7.271265251480139185e-05,1.164736527279781830e+00,1.301755169689331089e-04,2.499199241174994701e-01,5.551115123125782702e-15,6.1.1-I-900
objective_profiles,2,3,2,1.100000000000000089e+00,4.152787295564890901e-01,4.568066025121380602e-01,3.000000000000000000e+01,1073741824,1.021967754002986561e+00,verification,128,32,33,65,7.204595771859426678e-01,4.801550768956758947e-02,2.917912544339675354e-02,2.001455830892643478e-02,4.919368375232319179e-02,7.271265251480139185e-05,1.164736527279781830e+00,1.301755169689331089e-04,2.499199241174994701e-01,5.551115123125782702e-15,6.1.1-I-900
objective_profiles,2,3,2,1.100000000000000089e+00,4.152787295564890901e-01,4.568066025121380602e-01,3.000000000000000000e+01,1073741824,1.021967754002986561e+00,verification,128,32,33,65,7.266421636210496082e-01,4.558832306117505812e-02,2.766528298700840494e-02,1.909037772014834586e-02,4.675566070715675426e-02,7.271265251480139185e-05,1.164736527279781830e+00,1.301755169689331089e-04,2.499199241174994701e-01,9.103828801926283631e-15,6.1.1-I-900
objective_profiles,2,3,2,1.100000000000000089e+00,4.152787295564890901e-01,4.568066025121380602e-01,3.000000000000000000e+01,1073741824,1.021967754002986561e+00,verification,128,32,33,65,7.336037474067947928e-01,4.294931556781927950e-02,2.602479612547190999e-02,1.807882776683784887e-02,4.410362389230976232e-02,7.271265251480139185e-05,1.164736527279781830e+00,1.301755169689331089e-04,2.499199241174994701e-01,5.551115123125782702e-15,6.1.1-I-900
objective_profiles,2,3,2,1.100000000000000089e+00,4.152787295564890901e-01,4.568066025121380602e-01,3.000000000000000000e+01,1073741824,1.021967754002986561e+00,verification,128,32,33,65,7.413275574780756605e-01,4.013533276967042041e-02,2.428190959781850386e-02,1.699222360969501397e-02,4.127413320751351783e-02,7.271265251480139185e-05,1.164736527279781830e+00,1.301755169689331089e-04,2.499199241174994701e-01,1.088018564132653410e-14,6.1.1-I-900
objective_profiles,2,3,2,1.100000000000000089e+00,4.152787295564890901e-01,4.568066025121380602e-01,3.000000000000000000e+01,1073741824,1.021967754002986561e+00,verification,128,32,33,65,7.497949864999047254e-01,3.718480062675960651e-02,2.246167492398635362e-02,1.584370751842069033e-02,3.830538244240704049e-02,7.271265251480139185e-05,1.164736527279781830e+00,1.301755169689331089e-04,2.499199241174994701e-01,5.551115123125782702e-15,6.1.1-I-900
objective_profiles,2,3,2,1.100000000000000089e+00,4.152787295564890901e-01,4.568066025121380602e-01,3.000000000000000000e+01,1073741824,1.021967754002986561e+00,verification,128,32,33,65,7.589856356941091509e-01,3.413729292606308696e-02,2.058945978173175664e-02,1.464707276836910502e-02,3.523653255010086166e-02,7.271265251480139185e-05,1.164736527279781830e+00,1.301755169689331089e-04,2.499199241174994701e-01,7.993605777301127091e-15,6.1.1-I-900
objective_profiles,2,3,2,1.100000000000000089e+00,4.152787295564890901e-01,4.568066025121380602e-01,3.000000000000000000e+01,1073741824,1.021967754002986561e+00,verification,128,32,33,65,7.688773639817741978e-01,3.103248979484194911e-02,1.869048381208581605e-02,1.341658327967790859e-02,3.210706709176372464e-02,7.271265251480139185e-05,1.164736527279781830e+00,1.301755169689331089e-04,2.499199241174994701e-01,5.551115123125782702e-15,6.1.1-I-900
objective_profiles,2,3,2,1.100000000000000089e+00,4.152787295564890901e-01,4.568066025121380602e-01,3.000000000000000000e+01,1073741824,1.021967754002986561e+00,verification,128,32,33,65,7.794463413230420246e-01,2.790993418372847076e-02,1.678939182790028725e-02,1.216679200813124140e-02,2.895618383603152865e-02,7.271265251480139185e-05,1.164736527279781830e+00,1.301755169689331089e-04,2.499199241174994701e-01,1.287858708565181587e-14,6.1.1-I-900
objective_profiles,2,3,2,1.100000000000000089e+00,4.152787295564890901e-01,4.568066025121380602e-01,3.000000000000000000e+01,1073741824,1.021967754002986561e+00,verification,128,32,33,65,7.906671061257641853e-01,2.480829386581745455e-02,1.490987277805159127e-02,1.091236092414629363e-02,2.582223370219788317e-02,7.271265251480139185e-05,1.164736527279781830e+00,1.301755169689331089e-04,2.499199241174994701e-01,7.327471962526033167e-15,6.1.1-I-900
objective_profiles,2,3,2,1.100000000000000089e+00,4.152787295564890901e-01,4.568066025121380602e-01,3.000000000000000000e+01,1073741824,1.021967754002986561e+00,verification,128,32,33,65,8.025126265847083440e-01,2.176484436830665795e-02,1.307433015809641649e-02,9.667885190126816394e-03,2.274221534822323115e-02,7.271265251480139185e-05,1.164736527279781830e+00,1.301755169689331089e-04,2.499199241174994701e-01,1.076916333886401844e-14,6.1.1-I-900
objective_profiles,2,3,2,1.100000000000000089e+00,4.152787295564890901e-01,4.568066025121380602e-01,3.000000000000000000e+01,1073741824,1.021967754002986561e+00,verification,128,32,33,65,8.149543658035435234e-01,1.881513682197469631e-02,1.130360701428116850e-02,8.447723880600785731e-03,1.975133089488195423e-02,7.271265251480139185e-05,1.164736527279781830e+00,1.301755169689331089e-04,2.499199241174994701e-01,5.551115123125782702e-15,6.1.1-I-900
objective_profiles,2,3,2,1.100000000000000089e+00,4.152787295564890901e-01,4.568066025121380602e-01,3.000000000000000000e+01,1073741824,1.021967754002986561e+00,verification,128,32,33,65,8.279623505427240460e-01,1.599242182602170215e-02,9.616766384567494719e-03,7.265839297351584826e-03,1.688260568191907868e-02,7.271265251480139185e-05,1.164736527279781830e+00,1.301755169689331089e-04,2.499199241174994701e-01,5.551115123125782702e-15,6.1.1-I-900
objective_profiles,2,3,2,1.100000000000000089e+00,4.152787295564890901e-01,4.568066025121380602e-01,3.000000000000000000e+01,1073741824,1.021967754002986561e+00,verification,128,32,33,65,8.415052434276482085e-01,1.332755092544915879e-02,8.030926042423322531e-03,6.135646625536513889e-03,1.416657266795983555e-02,7.271265251480139185e-05,1.164736527279781830e+00,1.301755169689331089e-04,2.499199241174994701e-01,5.551115123125782702e-15,6.1.1-I-900
objective_profiles,2,3,2,1.100000000000000089e+00,4.152787295564890901e-01,4.568066025121380602e-01,3.000000000000000000e+01,1073741824,1.021967754002986561e+00,verification,128,32,33,65,8.555504184431391712e-01,1.084853992432940548e-02,6.561144804012347675e-03,5.069875367517283696e-03,1.163102017152963137e-02,7.271265251480139185e-05,1.164736527279781830e+00,1.301755169689331089e-04,2.499199241174994701e-01,1.587618925213973853e-14,6.1.1-I-900
objective_profiles,2,3,2,1.100000000000000089e+00,4.152787295564890901e-01,4.568066025121380602e-01,3.000000000000000000e+01,1073741824,1.021967754002986561e+00,verification,128,32,33,65,8.700640395323723242e-01,8.580434615744439442e-03,5.220356441571610655e-03,4.080443688060716480e-03,9.300800129632327135e-03,7.271265251480139185e-05,1.164736527279781830e+00,1.301755169689331089e-04,2.499199241174994701e-01,1.443289932012703503e-14,6.1.1-I-900
objective_profiles,2,3,2,1.100000000000000089e+00,4.152787295564890901e-01,4.568066025121380602e-01,3.000000000000000000e+01,1073741824,1.021967754002986561e+00,verification,128,32,33,65,8.850111421109007059e-01,6.545192848639350656e-03,4.019346402659105741e-03,3.178346515123014852e-03,7.197692917782120593e-03,7.271265251480139185e-05,1.164736527279781830e+00,1.301755169689331089e-04,2.499199241174994701e-01,5.551115123125782702e-15,6.1.1-I-900
objective_profiles,2,3,2,1.100000000000000089e+00,4.152787295564890901e-01,4.568066025121380602e-01,3.000000000000000000e+01,1073741824,1.021967754002986561e+00,verification,128,32,33,65,9.003557172994012259e-01,4.761618645622614845e-03,2.966766034063081803e-03,2.373557970202279290e-03,5.340324004265361094e-03,7.271265251480139185e-05,1.164736527279781830e+00,1.301755169689331089e-04,2.499199241174994701e-01,5.551115123125782702e-15,6.1.1-I-900
objective_profiles,2,3,2,1.100000000000000089e+00,4.152787295564890901e-01,4.568066025121380602e-01,3.000000000000000000e+01,1073741824,1.021967754002986561e+00,verification,128,32,33,65,9.160607986722184570e-01,3.245205916490273134e-03,2.069178804888064261e-03,1.674948455096277608e-03,3.744127259984342086e-03,7.271265251480139185e-05,1.164736527279781830e+00,1.301755169689331089e-04,2.499199241174994701e-01,1.032507412901395583e-14,6.1.1-I-900
objective_profiles,2,3,2,1.100000000000000089e+00,4.152787295564890901e-01,4.568066025121380602e-01,3.000000000000000000e+01,1073741824,1.021967754002986561e+00,verification,128,32,33,65,9.320885513127229460e-01,2.008277171660643318e-03,1.331133063243395949e-03,1.090216500165874835e-03,2.421349563409270784e-03,7.271265251480139185e-05,1.164736527279781830e+00,1.301755169689331089e-04,2.499199241174994701e-01,5.995204332975845318e-15,6.1.1-I-900
objective_profiles,2,3,2,1.100000000000000089e+00,4.152787295564890901e-01,4.568066025121380602e-01,3.000000000000000000e+01,1073741824,1.021967754002986561e+00,verification,128,32,33,65,9.484003629609381036e-01,1.059999458183075085e-03,7.552560910284609672e-04,6.258352838969837625e-04,1.381091374925444730e-03,7.271265251480139185e-05,1.164736527279781830e+00,1.301755169689331089e-04,2.499199241174994701e-01,2.087219286295294296e-14,6.1.1-I-900
objective_profiles,2,3,2,1.100000000000000089e+00,4.152787295564890901e-01,4.568066025121380602e-01,3.000000000000000000e+01,1073741824,1.021967754002986561e+00,verification,128,32,33,65,9.649569370338575425e-01,4.063717646115345039e-04,3.423645897731725229e-04,2.870135646196509717e-04,6.293781543928234946e-04,7.271265251480139185e-05,1.164736527279781830e+00,1.301755169689331089e-04,2.499199241174994701e-01,1.665334536937734811e-14,6.1.1-I-900
objective_profiles,2,3,2,1.100000000000000089e+00,4.152787295564890901e-01,4.568066025121380602e-01,3.000000000000000000e+01,1073741824,1.021967754002986561e+00,verification,128,32,33,65,9.817183872943550105e-01,5.030784147777919843e-05,9.158719065486020151e-05,7.767062179379842285e-05,1.692578124486586108e-04,7.271265251480139185e-05,1.164736527279781830e+00,1.301755169689331089e-04,2.499199241174994701e-01,9.325873406851314940e-15,6.1.1-I-900
objective_profiles,2,3,2,1.100000000000000089e+00,4.152787295564890901e-01,4.568066025121380602e-01,3.000000000000000000e+01,1073741824,1.021967754002986561e+00,verification,128,32,33,65,9.986443339406233521e-01,-8.062517939329588411e-06,4.950935387189285225e-07,4.246848287637173627e-07,9.197783674826458852e-07,7.271265251480139185e-05,1.164736527279781830e+00,1.301755169689331089e-04,2.499199241174994701e-01,9.436895709313830594e-15,6.1.1-I-900
objective_profiles,2,3,2,1.100000000000000089e+00,4.152787295564890901e-01,4.568066025121380602e-01,3.000000000000000000e+01,1073741824,1.021967754002986561e+00,verification,128,32,33,65,1.015694000884653558e+00,2.285332234276599205e-04,6.523747038310509212e-05,5.659423006752562553e-05,1.218317004506307177e-04,7.271265251480139185e-05,1.164736527279781830e+00,1.301755169689331089e-04,2.499199241174994701e-01,5.884182030513329664e-15,6.1.1-I-900
objective_profiles,2,3,2,1.100000000000000089e+00,4.152787295564890901e-01,4.568066025121380602e-01,3.000000000000000000e+01,1073741824,1.021967754002986561e+00,verification,128,32,33,65,1.032826313985403477e+00,7.548007025188525768e-04,2.806787920414316527e-04,2.462114492202386760e-04,5.268902412616702745e-04,7.271265251480139185e-05,1.164736527279781830e+00,1.301755169689331089e-04,2.499199241174994701e-01,5.551115123125782702e-15,6.1.1-I-900
objective_profiles,2,3,2,1.100000000000000089e+00,4.152787295564890901e-01,4.568066025121380602e-01,3.000000000000000000e+01,1073741824,1.021967754002986561e+00,verification,128,32,33,65,1.049999999999999822e+00,1.562937355449698458e-03,6.405357356106953148e-04,5.680471329454694299e-04,1.208582868556164636e-03,7.271265251480139185e-05,1.164736527279781830e+00,1.301755169689331089e-04,2.499199241174994701e-01,5.551115123125782702e-15,6.1.1-I-900
objective_profiles,2,3,2,1.100000000000000089e+00,4.152787295564890901e-01,4.568066025121380602e-01,3.000000000000000000e+01,1073741824,1.021967754002986561e+00,verification,128,32,33,65,1.067173686014596168e+00,2.642901826262791277e-03,1.137511789210317011e-03,1.019646169248570157e-03,2.157157958458887168e-03,7.271265251480139185e-05,1.164736527279781830e+00,1.301755169689331089e-04,2.499199241174994701e-01,5.551115123125782702e-15,6.1.1-I-900
objective_profiles,2,3,2,1.100000000000000089e+00,4.152787295564890901e-01,4.568066025121380602e-01,3.000000000000000000e+01,1073741824,1.021967754002986561e+00,verification,128,32,33,65,1.084305999115346086e+00,3.982460004286496671e-03,1.763428084613209495e-03,1.597372825763052669e-03,3.360800910376261948e-03,7.271265251480139185e-05,1.164736527279781830e+00,1.301755169689331089e-04,2.499199241174994701e-01,5.551115123125782702e-15,6.1.1-I-900
objective_profiles,2,3,2,1.100000000000000089e+00,4.152787295564890901e-01,4.568066025121380602e-01,3.000000000000000000e+01,1073741824,1.021967754002986561e+00,verification,128,32,33,65,1.101355666059376404e+00,5.567568290156856177e-03,2.509349351752690038e-03,2.296464965828196730e-03,4.805814317580887202e-03,7.271265251480139185e-05,1.164736527279781830e+00,1.301755169689331089e-04,2.499199241174994701e-01,1.676436767183986376e-14,6.1.1-I-900
objective_profiles,2,3,2,1.100000000000000089e+00,4.152787295564890901e-01,4.568066025121380602e-01,3.000000000000000000e+01,1073741824,1.021967754002986561e+00,verification,128,32,33,65,1.118281612705644745e+00,7.382352113944146664e-03,3.365704202128570136e-03,3.111096338767054600e-03,6.476800540895624736e-03,7.271265251480139185e-05,1.164736527279781830e+00,1.301755169689331089e-04,2.499199241174994701e-01,5.551115123125782702e-15,6.1.1-I-900
objective_profiles,2,3,2,1.100000000000000089e+00,4.152787295564890901e-01,4.568066025121380602e-01,3.000000000000000000e+01,1073741824,1.021967754002986561e+00,verification,128,32,33,65,1.135043062966142324e+00,9.409404877304558545e-03,4.322399212155424511e-03,4.034446083292617287e-03,8.356845295448042665e-03,7.271265251480139185e-05,1.164736527279781830e+00,1.301755169689331089e-04,2.499199241174994701e-01,5.551115123125782702e-15,6.1.1-I-900
objective_profiles,2,3,2,1.100000000000000089e+00,4.152787295564890901e-01,4.568066025121380602e-01,3.000000000000000000e+01,1073741824,1.021967754002986561e+00,verification,128,32,33,65,1.151599637039061541e+00,1.162992041946492305e-02,5.368926495703684257e-03,5.058774588115816720e-03,1.042770108381950098e-02,7.271265251480139185e-05,1.164736527279781830e+00,1.301755169689331089e-04,2.499199241174994701e-01,8.437694987151189707e-15,6.1.1-I-900
objective_profiles,2,3,2,1.100000000000000089e+00,4.152787295564890901e-01,4.568066025121380602e-01,3.000000000000000000e+01,1073741824,1.021967754002986561e+00,verification,128,32,33,65,1.167911448687276810e+00,1.402402470002130606e-02,6.494464631613975671e-03,6.175504864371648972e-03,1.266996949598562378e-02,7.271265251480139185e-05,1.164736527279781830e+00,1.301755169689331089e-04,2.499199241174994701e-01,5.662137425588298356e-15,6.1.1-I-900
objective_profiles,2,3,2,1.100000000000000089e+00,4.152787295564890901e-01,4.568066025121380602e-01,3.000000000000000000e+01,1073741824,1.021967754002986561e+00,verification,128,32,33,65,1.183939201327781188e+00,1.657060561439267429e-02,7.687972951448727478e-03,7.375308599394858090e-03,1.506328155084358557e-02,7.271265251480139185e-05,1.164736527279781830e+00,1.301755169689331089e-04,2.499199241174994701e-01,5.551115123125782702e-15,6.1.1-I-900
objective_profiles,2,3,2,1.100000000000000089e+00,4.152787295564890901e-01,4.568066025121380602e-01,3.000000000000000000e+01,1073741824,1.021967754002986561e+00,verification,128,32,33,65,1.199644282700598641e+00,1.924800776371205988e-02,8.938279299996298999e-03,8.648196079782316525e-03,1.758647537977861552e-02,7.271265251480139185e-05,1.164736527279781830e+00,1.301755169689331089e-04,2.499199241174994701e-01,7.105427357601001859e-15,6.1.1-I-900
objective_profiles,2,3,2,1.100000000000000089e+00,4.152787295564890901e-01,4.568066025121380602e-01,3.000000000000000000e+01,1073741824,1.021967754002986561e+00,verification,128,32,33,65,1.214988857889099272e+00,2.203372295548670923e-02,1.023416146072915998e-02,9.983609192869211113e-03,2.021777065359837283e-02,7.271265251480139185e-05,1.164736527279781830e+00,1.301755169689331089e-04,2.499199241174994701e-01,5.551115123125782702e-15,6.1.1-I-900
objective_profiles,2,3,2,1.100000000000000089e+00,4.152787295564890901e-01,4.568066025121380602e-01,3.000000000000000000e+01,1073741824,1.021967754002986561e+00,verification,128,32,33,65,1.229935960467627432e+00,2.490490132518707184e-02,1.156442249499282926e-02,1.137051673913253361e-02,2.293493923412536287e-02,7.271265251480139185e-05,1.164736527279781830e+00,1.301755169689331089e-04,2.499199241174994701e-01,5.551115123125782702e-15,6.1.1-I-900
objective_profiles,2,3,2,1.100000000000000089e+00,4.152787295564890901e-01,4.568066025121380602e-01,3.000000000000000000e+01,1073741824,1.021967754002986561e+00,verification,128,32,33,65,1.244449581556860585e+00,2.783834736059683651e-02,1.291796028121238241e-02,1.279751131314668146e-02,2.571547159435906560e-02,7.271265251480139185e-05,1.164736527279781830e+00,1.301755169689331089e-04,2.499199241174994701e-01,6.772360450213454897e-15,6.1.1-I-900
objective_profiles,2,3,2,1.100000000000000089e+00,4.152787295564890901e-01,4.568066025121380602e-01,3.000000000000000000e+01,1073741824,1.021967754002986561e+00,verification,128,32,33,65,1.258494756572351658e+00,3.081070832757682593e-02,1.428383156246943939e-02,1.425290703718351711e-02,2.853673859965295823e-02,7.271265251480139185e-05,1.164736527279781830e+00,1.301755169689331089e-04,2.499199241174994701e-01,5.551115123125782702e-15,6.1.1-I-900
objective_profiles,2,3,2,1.100000000000000089e+00,4.152787295564890901e-01,4.568066025121380602e-01,3.000000000000000000e+01,1073741824,1.021967754002986561e+00,verification,128,32,33,65,1.272037649457275599e+00,3.379874945854324103e-02,1.565131082060769799e-02,1.572483745908469926e-02,3.137614827969240072e-02,7.271265251480139185e-05,1.164736527279781830e+00,1.301755169689331089e-04,2.499199241174994701e-01,5.551115123125782702e-15,6.1.1-I-900
objective_profiles,2,3,2,1.100000000000000089e+00,4.152787295564890901e-01,4.568066025121380602e-01,3.000000000000000000e+01,1073741824,1.021967754002986561e+00,verification,128,32,33,65,1.285045634196456454e+00,3.677931409574137361e-02,1.700994429529462462e-02,1.720135295440863160e-02,3.421129724970325969e-02,7.271265251480139185e-05,1.164736527279781830e+00,1.301755169689331089e-04,2.499199241174994701e-01,7.660538869913580129e-15,6.1.1-I-900
objective_profiles,2,3,2,1.100000000000000089e+00,4.152787295564890901e-01,4.568066025121380602e-01,3.000000000000000000e+01,1073741824,1.021967754002986561e+00,verification,128,32,33,65,1.297487373415291412e+00,3.972968704560874559e-02,1.834959945951075699e-02,1.867051700191030630e-02,3.702011646142105983e-02,7.271265251480139185e-05,1.164736527279781830e+00,1.301755169689331089e-04,2.499199241174994701e-01,1.287858708565181587e-14,6.1.1-I-900
objective_profiles,2,3,2,1.100000000000000089e+00,4.152787295564890901e-01,4.568066025121380602e-01,3.000000000000000000e+01,1073741824,1.021967754002986561e+00,verification,128,32,33,65,1.309332893874235459e+00,4.262751479850489245e-02,1.966051025068319552e-02,2.012050073101735378e-02,3.978101098170054584e-02,7.271265251480139185e-05,1.164736527279781830e+00,1.301755169689331089e-04,2.499199241174994701e-01,1.354472090042690979e-14,6.1.1-I-900
objective_profiles,2,3,2,1.100000000000000089e+00,4.152787295564890901e-01,4.568066025121380602e-01,3.000000000000000000e+01,1073741824,1.021967754002986561e+00,verification,128,32,33,65,1.320553658676957731e+00,4.545120189099200597e-02,2.093331834069317790e-02,2.153967517003546606e-02,4.247299351072864049e-02,7.271265251480139185e-05,1.164736527279781830e+00,1.301755169689331089e-04,2.499199241174994701e-01,5.551115123125782702e-15,6.1.1-I-900
objective_profiles,2,3,2,1.100000000000000089e+00,4.152787295564890901e-01,4.568066025121380602e-01,3.000000000000000000e+01,1073741824,1.021967754002986561e+00,verification,128,32,33,65,1.331122636018225558e+00,4.817985644945280838e-02,2.215911070954991804e-02,2.291670065428753900e-02,4.507581136383745357e-02,7.271265251480139185e-05,1.164736527279781830e+00,1.301755169689331089e-04,2.499199241174994701e-01,6.217248937900876626e-15,6.1.1-I-900
objective_profiles,2,3,2,1.100000000000000089e+00,4.152787295564890901e-01,4.568066025121380602e-01,3.000000000000000000e+01,1073741824,1.021967754002986561e+00,verification,128,32,33,65,1.341014364305890716e+00,5.079338500433137199e-02,2.332945376763452885e-02,2.424061288421572313e-02,4.757006665185024852e-02,7.271265251480139185e-05,1.164736527279781830e+00,1.301755169689331089e-04,2.499199241174994701e-01,5.551115123125782702e-15,6.1.1-I-900
objective_profiles,2,3,2,1.100000000000000089e+00,4.152787295564890901e-01,4.568066025121380602e-01,3.000000000000000000e+01,1073741824,1.021967754002986561e+00,verification,128,32,33,65,1.350205013500095141e+00,5.327282724654341245e-02,2.443642425085897074e-02,2.550090515463063895e-02,4.993732940548960969e-02,7.271265251480139185e-05,1.164736527279781830e+00,1.301755169689331089e-04,2.499199241174994701e-01,5.551115123125782702e-15,6.1.1-I-900
objective_profiles,2,3,2,1.100000000000000089e+00,4.152787295564890901e-01,4.568066025121380602e-01,3.000000000000000000e+01,1073741824,1.021967754002986561e+00,verification,128,32,33,65,1.358672442521924095e+00,5.560025860734731790e-02,2.547263709244793756e-02,2.668760630774934597e-02,5.216024340019728700e-02,7.271265251480139185e-05,1.164736527279781830e+00,1.301755169689331089e-04,2.499199241174994701e-01,6.106226635438360972e-15,6.1.1-I-900
objective_profiles,2,3,2,1.100000000000000089e+00,4.152787295564890901e-01,4.568066025121380602e-01,3.000000000000000000e+01,1073741824,1.021967754002986561e+00,verification,128,32,33,65,1.366396252593204963e+00,5.775886793385851675e-02,2.643127045477463438e-02,2.779135399441677937e-02,5.422262444919141722e-02,7.271265251480139185e-05,1.164736527279781830e+00,1.301755169689331089e-04,2.499199241174994701e-01,1.432187701766451937e-14,6.1.1-I-900
objective_profiles,2,3,2,1.100000000000000089e+00,4.152787295564890901e-01,4.568066025121380602e-01,3.000000000000000000e+01,1073741824,1.021967754002986561e+00,verification,128,32,33,65,1.373357836378950259e+00,5.973329354840392624e-02,2.730608808505799109e-02,2.880346285993520827e-02,5.610955094499320284e-02,7.271265251480139185e-05,1.164736527279781830e+00,1.301755169689331089e-04,2.499199241174994701e-01,5.551115123125782702e-15,6.1.1-I-900
objective_profiles,2,3,2,1.100000000000000089e+00,4.152787295564890901e-01,4.568066025121380602e-01,3.000000000000000000e+01,1073741824,1.021967754002986561e+00,verification,128,32,33,65,1.379540422814057088e+00,6.150952709792827100e-02,2.809145913997203314e-02,2.971598730322779977e-02,5.780744644319983638e-02,7.271265251480139185e-05,1.164736527279781830e+00,1.301755169689331089e-04,2.499199241174994701e-01,5.551115123125782702e-15,6.1.1-I-900
objective_profiles,2,3,2,1.100000000000000089e+00,4.152787295564890901e-01,4.568066025121380602e-01,3.000000000000000000e+01,1073741824,1.021967754002986561e+00,verification,128,32,33,65,1.384929117506273011e+00,6.307498374593198398e-02,2.878237560642736906e-02,3.052177849062388121e-02,5.930415409705125374e-02,7.271265251480139185e-05,1.164736527279781830e+00,1.301755169689331089e-04,2.499199241174994701e-01,6.217248937900876626e-15,6.1.1-I-900
objective_profiles,2,3,2,1.100000000000000089e+00,4.152787295564890901e-01,4.568066025121380602e-01,3.000000000000000000e+01,1073741824,1.021967754002986561e+00,verification,128,32,33,65,1.389510938618090385e+00,6.441858779928558154e-02,2.937446742901489091e-02,3.121453533835599065e-02,6.058900276737087809e-02,7.271265251480139185e-05,1.164736527279781830e+00,1.301755169689331089e-04,2.499199241174994701e-01,5.551115123125782702e-15,6.1.1-I-900
objective_profiles,2,3,2,1.100000000000000089e+00,4.152787295564890901e-01,4.568066025121380602e-01,3.000000000000000000e+01,1073741824,1.021967754002986561e+00,verification,128,32,33,65,1.393274848141130562e+00,6.553097977611702096e-02,2.986401543884912788e-02,3.178884921090031207e-02,6.165286464974943648e-02,7.271265251480139185e-05,1.164736527279781830e+00,1.301755169689331089e-04,2.499199241174994701e-01,1.154631945610162802e-14,6.1.1-I-900
objective_profiles,2,3,2,1.100000000000000089e+00,4.152787295564890901e-01,4.568066025121380602e-01,3.000000000000000000e+01,1073741824,1.021967754002986561e+00,verification,128,32,33,65,1.396211778487673305e+00,6.640434982941820219e-02,3.024796216375600852e-02,3.224024211553834507e-02,6.248820427929435706e-02,7.271265251480139185e-05,1.164736527279781830e+00,1.301755169689331089e-04,2.499199241174994701e-01,1.398881011027697241e-14,6.1.1-I-900
objective_profiles,2,3,2,1.100000000000000089e+00,4.152787295564890901e-01,4.568066025121380602e-01,3.000000000000000000e+01,1073741824,1.021967754002986561e+00,verification,128,32,33,65,1.398314654335268692e+00,6.703253857487412315e-02,3.052392058584091350e-02,3.256519820696160417e-02,6.308911879280251767e-02,7.271265251480139185e-05,1.164736527279781830e+00,1.301755169689331089e-04,2.499199241174994701e-01,9.436895709313830594e-15,6.1.1-I-900
objective_profiles,2,3,2,1.100000000000000089e+00,4.152787295564890901e-01,4.568066025121380602e-01,3.000000000000000000e+01,1073741824,1.021967754002986561e+00,verification,128,32,33,65,1.399578409671810242e+00,6.741125829068236874e-02,3.069018089935618768e-02,3.276118844935203139e-02,6.345136934870822254e-02,7.271265251480139185e-05,1.164736527279781830e+00,1.301755169689331089e-04,2.499199241174994701e-01,7.549516567451064475e-15,6.1.1-I-900
objective_profiles,2,3,2,1.100000000000000089e+00,4.152787295564890901e-01,4.568066025121380602e-01,3.000000000000000000e+01,1073741824,1.021967754002986561e+00,verification,128,32,33,65,1.399999999999999911e+00,6.753775124551640585e-02,3.074571530931349481e-02,3.282668831711995500e-02,6.357240362643344633e-02,7.271265251480139185e-05,1.164736527279781830e+00,1.301755169689331089e-04,2.499199241174994701e-01,5.551115123125782702e-15,6.1.1-I-900
objective_profiles,2,3,2,1.100000000000000089e+00,4.152787295564890901e-01,4.568066025121380602e-01,3.000000000000000000e+01,1073741824,1.021967754002986561e+00,display,256,64,65,129,6.999999999999999556e-01,5.633693665865018019e-02,3.458882811106938487e-02,2.324888540093777642e-02,5.783771351200715782e-02,7.271265251480139185e-05,1.164729120341283952e+00,1.301750348688017543e-04,2.499164836725164263e-01,1.609823385706476984e-14,6.1.1-I-900
objective_profiles,2,3,2,1.100000000000000089e+00,4.152787295564890901e-01,4.568066025121380602e-01,3.000000000000000000e+01,1073741824,1.021967754002986561e+00,display,256,64,65,129,7.001054134563284848e-01,5.629029476912355417e-02,3.455932055154752741e-02,2.323152045604421137e-02,5.779084100759174225e-02,7.271265251480139185e-05,1.164729120341283952e+00,1.301750348688017543e-04,2.499164836725164263e-01,1.465494392505206633e-14,6.1.1-I-900
objective_profiles,2,3,2,1.100000000000000089e+00,4.152787295564890901e-01,4.568066025121380602e-01,3.000000000000000000e+01,1073741824,1.021967754002986561e+00,display,256,64,65,129,7.004215903281896249e-01,5.615056200446435358e-02,3.447092011711712367e-02,2.317948005375758402e-02,5.765040017087470769e-02,7.271265251480139185e-05,1.164729120341283952e+00,1.301750348688017543e-04,2.499164836725164263e-01,3.941291737419305719e-14,6.1.1-I-900
objective_profiles,2,3,2,1.100000000000000089e+00,4.152787295564890901e-01,4.568066025121380602e-01,3.000000000000000000e+01,1073741824,1.021967754002986561e+00,display,256,64,65,129,7.009483401624583276e-01,5.591827210783798657e-02,3.432399274406504330e-02,2.309292728644628256e-02,5.741692003051132587e-02,7.271265251480139185e-05,1.164729120341283952e+00,1.301750348688017543e-04,2.499164836725164263e-01,8.881784197001252323e-15,6.1.1-I-900
objective_profiles,2,3,2,1.100000000000000089e+00,4.152787295564890901e-01,4.568066025121380602e-01,3.000000000000000000e+01,1073741824,1.021967754002986561e+00,display,256,64,65,129,7.016853456647310638e-01,5.559433253617103443e-02,3.411914568119461810e-02,2.297213329318615119e-02,5.709127897438076582e-02,7.271265251480139185e-05,1.164729120341283952e+00,1.301750348688017543e-04,2.499164836725164263e-01,8.881784197001252323e-15,6.1.1-I-900
objective_profiles,2,3,2,1.100000000000000089e+00,4.152787295564890901e-01,4.568066025121380602e-01,3.000000000000000000e+01,1073741824,1.021967754002986561e+00,display,256,64,65,129,7.026321628904514949e-01,5.517991050184266333e-02,3.385722355269549927e-02,2.281747624154848234e-02,5.667469979424398507e-02,7.271265251480139185e-05,1.164729120341283952e+00,1.301750348688017543e-04,2.499164836725164263e-01,2.720046410331633524e-14,6.1.1-I-900
objective_profiles,2,3,2,1.100000000000000089e+00,4.152787295564890901e-01,4.568066025121380602e-01,3.000000000000000000e+01,1073741824,1.021967754002986561e+00,display,256,64,65,129,7.037882215123265617e-01,5.467661959570182389e-02,3.353930290637795186e-02,2.262943991025392204e-02,5.616874281663187390e-02,7.271265251480139185e-05,1.164729120341283952e+00,1.301750348688017543e-04,2.499164836725164263e-01,9.769962616701377556e-15,6.1.1-I-900
objective_profiles,2,3,2,1.100000000000000089e+00,4.152787295564890901e-01,4.568066025121380602e-01,3.000000000000000000e+01,1073741824,1.021967754002986561e+00,display,256,64,65,129,7.051528251638705669e-01,5.408642433737874400e-02,3.316668530624070077e-02,2.240861188074496149e-02,5.557529718698565879e-02,7.271265251480139185e-05,1.164729120341283952e+00,1.301750348688017543e-04,2.499164836725164263e-01,8.881784197001252323e-15,6.1.1-I-900
objective_profiles,2,3,2,1.100000000000000089e+00,4.152787295564890901e-01,4.568066025121380602e-01,3.000000000000000000e+01,1073741824,1.021967754002986561e+00,display,256,64,65,129,7.067251518588693049e-01,5.341138259142125949e-02,3.274088904343801926e-02,2.215568134789757532e-02,5.489657039133559457e-02,7.271265251480139185e-05,1.164729120341283952e+00,1.301750348688017543e-04,2.499164836725164263e-01,1.154631945610162802e-14,6.1.1-I-900
objective_profiles,2,3,2,1.100000000000000089e+00,4.152787295564890901e-01,4.568066025121380602e-01,3.000000000000000000e+01,1073741824,1.021967754002986561e+00,display,256,64,65,129,7.085042544865149949e-01,5.265418562477287845e-02,3.226363955355731478e-02,2.187143656215538579e-02,5.413507611571270056e-02,7.271265251480139185e-05,1.164729120341283952e+00,1.301750348688017543e-04,2.499164836725164263e-01,1.121325254871408106e-14,6.1.1-I-900
objective_profiles,2,3,2,1.100000000000000089e+00,4.152787295564890901e-01,4.568066025121380602e-01,3.000000000000000000e+01,1073741824,1.021967754002986561e+00,display,256,64,65,129,7.104890613819095924e-01,5.181755497298674157e-02,3.173685864049413663e-02,2.155676191732285030e-02,5.329362055781698693e-02,7.271265251480139185e-05,1.164729120341283952e+00,1.301750348688017543e-04,2.499164836725164263e-01,1.576516694967722287e-14,6.1.1-I-900
objective_profiles,2,3,2,1.100000000000000089e+00,4.152787295564890901e-01,4.568066025121380602e-01,3.000000000000000000e+01,1073741824,1.021967754002986561e+00,display,256,64,65,129,7.126783769715959727e-01,5.090465507554340491e-02,3.116265261795644892e-02,2.121263470006523599e-02,5.237528731802168491e-02,7.271265251480139185e-05,1.164729120341283952e+00,1.301750348688017543e-04,2.499164836725164263e-01,1.532107773982716026e-14,6.1.1-I-900
objective_profiles,2,3,2,1.100000000000000089e+00,4.152787295564890901e-01,4.568066025121380602e-01,3.000000000000000000e+01,1073741824,1.021967754002986561e+00,display,256,64,65,129,7.150708824937268560e-01,4.991885253015410084e-02,3.054329948857363933e-02,2.084012151882982597e-02,5.138342100740346530e-02,7.271265251480139185e-05,1.164729120341283952e+00,1.301750348688017543e-04,2.499164836725164263e-01,8.881784197001252323e-15,6.1.1-I-900
objective_profiles,2,3,2,1.100000000000000089e+00,4.152787295564890901e-01,4.568066025121380602e-01,3.000000000000000000e+01,1073741824,1.021967754002986561e+00,display,256,64,65,129,7.176651367924371527e-01,4.886366564507804711e-02,2.988123528766697956e-02,2.044037443140629684e-02,5.032160971907327640e-02,7.271265251480139185e-05,1.164729120341283952e+00,1.301750348688017543e-04,2.499164836725164263e-01,9.436895709313830594e-15,6.1.1-I-900
objective_profiles,2,3,2,1.100000000000000089e+00,4.152787295564890901e-01,4.568066025121380602e-01,3.000000000000000000e+01,1073741824,1.021967754002986561e+00,display,256,64,65,129,7.204595771859426678e-01,4.774307621248365802e-02,2.917903972387197661e-02,2.001462679167610725e-02,4.919366651554808734e-02,7.271265251480139185e-05,1.164729120341283952e+00,1.301750348688017543e-04,2.499164836725164263e-01,1.143529715363911237e-14,6.1.1-I-900
objective_profiles,2,3,2,1.100000000000000089e+00,4.152787295564890901e-01,4.568066025121380602e-01,3.000000000000000000e+01,1073741824,1.021967754002986561e+00,display,256,64,65,129,7.234525204078413596e-01,4.656099262483140433e-02,2.843942125198812426e-02,1.956418883725228111e-02,4.800361008924040884e-02,7.271265251480139185e-05,1.164729120341283952e+00,1.301750348688017543e-04,2.499164836725164263e-01,2.031708135064036469e-14,6.1.1-I-900
objective_profiles,2,3,2,1.100000000000000089e+00,4.152787295564890901e-01,4.568066025121380602e-01,3.000000000000000000e+01,1073741824,1.021967754002986561e+00,display,256,64,65,129,7.266421636210496082e-01,4.532173200103926936e-02,2.766520171469902603e-02,1.909044304067845227e-02,4.675564475537748177e-02,7.271265251480139185e-05,1.164729120341283952e+00,1.301750348688017543e-04,2.499164836725164263e-01,1.421085471520200372e-14,6.1.1-I-900
objective_profiles,2,3,2,1.100000000000000089e+00,4.152787295564890901e-01,4.568066025121380602e-01,3.000000000000000000e+01,1073741824,1.021967754002986561e+00,display,256,64,65,129,7.300265855037642027e-01,4.402970336835324711e-02,2.685930068920046321e-02,1.859483924763635776e-02,4.545413993683682097e-02,7.271265251480139185e-05,1.164729120341283952e+00,1.301750348688017543e-04,2.499164836725164263e-01,8.881784197001252323e-15,6.1.1-I-900
objective_profiles,2,3,2,1.100000000000000089e+00,4.152787295564890901e-01,4.568066025121380602e-01,3.000000000000000000e+01,1073741824,1.021967754002986561e+00,display,256,64,65,129,7.336037474067947928e-01,4.268939927667290274e-02,2.602471967242123152e-02,1.807888962620128256e-02,4.410360929862251755e-02,7.271265251480139185e-05,1.164729120341283952e+00,1.301750348688017543e-04,2.499164836725164263e-01,1.110223024625156540e-14,6.1.1-I-900
objective_profiles,2,3,2,1.100000000000000089e+00,4.152787295564890901e-01,4.568066025121380602e-01,3.000000000000000000e+01,1073741824,1.021967754002986561e+00,display,256,64,65,129,7.373714945815695865e-01,4.130546609121663743e-02,2.516452623451691586e-02,1.754416345159169263e-02,4.270868968610860850e-02,7.271265251480139185e-05,1.164729120341283952e+00,1.301750348688017543e-04,2.499164836725164263e-01,2.298161660974074039e-14,6.1.1-I-900
objective_profiles,2,3,2,1.100000000000000089e+00,4.152787295564890901e-01,4.568066025121380602e-01,3.000000000000000000e+01,1073741824,1.021967754002986561e+00,display,256,64,65,129,7.413275574780756605e-01,3.988277712495712918e-02,2.428183826484605484e-02,1.699228175108279462e-02,4.127412001592885293e-02,7.271265251480139185e-05,1.164729120341283952e+00,1.301750348688017543e-04,2.499164836725164263e-01,8.881784197001252323e-15,6.1.1-I-900
objective_profiles,2,3,2,1.100000000000000089e+00,4.152787295564890901e-01,4.568066025121380602e-01,3.000000000000000000e+01,1073741824,1.021967754002986561e+00,display,256,64,65,129,7.454695531119509555e-01,3.842609697778116840e-02,2.337980842784613544e-02,1.642491183380028266e-02,3.980472026164641464e-02,7.271265251480139185e-05,1.164729120341283952e+00,1.301750348688017543e-04,2.499164836725164263e-01,9.769962616701377556e-15,6.1.1-I-900
objective_profiles,2,3,2,1.100000000000000089e+00,4.152787295564890901e-01,4.568066025121380602e-01,3.000000000000000000e+01,1073741824,1.021967754002986561e+00,display,256,64,65,129,7.497949864999047254e-01,3.694038759690141532e-02,2.246160893831780289e-02,1.584376172999204385e-02,3.830537066830984327e-02,7.271265251480139185e-05,1.164729120341283952e+00,1.301750348688017543e-04,2.499164836725164263e-01,8.881784197001252323e-15,6.1.1-I-900
objective_profiles,2,3,2,1.100000000000000089e+00,4.152787295564890901e-01,4.568066025121380602e-01,3.000000000000000000e+01,1073741824,1.021967754002986561e+00,display,256,64,65,129,7.543012521626024647e-01,3.543058049387556863e-02,2.153041675678955824e-02,1.525057456409378495e-02,3.678099132088334666e-02,7.271265251480139185e-05,1.164729120341283952e+00,1.301750348688017543e-04,2.499164836725164263e-01,3.086420008457935182e-14,6.1.1-I-900
objective_profiles,2,3,2,1.100000000000000089e+00,4.152787295564890901e-01,4.568066025121380602e-01,3.000000000000000000e+01,1073741824,1.021967754002986561e+00,display,256,64,65,129,7.589856356941091509e-01,3.390167383133885909e-02,2.058939929607013844e-02,1.464712288547898034e-02,3.523652218154911531e-02,7.271265251480139185e-05,1.164729120341283952e+00,1.301750348688017543e-04,2.499164836725164263e-01,2.986499936241671094e-14,6.1.1-I-900
objective_profiles,2,3,2,1.100000000000000089e+00,4.152787295564890901e-01,4.568066025121380602e-01,3.000000000000000000e+01,1073741824,1.021967754002986561e+00,display,256,64,65,129,7.638453153969456677e-01,3.235859547926131508e-02,1.964170072000771122e-02,1.403520298021872226e-02,3.367690370022643348e-02,7.271265251480139185e-05,1.164729120341283952e+00,1.301750348688017543e-04,2.499164836725164263e-01,2.819966482547897613e-14,6.1.1-I-900
objective_profiles,2,3,2,1.100000000000000089e+00,4.152787295564890901e-01,4.568066025121380602e-01,3.000000000000000000e+01,1073741824,1.021967754002986561e+00,display,256,64,65,129,7.688773639817741978e-01,3.080635422435970550e-02,1.869042890504642174e-02,1.341662918648734576e-02,3.210705809153376750e-02,7.271265251480139185e-05,1.164729120341283952e+00,1.301750348688017543e-04,2.499164836725164263e-01,9.547918011776346248e-15,6.1.1-I-900
objective_profiles,2,3,2,1.100000000000000089e+00,4.152787295564890901e-01,4.568066025121380602e-01,3.000000000000000000e+01,1073741824,1.021967754002986561e+00,display,256,64,65,129,7.740787503306877371e-01,2.924985685548626979e-02,1.773864312459901352e-02,1.279322823545344691e-02,3.053187136005246216e-02,7.271265251480139185e-05,1.164729120341283952e+00,1.301750348688017543e-04,2.499164836725164263e-01,1.620925615952728549e-14,6.1.1-I-900
objective_profiles,2,3,2,1.100000000000000089e+00,4.152787295564890901e-01,4.568066025121380602e-01,3.000000000000000000e+01,1073741824,1.021967754002986561e+00,display,256,64,65,129,7.794463413230420246e-01,2.769396793243960112e-02,1.678934250569933187e-02,1.216683363859635478e-02,2.895617614429568665e-02,7.271265251480139185e-05,1.164729120341283952e+00,1.301750348688017543e-04,2.499164836725164263e-01,1.321165399303936283e-14,6.1.1-I-900
objective_profiles,2,3,2,1.100000000000000089e+00,4.152787295564890901e-01,4.568066025121380602e-01,3.000000000000000000e+01,1073741824,1.021967754002986561e+00,display,256,64,65,129,7.849769037227303237e-01,2.614351566595945336e-02,1.584545529702403172e-02,1.153928014140827643e-02,2.738473543843230815e-02,7.271265251480139185e-05,1.164729120341283952e+00,1.301750348688017543e-04,2.499164836725164263e-01,1.698641227676489507e-14,6.1.1-I-900
objective_profiles,2,3,2,1.100000000000000089e+00,4.152787295564890901e-01,4.568066025121380602e-01,3.000000000000000000e+01,1073741824,1.021967754002986561e+00,display,256,64,65,129,7.906671061257641853e-01,2.460317141124216192e-02,1.490982897731426594e-02,1.091239826239128602e-02,2.582222723970555023e-02,7.271265251480139185e-05,1.164729120341283952e+00,1.301750348688017543e-04,2.499164836725164263e-01,1.998401444325281773e-14,6.1.1-I-900
objective_profiles,2,3,2,1.100000000000000089e+00,4.152787295564890901e-01,4.568066025121380602e-01,3.000000000000000000e+01,1073741824,1.021967754002986561e+00,display,256,64,65,129,7.965135209669864658e-01,2.307756663306471945e-02,1.398522122361052153e-02,1.028800893514845993e-02,2.427323015875898146e-02,7.271265251480139185e-05,1.164729120341283952e+00,1.301750348688017543e-04,2.499164836725164263e-01,1.432187701766451937e-14,6.1.1-I-900
objective_profiles,2,3,2,1.100000000000000089e+00,4.152787295564890901e-01,4.568066025121380602e-01,3.000000000000000000e+01,1073741824,1.021967754002986561e+00,display,256,64,65,129,8.025126265847083440e-01,2.157118252224581381e-02,1.307429174963314553e-02,9.667918270215377155e-03,2.274221001984852442e-02,7.271265251480139185e-05,1.164729120341283952e+00,1.301750348688017543e-04,2.499164836725164263e-01,2.853273173286652309e-14,6.1.1-I-900
objective_profiles,2,3,2,1.100000000000000089e+00,4.152787295564890901e-01,4.568066025121380602e-01,3.000000000000000000e+01,1073741824,1.021967754002986561e+00,display,256,64,65,129,8.086608093420265542e-01,2.008843335125407026e-02,1.217959501618391498e-02,9.053912452091994814e-03,2.123350746827590979e-02,7.271265251480139185e-05,1.164729120341283952e+00,1.301750348688017543e-04,2.499164836725164263e-01,8.992806499463767977e-15,6.1.1-I-900
objective_profiles,2,3,2,1.100000000000000089e+00,4.152787295564890901e-01,4.568066025121380602e-01,3.000000000000000000e+01,1073741824,1.021967754002986561e+00,display,256,64,65,129,8.149543658035435234e-01,1.863351994206465315e-02,1.130357380767175839e-02,8.447752785728287334e-03,1.975132659340004398e-02,7.271265251480139185e-05,1.164729120341283952e+00,1.301750348688017543e-04,2.499164836725164263e-01,8.881784197001252323e-15,6.1.1-I-900
objective_profiles,2,3,2,1.100000000000000089e+00,4.152787295564890901e-01,4.568066025121380602e-01,3.000000000000000000e+01,1073741824,1.021967754002986561e+00,display,256,64,65,129,8.213895049661780190e-01,1.721054329037717198e-02,1.044855366182844900e-02,7.851170905498952926e-03,1.829972456732740366e-02,7.271265251480139185e-05,1.164729120341283952e+00,1.301750348688017543e-04,2.499164836725164263e-01,2.708944180085381959e-14,6.1.1-I-900
objective_profiles,2,3,2,1.100000000000000089e+00,4.152787295564890901e-01,4.568066025121380602e-01,3.000000000000000000e+01,1073741824,1.021967754002986561e+00,display,256,64,65,129,8.279623505427240460e-01,1.582343554249475426e-02,9.616738133390263787e-03,7.265864158487469159e-03,1.688260229187773381e-02,7.271265251480139185e-05,1.164729120341283952e+00,1.301750348688017543e-04,2.499164836725164263e-01,1.532107773982716026e-14,6.1.1-I-900
objective_profiles,2,3,2,1.100000000000000089e+00,4.152787295564890901e-01,4.568066025121380602e-01,3.000000000000000000e+01,1073741824,1.021967754002986561e+00,display,256,64,65,129,8.346689432967805411e-01,1.447597396031175508e-02,8.810204867016675767e-03,6.693491172688948408e-03,1.550369603970562504e-02,7.271265251480139185e-05,1.164729120341283952e+00,1.301750348688017543e-04,2.499164836725164263e-01,1.820765760385256726e-14,6.1.1-I-900
objective_profiles,2,3,2,1.100000000000000089e+00,4.152787295564890901e-01,4.568066025121380602e-01,3.000000000000000000e+01,1073741824,1.021967754002986561e+00,display,256,64,65,129,8.415052434276482085e-01,1.317172476068146671e-02,8.030902449969696405e-03,6.135667619552242873e-03,1.416657006952194015e-02,7.271265251480139185e-05,1.164729120341283952e+00,1.301750348688017543e-04,2.499164836725164263e-01,1.221245327087672194e-14,6.1.1-I-900
objective_profiles,2,3,2,1.100000000000000089e+00,4.152787295564890901e-01,4.568066025121380602e-01,3.000000000000000000e+01,1073741824,1.021967754002986561e+00,display,256,64,65,129,8.484671330037540926e-01,1.191412643761533691e-02,7.280648011088297622e-03,5.593962179113706572e-03,1.287461019020200506e-02,7.271265251480139185e-05,1.164729120341283952e+00,1.301750348688017543e-04,2.499164836725164263e-01,8.881784197001252323e-15,6.1.1-I-900
objective_profiles,2,3,2,1.100000000000000089e+00,4.152787295564890901e-01,4.568066025121380602e-01,3.000000000000000000e+01,1073741824,1.021967754002986561e+00,display,256,64,65,129,8.555504184431391712e-01,1.070638612737440619e-02,6.561125529335467069e-03,5.069892714840183029e-03,1.163101824417565010e-02,7.271265251480139185e-05,1.164729120341283952e+00,1.301750348688017543e-04,2.499164836725164263e-01,1.465494392505206633e-14,6.1.1-I-900
objective_profiles,2,3,2,1.100000000000000089e+00,4.152787295564890901e-01,4.568066025121380602e-01,3.000000000000000000e+01,1073741824,1.021967754002986561e+00,display,256,64,65,129,8.627508330395159408e-01,9.551549600453011421e-03,5.873884812624584166e-03,4.564922664196690606e-03,1.043880747682127477e-02,7.271265251480139185e-05,1.164729120341283952e+00,1.301750348688017543e-04,2.499164836725164263e-01,1.110223024625156540e-14,6.1.1-I-900
objective_profiles,2,3,2,1.100000000000000089e+00,4.152787295564890901e-01,4.568066025121380602e-01,3.000000000000000000e+01,1073741824,1.021967754002986561e+00,display,256,64,65,129,8.700640395323723242e-01,8.452443731174999475e-03,5.220341105729068600e-03,4.080457649897862096e-03,9.300798755626931563e-03,7.271265251480139185e-05,1.164729120341283952e+00,1.301750348688017543e-04,2.499164836725164263e-01,8.881784197001252323e-15,6.1.1-I-900
objective_profiles,2,3,2,1.100000000000000089e+00,4.152787295564890901e-01,4.568066025121380602e-01,3.000000000000000000e+01,1073741824,1.021967754002986561e+00,display,256,64,65,129,8.774856327195754702e-01,7.411710942436060788e-03,4.601775284768582636e-03,3.617842315784836234e-03,8.219617600553418002e-03,7.271265251480139185e-05,1.164729120341283952e+00,1.301750348688017543e-04,2.499164836725164263e-01,8.881784197001252323e-15,6.1.1-I-900
objective_profiles,2,3,2,1.100000000000000089e+00,4.152787295564890901e-01,4.568066025121380602e-01,3.000000000000000000e+01,1073741824,1.021967754002986561e+00,display,256,64,65,129,8.850111421109007059e-01,6.431840543403351262e-03,4.019334595024082364e-03,3.178357390302242493e-03,7.197691985326324857e-03,7.271265251480139185e-05,1.164729120341283952e+00,1.301750348688017543e-04,2.499164836725164263e-01,4.152234112098085461e-14,6.1.1-I-900
objective_profiles,2,3,2,1.100000000000000089e+00,4.152787295564890901e-01,4.568066025121380602e-01,3.000000000000000000e+01,1073741824,1.021967754002986561e+00,display,256,64,65,129,8.926360346208876972e-01,5.514981605362422913e-03,3.474033888591369825e-03,2.763216979632910145e-03,6.237250868224280403e-03,7.271265251480139185e-05,1.164729120341283952e+00,1.301750348688017543e-04,2.499164836725164263e-01,1.565414464721470722e-14,6.1.1-I-900
objective_profiles,2,3,2,1.100000000000000089e+00,4.152787295564890901e-01,4.568066025121380602e-01,3.000000000000000000e+01,1073741824,1.021967754002986561e+00,display,256,64,65,129,9.003557172994012259e-01,4.663262619616987542e-03,2.966757318593693949e-03,2.373566091679346103e-03,5.340323410273040486e-03,7.271265251480139185e-05,1.164729120341283952e+00,1.301750348688017543e-04,2.499164836725164263e-01,8.881784197001252323e-15,6.1.1-I-900
objective_profiles,2,3,2,1.100000000000000089e+00,4.152787295564890901e-01,4.568066025121380602e-01,3.000000000000000000e+01,1073741824,1.021967754002986561e+00,display,256,64,65,129,9.081655400982534543e-01,3.878465324822173276e-03,2.498260447276151423e-03,2.010478391266569062e-03,4.508738838542720485e-03,7.271265251480139185e-05,1.164729120341283952e+00,1.301750348688017543e-04,2.499164836725164263e-01,2.020605904817784904e-14,6.1.1-I-900
objective_profiles,2,3,2,1.100000000000000089e+00,4.152787295564890901e-01,4.568066025121380602e-01,3.000000000000000000e+01,1073741824,1.021967754002986561e+00,display,256,64,65,129,9.160607986722184570e-01,3.162260875639774736e-03,2.069172726260924428e-03,1.674954186178322741e-03,3.744126912439246953e-03,7.271265251480139185e-05,1.164729120341283952e+00,1.301750348688017543e-04,2.499164836725164263e-01,8.881784197001252323e-15,6.1.1-I-900
objective_profiles,2,3,2,1.100000000000000089e+00,4.152787295564890901e-01,4.568066025121380602e-01,3.000000000000000000e+01,1073741824,1.021967754002986561e+00,display,256,64,65,129,9.240367372127540335e-01,2.516065315138506057e-03,1.680000308477584041e-03,1.367918642927281594e-03,3.047918951404865635e-03,7.271265251480139185e-05,1.164729120341283952e+00,1.301750348688017543e-04,2.499164836725164263e-01,8.881784197001252323e-15,6.1.1-I-900
objective_profiles,2,3,2,1.100000000000000089e+00,4.152787295564890901e-01,4.568066025121380602e-01,3.000000000000000000e+01,1073741824,1.021967754002986561e+00,display,256,64,65,129,9.320885513127229460e-01,1.941141739703855854e-03,1.331129152773433133e-03,1.090220230501689385e-03,2.421349383275122301e-03,7.271265251480139185e-05,1.164729120341283952e+00,1.301750348688017543e-04,2.499164836725164263e-01,1.421085471520200372e-14,6.1.1-I-900
objective_profiles,2,3,2,1.100000000000000089e+00,4.152787295564890901e-01,4.568066025121380602e-01,3.000000000000000000e+01,1073741824,1.021967754002986561e+00,display,256,64,65,129,9.402113908603878523e-01,1.438463121431851838e-03,1.022828383887930707e-03,8.426293897223192074e-04,1.865457773610249914e-03,7.271265251480139185e-05,1.164729120341283952e+00,1.301750348688017543e-04,2.499164836725164263e-01,2.342570581959080300e-14,6.1.1-I-900
objective_profiles,2,3,2,1.100000000000000089e+00,4.152787295564890901e-01,4.568066025121380602e-01,3.000000000000000000e+01,1073741824,1.021967754002986561e+00,display,256,64,65,129,9.484003629609381036e-01,1.008929266573990952e-03,7.552538723124362606e-04,6.258374252842890863e-04,1.381091297596725347e-03,7.271265251480139185e-05,1.164729120341283952e+00,1.301750348688017543e-04,2.499164836725164263e-01,1.265654248072678456e-14,6.1.1-I-900
objective_profiles,2,3,2,1.100000000000000089e+00,4.152787295564890901e-01,4.568066025121380602e-01,3.000000000000000000e+01,1073741824,1.021967754002986561e+00,display,256,64,65,129,9.566505348837854861e-01,6.531498236832495403e-04,5.284520005117834341e-04,4.404556170480264138e-04,9.689076175598099021e-04,7.271265251480139185e-05,1.164729120341283952e+00,1.301750348688017543e-04,2.499164836725164263e-01,8.881784197001252323e-15,6.1.1-I-900
objective_profiles,2,3,2,1.100000000000000089e+00,4.152787295564890901e-01,4.568066025121380602e-01,3.000000000000000000e+01,1073741824,1.021967754002986561e+00,display,256,64,65,129,9.649569370338575425e-01,3.716121975568314139e-04,3.423635840086237296e-04,2.870145466786999623e-04,6.293781306873236919e-04,7.271265251480139185e-05,1.164729120341283952e+00,1.301750348688017543e-04,2.499164836725164263e-01,1.709743457922741072e-14,6.1.1-I-900
objective_profiles,2,3,2,1.100000000000000089e+00,4.152787295564890901e-01,4.568066025121380602e-01,3.000000000000000000e+01,1073741824,1.021967754002986561e+00,display,256,64,65,129,9.733145659450954668e-01,1.645626797955990856e-04,1.968279179164795654e-04,1.659636353132499349e-04,3.627915532297295003e-04,7.271265251480139185e-05,1.164729120341283952e+00,1.301750348688017543e-04,2.499164836725164263e-01,1.820765760385256726e-14,6.1.1-I-900
objective_profiles,2,3,2,1.100000000000000089e+00,4.152787295564890901e-01,4.568066025121380602e-01,3.000000000000000000e+01,1073741824,1.021967754002986561e+00,display,256,64,65,129,9.817183872943550105e-01,3.214997413197792235e-05,9.158692159914523805e-05,7.767088755523402692e-05,1.692578091543792650e-04,7.271265251480139185e-05,1.164729120341283952e+00,1.301750348688017543e-04,2.499164836725164263e-01,1.287858708565181587e-14,6.1.1-I-900
objective_profiles,2,3,2,1.100000000000000089e+00,4.152787295564890901e-01,4.568066025121380602e-01,3.000000000000000000e+01,1073741824,1.021967754002986561e+00,display,256,64,65,129,9.901633389338944102e-01,-2.577749634574038459e-05,2.628935623030450333e-05,2.242283676142155867e-05,4.871219299172606539e-05,7.271265251480139185e-05,1.164729120341283952e+00,1.301750348688017543e-04,2.499164836725164263e-01,2.775557561562891351e-14,6.1.1-I-900
objective_profiles,2,3,2,1.100000000000000089e+00,4.152787295564890901e-01,4.568066025121380602e-01,3.000000000000000000e+01,1073741824,1.021967754002986561e+00,display,256,64,65,129,9.986443339406233521e-01,-9.468495508964332896e-06,4.950920842825047687e-07,4.246862818852087045e-07,9.197783661677135261e-07,7.271265251480139185e-05,1.164729120341283952e+00,1.301750348688017543e-04,2.499164836725164263e-01,1.654232306691483245e-14,6.1.1-I-900
objective_profiles,2,3,2,1.100000000000000089e+00,4.152787295564890901e-01,4.568066025121380602e-01,3.000000000000000000e+01,1073741824,1.021967754002986561e+00,display,256,64,65,129,1.007156263680274222e+00,8.067707017698786472e-05,1.367940441555165253e-05,1.180064105321132529e-05,2.548004546876297781e-05,7.271265251480139185e-05,1.164729120341283952e+00,1.301750348688017543e-04,2.499164836725164263e-01,3.996802888650563546e-14,6.1.1-I-900
objective_profiles,2,3,2,1.100000000000000089e+00,4.152787295564890901e-01,4.568066025121380602e-01,3.000000000000000000e+01,1073741824,1.021967754002986561e+00,display,256,64,65,129,1.015694000884653558e+00,2.440489842050955335e-04,6.523727873497054200e-05,5.659442371299263730e-05,1.218317024479631793e-04,7.271265251480139185e-05,1.164729120341283952e+00,1.301750348688017543e-04,2.499164836725164263e-01,7.971401316808623960e-14,6.1.1-I-900
objective_profiles,2,3,2,1.100000000000000089e+00,4.152787295564890901e-01,4.568066025121380602e-01,3.000000000000000000e+01,1073741824,1.021967754002986561e+00,display,256,64,65,129,1.024252402740116308e+00,4.798910324698885165e-04,1.544877081820768912e-04,1.347699692042095612e-04,2.892576773862864524e-04,7.271265251480139185e-05,1.164729120341283952e+00,1.301750348688017543e-04,2.499164836725164263e-01,4.785061236134424689e-14,6.1.1-I-900
objective_profiles,2,3,2,1.100000000000000089e+00,4.152787295564890901e-01,4.568066025121380602e-01,3.000000000000000000e+01,1073741824,1.021967754002986561e+00,display,256,64,65,129,1.032826313985403477e+00,7.873323075580070194e-04,2.806779674912676659e-04,2.462122916688595222e-04,5.268902591601271881e-04,7.271265251480139185e-05,1.164729120341283952e+00,1.301750348688017543e-04,2.499164836725164263e-01,1.176836406102665933e-14,6.1.1-I-900
objective_profiles,2,3,2,1.100000000000000089e+00,4.152787295564890901e-01,4.568066025121380602e-01,3.000000000000000000e+01,1073741824,1.021967754002986561e+00,display,256,64,65,129,1.041410570016980675e+00,1.165298975416965239e-03,4.429878497686461211e-04,3.907285172873080034e-04,8.337163670559541787e-04,7.271265251480139185e-05,1.164729120341283952e+00,1.301750348688017543e-04,2.499164836725164263e-01,3.286260152890463360e-14,6.1.1-I-900
objective_profiles,2,3,2,1.100000000000000089e+00,4.152787295564890901e-01,4.568066025121380602e-01,3.000000000000000000e+01,1073741824,1.021967754002986561e+00,display,256,64,65,129,1.049999999999999822e+00,1.612591817786729635e-03,6.405338539086900557e-04,5.680490766021322390e-04,1.208582930510822186e-03,7.271265251480139185e-05,1.164729120341283952e+00,1.301750348688017543e-04,2.499164836725164263e-01,3.952393967665557284e-14,6.1.1-I-900
objective_profiles,2,3,2,1.100000000000000089e+00,4.152787295564890901e-01,4.568066025121380602e-01,3.000000000000000000e+01,1073741824,1.021967754002986561e+00,display,256,64,65,129,1.058589429983019192e+00,2.127824191572644415e-03,8.723733120069745821e-04,7.778290497706542416e-04,1.650202361777628824e-03,7.271265251480139185e-05,1.164729120341283952e+00,1.301750348688017543e-04,2.499164836725164263e-01,8.881784197001252323e-15,6.1.1-I-900
objective_profiles,2,3,2,1.100000000000000089e+00,4.152787295564890901e-01,4.568066025121380602e-01,3.000000000000000000e+01,1073741824,1.021967754002986561e+00,display,256,64,65,129,1.067173686014596168e+00,2.709605444592681593e-03,1.137508447541623734e-03,1.019649658117636852e-03,2.157158105659260586e-03,7.271265251480139185e-05,1.164729120341283952e+00,1.301750348688017543e-04,2.499164836725164263e-01,1.532107773982716026e-14,6.1.1-I-900
objective_profiles,2,3,2,1.100000000000000089e+00,4.152787295564890901e-01,4.568066025121380602e-01,3.000000000000000000e+01,1073741824,1.021967754002986561e+00,display,256,64,65,129,1.075747597259883559e+00,3.356338189392684204e-03,1.434890356417275982e-03,1.293019895306223759e-03,2.727910251723499740e-03,7.271265251480139185e-05,1.164729120341283952e+00,1.301750348688017543e-04,2.499164836725164263e-01,1.154631945610162802e-14,6.1.1-I-900
objective_profiles,2,3,2,1.100000000000000089e+00,4.152787295564890901e-01,4.568066025121380602e-01,3.000000000000000000e+01,1073741824,1.021967754002986561e+00,display,256,64,65,129,1.084305999115346086e+00,4.066299487265641679e-03,1.763422904190044185e-03,1.597378291408692958e-03,3.360801195598736926e-03,7.271265251480139185e-05,1.164729120341283952e+00,1.301750348688017543e-04,2.499164836725164263e-01,4.218847493575594854e-14,6.1.1-I-900
objective_profiles,2,3,2,1.100000000000000089e+00,4.152787295564890901e-01,4.568066025121380602e-01,3.000000000000000000e+01,1073741824,1.021967754002986561e+00,display,256,64,65,129,1.092843736319725645e+00,4.837598986697715098e-03,2.121966533907680957e-03,1.932094803141301814e-03,4.054061337048982770e-03,7.271265251480139185e-05,1.164729120341283952e+00,1.301750348688017543e-04,2.499164836725164263e-01,9.436895709313830594e-15,6.1.1-I-900
objective_profiles,2,3,2,1.100000000000000089e+00,4.152787295564890901e-01,4.568066025121380602e-01,3.000000000000000000e+01,1073741824,1.021967754002986561e+00,display,256,64,65,129,1.101355666059376404e+00,5.668399489991803389e-03,2.509341980036414871e-03,2.296472823520230664e-03,4.805814803556645101e-03,7.271265251480139185e-05,1.164729120341283952e+00,1.301750348688017543e-04,2.499164836725164263e-01,3.430589146091733710e-14,6.1.1-I-900
objective_profiles,2,3,2,1.100000000000000089e+00,4.152787295564890901e-01,4.568066025121380602e-01,3.000000000000000000e+01,1073741824,1.021967754002986561e+00,display,256,64,65,129,1.109836661066105457e+00,6.556597462413081730e-03,2.924333884873251809e-03,2.689751304208387855e-03,5.614085189081639664e-03,7.271265251480139185e-05,1.164729120341283952e+00,1.301750348688017543e-04,2.499164836725164263e-01,5.018208071305707563e-14,6.1.1-I-900
objective_profiles,2,3,2,1.100000000000000089e+00,4.152787295564890901e-01,4.568066025121380602e-01,3.000000000000000000e+01,1073741824,1.021967754002986561e+00,display,256,64,65,129,1.118281612705644745e+00,7.500093445132224694e-03,3.365694314698417303e-03,3.111106983839930732e-03,6.476801298538347601e-03,7.271265251480139185e-05,1.164729120341283952e+00,1.301750348688017543e-04,2.499164836725164263e-01,2.919886554764161701e-14,6.1.1-I-900
objective_profiles,2,3,2,1.100000000000000089e+00,4.152787295564890901e-01,4.568066025121380602e-01,3.000000000000000000e+01,1073741824,1.021967754002986561e+00,display,256,64,65,129,1.126685434054904400e+00,8.496620366058705784e-03,3.832146173681384629e-03,3.559656715645712847e-03,7.391802889327097476e-03,7.271265251480139185e-05,1.164729120341283952e+00,1.301750348688017543e-04,2.499164836725164263e-01,2.586819647376614739e-14,6.1.1-I-900
objective_profiles,2,3,2,1.100000000000000089e+00,4.152787295564890901e-01,4.568066025121380602e-01,3.000000000000000000e+01,1073741824,1.021967754002986561e+00,display,256,64,65,129,1.135043062966142324e+00,9.543933503764099116e-03,4.322386514242079585e-03,4.034459887742205056e-03,8.356846401984283773e-03,7.271265251480139185e-05,1.164729120341283952e+00,1.301750348688017543e-04,2.499164836725164263e-01,8.881784197001252323e-15,6.1.1-I-900
objective_profiles,2,3,2,1.100000000000000089e+00,4.152787295564890901e-01,4.568066025121380602e-01,3.000000000000000000e+01,1073741824,1.021967754002986561e+00,display,256,64,65,129,1.143349465116214381e+00,1.063953175568256582e-02,4.835089743177679866e-03,4.534520929498545190e-03,9.369610672676224189e-03,7.271265251480139185e-05,1.164729120341283952e+00,1.301750348688017543e-04,2.499164836725164263e-01,1.487698852997709764e-14,6.1.1-I-900
objective_profiles,2,3,2,1.100000000000000089e+00,4.152787295564890901e-01,4.568066025121380602e-01,3.000000000000000000e+01,1073741824,1.021967754002986561e+00,display,256,64,65,129,1.151599637039061541e+00,1.178102032688173317e-02,5.368910723406853693e-03,5.058791897455769404e-03,1.042770262086262223e-02,7.271265251480139185e-05,1.164729120341283952e+00,1.301750348688017543e-04,2.499164836725164263e-01,1.953992523340275511e-14,6.1.1-I-900
objective_profiles,2,3,2,1.100000000000000089e+00,4.152787295564890901e-01,4.568066025121380602e-01,3.000000000000000000e+01,1073741824,1.021967754002986561e+00,display,256,64,65,129,1.159788609139611903e+00,1.296584379166187441e-02,5.922487771655100645e-03,5.606175134337958860e-03,1.152866290599306037e-02,7.271265251480139185e-05,1.164729120341283952e+00,1.301750348688017543e-04,2.499164836725164263e-01,3.430589146091733710e-14,6.1.1-I-900
objective_profiles,2,3,2,1.100000000000000089e+00,4.152787295564890901e-01,4.568066025121380602e-01,3.000000000000000000e+01,1073741824,1.021967754002986561e+00,display,256,64,65,129,1.167911448687276810e+00,1.419143686865014485e-02,6.494445552823456015e-03,6.175525994768193451e-03,1.266997154759164947e-02,7.271265251480139185e-05,1.164729120341283952e+00,1.301750348688017543e-04,2.499164836725164263e-01,2.642330798607872566e-14,6.1.1-I-900
objective_profiles,2,3,2,1.100000000000000089e+00,4.152787295564890901e-01,4.568066025121380602e-01,3.000000000000000000e+01,1073741824,1.021967754002986561e+00,display,256,64,65,129,1.175963262787245833e+00,1.545508928114708302e-02,7.083397872138613022e-03,6.765655631379527413e-03,1.384905350351814043e-02,7.271265251480139185e-05,1.164729120341283952e+00,1.301750348688017543e-04,2.499164836725164263e-01,1.443289932012703503e-14,6.1.1-I-900
objective_profiles,2,3,2,1.100000000000000089e+00,4.152787295564890901e-01,4.568066025121380602e-01,3.000000000000000000e+01,1073741824,1.021967754002986561e+00,display,256,64,65,129,1.183939201327781188e+00,1.675411223447973927e-02,7.687950366488491283e-03,7.375333835096030931e-03,1.506328420158452308e-02,7.271265251480139185e-05,1.164729120341283952e+00,1.301750348688017543e-04,2.499164836725164263e-01,9.436895709313830594e-15,6.1.1-I-900
objective_profiles,2,3,2,1.100000000000000089e+00,4.152787295564890901e-01,4.568066025121380602e-01,3.000000000000000000e+01,1073741824,1.021967754002986561e+00,display,256,64,65,129,1.191834459901746301e+00,1.808575806720891938e-02,8.306703096609979048e-03,8.003291923444972450e-03,1.630999502005495150e-02,7.271265251480139185e-05,1.164729120341283952e+00,1.301750348688017543e-04,2.499164836725164263e-01,1.298960938811433152e-14,6.1.1-I-900
objective_profiles,2,3,2,1.100000000000000089e+00,4.152787295564890901e-01,4.568066025121380602e-01,3.000000000000000000e+01,1073741824,1.021967754002986561e+00,display,256,64,65,129,1.199644282700598641e+00,1.944728242539250224e-02,8.938253042010761359e-03,8.648225670854881031e-03,1.758647871286564413e-02,7.271265251480139185e-05,1.164729120341283952e+00,1.301750348688017543e-04,2.499164836725164263e-01,5.662137425588298356e-14,6.1.1-I-900
objective_profiles,2,3,2,1.100000000000000089e+00,4.152787295564890901e-01,4.568066025121380602e-01,3.000000000000000000e+01,1073741824,1.021967754002986561e+00,display,256,64,65,129,1.207363965379112170e+00,2.083575349684469585e-02,9.581196500685619857e-03,9.308798274987746188e-03,1.888999477567336605e-02,7.271265251480139185e-05,1.164729120341283952e+00,1.301750348688017543e-04,2.499164836725164263e-01,8.881784197001252323e-15,6.1.1-I-900
objective_profiles,2,3,2,1.100000000000000089e+00,4.152787295564890901e-01,4.568066025121380602e-01,3.000000000000000000e+01,1073741824,1.021967754002986561e+00,display,256,64,65,129,1.214988857889099272e+00,2.224838707061309664e-02,1.023413139583024579e-02,9.983643353253799854e-03,2.021777474908404565e-02,7.271265251480139185e-05,1.164729120341283952e+00,1.301750348688017543e-04,2.499164836725164263e-01,2.065014825802791165e-14,6.1.1-I-900
objective_profiles,2,3,2,1.100000000000000089e+00,4.152787295564890901e-01,4.568066025121380602e-01,3.000000000000000000e+01,1073741824,1.021967754002986561e+00,display,256,64,65,129,1.222514367280424175e+00,2.368232673876356081e-02,1.089565949186755388e-02,1.067136796375715846e-02,2.156702745562471407e-02,7.271265251480139185e-05,1.164729120341283952e+00,1.301750348688017543e-04,2.499164836725164263e-01,1.398881011027697241e-14,6.1.1-I-900
objective_profiles,2,3,2,1.100000000000000089e+00,4.152787295564890901e-01,4.568066025121380602e-01,3.000000000000000000e+01,1073741824,1.021967754002986561e+00,display,256,64,65,129,1.229935960467627432e+00,2.513458984051878883e-02,1.156438852218571144e-02,1.137055564502490942e-02,2.293494416721061913e-02,7.271265251480139185e-05,1.164729120341283952e+00,1.301750348688017543e-04,2.499164836725164263e-01,4.851674617611934082e-14,6.1.1-I-900
objective_profiles,2,3,2,1.100000000000000089e+00,4.152787295564890901e-01,4.568066025121380602e-01,3.000000000000000000e+01,1073741824,1.021967754002986561e+00,display,256,64,65,129,1.237249166960483926e+00,2.660234622746691577e-02,1.223893423104036385e-02,1.207976946897811737e-02,2.431870370001848122e-02,7.271265251480139185e-05,1.164729120341283952e+00,1.301750348688017543e-04,2.499164836725164263e-01,5.939693181744587491e-14,6.1.1-I-900
objective_profiles,2,3,2,1.100000000000000089e+00,4.152787295564890901e-01,4.568066025121380602e-01,3.000000000000000000e+01,1073741824,1.021967754002986561e+00,display,256,64,65,129,1.244449581556860585e+00,2.808263341790375248e-02,1.291792233211694167e-02,1.279755510171049458e-02,2.571547743382743625e-02,7.271265251480139185e-05,1.164729120341283952e+00,1.301750348688017543e-04,2.499164836725164263e-01,1.465494392505206633e-14,6.1.1-I-900
objective_profiles,2,3,2,1.100000000000000089e+00,4.152787295564890901e-01,4.568066025121380602e-01,3.000000000000000000e+01,1073741824,1.021967754002986561e+00,display,256,64,65,129,1.251532866996245774e+00,2.957251569078330616e-02,1.359999038625654341e-02,1.352244386675131166e-02,2.712243425300785507e-02,7.271265251480139185e-05,1.164729120341283952e+00,1.301750348688017543e-04,2.499164836725164263e-01,4.951594689828198170e-14,6.1.1-I-900
objective_profiles,2,3,2,1.100000000000000089e+00,4.152787295564890901e-01,4.568066025121380602e-01,3.000000000000000000e+01,1073741824,1.021967754002986561e+00,display,256,64,65,129,1.258494756572351658e+00,3.106910884183232760e-02,1.428378960085356121e-02,1.425295580559747359e-02,2.853674540645103480e-02,7.271265251480139185e-05,1.164729120341283952e+00,1.301750348688017543e-04,2.499164836725164263e-01,2.831068712794149178e-14,6.1.1-I-900
objective_profiles,2,3,2,1.100000000000000089e+00,4.152787295564890901e-01,4.568066025121380602e-01,3.000000000000000000e+01,1073741824,1.021967754002986561e+00,display,256,64,65,129,1.265331056703219215e+00,3.256948907703975660e-02,1.496798655341627024e-02,1.498760273041553626e-02,2.995558928383180650e-02,7.271265251480139185e-05,1.164729120341283952e+00,1.301750348688017543e-04,2.499164836725164263e-01,3.974598428158060415e-14,6.1.1-I-900
objective_profiles,2,3,2,1.100000000000000089e+00,4.152787295564890901e-01,4.568066025121380602e-01,3.000000000000000000e+01,1073741824,1.021967754002986561e+00,display,256,64,65,129,1.272037649457275599e+00,3.407074693488189310e-02,1.565126484174763147e-02,1.572489126392469239e-02,3.137615610567232038e-02,7.271265251480139185e-05,1.164729120341283952e+00,1.301750348688017543e-04,2.499164836725164263e-01,9.992007221626408864e-15,6.1.1-I-900
objective_profiles,2,3,2,1.100000000000000089e+00,4.152787295564890901e-01,4.568066025121380602e-01,3.000000000000000000e+01,1073741824,1.021967754002986561e+00,display,256,64,65,129,1.278610495033821737e+00,3.557001605152428081e-02,1.633232666317231685e-02,1.646332586158936670e-02,3.279565252476168702e-02,7.271265251480139185e-05,1.164729120341283952e+00,1.301750348688017543e-04,2.499164836725164263e-01,1.099120794378904975e-14,6.1.1-I-900
objective_profiles,2,3,2,1.100000000000000089e+00,4.152787295564890901e-01,4.568066025121380602e-01,3.000000000000000000e+01,1073741824,1.021967754002986561e+00,display,256,64,65,129,1.285045634196456454e+00,3.706439140884838779e-02,1.700989432517662284e-02,1.720141181136316741e-02,3.421130613653979025e-02,7.271265251480139185e-05,1.164729120341283952e+00,1.301750348688017543e-04,2.499164836725164263e-01,1.121325254871408106e-14,6.1.1-I-900
objective_profiles,2,3,2,1.100000000000000089e+00,4.152787295564890901e-01,4.568066025121380602e-01,3.000000000000000000e+01,1073741824,1.021967754002986561e+00,display,256,64,65,129,1.291339190657973424e+00,3.855109280498918156e-02,1.768271168978037891e-02,1.793765820634532493e-02,3.562036989612570037e-02,7.271265251480139185e-05,1.164729120341283952e+00,1.301750348688017543e-04,2.499164836725164263e-01,1.676436767183986376e-14,6.1.1-I-900
objective_profiles,2,3,2,1.100000000000000089e+00,4.152787295564890901e-01,4.568066025121380602e-01,3.000000000000000000e+01,1073741824,1.021967754002986561e+00,display,256,64,65,129,1.297487373415291412e+00,4.002726670519180657e-02,1.834954555388741693e-02,1.867058088582532541e-02,3.702012643971273886e-02,7.271265251480139185e-05,1.164729120341283952e+00,1.301750348688017543e-04,2.499164836725164263e-01,2.831068712794149178e-14,6.1.1-I-900
objective_profiles,2,3,2,1.100000000000000089e+00,4.152787295564890901e-01,4.568066025121380602e-01,3.000000000000000000e+01,1073741824,1.021967754002986561e+00,display,256,64,65,129,1.303486479033013179e+00,4.149015606007080276e-02,1.900918696779865108e-02,1.939870534031257546e-02,3.840789230811123001e-02,7.271265251480139185e-05,1.164729120341283952e+00,1.301750348688017543e-04,2.499164836725164263e-01,9.547918011776346248e-15,6.1.1-I-900
objective_profiles,2,3,2,1.100000000000000089e+00,4.152787295564890901e-01,4.568066025121380602e-01,3.000000000000000000e+01,1073741824,1.021967754002986561e+00,display,256,64,65,129,1.309332893874235459e+00,4.293704277520632440e-02,1.966045249399686612e-02,2.012056957626457906e-02,3.978102207026144865e-02,7.271265251480139185e-05,1.164729120341283952e+00,1.301750348688017543e-04,2.499164836725164263e-01,8.881784197001252323e-15,6.1.1-I-900
objective_profiles,2,3,2,1.100000000000000089e+00,4.152787295564890901e-01,4.568066025121380602e-01,3.000000000000000000e+01,1073741824,1.021967754002986561e+00,display,256,64,65,129,1.315023096277269543e+00,4.436522141821284265e-02,2.030218540823437029e-02,2.083472693634968662e-02,4.113691234458405344e-02,7.271265251480139185e-05,1.164729120341283952e+00,1.301750348688017543e-04,2.499164836725164263e-01,3.574918139293004060e-14,6.1.1-I-900
objective_profiles,2,3,2,1.100000000000000089e+00,4.152787295564890901e-01,4.568066025121380602e-01,3.000000000000000000e+01,1073741824,1.021967754002986561e+00,display,256,64,65,129,1.320553658676957731e+00,4.577203399757203556e-02,2.093325684487817862e-02,2.153974887119638679e-02,4.247300571607456887e-02,7.271265251480139185e-05,1.164729120341283952e+00,1.301750348688017543e-04,2.499164836725164263e-01,2.886579864025407005e-14,6.1.1-I-900
objective_profiles,2,3,2,1.100000000000000089e+00,4.152787295564890901e-01,4.568066025121380602e-01,3.000000000000000000e+01,1073741824,1.021967754002986561e+00,display,256,64,65,129,1.325921249669312019e+00,4.715491138986899200e-02,2.155256688838919424e-02,2.223422765870911380e-02,4.378679454709830804e-02,7.271265251480139185e-05,1.164729120341283952e+00,1.301750348688017543e-04,2.499164836725164263e-01,3.719247132494274410e-14,6.1.1-I-900
objective_profiles,2,3,2,1.100000000000000089e+00,4.152787295564890901e-01,4.568066025121380602e-01,3.000000000000000000e+01,1073741824,1.021967754002986561e+00,display,256,64,65,129,1.331122636018225558e+00,4.851130889371269711e-02,2.215904561272434223e-02,2.291677906714332386e-02,4.507582467986766261e-02,7.271265251480139185e-05,1.164729120341283952e+00,1.301750348688017543e-04,2.499164836725164263e-01,1.798561299892753595e-14,6.1.1-I-900
objective_profiles,2,3,2,1.100000000000000089e+00,4.152787295564890901e-01,4.568066025121380602e-01,3.000000000000000000e+01,1073741824,1.021967754002986561e+00,display,256,64,65,129,1.336154684603054088e+00,4.983875246787707741e-02,2.275165407037792187e-02,2.358604495826471803e-02,4.633769902864263990e-02,7.271265251480139185e-05,1.164729120341283952e+00,1.301750348688017543e-04,2.499164836725164263e-01,8.881784197001252323e-15,6.1.1-I-900
objective_profiles,2,3,2,1.100000000000000089e+00,4.152787295564890901e-01,4.568066025121380602e-01,3.000000000000000000e+01,1073741824,1.021967754002986561e+00,display,256,64,65,129,1.341014364305890716e+00,5.113482596903949629e-02,2.332938523269183217e-02,2.424069582703157130e-02,4.757008105972340695e-02,7.271265251480139185e-05,1.164729120341283952e+00,1.301750348688017543e-04,2.499164836725164263e-01,4.118927421359330765e-14,6.1.1-I-900
objective_profiles,2,3,2,1.100000000000000089e+00,4.152787295564890901e-01,4.568066025121380602e-01,3.000000000000000000e+01,1073741824,1.021967754002986561e+00,display,256,64,65,129,1.345698747837397402e+00,5.239716457019569923e-02,2.389126488298390708e-02,2.487943327436846833e-02,4.877069815735237540e-02,7.271265251480139185e-05,1.164729120341283952e+00,1.301750348688017543e-04,2.499164836725164263e-01,8.881784197001252323e-15,6.1.1-I-900
objective_profiles,2,3,2,1.100000000000000089e+00,4.152787295564890901e-01,4.568066025121380602e-01,3.000000000000000000e+01,1073741824,1.021967754002986561e+00,display,256,64,65,129,1.350205013500095141e+00,5.362350624402343474e-02,2.443635246396878499e-02,2.550099240972152070e-02,4.993734487369030917e-02,7.271265251480139185e-05,1.164729120341283952e+00,1.301750348688017543e-04,2.499164836725164263e-01,2.975397705995419528e-14,6.1.1-I-900
objective_profiles,2,3,2,1.100000000000000089e+00,4.152787295564890901e-01,4.568066025121380602e-01,3.000000000000000000e+01,1073741824,1.021967754002986561e+00,display,256,64,65,129,1.354530446888048800e+00,5.481162207158032235e-02,2.496374188086025389e-02,2.610414418020966243e-02,5.106788606106991979e-02,7.271265251480139185e-05,1.164729120341283952e+00,1.301750348688017543e-04,2.499164836725164263e-01,2.087219286295294296e-14,6.1.1-I-900
objective_profiles,2,3,2,1.100000000000000089e+00,4.152787295564890901e-01,4.568066025121380602e-01,3.000000000000000000e+01,1073741824,1.021967754002986561e+00,display,256,64,65,129,1.358672442521924095e+00,5.595940621290632078e-02,2.547256226147500205e-02,2.668769762331244660e-02,5.216025988478745212e-02,7.271265251480139185e-05,1.164729120341283952e+00,1.301750348688017543e-04,2.499164836725164263e-01,1.010302952408892452e-14,6.1.1-I-900
objective_profiles,2,3,2,1.100000000000000089e+00,4.152787295564890901e-01,4.568066025121380602e-01,3.000000000000000000e+01,1073741824,1.021967754002986561e+00,display,256,64,65,129,1.362628505418430169e+00,5.706479352027817031e-02,2.596197867457621447e-02,2.725050204015951050e-02,5.321248071473572150e-02,7.271265251480139185e-05,1.164729120341283952e+00,1.301750348688017543e-04,2.499164836725164263e-01,4.818367926873179385e-14,6.1.1-I-900
objective_profiles,2,3,2,1.100000000000000089e+00,4.152787295564890901e-01,4.568066025121380602e-01,3.000000000000000000e+01,1073741824,1.021967754002986561e+00,display,256,64,65,129,1.366396252593204963e+00,5.812580938452911739e-02,2.643119280762420975e-02,2.779144908661463492e-02,5.422264189423884467e-02,7.271265251480139185e-05,1.164729120341283952e+00,1.301750348688017543e-04,2.499164836725164263e-01,8.881784197001252323e-15,6.1.1-I-900
objective_profiles,2,3,2,1.100000000000000089e+00,4.152787295564890901e-01,4.568066025121380602e-01,3.000000000000000000e+01,1073741824,1.021967754002986561e+00,display,256,64,65,129,1.369973414496235664e+00,5.914057123845663927e-02,2.687944360503305777e-02,2.830947477947227606e-02,5.518891838450533383e-02,7.271265251480139185e-05,1.164729120341283952e+00,1.301750348688017543e-04,2.499164836725164263e-01,8.881784197001252323e-15,6.1.1-I-900
objective_profiles,2,3,2,1.100000000000000089e+00,4.152787295564890901e-01,4.568066025121380602e-01,3.000000000000000000e+01,1073741824,1.021967754002986561e+00,display,256,64,65,129,1.373357836378950259e+00,6.010725825480372347e-02,2.730600786795557566e-02,2.880356141521213734e-02,5.610956928316770953e-02,7.271265251480139185e-05,1.164729120341283952e+00,1.301750348688017543e-04,2.499164836725164263e-01,9.880984919163893210e-15,6.1.1-I-900
objective_profiles,2,3,2,1.100000000000000089e+00,4.152787295564890901e-01,4.568066025121380602e-01,3.000000000000000000e+01,1073741824,1.021967754002986561e+00,display,256,64,65,129,1.376547479592158396e+00,6.102417355393128379e-02,2.771020081655926198e-02,2.927273939888656168e-02,5.698294021544582366e-02,7.271265251480139185e-05,1.164729120341283952e+00,1.301750348688017543e-04,2.499164836725164263e-01,9.103828801926283631e-15,6.1.1-I-900
objective_profiles,2,3,2,1.100000000000000089e+00,4.152787295564890901e-01,4.568066025121380602e-01,3.000000000000000000e+01,1073741824,1.021967754002986561e+00,display,256,64,65,129,1.379540422814057088e+00,6.188970808862272188e-02,2.809137661568485503e-02,2.971608898084108358e-02,5.780746559652594208e-02,7.271265251480139185e-05,1.164729120341283952e+00,1.301750348688017543e-04,2.499164836725164263e-01,3.752553823233029107e-14,6.1.1-I-900
objective_profiles,2,3,2,1.100000000000000089e+00,4.152787295564890901e-01,4.568066025121380602e-01,3.000000000000000000e+01,1073741824,1.021967754002986561e+00,display,256,64,65,129,1.382334863207562714e+00,6.270232186819141296e-02,2.844892886471641485e-02,3.013274189909915385e-02,5.858167076381556870e-02,7.271265251480139185e-05,1.164729120341283952e+00,1.301750348688017543e-04,2.499164836725164263e-01,1.665334536937734811e-14,6.1.1-I-900
objective_profiles,2,3,2,1.100000000000000089e+00,4.152787295564890901e-01,4.568066025121380602e-01,3.000000000000000000e+01,1073741824,1.021967754002986561e+00,display,256,64,65,129,1.384929117506273011e+00,6.346056965004896744e-02,2.878229105243470046e-02,3.052188292537001690e-02,5.930417397780471389e-02,7.271265251480139185e-05,1.164729120341283952e+00,1.301750348688017543e-04,2.499164836725164263e-01,1.576516694967722287e-14,6.1.1-I-900
objective_profiles,2,3,2,1.100000000000000089e+00,4.152787295564890901e-01,4.568066025121380602e-01,3.000000000000000000e+01,1073741824,1.021967754002986561e+00,display,256,64,65,129,1.387321623028404005e+00,6.416315963942610667e-02,2.909093697755944785e-02,3.088275131276958796e-02,5.997368829032903581e-02,7.271265251480139185e-05,1.164729120341283952e+00,1.301750348688017543e-04,2.499164836725164263e-01,8.881784197001252323e-15,6.1.1-I-900
objective_profiles,2,3,2,1.100000000000000089e+00,4.152787295564890901e-01,4.568066025121380602e-01,3.000000000000000000e+01,1073741824,1.021967754002986561e+00,display,256,64,65,129,1.389510938618090385e+00,6.480882252585193348e-02,2.937438113563391531e-02,3.121464214347138486e-02,6.058902327910530017e-02,7.271265251480139185e-05,1.164729120341283952e+00,1.301750348688017543e-04,2.499164836725164263e-01,3.663735981263016583e-14,6.1.1-I-900
objective_profiles,2,3,2,1.100000000000000089e+00,4.152787295564890901e-01,4.568066025121380602e-01,3.000000000000000000e+01,1073741824,1.021967754002986561e+00,display,256,64,65,129,1.391495745513484872e+00,6.539644451803648673e-02,2.963217907284491914e-02,3.151690757463853493e-02,6.114908664748345407e-02,7.271265251480139185e-05,1.164729120341283952e+00,1.301750348688017543e-04,2.499164836725164263e-01,1.343369859796439414e-14,6.1.1-I-900
objective_profiles,2,3,2,1.100000000000000089e+00,4.152787295564890901e-01,4.568066025121380602e-01,3.000000000000000000e+01,1073741824,1.021967754002986561e+00,display,256,64,65,129,1.393274848141130562e+00,6.592499999120292331e-02,2.986392770732282723e-02,3.178895798111493892e-02,6.165288568843776962e-02,7.271265251480139185e-05,1.164729120341283952e+00,1.301750348688017543e-04,2.499164836725164263e-01,1.876276911616514553e-14,6.1.1-I-900
objective_profiles,2,3,2,1.100000000000000089e+00,4.152787295564890901e-01,4.568066025121380602e-01,3.000000000000000000e+01,1073741824,1.021967754002986561e+00,display,256,64,65,129,1.394847174836129300e+00,6.639355075208816515e-02,3.006926561840592496e-02,3.203026299348735173e-02,6.209952861189327322e-02,7.271265251480139185e-05,1.164729120341283952e+00,1.301750348688017543e-04,2.499164836725164263e-01,1.443289932012703503e-14,6.1.1-I-900
objective_profiles,2,3,2,1.100000000000000089e+00,4.152787295564890901e-01,4.568066025121380602e-01,3.000000000000000000e+01,1073741824,1.021967754002986561e+00,display,256,64,65,129,1.396211778487673305e+00,6.680129932639587709e-02,3.024787330430930496e-02,3.224035243026006359e-02,6.248822573456937202e-02,7.271265251480139185e-05,1.164729120341283952e+00,1.301750348688017543e-04,2.499164836725164263e-01,1.154631945610162802e-14,6.1.1-I-900
objective_profiles,2,3,2,1.100000000000000089e+00,4.152787295564890901e-01,4.568066025121380602e-01,3.000000000000000000e+01,1073741824,1.021967754002986561e+00,display,256,64,65,129,1.397367837109548372e+00,6.714752207385547844e-02,3.039947340858471445e-02,3.241881712301571128e-02,6.281829053160042919e-02,7.271265251480139185e-05,1.164729120341283952e+00,1.301750348688017543e-04,2.499164836725164263e-01,2.264854970235319342e-14,6.1.1-I-900
objective_profiles,2,3,2,1.100000000000000089e+00,4.152787295564890901e-01,4.568066025121380602e-01,3.000000000000000000e+01,1073741824,1.021967754002986561e+00,display,256,64,65,129,1.398314654335268692e+00,6.743163012635020048e-02,3.052383091571108514e-02,3.256530963356830261e-02,6.308914054927938775e-02,7.271265251480139185e-05,1.164729120341283952e+00,1.301750348688017543e-04,2.499164836725164263e-01,1.043609643147647148e-14,6.1.1-I-900
objective_profiles,2,3,2,1.100000000000000089e+00,4.152787295564890901e-01,4.568066025121380602e-01,3.000000000000000000e+01,1073741824,1.021967754002986561e+00,display,256,64,65,129,1.399051659837541539e+00,6.765310006411463795e-02,3.062075331610590243e-02,3.267954486224507182e-02,6.330029817835097772e-02,7.271265251480139185e-05,1.164729120341283952e+00,1.301750348688017543e-04,2.499164836725164263e-01,1.276756478318930021e-14,6.1.1-I-900
objective_profiles,2,3,2,1.100000000000000089e+00,4.152787295564890901e-01,4.568066025121380602e-01,3.000000000000000000e+01,1073741824,1.021967754002986561e+00,display,256,64,65,129,1.399578409671810242e+00,6.781159251790275233e-02,3.069009074080338365e-02,3.276130054656811730e-02,6.345139128737149747e-02,7.271265251480139185e-05,1.164729120341283952e+00,1.301750348688017543e-04,2.499164836725164263e-01,1.176836406102665933e-14,6.1.1-I-900
objective_profiles,2,3,2,1.100000000000000089e+00,4.152787295564890901e-01,4.568066025121380602e-01,3.000000000000000000e+01,1073741824,1.021967754002986561e+00,display,256,64,65,129,1.399894586543671382e+00,6.790678001209443648e-02,3.073173606599973601e-02,3.281041764973782054e-02,6.354215371573755655e-02,7.271265251480139185e-05,1.164729120341283952e+00,1.301750348688017543e-04,2.499164836725164263e-01,2.398081733190338127e-14,6.1.1-I-900
objective_profiles,2,3,2,1.100000000000000089e+00,4.152787295564890901e-01,4.568066025121380602e-01,3.000000000000000000e+01,1073741824,1.021967754002986561e+00,display,256,64,65,129,1.399999999999999911e+00,6.793852309726725047e-02,3.074562498761724411e-02,3.282680063845345303e-02,6.357242562607069714e-02,7.271265251480139185e-05,1.164729120341283952e+00,1.301750348688017543e-04,2.499164836725164263e-01,2.697841949839130393e-14,6.1.1-I-900
objective_profiles,2,3,2,2.000000000000000000e+00,4.152787295564890901e-01,8.305574591129781803e-01,3.000000000000000000e+01,1073741824,1.039941370914521102e+00,verification,128,32,33,65,6.999999999999999556e-01,4.636600288165353134e-02,2.732324418618727090e-05,5.030614861731365350e-02,5.033347186149984137e-02,5.114654933874077623e-03,4.252089687170840324e-04,5.115742448050064443e-03,2.543281126680932425e-01,1.465494392505206633e-14,6.1.1-I-900
objective_profiles,2,3,2,2.000000000000000000e+00,4.152787295564890901e-01,8.305574591129781803e-01,3.000000000000000000e+01,1073741824,1.039941370914521102e+00,verification,128,32,33,65,7.004215903281896249e-01,4.621736530002571591e-02,2.723010345011156355e-05,5.015596869901347427e-02,5.018319880246358694e-02,5.114654933874077623e-03,4.252089687170840324e-04,5.115742448050064443e-03,2.543281126680932425e-01,1.465494392505206633e-14,6.1.1-I-900
objective_profiles,2,3,2,2.000000000000000000e+00,4.152787295564890901e-01,8.305574591129781803e-01,3.000000000000000000e+01,1073741824,1.039941370914521102e+00,verification,128,32,33,65,7.016853456647310638e-01,4.577339513751588901e-02,2.695222127438983160e-05,4.970730990214038136e-02,4.973426212341477276e-02,5.114654933874077623e-03,4.252089687170840324e-04,5.115742448050064443e-03,2.543281126680932425e-01,1.465494392505206633e-14,6.1.1-I-900
objective_profiles,2,3,2,2.000000000000000000e+00,4.152787295564890901e-01,8.305574591129781803e-01,3.000000000000000000e+01,1073741824,1.039941370914521102e+00,verification,128,32,33,65,7.037882215123265617e-01,4.503989132450764155e-02,2.649417783692390883e-05,4.896578685900717515e-02,4.899228103684409585e-02,5.114654933874077623e-03,4.252089687170840324e-04,5.115742448050064443e-03,2.543281126680932425e-01,1.465494392505206633e-14,6.1.1-I-900
objective_profiles,2,3,2,2.000000000000000000e+00,4.152787295564890901e-01,8.305574591129781803e-01,3.000000000000000000e+01,1073741824,1.039941370914521102e+00,verification,128,32,33,65,7.067251518588693049e-01,4.402642306321444265e-02,2.586347543588583017e-05,4.794066379458439969e-02,4.796652727002028577e-02,5.114654933874077623e-03,4.252089687170840324e-04,5.115742448050064443e-03,2.543281126680932425e-01,1.465494392505206633e-14,6.1.1-I-900
objective_profiles,2,3,2,2.000000000000000000e+00,4.152787295564890901e-01,8.305574591129781803e-01,3.000000000000000000e+01,1073741824,1.039941370914521102e+00,verification,128,32,33,65,7.104890613819095924e-01,4.274618854566317183e-02,2.507034744143920094e-05,4.664471651088908377e-02,4.666978685833052254e-02,5.114654933874077623e-03,4.252089687170840324e-04,5.115742448050064443e-03,2.543281126680932425e-01,1.465494392505206633e-14,6.1.1-I-900
objective_profiles,2,3,2,2.000000000000000000e+00,4.152787295564890901e-01,8.305574591129781803e-01,3.000000000000000000e+01,1073741824,1.039941370914521102e+00,verification,128,32,33,65,7.150708824937268560e-01,4.121582159771874920e-02,2.412750231081317443e-05,4.509404353151662964e-02,4.511817103382743943e-02,5.114654933874077623e-03,4.252089687170840324e-04,5.115742448050064443e-03,2.543281126680932425e-01,1.465494392505206633e-14,6.1.1-I-900
objective_profiles,2,3,2,2.000000000000000000e+00,4.152787295564890901e-01,8.305574591129781803e-01,3.000000000000000000e+01,1073741824,1.039941370914521102e+00,verification,128,32,33,65,7.204595771859426678e-01,3.945515015762681571e-02,2.304981322101124473e-05,4.330783057072976061e-02,4.333088038395076919e-02,5.114654933874077623e-03,4.252089687170840324e-04,5.115742448050064443e-03,2.543281126680932425e-01,1.465494392505206633e-14,6.1.1-I-900
objective_profiles,2,3,2,2.000000000000000000e+00,4.152787295564890901e-01,8.305574591129781803e-01,3.000000000000000000e+01,1073741824,1.039941370914521102e+00,verification,128,32,33,65,7.266421636210496082e-01,3.748691219852885032e-02,2.185396566439145317e-05,4.130807340708013420e-02,4.132992737274452516e-02,5.114654933874077623e-03,4.252089687170840324e-04,5.115742448050064443e-03,2.543281126680932425e-01,1.465494392505206633e-14,6.1.1-I-900
objective_profiles,2,3,2,2.000000000000000000e+00,4.152787295564890901e-01,8.305574591129781803e-01,3.000000000000000000e+01,1073741824,1.039941370914521102e+00,verification,128,32,33,65,7.336037474067947928e-01,3.533643407864008740e-02,2.055807638822755291e-05,3.911926497495689381e-02,3.913982305134511980e-02,5.114654933874077623e-03,4.252089687170840324e-04,5.115742448050064443e-03,2.543281126680932425e-01,1.465494392505206633e-14,6.1.1-I-900
objective_profiles,2,3,2,2.000000000000000000e+00,4.152787295564890901e-01,8.305574591129781803e-01,3.000000000000000000e+01,1073741824,1.039941370914521102e+00,verification,128,32,33,65,7.413275574780756605e-01,3.303127876507010174e-02,1.918129732725953152e-05,3.676805302170561146e-02,3.678723431903287155e-02,5.114654933874077623e-03,4.252089687170840324e-04,5.115742448050064443e-03,2.543281126680932425e-01,1.465494392505206633e-14,6.1.1-I-900
objective_profiles,2,3,2,2.000000000000000000e+00,4.152787295564890901e-01,8.305574591129781803e-01,3.000000000000000000e+01,1073741824,1.039941370914521102e+00,verification,128,32,33,65,7.497949864999047254e-01,3.060086978941541774e-02,1.774341772625408231e-05,3.428287500673630334e-02,3.430061842446256032e-02,5.114654933874077623e-03,4.252089687170840324e-04,5.115742448050064443e-03,2.543281126680932425e-01,1.465494392505206633e-14,6.1.1-I-900
objective_profiles,2,3,2,2.000000000000000000e+00,4.152787295564890901e-01,8.305574591129781803e-01,3.000000000000000000e+01,1073741824,1.039941370914521102e+00,verification,128,32,33,65,7.589856356941091509e-01,2.807609803662810058e-02,1.626447657627923249e-05,3.169357704620282684e-02,3.170984152277910723e-02,5.114654933874077623e-03,4.252089687170840324e-04,5.115742448050064443e-03,2.543281126680932425e-01,1.465494392505206633e-14,6.1.1-I-900
objective_profiles,2,3,2,2.000000000000000000e+00,4.152787295564890901e-01,8.305574591129781803e-01,3.000000000000000000e+01,1073741824,1.039941370914521102e+00,verification,128,32,33,65,7.688773639817741978e-01,2.548891836572911990e-02,1.476439592799396753e-05,2.903102364518497444e-02,2.904578804111297013e-02,5.114654933874077623e-03,4.252089687170840324e-04,5.115742448050064443e-03,2.543281126680932425e-01,1.465494392505206633e-14,6.1.1-I-900
objective_profiles,2,3,2,2.000000000000000000e+00,4.152787295564890901e-01,8.305574591129781803e-01,3.000000000000000000e+01,1073741824,1.039941370914521102e+00,verification,128,32,33,65,7.794463413230420246e-01,2.287194283773952633e-02,1.326264375120436096e-05,2.632670472884995547e-02,2.633996737260116058e-02,5.114654933874077623e-03,4.252089687170840324e-04,5.115742448050064443e-03,2.543281126680932425e-01,1.465494392505206633e-14,6.1.1-I-900
objective_profiles,2,3,2,2.000000000000000000e+00,4.152787295564890901e-01,8.305574591129781803e-01,3.000000000000000000e+01,1073741824,1.039941370914521102e+00,verification,128,32,33,65,7.906671061257641853e-01,2.025803595849011429e-02,1.177793293873041025e-05,2.361234611002160921e-02,2.362412404296033996e-02,5.114654933874077623e-03,4.252089687170840324e-04,5.115742448050064443e-03,2.543281126680932425e-01,1.465494392505206633e-14,6.1.1-I-900
objective_profiles,2,3,2,2.000000000000000000e+00,4.152787295564890901e-01,8.305574591129781803e-01,3.000000000000000000e+01,1073741824,1.039941370914521102e+00,verification,128,32,33,65,8.025126265847083440e-01,1.767991891245686981e-02,1.032796094997956539e-05,2.091952904124508295e-02,2.092985700219506320e-02,5.114654933874077623e-03,4.252089687170840324e-04,5.115742448050064443e-03,2.543281126680932425e-01,1.465494392505206633e-14,6.1.1-I-900
objective_profiles,2,3,2,2.000000000000000000e+00,4.152787295564890901e-01,8.305574591129781803e-01,3.000000000000000000e+01,1073741824,1.039941370914521102e+00,verification,128,32,33,65,8.149543658035435234e-01,1.516978718121934216e-02,8.929192580096848657e-06,1.827932392423555624e-02,1.828825311681565174e-02,5.114654933874077623e-03,4.252089687170840324e-04,5.115742448050064443e-03,2.543281126680932425e-01,1.465494392505206633e-14,6.1.1-I-900
objective_profiles,2,3,2,2.000000000000000000e+00,4.152787295564890901e-01,8.305574591129781803e-01,3.000000000000000000e+01,1073741824,1.039941370914521102e+00,verification,128,32,33,65,8.279623505427240460e-01,1.275894629582536612e-02,7.596686521135716024e-06,1.572194261731530568e-02,1.572953930383644283e-02,5.114654933874077623e-03,4.252089687170840324e-04,5.115742448050064443e-03,2.543281126680932425e-01,1.465494392505206633e-14,6.1.1-I-900
objective_profiles,2,3,2,2.000000000000000000e+00,4.152787295564890901e-01,8.305574591129781803e-01,3.000000000000000000e+01,1073741824,1.039941370914521102e+00,verification,128,32,33,65,8.415052434276482085e-01,1.047747013602334971e-02,6.343964819257575223e-06,1.327641311884929752e-02,1.328275708366855566e-02,5.114654933874077623e-03,4.252089687170840324e-04,5.115742448050064443e-03,2.543281126680932425e-01,1.465494392505206633e-14,6.1.1-I-900
objective_profiles,2,3,2,2.000000000000000000e+00,4.152787295564890901e-01,8.305574591129781803e-01,3.000000000000000000e+01,1073741824,1.039941370914521102e+00,verification,128,32,33,65,8.555504184431391712e-01,8.353884557648487072e-03,5.182923064019287558e-06,1.097027973548780899e-02,1.097546265855182772e-02,5.114654933874077623e-03,4.252089687170840324e-04,5.115742448050064443e-03,2.543281126680932425e-01,1.465494392505206633e-14,6.1.1-I-900
objective_profiles,2,3,2,2.000000000000000000e+00,4.152787295564890901e-01,8.305574591129781803e-01,3.000000000000000000e+01,1073741824,1.039941370914521102e+00,verification,128,32,33,65,8.700640395323723242e-01,6.414879174292491097e-03,4.123778183782367452e-06,8.829331188244245870e-03,8.833454966428028882e-03,5.114654933874077623e-03,4.252089687170840324e-04,5.115742448050064443e-03,2.543281126680932425e-01,1.465494392505206633e-14,6.1.1-I-900
objective_profiles,2,3,2,2.000000000000000000e+00,4.152787295564890901e-01,8.305574591129781803e-01,3.000000000000000000e+01,1073741824,1.039941370914521102e+00,verification,128,32,33,65,8.850111421109007059e-01,4.685049717837458903e-03,3.175050055271669810e-06,6.877358483131082098e-03,6.880533533186353884e-03,5.114654933874077623e-03,4.252089687170840324e-04,5.115742448050064443e-03,2.543281126680932425e-01,1.465494392505206633e-14,6.1.1-I-900
objective_profiles,2,3,2,2.000000000000000000e+00,4.152787295564890901e-01,8.305574591129781803e-01,3.000000000000000000e+01,1073741824,1.039941370914521102e+00,verification,128,32,33,65,9.003557172994012259e-01,3.186671489472021803e-03,2.343572739637044371e-06,5.135943788351296155e-03,5.138287361090933258e-03,5.114654933874077623e-03,4.252089687170840324e-04,5.115742448050064443e-03,2.543281126680932425e-01,2.253752739989067777e-14,6.1.1-I-900
objective_profiles,2,3,2,2.000000000000000000e+00,4.152787295564890901e-01,8.305574591129781803e-01,3.000000000000000000e+01,1073741824,1.039941370914521102e+00,verification,128,32,33,65,9.160607986722184570e-01,1.939506104612751317e-03,1.634530996004829119e-06,3.624281025260659914e-03,3.625915556256664816e-03,5.114654933874077623e-03,4.252089687170840324e-04,5.115742448050064443e-03,2.543281126680932425e-01,1.465494392505206633e-14,6.1.1-I-900
objective_profiles,2,3,2,2.000000000000000000e+00,4.152787295564890901e-01,8.305574591129781803e-01,3.000000000000000000e+01,1073741824,1.039941370914521102e+00,verification,128,32,33,65,9.320885513127229460e-01,9.606405818741326624e-04,1.051517755033204900e-06,2.359028400518834671e-03,2.360079918273867705e-03,5.114654933874077623e-03,4.252089687170840324e-04,5.115742448050064443e-03,2.543281126680932425e-01,1.465494392505206633e-14,6.1.1-I-900
objective_profiles,2,3,2,2.000000000000000000e+00,4.152787295564890901e-01,8.305574591129781803e-01,3.000000000000000000e+01,1073741824,1.039941370914521102e+00,verification,128,32,33,65,9.484003629609381036e-01,2.643598523195951990e-04,5.966084167260963009e-07,1.354192684237604232e-03,1.354789292654330363e-03,5.114654933874077623e-03,4.252089687170840324e-04,5.115742448050064443e-03,2.543281126680932425e-01,1.465494392505206633e-14,6.1.1-I-900
objective_profiles,2,3,2,2.000000000000000000e+00,4.152787295564890901e-01,8.305574591129781803e-01,3.000000000000000000e+01,1073741824,1.039941370914521102e+00,verification,128,32,33,65,9.649569370338575425e-01,-1.379478725633112904e-04,2.704481278257638159e-07,6.210446733918343308e-04,6.213151215196601081e-04,5.114654933874077623e-03,4.252089687170840324e-04,5.115742448050064443e-03,2.543281126680932425e-01,1.465494392505206633e-14,6.1.1-I-900
objective_profiles,2,3,2,2.000000000000000000e+00,4.152787295564890901e-01,8.305574591129781803e-01,3.000000000000000000e+01,1073741824,1.039941370914521102e+00,verification,128,32,33,65,9.817183872943550105e-01,-2.378552365755205993e-04,7.234855760591034391e-08,1.680649693612689571e-04,1.681373179188748804e-04,5.114654933874077623e-03,4.252089687170840324e-04,5.115742448050064443e-03,2.543281126680932425e-01,1.465494392505206633e-14,6.1.1-I-900
objective_profiles,2,3,2,2.000000000000000000e+00,4.152787295564890901e-01,8.305574591129781803e-01,3.000000000000000000e+01,1073741824,1.039941370914521102e+00,verification,128,32,33,65,9.986443339406233521e-01,-2.992822655650002664e-05,3.910951209465839782e-10,9.189400198682173583e-07,9.193311149891639427e-07,5.114654933874077623e-03,4.252089687170840324e-04,5.115742448050064443e-03,2.543281126680932425e-01,2.597921877622866305e-14,6.1.1-I-900
objective_profiles,2,3,2,2.000000000000000000e+00,4.152787295564890901e-01,8.305574591129781803e-01,3.000000000000000000e+01,1073741824,1.039941370914521102e+00,verification,128,32,33,65,1.015694000884653558e+00,4.882713051957800264e-04,5.153381002658239767e-08,1.224595261716154208e-04,1.225110599816420015e-04,5.114654933874077623e-03,4.252089687170840324e-04,5.115742448050064443e-03,2.543281126680932425e-01,2.264854970235319342e-14,6.1.1-I-900
objective_profiles,2,3,2,2.000000000000000000e+00,4.152787295564890901e-01,8.305574591129781803e-01,3.000000000000000000e+01,1073741824,1.039941370914521102e+00,verification,128,32,33,65,1.032826313985403477e+00,1.316210996596129139e-03,2.217199327719442649e-07,5.327563847685969816e-04,5.329781047013689181e-04,5.114654933874077623e-03,4.252089687170840324e-04,5.115742448050064443e-03,2.543281126680932425e-01,1.465494392505206633e-14,6.1.1-I-900
objective_profiles,2,3,2,2.000000000000000000e+00,4.152787295564890901e-01,8.305574591129781803e-01,3.000000000000000000e+01,1073741824,1.039941370914521102e+00,verification,128,32,33,65,1.049999999999999822e+00,2.450439673661180661e-03,5.059860034479106516e-07,1.229149732413493913e-03,1.229655718416941892e-03,5.114654933874077623e-03,4.252089687170840324e-04,5.115742448050064443e-03,2.543281126680932425e-01,2.331468351712828735e-14,6.1.1-I-900
objective_profiles,2,3,2,2.000000000000000000e+00,4.152787295564890901e-01,8.305574591129781803e-01,3.000000000000000000e+01,1073741824,1.039941370914521102e+00,verification,128,32,33,65,1.067173686014596168e+00,3.884664101379321083e-03,8.985682017392192231e-07,2.206327157378041703e-03,2.207225725579780879e-03,5.114654933874077623e-03,4.252089687170840324e-04,5.115742448050064443e-03,2.543281126680932425e-01,1.465494392505206633e-14,6.1.1-I-900
objective_profiles,2,3,2,2.000000000000000000e+00,4.152787295564890901e-01,8.305574591129781803e-01,3.000000000000000000e+01,1073741824,1.039941370914521102e+00,verification,128,32,33,65,1.084305999115346086e+00,5.609848757395616455e-03,1.393005697099069674e-06,3.456421602148501953e-03,3.457814607845601136e-03,5.114654933874077623e-03,4.252089687170840324e-04,5.115742448050064443e-03,2.543281126680932425e-01,1.465494392505206633e-14,6.1.1-I-900
objective_profiles,2,3,2,2.000000000000000000e+00,4.152787295564890901e-01,8.305574591129781803e-01,3.000000000000000000e+01,1073741824,1.039941370914521102e+00,verification,128,32,33,65,1.101355666059376404e+00,7.614336693127686517e-03,1.982240145489156965e-06,4.969128677066415693e-03,4.971110917211904456e-03,5.114654933874077623e-03,4.252089687170840324e-04,5.115742448050064443e-03,2.543281126680932425e-01,2.020605904817784904e-14,6.1.1-I-900
objective_profiles,2,3,2,2.000000000000000000e+00,4.152787295564890901e-01,8.305574591129781803e-01,3.000000000000000000e+01,1073741824,1.039941370914521102e+00,verification,128,32,33,65,1.118281612705644745e+00,9.883990143136829262e-03,2.658710706279661198e-06,6.731841445057018709e-03,6.734500155763298128e-03,5.114654933874077623e-03,4.252089687170840324e-04,5.115742448050064443e-03,2.543281126680932425e-01,2.398081733190338127e-14,6.1.1-I-900
objective_profiles,2,3,2,2.000000000000000000e+00,4.152787295564890901e-01,8.305574591129781803e-01,3.000000000000000000e+01,1073741824,1.039941370914521102e+00,verification,128,32,33,65,1.135043062966142324e+00,1.240234785686959718e-02,3.414444161463896943e-06,8.729800814243049087e-03,8.733215258404513834e-03,5.114654933874077623e-03,4.252089687170840324e-04,5.115742448050064443e-03,2.543281126680932425e-01,1.465494392505206633e-14,6.1.1-I-900
objective_profiles,2,3,2,2.000000000000000000e+00,4.152787295564890901e-01,8.305574591129781803e-01,3.000000000000000000e+01,1073741824,1.039941370914521102e+00,verification,128,32,33,65,1.151599637039061541e+00,1.515079866561154856e-02,4.241139891713705627e-06,1.094625968637648848e-02,1.095050082626820159e-02,5.114654933874077623e-03,4.252089687170840324e-04,5.115742448050064443e-03,2.543281126680932425e-01,1.465494392505206633e-14,6.1.1-I-900
objective_profiles,2,3,2,2.000000000000000000e+00,4.152787295564890901e-01,8.305574591129781803e-01,3.000000000000000000e+01,1073741824,1.039941370914521102e+00,verification,128,32,33,65,1.167911448687276810e+00,1.810876819761876241e-02,5.130249603249916296e-06,1.336265903183304037e-02,1.336778928143629065e-02,5.114654933874077623e-03,4.252089687170840324e-04,5.115742448050064443e-03,2.543281126680932425e-01,1.465494392505206633e-14,6.1.1-I-900
objective_profiles,2,3,2,2.000000000000000000e+00,4.152787295564890901e-01,8.305574591129781803e-01,3.000000000000000000e+01,1073741824,1.039941370914521102e+00,verification,128,32,33,65,1.183939201327781188e+00,2.125391729320142212e-02,6.073051809686146159e-06,1.595881409418780164e-02,1.596488714599748893e-02,5.114654933874077623e-03,4.252089687170840324e-04,5.115742448050064443e-03,2.543281126680932425e-01,1.465494392505206633e-14,6.1.1-I-900
objective_profiles,2,3,2,2.000000000000000000e+00,4.152787295564890901e-01,8.305574591129781803e-01,3.000000000000000000e+01,1073741824,1.039941370914521102e+00,verification,128,32,33,65,1.199644282700598641e+00,2.456235051967881403e-02,7.060721157726456530e-06,1.871310896721715619e-02,1.872016968837488318e-02,5.114654933874077623e-03,4.252089687170840324e-04,5.115742448050064443e-03,2.543281126680932425e-01,1.931788062847772380e-14,6.1.1-I-900
objective_profiles,2,3,2,2.000000000000000000e+00,4.152787295564890901e-01,8.305574591129781803e-01,3.000000000000000000e+01,1073741824,1.039941370914521102e+00,verification,128,32,33,65,1.214988857889099272e+00,2.800883230659058712e-02,8.084392748544900955e-06,2.160269783302311633e-02,2.161078222577166030e-02,5.114654933874077623e-03,4.252089687170840324e-04,5.115742448050064443e-03,2.543281126680932425e-01,1.465494392505206633e-14,6.1.1-I-900
objective_profiles,2,3,2,2.000000000000000000e+00,4.152787295564890901e-01,8.305574591129781803e-01,3.000000000000000000e+01,1073741824,1.039941370914521102e+00,verification,128,32,33,65,1.229935960467627432e+00,3.156700954747555105e-02,9.135221651366102978e-06,2.460371120058017780e-02,2.461284642223154559e-02,5.114654933874077623e-03,4.252089687170840324e-04,5.115742448050064443e-03,2.543281126680932425e-01,1.465494392505206633e-14,6.1.1-I-900
objective_profiles,2,3,2,2.000000000000000000e+00,4.152787295564890901e-01,8.305574591129781803e-01,3.000000000000000000e+01,1073741824,1.039941370914521102e+00,verification,128,32,33,65,1.244449581556860585e+00,3.520963832211263661e-02,1.020443783539680296e-05,2.769146553834104726e-02,2.770166997617644344e-02,5.114654933874077623e-03,4.252089687170840324e-04,5.115742448050064443e-03,2.543281126680932425e-01,1.465494392505206633e-14,6.1.1-I-900
objective_profiles,2,3,2,2.000000000000000000e+00,4.152787295564890901e-01,8.305574591129781803e-01,3.000000000000000000e+01,1073741824,1.039941370914521102e+00,verification,128,32,33,65,1.258494756572351658e+00,3.890881378834823434e-02,1.128339676368925575e-05,3.084067475180845772e-02,3.085195814857214641e-02,5.114654933874077623e-03,4.252089687170840324e-04,5.115742448050064443e-03,2.543281126680932425e-01,1.465494392505206633e-14,6.1.1-I-900
objective_profiles,2,3,2,2.000000000000000000e+00,4.152787295564890901e-01,8.305574591129781803e-01,3.000000000000000000e+01,1073741824,1.039941370914521102e+00,verification,128,32,33,65,1.272037649457275599e+00,4.263620059777149807e-02,1.236362590026287755e-05,3.402566201656206241e-02,3.403802564246232593e-02,5.114654933874077623e-03,4.252089687170840324e-04,5.115742448050064443e-03,2.543281126680932425e-01,1.465494392505206633e-14,6.1.1-I-900
objective_profiles,2,3,2,2.000000000000000000e+00,4.152787295564890901e-01,8.305574591129781803e-01,3.000000000000000000e+01,1073741824,1.039941370914521102e+00,verification,128,32,33,65,1.285045634196456454e+00,4.636326328794898588e-02,1.343686738202339388e-05,3.722057053862656839e-02,3.723400740600859432e-02,5.114654933874077623e-03,4.252089687170840324e-04,5.115742448050064443e-03,2.543281126680932425e-01,1.465494392505206633e-14,6.1.1-I-900
objective_profiles,2,3,2,2.000000000000000000e+00,4.152787295564890901e-01,8.305574591129781803e-01,3.000000000000000000e+01,1073741824,1.039941370914521102e+00,verification,128,32,33,65,1.297487373415291412e+00,5.006149411453047343e-02,1.449511710152391150e-05,4.039957187693904439e-02,4.041406699404057057e-02,5.114654933874077623e-03,4.252089687170840324e-04,5.115742448050064443e-03,2.543281126680932425e-01,1.465494392505206633e-14,6.1.1-I-900
objective_profiles,2,3,2,2.000000000000000000e+00,4.152787295564890901e-01,8.305574591129781803e-01,3.000000000000000000e+01,1073741824,1.039941370914521102e+00,verification,128,32,33,65,1.309332893874235459e+00,5.370263808168501685e-02,1.553066043693154510e-05,4.353707052673318895e-02,4.355260118717012296e-02,5.114654933874077623e-03,4.252089687170840324e-04,5.115742448050064443e-03,2.543281126680932425e-01,1.465494392505206633e-14,6.1.1-I-900
objective_profiles,2,3,2,2.000000000000000000e+00,4.152787295564890901e-01,8.305574591129781803e-01,3.000000000000000000e+01,1073741824,1.039941370914521102e+00,verification,128,32,33,65,1.320553658676957731e+00,5.725891181273648489e-02,1.653610485293481201e-05,4.660790352772403028e-02,4.662443963257696666e-02,5.114654933874077623e-03,4.252089687170840324e-04,5.115742448050064443e-03,2.543281126680932425e-01,1.465494392505206633e-14,6.1.1-I-900
objective_profiles,2,3,2,2.000000000000000000e+00,4.152787295564890901e-01,8.305574591129781803e-01,3.000000000000000000e+01,1073741824,1.039941370914521102e+00,verification,128,32,33,65,1.331122636018225558e+00,6.070321688982012465e-02,1.750440958176220725e-05,4.958753392691043343e-02,4.960503833649219235e-02,5.114654933874077623e-03,4.252089687170840324e-04,5.115742448050064443e-03,2.543281126680932425e-01,1.465494392505206633e-14,6.1.1-I-900
objective_profiles,2,3,2,2.000000000000000000e+00,4.152787295564890901e-01,8.305574591129781803e-01,3.000000000000000000e+01,1073741824,1.039941370914521102e+00,verification,128,32,33,65,1.341014364305890716e+00,6.400934590145217207e-02,1.842891257777170891e-05,5.245223699251218979e-02,5.247066590508996098e-02,5.114654933874077623e-03,4.252089687170840324e-04,5.115742448050064443e-03,2.543281126680932425e-01,1.465494392505206633e-14,6.1.1-I-900
objective_profiles,2,3,2,2.000000000000000000e+00,4.152787295564890901e-01,8.305574591129781803e-01,3.000000000000000000e+01,1073741824,1.039941370914521102e+00,verification,128,32,33,65,1.350205013500095141e+00,6.715217912911881915e-02,1.930335492283075750e-05,5.517927814297250017e-02,5.519858149789533264e-02,5.114654933874077623e-03,4.252089687170840324e-04,5.115742448050064443e-03,2.543281126680932425e-01,1.465494392505206633e-14,6.1.1-I-900
objective_profiles,2,3,2,2.000000000000000000e+00,4.152787295564890901e-01,8.305574591129781803e-01,3.000000000000000000e+01,1073741824,1.039941370914521102e+00,verification,128,32,33,65,1.358672442521924095e+00,7.010787149171857080e-02,2.012190284340402438e-05,5.774708162302397835e-02,5.776720352586738050e-02,5.114654933874077623e-03,4.252089687170840324e-04,5.115742448050064443e-03,2.543281126680932425e-01,1.465494392505206633e-14,6.1.1-I-900
objective_profiles,2,3,2,2.000000000000000000e+00,4.152787295564890901e-01,8.305574591129781803e-01,3.000000000000000000e+01,1073741824,1.039941370914521102e+00,verification,128,32,33,65,1.366396252593204963e+00,7.285402863901267734e-02,2.087916748424886604e-05,6.013538902752508380e-02,6.015626819500933392e-02,5.114654933874077623e-03,4.252089687170840324e-04,5.115742448050064443e-03,2.543281126680932425e-01,1.465494392505206633e-14,6.1.1-I-900
objective_profiles,2,3,2,2.000000000000000000e+00,4.152787295564890901e-01,8.305574591129781803e-01,3.000000000000000000e+01,1073741824,1.039941370914521102e+00,verification,128,32,33,65,1.373357836378950259e+00,7.536987092726797621e-02,2.157022256811678412e-05,6.232540684307969620e-02,6.234697706564781144e-02,5.114654933874077623e-03,4.252089687170840324e-04,5.115742448050064443e-03,2.543281126680932425e-01,1.465494392505206633e-14,6.1.1-I-900
objective_profiles,2,3,2,2.000000000000000000e+00,4.152787295564890901e-01,8.305574591129781803e-01,3.000000000000000000e+01,1073741824,1.039941370914521102e+00,verification,128,32,33,65,1.379540422814057088e+00,7.763638455043163356e-02,2.219062005604265626e-05,6.429994224734787711e-02,6.432213286740391667e-02,5.114654933874077623e-03,4.252089687170840324e-04,5.115742448050064443e-03,2.543281126680932425e-01,1.465494392505206633e-14,6.1.1-I-900
objective_profiles,2,3,2,2.000000000000000000e+00,4.152787295564890901e-01,8.305574591129781803e-01,3.000000000000000000e+01,1073741824,1.039941370914521102e+00,verification,128,32,33,65,1.384929117506273011e+00,7.963645906144860287e-02,2.273640390874961050e-05,6.604352647641241469e-02,6.606626288032116379e-02,5.114654933874077623e-03,4.252089687170840324e-04,5.115742448050064443e-03,2.543281126680932425e-01,1.465494392505206633e-14,6.1.1-I-900
objective_profiles,2,3,2,2.000000000000000000e+00,4.152787295564890901e-01,8.305574591129781803e-01,3.000000000000000000e+01,1073741824,1.039941370914521102e+00,verification,128,32,33,65,1.389510938618090385e+00,8.135501040418759156e-02,2.320412203645034899e-05,6.754252514154479581e-02,6.756572926358124509e-02,5.114654933874077623e-03,4.252089687170840324e-04,5.115742448050064443e-03,2.543281126680932425e-01,1.465494392505206633e-14,6.1.1-I-900
objective_profiles,2,3,2,2.000000000000000000e+00,4.152787295564890901e-01,8.305574591129781803e-01,3.000000000000000000e+01,1073741824,1.039941370914521102e+00,verification,128,32,33,65,1.393274848141130562e+00,8.277908903404283814e-02,2.359083651188197933e-05,6.878523494820967810e-02,6.880882578472155564e-02,5.114654933874077623e-03,4.252089687170840324e-04,5.115742448050064443e-03,2.543281126680932425e-01,1.465494392505206633e-14,6.1.1-I-900
objective_profiles,2,3,2,2.000000000000000000e+00,4.152787295564890901e-01,8.305574591129781803e-01,3.000000000000000000e+01,1073741824,1.039941370914521102e+00,verification,128,32,33,65,1.396211778487673305e+00,8.389797214678064441e-02,2.389413210972606051e-05,6.976196634208585434e-02,6.978586047419557681e-02,5.114654933874077623e-03,4.252089687170840324e-04,5.115742448050064443e-03,2.543281126680932425e-01,1.465494392505206633e-14,6.1.1-I-900
objective_profiles,2,3,2,2.000000000000000000e+00,4.152787295564890901e-01,8.305574591129781803e-01,3.000000000000000000e+01,1073741824,1.039941370914521102e+00,verification,128,32,33,65,1.398314654335268692e+00,8.470324000951565124e-02,2.411212322457839422e-05,7.046511167924818242e-02,7.048922380247275854e-02,5.114654933874077623e-03,4.252089687170840324e-04,5.115742448050064443e-03,2.543281126680932425e-01,1.465494392505206633e-14,6.1.1-I-900
objective_profiles,2,3,2,2.000000000000000000e+00,4.152787295564890901e-01,8.305574591129781803e-01,3.000000000000000000e+01,1073741824,1.039941370914521102e+00,verification,128,32,33,65,1.399578409671810242e+00,8.518883557237397208e-02,2.424345920927155516e-05,7.088919859038302074e-02,7.091344204959229569e-02,5.114654933874077623e-03,4.252089687170840324e-04,5.115742448050064443e-03,2.543281126680932425e-01,1.465494392505206633e-14,6.1.1-I-900
objective_profiles,2,3,2,2.000000000000000000e+00,4.152787295564890901e-01,8.305574591129781803e-01,3.000000000000000000e+01,1073741824,1.039941370914521102e+00,verification,128,32,33,65,1.399999999999999911e+00,8.535110743931872967e-02,2.428732816549980614e-05,7.103092828193625918e-02,7.105521561010176568e-02,5.114654933874077623e-03,4.252089687170840324e-04,5.115742448050064443e-03,2.543281126680932425e-01,1.465494392505206633e-14,6.1.1-I-900
objective_profiles,2,3,2,2.000000000000000000e+00,4.152787295564890901e-01,8.305574591129781803e-01,3.000000000000000000e+01,1073741824,1.039941370914521102e+00,display,256,64,65,129,6.999999999999999556e-01,4.642378496512292174e-02,2.732289885037198174e-05,5.030614888766768433e-02,5.033347178651805670e-02,5.114654933874077623e-03,4.252035922573296333e-04,5.115742434297773471e-03,2.543248955057571536e-01,1.731947918415244203e-14,6.1.1-I-900
objective_profiles,2,3,2,2.000000000000000000e+00,4.152787295564890901e-01,8.305574591129781803e-01,3.000000000000000000e+01,1073741824,1.039941370914521102e+00,display,256,64,65,129,7.001054134563284848e-01,4.638657637789513760e-02,2.729958981944592634e-05,5.026857446256399048e-02,5.029587405238343523e-02,5.114654933874077623e-03,4.252035922573296333e-04,5.115742434297773471e-03,2.543248955057571536e-01,1.032507412901395583e-14,6.1.1-I-900
objective_profiles,2,3,2,2.000000000000000000e+00,4.152787295564890901e-01,8.305574591129781803e-01,3.000000000000000000e+01,1073741824,1.039941370914521102e+00,display,256,64,65,129,7.004215903281896249e-01,4.627507221927683323e-02,2.722975929149294393e-05,5.015596896856040765e-02,5.018319872785190205e-02,5.114654933874077623e-03,4.252035922573296333e-04,5.115742434297773471e-03,2.543248955057571536e-01,8.992806499463767977e-15,6.1.1-I-900
objective_profiles,2,3,2,2.000000000000000000e+00,4.152787295564890901e-01,8.305574591129781803e-01,3.000000000000000000e+01,1073741824,1.039941370914521102e+00,display,256,64,65,129,7.009483401624583276e-01,4.608963701309838623e-02,2.711369633210727667e-05,4.996868530640143080e-02,4.999579900273353611e-02,5.114654933874077623e-03,4.252035922573296333e-04,5.115742434297773471e-03,2.543248955057571536e-01,1.421085471520200372e-14,6.1.1-I-900
objective_profiles,2,3,2,2.000000000000000000e+00,4.152787295564890901e-01,8.305574591129781803e-01,3.000000000000000000e+01,1073741824,1.039941370914521102e+00,display,256,64,65,129,7.016853456647310638e-01,4.583087663954562435e-02,2.695188062789689816e-05,4.970731016927614626e-02,4.973426204990404054e-02,5.114654933874077623e-03,4.252035922573296333e-04,5.115742434297773471e-03,2.543248955057571536e-01,1.842970220877759857e-14,6.1.1-I-900
objective_profiles,2,3,2,2.000000000000000000e+00,4.152787295564890901e-01,8.305574591129781803e-01,3.000000000000000000e+01,1073741824,1.039941370914521102e+00,display,256,64,65,129,7.026321628904514949e-01,4.549963624180595329e-02,2.674497937640970676e-05,4.937266183960188626e-02,4.939940681897829478e-02,5.114654933874077623e-03,4.252035922573296333e-04,5.115742434297773471e-03,2.543248955057571536e-01,3.785860513971783803e-14,6.1.1-I-900
objective_profiles,2,3,2,2.000000000000000000e+00,4.152787295564890901e-01,8.305574591129781803e-01,3.000000000000000000e+01,1073741824,1.039941370914521102e+00,display,256,64,65,129,7.037882215123265617e-01,4.509699702794556231e-02,2.649384297959725445e-05,4.896578712215786389e-02,4.899228096513746217e-02,5.114654933874077623e-03,4.252035922573296333e-04,5.115742434297773471e-03,2.543248955057571536e-01,1.532107773982716026e-14,6.1.1-I-900
objective_profiles,2,3,2,2.000000000000000000e+00,4.152787295564890901e-01,8.305574591129781803e-01,3.000000000000000000e+01,1073741824,1.039941370914521102e+00,display,256,64,65,129,7.051528251638705669e-01,4.462427231147445689e-02,2.619949958739772425e-05,4.848795743099340583e-02,4.851415693058080264e-02,5.114654933874077623e-03,4.252035922573296333e-04,5.115742434297773471e-03,2.543248955057571536e-01,1.065814103640150279e-14,6.1.1-I-900
objective_profiles,2,3,2,2.000000000000000000e+00,4.152787295564890901e-01,8.305574591129781803e-01,3.000000000000000000e+01,1073741824,1.039941370914521102e+00,display,256,64,65,129,7.067251518588693049e-01,4.408300260816960803e-02,2.586314854994523923e-05,4.794066405222589811e-02,4.796652720077584225e-02,5.114654933874077623e-03,4.252035922573296333e-04,5.115742434297773471e-03,2.543248955057571536e-01,1.132427485117659671e-14,6.1.1-I-900
objective_profiles,2,3,2,2.000000000000000000e+00,4.152787295564890901e-01,8.305574591129781803e-01,3.000000000000000000e+01,1073741824,1.039941370914521102e+00,display,256,64,65,129,7.085042544865149949e-01,4.347494993999202056e-02,2.548615284784947895e-05,4.732561260930756575e-02,4.735109876215541636e-02,5.114654933874077623e-03,4.252035922573296333e-04,5.115742434297773471e-03,2.543248955057571536e-01,2.675637489346627262e-14,6.1.1-I-900
objective_profiles,2,3,2,2.000000000000000000e+00,4.152787295564890901e-01,8.305574591129781803e-01,3.000000000000000000e+01,1073741824,1.039941370914521102e+00,display,256,64,65,129,7.104890613819095924e-01,4.280209152852717386e-02,2.507003057976588101e-05,4.664471676156593805e-02,4.666978679214570103e-02,5.114654933874077623e-03,4.252035922573296333e-04,5.115742434297773471e-03,2.543248955057571536e-01,1.099120794378904975e-14,6.1.1-I-900
objective_profiles,2,3,2,2.000000000000000000e+00,4.152787295564890901e-01,8.305574591129781803e-01,3.000000000000000000e+01,1073741824,1.039941370914521102e+00,display,256,64,65,129,7.126783769715959727e-01,4.206661243971025754e-02,2.461644559496408053e-05,4.590009117074247275e-02,4.592470761633743459e-02,5.114654933874077623e-03,4.252035922573296333e-04,5.115742434297773471e-03,2.543248955057571536e-01,2.065014825802791165e-14,6.1.1-I-900
objective_profiles,2,3,2,2.000000000000000000e+00,4.152787295564890901e-01,8.305574591129781803e-01,3.000000000000000000e+01,1073741824,1.039941370914521102e+00,display,256,64,65,129,7.150708824937268560e-01,4.127089772100990539e-02,2.412719736566739978e-05,4.509404377385989315e-02,4.511817097122555742e-02,5.114654933874077623e-03,4.252035922573296333e-04,5.115742434297773471e-03,2.543248955057571536e-01,1.199040866595169064e-14,6.1.1-I-900
objective_profiles,2,3,2,2.000000000000000000e+00,4.152787295564890901e-01,8.305574591129781803e-01,3.000000000000000000e+01,1073741824,1.039941370914521102e+00,display,256,64,65,129,7.176651367924371527e-01,4.041752382825768847e-02,2.360421019952990755e-05,4.422906740400225217e-02,4.425267161420178008e-02,5.114654933874077623e-03,4.252035922573296333e-04,5.115742434297773471e-03,2.543248955057571536e-01,8.437694987151189707e-15,6.1.1-I-900
objective_profiles,2,3,2,2.000000000000000000e+00,4.152787295564890901e-01,8.305574591129781803e-01,3.000000000000000000e+01,1073741824,1.039941370914521102e+00,display,256,64,65,129,7.204595771859426678e-01,3.950924936964075179e-02,2.304952189667264321e-05,4.330783080347360564e-02,4.333088032537028150e-02,5.114654933874077623e-03,4.252035922573296333e-04,5.115742434297773471e-03,2.543248955057571536e-01,7.216449660063517513e-15,6.1.1-I-900
objective_profiles,2,3,2,2.000000000000000000e+00,4.152787295564890901e-01,8.305574591129781803e-01,3.000000000000000000e+01,1073741824,1.039941370914521102e+00,display,256,64,65,129,7.234525204078413596e-01,3.854900535642111215e-02,2.246527195821688109e-05,4.233316907629301740e-02,4.235563434825123652e-02,5.114654933874077623e-03,4.252035922573296333e-04,5.115742434297773471e-03,2.543248955057571536e-01,3.208544541166702402e-14,6.1.1-I-900
objective_profiles,2,3,2,2.000000000000000000e+00,4.152787295564890901e-01,8.305574591129781803e-01,3.000000000000000000e+01,1073741824,1.039941370914521102e+00,display,256,64,65,129,7.266421636210496082e-01,3.753988478814383051e-02,2.185368945425335830e-05,4.130807362907693708e-02,4.132992731853118995e-02,5.114654933874077623e-03,4.252035922573296333e-04,5.115742434297773471e-03,2.543248955057571536e-01,2.464695114667847520e-14,6.1.1-I-900
objective_profiles,2,3,2,2.000000000000000000e+00,4.152787295564890901e-01,8.305574591129781803e-01,3.000000000000000000e+01,1073741824,1.039941370914521102e+00,display,256,64,65,129,7.300265855037642027e-01,3.648513196267199471e-02,2.121708065870814034e-05,4.023568165104848132e-02,4.025689873170718719e-02,5.114654933874077623e-03,4.252035922573296333e-04,5.115742434297773471e-03,2.543248955057571536e-01,3.752553823233029107e-14,6.1.1-I-900
objective_profiles,2,3,2,2.000000000000000000e+00,4.152787295564890901e-01,8.305574591129781803e-01,3.000000000000000000e+01,1073741824,1.039941370914521102e+00,display,256,64,65,129,7.336037474067947928e-01,3.538813110848068599e-02,2.055781655670747352e-05,3.911926518519064783e-02,3.913982300174735640e-02,5.114654933874077623e-03,4.252035922573296333e-04,5.115742434297773471e-03,2.543248955057571536e-01,2.420286193682841258e-14,6.1.1-I-900
objective_profiles,2,3,2,2.000000000000000000e+00,4.152787295564890901e-01,8.305574591129781803e-01,3.000000000000000000e+01,1073741824,1.039941370914521102e+00,display,256,64,65,129,7.373714945815695865e-01,3.425239487936432292e-02,1.987832032688026051e-05,3.796221984344028827e-02,3.798209816376716536e-02,5.114654933874077623e-03,4.252035922573296333e-04,5.115742434297773471e-03,2.543248955057571536e-01,1.310063169057684718e-14,6.1.1-I-900
objective_profiles,2,3,2,2.000000000000000000e+00,4.152787295564890901e-01,8.305574591129781803e-01,3.000000000000000000e+01,1073741824,1.039941370914521102e+00,display,256,64,65,129,7.413275574780756605e-01,3.308155231102775928e-02,1.918105489671556910e-05,3.676805321930354947e-02,3.678723427420026171e-02,5.114654933874077623e-03,4.252035922573296333e-04,5.115742434297773471e-03,2.543248955057571536e-01,1.443289932012703503e-14,6.1.1-I-900
objective_profiles,2,3,2,2.000000000000000000e+00,4.152787295564890901e-01,8.305574591129781803e-01,3.000000000000000000e+01,1073741824,1.039941370914521102e+00,display,256,64,65,129,7.454695531119509555e-01,3.187933672264278012e-02,1.846851066372726387e-05,3.554037305137401626e-02,3.555884156203774349e-02,5.114654933874077623e-03,4.252035922573296333e-04,5.115742434297773471e-03,2.543248955057571536e-01,1.332267629550187849e-14,6.1.1-I-900
objective_profiles,2,3,2,2.000000000000000000e+00,4.152787295564890901e-01,8.305574591129781803e-01,3.000000000000000000e+01,1073741824,1.039941370914521102e+00,display,256,64,65,129,7.497949864999047254e-01,3.064957329329266039e-02,1.774319346892999668e-05,3.428287519097845959e-02,3.430061838444738859e-02,5.114654933874077623e-03,4.252035922573296333e-04,5.115742434297773471e-03,2.543248955057571536e-01,7.216449660063517513e-15,6.1.1-I-900
objective_profiles,2,3,2,2.000000000000000000e+00,4.152787295564890901e-01,8.305574591129781803e-01,3.000000000000000000e+01,1073741824,1.039941370914521102e+00,display,256,64,65,129,7.543012521626024647e-01,2.939616632451559977e-02,1.700761290215123690e-05,3.299933142656522739e-02,3.301633903946737947e-02,5.114654933874077623e-03,4.252035922573296333e-04,5.115742434297773471e-03,2.543248955057571536e-01,1.465494392505206633e-14,6.1.1-I-900
objective_profiles,2,3,2,2.000000000000000000e+00,4.152787295564890901e-01,8.305574591129781803e-01,3.000000000000000000e+01,1073741824,1.039941370914521102e+00,display,256,64,65,129,7.589856356941091509e-01,2.812308677700207232e-02,1.626427101114793288e-05,3.169357721652964893e-02,3.170984148754079496e-02,5.114654933874077623e-03,4.252035922573296333e-04,5.115742434297773471e-03,2.543248955057571536e-01,3.352873534367972752e-14,6.1.1-I-900
objective_profiles,2,3,2,2.000000000000000000e+00,4.152787295564890901e-01,8.305574591129781803e-01,3.000000000000000000e+01,1073741824,1.039941370914521102e+00,display,256,64,65,129,7.638453153969456677e-01,2.683435943122227177e-02,1.551565147852755405e-05,3.036949938094840248e-02,3.038501503242693053e-02,5.114654933874077623e-03,4.252035922573296333e-04,5.115742434297773471e-03,2.543248955057571536e-01,2.819966482547897613e-14,6.1.1-I-900
objective_profiles,2,3,2,2.000000000000000000e+00,4.152787295564890901e-01,8.305574591129781803e-01,3.000000000000000000e+01,1073741824,1.039941370914521102e+00,display,256,64,65,129,7.688773639817741978e-01,2.553405013468216037e-02,1.476420932223550540e-05,2.903102380120276341e-02,2.904578801052500048e-02,5.114654933874077623e-03,4.252035922573296333e-04,5.115742434297773471e-03,2.543248955057571536e-01,1.421085471520200372e-14,6.1.1-I-900
objective_profiles,2,3,2,2.000000000000000000e+00,4.152787295564890901e-01,8.305574591129781803e-01,3.000000000000000000e+01,1073741824,1.039941370914521102e+00,display,256,64,65,129,7.740787503306877371e-01,2.422625307058182825e-02,1.401236116701962166e-05,2.768210317474727525e-02,2.769611553591429590e-02,5.114654933874077623e-03,4.252035922573296333e-04,5.115742434297773471e-03,2.543248955057571536e-01,2.786659791809142916e-14,6.1.1-I-900
objective_profiles,2,3,2,2.000000000000000000e+00,4.152787295564890901e-01,8.305574591129781803e-01,3.000000000000000000e+01,1073741824,1.039941370914521102e+00,display,256,64,65,129,7.794463413230420246e-01,2.291507823438243205e-02,1.326247612594502214e-05,2.632670487033426238e-02,2.633996734646020660e-02,5.114654933874077623e-03,4.252035922573296333e-04,5.115742434297773471e-03,2.543248955057571536e-01,8.992806499463767977e-15,6.1.1-I-900
objective_profiles,2,3,2,2.000000000000000000e+00,4.152787295564890901e-01,8.305574591129781803e-01,3.000000000000000000e+01,1073741824,1.039941370914521102e+00,display,256,64,65,129,7.849769037227303237e-01,2.160463890323902070e-02,1.251686732283724147e-05,2.496879892688431968e-02,2.498131579420715537e-02,5.114654933874077623e-03,4.252035922573296333e-04,5.115742434297773471e-03,2.543248955057571536e-01,1.487698852997709764e-14,6.1.1-I-900
objective_profiles,2,3,2,2.000000000000000000e+00,4.152787295564890901e-01,8.305574591129781803e-01,3.000000000000000000e+01,1073741824,1.039941370914521102e+00,display,256,64,65,129,7.906671061257641853e-01,2.029903924200072984e-02,1.177778407858605550e-05,2.361234623691848070e-02,2.362412402099706848e-02,5.114654933874077623e-03,4.252035922573296333e-04,5.115742434297773471e-03,2.543248955057571536e-01,1.487698852997709764e-14,6.1.1-I-900
objective_profiles,2,3,2,2.000000000000000000e+00,4.152787295564890901e-01,8.305574591129781803e-01,3.000000000000000000e+01,1073741824,1.039941370914521102e+00,display,256,64,65,129,7.965135209669864658e-01,1.900236237394775651e-02,1.104740477664514249e-05,2.226128695306647809e-02,2.227233435784312446e-02,5.114654933874077623e-03,4.252035922573296333e-04,5.115742434297773471e-03,2.543248955057571536e-01,2.076117056049042731e-14,6.1.1-I-900
objective_profiles,2,3,2,2.000000000000000000e+00,4.152787295564890901e-01,8.305574591129781803e-01,3.000000000000000000e+01,1073741824,1.039941370914521102e+00,display,256,64,65,129,8.025126265847083440e-01,1.771865843522178741e-02,1.032783041588959247e-05,2.091952915367028751e-02,2.092985698408617729e-02,5.114654933874077623e-03,4.252035922573296333e-04,5.115742434297773471e-03,2.543248955057571536e-01,3.519406988061746233e-14,6.1.1-I-900
objective_profiles,2,3,2,2.000000000000000000e+00,4.152787295564890901e-01,8.305574591129781803e-01,3.000000000000000000e+01,1073741824,1.039941370914521102e+00,display,256,64,65,129,8.086608093420265542e-01,1.645193305628429165e-02,9.621078852312674623e-06,1.959093780093545262e-02,1.960055887978776404e-02,5.114654933874077623e-03,4.252035922573296333e-04,5.115742434297773471e-03,2.543248955057571536e-01,7.660538869913580129e-15,6.1.1-I-900
objective_profiles,2,3,2,2.000000000000000000e+00,4.152787295564890901e-01,8.305574591129781803e-01,3.000000000000000000e+01,1073741824,1.039941370914521102e+00,display,256,64,65,129,8.149543658035435234e-01,1.520613606962823924e-02,8.929079724903720116e-06,1.827932402247183646e-02,1.828825310219674150e-02,5.114654933874077623e-03,4.252035922573296333e-04,5.115742434297773471e-03,2.543248955057571536e-01,9.992007221626408864e-15,6.1.1-I-900
objective_profiles,2,3,2,2.000000000000000000e+00,4.152787295564890901e-01,8.305574591129781803e-01,3.000000000000000000e+01,1073741824,1.039941370914521102e+00,display,256,64,65,129,8.213895049661780190e-01,1.398515073114625640e-02,8.253670055489953255e-06,1.698843474442967086e-02,1.699668841448516085e-02,5.114654933874077623e-03,4.252035922573296333e-04,5.115742434297773471e-03,2.543248955057571536e-01,1.354472090042690979e-14,6.1.1-I-900
objective_profiles,2,3,2,2.000000000000000000e+00,4.152787295564890901e-01,8.305574591129781803e-01,3.000000000000000000e+01,1073741824,1.039941370914521102e+00,display,256,64,65,129,8.279623505427240460e-01,1.279278312494750748e-02,7.596590507356554930e-06,1.572194270180776732e-02,1.572953929231512421e-02,5.114654933874077623e-03,4.252035922573296333e-04,5.115742434297773471e-03,2.543248955057571536e-01,1.176836406102665933e-14,6.1.1-I-900
objective_profiles,2,3,2,2.000000000000000000e+00,4.152787295564890901e-01,8.305574591129781803e-01,3.000000000000000000e+01,1073741824,1.039941370914521102e+00,display,256,64,65,129,8.346689432967805411e-01,1.163275208285017605e-02,6.959482283110781986e-06,1.448343684889071524e-02,1.449039633117382535e-02,5.114654933874077623e-03,4.252035922573296333e-04,5.115742434297773471e-03,2.543248955057571536e-01,5.706546346573304618e-14,6.1.1-I-900
objective_profiles,2,3,2,2.000000000000000000e+00,4.152787295564890901e-01,8.305574591129781803e-01,3.000000000000000000e+01,1073741824,1.039941370914521102e+00,display,256,64,65,129,8.415052434276482085e-01,1.050867951765272791e-02,6.343884638505681120e-06,1.327641319019905869e-02,1.328275707483756417e-02,5.114654933874077623e-03,4.252035922573296333e-04,5.115742434297773471e-03,2.543248955057571536e-01,3.630429290524261887e-14,6.1.1-I-900
objective_profiles,2,3,2,2.000000000000000000e+00,4.152787295564890901e-01,8.305574591129781803e-01,3.000000000000000000e+01,1073741824,1.039941370914521102e+00,display,256,64,65,129,8.484671330037540926e-01,9.424081151839111548e-03,5.751232985787826825e-06,1.210426604980920952e-02,1.211001728279499819e-02,5.114654933874077623e-03,4.252035922573296333e-04,5.115742434297773471e-03,2.543248955057571536e-01,5.884182030513329664e-14,6.1.1-I-900
objective_profiles,2,3,2,2.000000000000000000e+00,4.152787295564890901e-01,8.305574591129781803e-01,3.000000000000000000e+01,1073741824,1.039941370914521102e+00,display,256,64,65,129,8.555504184431391712e-01,8.382357719173994665e-03,5.182857557560767206e-06,1.097027979444400829e-02,1.097546265200156912e-02,5.114654933874077623e-03,4.252035922573296333e-04,5.115742434297773471e-03,2.543248955057571536e-01,8.881784197001252323e-15,6.1.1-I-900
objective_profiles,2,3,2,2.000000000000000000e+00,4.152787295564890901e-01,8.305574591129781803e-01,3.000000000000000000e+01,1073741824,1.039941370914521102e+00,display,256,64,65,129,8.627508330395159408e-01,7.386786730912421953e-03,4.639982600125036492e-06,9.877621023350406301e-03,9.882261005950531557e-03,5.114654933874077623e-03,4.252035922573296333e-04,5.115742434297773471e-03,2.543248955057571536e-01,1.265654248072678456e-14,6.1.1-I-900
objective_profiles,2,3,2,2.000000000000000000e+00,4.152787295564890901e-01,8.305574591129781803e-01,3.000000000000000000e+01,1073741824,1.039941370914521102e+00,display,256,64,65,129,8.700640395323723242e-01,6.440514557948949677e-03,4.123726063752569504e-06,8.829331235694614158e-03,8.833454961758366655e-03,5.114654933874077623e-03,4.252035922573296333e-04,5.115742434297773471e-03,2.543248955057571536e-01,7.216449660063517513e-15,6.1.1-I-900
objective_profiles,2,3,2,2.000000000000000000e+00,4.152787295564890901e-01,8.305574591129781803e-01,3.000000000000000000e+01,1073741824,1.039941370914521102e+00,display,256,64,65,129,8.774856327195754702e-01,5.546549180516302871e-03,3.635099756318005921e-06,7.828319984003843934e-03,7.831955083760161820e-03,5.114654933874077623e-03,4.252035922573296333e-04,5.115742434297773471e-03,2.543248955057571536e-01,2.131628207280300558e-14,6.1.1-I-900
objective_profiles,2,3,2,2.000000000000000000e+00,4.152787295564890901e-01,8.305574591129781803e-01,3.000000000000000000e+01,1073741824,1.039941370914521102e+00,display,256,64,65,129,8.850111421109007059e-01,4.707753324145529279e-03,3.175009926124048713e-06,6.877358520091207163e-03,6.880533530017331548e-03,5.114654933874077623e-03,4.252035922573296333e-04,5.115742434297773471e-03,2.543248955057571536e-01,2.242650509742816212e-14,6.1.1-I-900
objective_profiles,2,3,2,2.000000000000000000e+00,4.152787295564890901e-01,8.305574591129781803e-01,3.000000000000000000e+01,1073741824,1.039941370914521102e+00,display,256,64,65,129,8.926360346208876972e-01,3.926838162278875437e-03,2.744258239566352859e-06,5.979073937916075214e-03,5.981818196155641934e-03,5.114654933874077623e-03,4.252035922573296333e-04,5.115742434297773471e-03,2.543248955057571536e-01,1.720845688168992638e-14,6.1.1-I-900
objective_profiles,2,3,2,2.000000000000000000e+00,4.152787295564890901e-01,8.305574591129781803e-01,3.000000000000000000e+01,1073741824,1.039941370914521102e+00,display,256,64,65,129,9.003557172994012259e-01,3.206357521328350238e-03,2.343543119450025976e-06,5.135943815952755467e-03,5.138287359072205192e-03,5.114654933874077623e-03,4.252035922573296333e-04,5.115742434297773471e-03,2.543248955057571536e-01,1.287858708565181587e-14,6.1.1-I-900
objective_profiles,2,3,2,2.000000000000000000e+00,4.152787295564890901e-01,8.305574591129781803e-01,3.000000000000000000e+01,1073741824,1.039941370914521102e+00,display,256,64,65,129,9.081655400982534543e-01,2.548702575950049717e-03,1.973461410245533487e-06,4.350291359878052759e-03,4.352264821288298439e-03,5.114654933874077623e-03,4.252035922573296333e-04,5.115742434297773471e-03,2.543248955057571536e-01,2.853273173286652309e-14,6.1.1-I-900
objective_profiles,2,3,2,2.000000000000000000e+00,4.152787295564890901e-01,8.305574591129781803e-01,3.000000000000000000e+01,1073741824,1.039941370914521102e+00,display,256,64,65,129,9.160607986722184570e-01,1.956097147660955902e-03,1.634510337327174411e-06,3.624281044738178904e-03,3.625915555075505912e-03,5.114654933874077623e-03,4.252035922573296333e-04,5.115742434297773471e-03,2.543248955057571536e-01,8.437694987151189707e-15,6.1.1-I-900
objective_profiles,2,3,2,2.000000000000000000e+00,4.152787295564890901e-01,8.305574591129781803e-01,3.000000000000000000e+01,1073741824,1.039941370914521102e+00,display,256,64,65,129,9.240367372127540335e-01,1.430593385640589960e-03,1.327089728213043794e-06,2.959914754216148858e-03,2.961241843944361751e-03,5.114654933874077623e-03,4.252035922573296333e-04,5.115742434297773471e-03,2.543248955057571536e-01,1.032507412901395583e-14,6.1.1-I-900
objective_profiles,2,3,2,2.000000000000000000e+00,4.152787295564890901e-01,8.305574591129781803e-01,3.000000000000000000e+01,1073741824,1.039941370914521102e+00,display,256,64,65,129,9.320885513127229460e-01,9.740680661625312087e-04,1.051504465002974577e-06,2.359028413196665244e-03,2.360079917661668178e-03,5.114654933874077623e-03,4.252035922573296333e-04,5.115742434297773471e-03,2.543248955057571536e-01,3.974598428158060415e-14,6.1.1-I-900
objective_profiles,2,3,2,2.000000000000000000e+00,4.152787295564890901e-01,8.305574591129781803e-01,3.000000000000000000e+01,1073741824,1.039941370914521102e+00,display,256,64,65,129,9.402113908603878523e-01,5.882194179122899116e-04,8.079671385373034344e-07,1.823289108508647236e-03,1.824097075647184481e-03,5.114654933874077623e-03,4.252035922573296333e-04,5.115742434297773471e-03,2.543248955057571536e-01,1.887379141862766119e-14,6.1.1-I-900
objective_profiles,2,3,2,2.000000000000000000e+00,4.152787295564890901e-01,8.305574591129781803e-01,3.000000000000000000e+01,1073741824,1.039941370914521102e+00,display,256,64,65,129,9.484003629609381036e-01,2.745643009535562204e-04,5.966008762505731345e-07,1.354192691515272284e-03,1.354789292391522793e-03,5.114654933874077623e-03,4.252035922573296333e-04,5.115742434297773471e-03,2.543248955057571536e-01,8.770761894538736669e-15,6.1.1-I-900
objective_profiles,2,3,2,2.000000000000000000e+00,4.152787295564890901e-01,8.305574591129781803e-01,3.000000000000000000e+01,1073741824,1.039941370914521102e+00,display,256,64,65,129,9.566505348837854861e-01,3.443604610986498386e-05,4.174423172388241144e-07,9.530618551173123017e-04,9.534792974345510791e-04,5.114654933874077623e-03,4.252035922573296333e-04,5.115742434297773471e-03,2.543248955057571536e-01,1.842970220877759857e-14,6.1.1-I-900
objective_profiles,2,3,2,2.000000000000000000e+00,4.152787295564890901e-01,8.305574591129781803e-01,3.000000000000000000e+01,1073741824,1.039941370914521102e+00,display,256,64,65,129,9.649569370338575425e-01,-1.310172388786454709e-04,2.704447096582841625e-07,6.210446767294368776e-04,6.213151214390952130e-04,5.114654933874077623e-03,4.252035922573296333e-04,5.115742434297773471e-03,2.543248955057571536e-01,1.687538997430237941e-14,6.1.1-I-900
objective_profiles,2,3,2,2.000000000000000000e+00,4.152787295564890901e-01,8.305574591129781803e-01,3.000000000000000000e+01,1073741824,1.039941370914521102e+00,display,256,64,65,129,9.733145659450954668e-01,-2.208340217800121405e-04,1.554811072202879699e-07,3.591136178799421322e-04,3.592690989871624393e-04,5.114654933874077623e-03,4.252035922573296333e-04,5.115742434297773471e-03,2.543248955057571536e-01,3.852473895449293195e-14,6.1.1-I-900
objective_profiles,2,3,2,2.000000000000000000e+00,4.152787295564890901e-01,8.305574591129781803e-01,3.000000000000000000e+01,1073741824,1.039941370914521102e+00,display,256,64,65,129,9.817183872943550105e-01,-2.342399818260326575e-04,7.234764319955524067e-08,1.680649702644794604e-04,1.681373179076790022e-04,5.114654933874077623e-03,4.252035922573296333e-04,5.115742434297773471e-03,2.543248955057571536e-01,2.176037128265306819e-14,6.1.1-I-900
objective_profiles,2,3,2,2.000000000000000000e+00,4.152787295564890901e-01,8.305574591129781803e-01,3.000000000000000000e+01,1073741824,1.039941370914521102e+00,display,256,64,65,129,9.901633389338944102e-01,-1.706484408167727293e-04,2.076686202884479939e-08,4.851873735669243306e-05,4.853950421872127723e-05,5.114654933874077623e-03,4.252035922573296333e-04,5.115742434297773471e-03,2.543248955057571536e-01,4.729550084903166862e-14,6.1.1-I-900
objective_profiles,2,3,2,2.000000000000000000e+00,4.152787295564890901e-01,8.305574591129781803e-01,3.000000000000000000e+01,1073741824,1.039941370914521102e+00,display,256,64,65,129,9.986443339406233521e-01,-2.966020515082923387e-05,3.910901779335388582e-10,9.189400248067614304e-07,9.193311149846949968e-07,5.114654933874077623e-03,4.252035922573296333e-04,5.115742434297773471e-03,2.543248955057571536e-01,1.587618925213973853e-14,6.1.1-I-900
objective_profiles,2,3,2,2.000000000000000000e+00,4.152787295564890901e-01,8.305574591129781803e-01,3.000000000000000000e+01,1073741824,1.039941370914521102e+00,display,256,64,65,129,1.007156263680274222e+00,1.889370813410105572e-04,1.080582961583008416e-08,2.553433403602337965e-05,2.554513986563920885e-05,5.114654933874077623e-03,4.252035922573296333e-04,5.115742434297773471e-03,2.543248955057571536e-01,4.973799150320701301e-14,6.1.1-I-900
objective_profiles,2,3,2,2.000000000000000000e+00,4.152787295564890901e-01,8.305574591129781803e-01,3.000000000000000000e+01,1073741824,1.039941370914521102e+00,display,256,64,65,129,1.015694000884653558e+00,4.851698913291470220e-04,5.153315869578949674e-08,1.224595268297342982e-04,1.225110599884300829e-04,5.114654933874077623e-03,4.252035922573296333e-04,5.115742434297773471e-03,2.543248955057571536e-01,1.154631945610162802e-14,6.1.1-I-900
objective_profiles,2,3,2,2.000000000000000000e+00,4.152787295564890901e-01,8.305574591129781803e-01,3.000000000000000000e+01,1073741824,1.039941370914521102e+00,display,256,64,65,129,1.024252402740116308e+00,8.588803009390126586e-04,1.220351267967305467e-07,2.916164805087767238e-04,2.917385156355734553e-04,5.114654933874077623e-03,4.252035922573296333e-04,5.115742434297773471e-03,2.543248955057571536e-01,3.674838211509268149e-14,6.1.1-I-900
objective_profiles,2,3,2,2.000000000000000000e+00,4.152787295564890901e-01,8.305574591129781803e-01,3.000000000000000000e+01,1073741824,1.039941370914521102e+00,display,256,64,65,129,1.032826313985403477e+00,1.309727640789611373e-03,2.217171304753638048e-07,5.327563876317228421e-04,5.329781047621981894e-04,5.114654933874077623e-03,4.252035922573296333e-04,5.115742434297773471e-03,2.543248955057571536e-01,1.965094753586527077e-14,6.1.1-I-900
objective_profiles,2,3,2,2.000000000000000000e+00,4.152787295564890901e-01,8.305574591129781803e-01,3.000000000000000000e+01,1073741824,1.039941370914521102e+00,display,256,64,65,129,1.041410570016980675e+00,1.837190961340571431e-03,3.499312602411925544e-07,8.454619060800264803e-04,8.458118373402676764e-04,5.114654933874077623e-03,4.252035922573296333e-04,5.115742434297773471e-03,2.543248955057571536e-01,9.880984919163893210e-15,6.1.1-I-900
objective_profiles,2,3,2,2.000000000000000000e+00,4.152787295564890901e-01,8.305574591129781803e-01,3.000000000000000000e+01,1073741824,1.039941370914521102e+00,display,256,64,65,129,1.049999999999999822e+00,2.440571458491973007e-03,5.059796083402201429e-07,1.229149739019159146e-03,1.229655718627499375e-03,5.114654933874077623e-03,4.252035922573296333e-04,5.115742434297773471e-03,2.543248955057571536e-01,3.974598428158060415e-14,6.1.1-I-900
objective_profiles,2,3,2,2.000000000000000000e+00,4.152787295564890901e-01,8.305574591129781803e-01,3.000000000000000000e+01,1073741824,1.039941370914521102e+00,display,256,64,65,129,1.058589429983019192e+00,3.118995437300443527e-03,6.891175291394870059e-07,1.683073545768231163e-03,1.683762663297370694e-03,5.114654933874077623e-03,4.252035922573296333e-04,5.115742434297773471e-03,2.543248955057571536e-01,9.214851104388799286e-15,6.1.1-I-900
objective_profiles,2,3,2,2.000000000000000000e+00,4.152787295564890901e-01,8.305574591129781803e-01,3.000000000000000000e+01,1073741824,1.039941370914521102e+00,display,256,64,65,129,1.067173686014596168e+00,3.871417645650181583e-03,8.985568448234583333e-07,2.206327169235228810e-03,2.207225726080052144e-03,5.114654933874077623e-03,4.252035922573296333e-04,5.115742434297773471e-03,2.543248955057571536e-01,4.241051954068097984e-14,6.1.1-I-900
objective_profiles,2,3,2,2.000000000000000000e+00,4.152787295564890901e-01,8.305574591129781803e-01,3.000000000000000000e+01,1073741824,1.039941370914521102e+00,display,256,64,65,129,1.075747597259883559e+00,4.696624917748496927e-03,1.133468990156871971e-06,2.797848165459476764e-03,2.798981634449633753e-03,5.114654933874077623e-03,4.252035922573296333e-04,5.115742434297773471e-03,2.543248955057571536e-01,4.862776847858185647e-14,6.1.1-I-900
objective_profiles,2,3,2,2.000000000000000000e+00,4.152787295564890901e-01,8.305574591129781803e-01,3.000000000000000000e+01,1073741824,1.039941370914521102e+00,display,256,64,65,129,1.084305999115346086e+00,5.593240028587391326e-03,1.392988091036083966e-06,3.456421620723914862e-03,3.457814608814950737e-03,5.114654933874077623e-03,4.252035922573296333e-04,5.115742434297773471e-03,2.543248955057571536e-01,5.651035195342046791e-14,6.1.1-I-900
objective_profiles,2,3,2,2.000000000000000000e+00,4.152787295564890901e-01,8.305574591129781803e-01,3.000000000000000000e+01,1073741824,1.039941370914521102e+00,display,256,64,65,129,1.092843736319725645e+00,6.559726057984926854e-03,1.676213972432310801e-06,4.180684241662387633e-03,4.182360455634820222e-03,5.114654933874077623e-03,4.252035922573296333e-04,5.115742434297773471e-03,2.543248955057571536e-01,2.664535259100375697e-14,6.1.1-I-900
objective_profiles,2,3,2,2.000000000000000000e+00,4.152787295564890901e-01,8.305574591129781803e-01,3.000000000000000000e+01,1073741824,1.039941370914521102e+00,display,256,64,65,129,1.101355666059376404e+00,7.594390871829951456e-03,1.982215092149513976e-06,4.969128703771381189e-03,4.971110918863530341e-03,5.114654933874077623e-03,4.252035922573296333e-04,5.115742434297773471e-03,2.543248955057571536e-01,9.325873406851314940e-15,6.1.1-I-900
objective_profiles,2,3,2,2.000000000000000000e+00,4.152787295564890901e-01,8.305574591129781803e-01,3.000000000000000000e+01,1073741824,1.039941370914521102e+00,display,256,64,65,129,1.109836661066105457e+00,8.695391877480758425e-03,2.310031397552222050e-06,5.820108243763270038e-03,5.822418275160822290e-03,5.114654933874077623e-03,4.252035922573296333e-04,5.115742434297773471e-03,2.543248955057571536e-01,1.287858708565181587e-14,6.1.1-I-900
objective_profiles,2,3,2,2.000000000000000000e+00,4.152787295564890901e-01,8.305574591129781803e-01,3.000000000000000000e+01,1073741824,1.039941370914521102e+00,display,256,64,65,129,1.118281612705644745e+00,9.860741174597665443e-03,2.658677103094654775e-06,6.731841481235109614e-03,6.734500158338204562e-03,5.114654933874077623e-03,4.252035922573296333e-04,5.115742434297773471e-03,2.543248955057571536e-01,1.176836406102665933e-14,6.1.1-I-900
objective_profiles,2,3,2,2.000000000000000000e+00,4.152787295564890901e-01,8.305574591129781803e-01,3.000000000000000000e+01,1073741824,1.039941370914521102e+00,display,256,64,65,129,1.126685434054904400e+00,1.108831082521725270e-02,3.027143387081907812e-06,7.702417455205668763e-03,7.705444598592750549e-03,5.114654933874077623e-03,4.252035922573296333e-04,5.115742434297773471e-03,2.543248955057571536e-01,4.063416270128072938e-14,6.1.1-I-900
objective_profiles,2,3,2,2.000000000000000000e+00,4.152787295564890901e-01,8.305574591129781803e-01,3.000000000000000000e+01,1073741824,1.039941370914521102e+00,display,256,64,65,129,1.135043062966142324e+00,1.237583836027165637e-02,3.414401006637543830e-06,8.729800861158522329e-03,8.733215262165160142e-03,5.114654933874077623e-03,4.252035922573296333e-04,5.115742434297773471e-03,2.543248955057571536e-01,1.021405182655144017e-14,6.1.1-I-900
objective_profiles,2,3,2,2.000000000000000000e+00,4.152787295564890901e-01,8.305574591129781803e-01,3.000000000000000000e+01,1073741824,1.039941370914521102e+00,display,256,64,65,129,1.143349465116214381e+00,1.372093258574074402e-02,3.819402830332848066e-06,9.811837474341791876e-03,9.815656877172123859e-03,5.114654933874077623e-03,4.252035922573296333e-04,5.115742434297773471e-03,2.543248955057571536e-01,2.087219286295294296e-14,6.1.1-I-900
objective_profiles,2,3,2,2.000000000000000000e+00,4.152787295564890901e-01,8.305574591129781803e-01,3.000000000000000000e+01,1073741824,1.039941370914521102e+00,display,256,64,65,129,1.151599637039061541e+00,1.512107951008432281e-02,4.241086288360740489e-06,1.094625974520360007e-02,1.095050083149196052e-02,5.114654933874077623e-03,4.252035922573296333e-04,5.115742434297773471e-03,2.543248955057571536e-01,9.992007221626408864e-15,6.1.1-I-900
objective_profiles,2,3,2,2.000000000000000000e+00,4.152787295564890901e-01,8.305574591129781803e-01,3.000000000000000000e+01,1073741824,1.039941370914521102e+00,display,256,64,65,129,1.159788609139611903e+00,1.657364840518420895e-02,4.678375740509998167e-06,1.213069255298449001e-02,1.213537092872499917e-02,5.114654933874077623e-03,4.252035922573296333e-04,5.115742434297773471e-03,2.543248955057571536e-01,3.741451592986777541e-14,6.1.1-I-900
objective_profiles,2,3,2,2.000000000000000000e+00,4.152787295564890901e-01,8.305574591129781803e-01,3.000000000000000000e+01,1073741824,1.039941370914521102e+00,display,256,64,65,129,1.167911448687276810e+00,1.807589818628329431e-02,5.130184762526124370e-06,1.336265910364630403e-02,1.336778928840882952e-02,5.114654933874077623e-03,4.252035922573296333e-04,5.115742434297773471e-03,2.543248955057571536e-01,1.731947918415244203e-14,6.1.1-I-900
objective_profiles,2,3,2,2.000000000000000000e+00,4.152787295564890901e-01,8.305574591129781803e-01,3.000000000000000000e+01,1073741824,1.039941370914521102e+00,display,256,64,65,129,1.175963262787245833e+00,1.962498383371012387e-02,5.595418351726279090e-06,1.463958695848434528e-02,1.464518237683607241e-02,5.114654933874077623e-03,4.252035922573296333e-04,5.115742434297773471e-03,2.543248955057571536e-01,3.264055692397960229e-14,6.1.1-I-900
objective_profiles,2,3,2,2.000000000000000000e+00,4.152787295564890901e-01,8.305574591129781803e-01,3.000000000000000000e+01,1073741824,1.039941370914521102e+00,display,256,64,65,129,1.183939201327781188e+00,2.121796293996011662e-02,6.072975052977326784e-06,1.595881417995325541e-02,1.596488715500623407e-02,5.114654933874077623e-03,4.252035922573296333e-04,5.115742434297773471e-03,2.543248955057571536e-01,8.548717289613705361e-15,6.1.1-I-900
objective_profiles,2,3,2,2.000000000000000000e+00,4.152787295564890901e-01,8.305574591129781803e-01,3.000000000000000000e+01,1073741824,1.039941370914521102e+00,display,256,64,65,129,1.191834459901746301e+00,2.285180246264701884e-02,6.561749006353633183e-06,1.731759558142305713e-02,1.732415733042940928e-02,5.114654933874077623e-03,4.252035922573296333e-04,5.115742434297773471e-03,2.543248955057571536e-01,7.771561172376095783e-15,6.1.1-I-900
objective_profiles,2,3,2,2.000000000000000000e+00,4.152787295564890901e-01,8.305574591129781803e-01,3.000000000000000000e+01,1073741824,1.039941370914521102e+00,display,256,64,65,129,1.199644282700598641e+00,2.452338554879553850e-02,7.060631917961188690e-06,1.871310906778466884e-02,1.872016969970263095e-02,5.114654933874077623e-03,4.252035922573296333e-04,5.115742434297773471e-03,2.543248955057571536e-01,1.121325254871408106e-14,6.1.1-I-900
objective_profiles,2,3,2,2.000000000000000000e+00,4.152787295564890901e-01,8.305574591129781803e-01,3.000000000000000000e+01,1073741824,1.039941370914521102e+00,display,256,64,65,129,1.207363965379112170e+00,2.622951841824521999e-02,7.568514955555616955e-06,2.014246205402640474e-02,2.015003056898196157e-02,5.114654933874077623e-03,4.252035922573296333e-04,5.115742434297773471e-03,2.543248955057571536e-01,8.659739592076221015e-15,6.1.1-I-900
objective_profiles,2,3,2,2.000000000000000000e+00,4.152787295564890901e-01,8.305574591129781803e-01,3.000000000000000000e+01,1073741824,1.039941370914521102e+00,display,256,64,65,129,1.214988857889099272e+00,2.796693740706239842e-02,8.084290570694352857e-06,2.160269794911978680e-02,2.161078223969048126e-02,5.114654933874077623e-03,4.252035922573296333e-04,5.115742434297773471e-03,2.543248955057571536e-01,9.992007221626408864e-15,6.1.1-I-900
objective_profiles,2,3,2,2.000000000000000000e+00,4.152787295564890901e-01,8.305574591129781803e-01,3.000000000000000000e+01,1073741824,1.039941370914521102e+00,display,256,64,65,129,1.222514367280424175e+00,2.973231599158808816e-02,8.606854249251651875e-06,2.309080269276912040e-02,2.309940954701837287e-02,5.114654933874077623e-03,4.252035922573296333e-04,5.115742434297773471e-03,2.543248955057571536e-01,8.992806499463767977e-15,6.1.1-I-900
objective_profiles,2,3,2,2.000000000000000000e+00,4.152787295564890901e-01,8.305574591129781803e-01,3.000000000000000000e+01,1073741824,1.039941370914521102e+00,display,256,64,65,129,1.229935960467627432e+00,3.152227195414909061e-02,9.135106192191660279e-06,2.460371133280481876e-02,2.461284643899700961e-02,5.114654933874077623e-03,4.252035922573296333e-04,5.115742434297773471e-03,2.543248955057571536e-01,4.718447854656915297e-14,6.1.1-I-900
objective_profiles,2,3,2,2.000000000000000000e+00,4.152787295564890901e-01,8.305574591129781803e-01,3.000000000000000000e+01,1073741824,1.039941370914521102e+00,display,256,64,65,129,1.237249166960483926e+00,3.333337452532839779e-02,9.667952928536851115e-06,2.613831463122974486e-02,2.614798258415828094e-02,5.114654933874077623e-03,4.252035922573296333e-04,5.115742434297773471e-03,2.543248955057571536e-01,1.521005543736464460e-14,6.1.1-I-900
objective_profiles,2,3,2,2.000000000000000000e+00,4.152787295564890901e-01,8.305574591129781803e-01,3.000000000000000000e+01,1073741824,1.039941370914521102e+00,display,256,64,65,129,1.244449581556860585e+00,3.516215157821277193e-02,1.020430886250341289e-05,2.769146568715981707e-02,2.770166999602232186e-02,5.114654933874077623e-03,4.252035922573296333e-04,5.115742434297773471e-03,2.543248955057571536e-01,1.354472090042690979e-14,6.1.1-I-900
objective_profiles,2,3,2,2.000000000000000000e+00,4.152787295564890901e-01,8.305574591129781803e-01,3.000000000000000000e+01,1073741824,1.039941370914521102e+00,display,256,64,65,129,1.251532866996245774e+00,3.700509688480902587e-02,1.074309775678116726e-05,2.925998656514005453e-02,2.927072966289683692e-02,5.114654933874077623e-03,4.252035922573296333e-04,5.115742434297773471e-03,2.543248955057571536e-01,1.287858708565181587e-14,6.1.1-I-900
objective_profiles,2,3,2,2.000000000000000000e+00,4.152787295564890901e-01,8.305574591129781803e-01,3.000000000000000000e+01,1073741824,1.039941370914521102e+00,display,256,64,65,129,1.258494756572351658e+00,3.885867725933361133e-02,1.128325415393932741e-05,3.084067491755163037e-02,3.085195817170556867e-02,5.114654933874077623e-03,4.252035922573296333e-04,5.115742434297773471e-03,2.543248955057571536e-01,8.215650382226158399e-15,6.1.1-I-900
objective_profiles,2,3,2,2.000000000000000000e+00,4.152787295564890901e-01,8.305574591129781803e-01,3.000000000000000000e+01,1073741824,1.039941370914521102e+00,display,256,64,65,129,1.265331056703219215e+00,4.071933984112702937e-02,1.182372473792598005e-05,3.243031059007612377e-02,3.244213431481404730e-02,5.114654933874077623e-03,4.252035922573296333e-04,5.115742434297773471e-03,2.543248955057571536e-01,1.643130076445231680e-14,6.1.1-I-900
objective_profiles,2,3,2,2.000000000000000000e+00,4.152787295564890901e-01,8.305574591129781803e-01,3.000000000000000000e+01,1073741824,1.039941370914521102e+00,display,256,64,65,129,1.272037649457275599e+00,4.258351924711592518e-02,1.236346963760237188e-05,3.402566219942190773e-02,3.403802566905950872e-02,5.114654933874077623e-03,4.252035922573296333e-04,5.115742434297773471e-03,2.543248955057571536e-01,7.216449660063517513e-15,6.1.1-I-900
objective_profiles,2,3,2,2.000000000000000000e+00,4.152787295564890901e-01,8.305574591129781803e-01,3.000000000000000000e+01,1073741824,1.039941370914521102e+00,display,256,64,65,129,1.278610495033821737e+00,4.444764470389181432e-02,1.290146367422836368e-05,3.562349367277184431e-02,3.563639513644607099e-02,5.114654933874077623e-03,4.252035922573296333e-04,5.115742434297773471e-03,2.543248955057571536e-01,1.010302952408892452e-14,6.1.1-I-900
objective_profiles,2,3,2,2.000000000000000000e+00,4.152787295564890901e-01,8.305574591129781803e-01,3.000000000000000000e+01,1073741824,1.039941370914521102e+00,display,256,64,65,129,1.285045634196456454e+00,4.630814721444141691e-02,1.343669755476859754e-05,3.722057073865641524e-02,3.723400743621118475e-02,5.114654933874077623e-03,4.252035922573296333e-04,5.115742434297773471e-03,2.543248955057571536e-01,8.326672684688674053e-15,6.1.1-I-900
objective_profiles,2,3,2,2.000000000000000000e+00,4.152787295564890901e-01,8.305574591129781803e-01,3.000000000000000000e+01,1073741824,1.039941370914521102e+00,display,256,64,65,129,1.291339190657973424e+00,4.816146654856223730e-02,1.396817901285127239e-05,3.881366735921470273e-02,3.882763553822755204e-02,5.114654933874077623e-03,4.252035922573296333e-04,5.115742434297773471e-03,2.543248955057571536e-01,2.819966482547897613e-14,6.1.1-I-900
objective_profiles,2,3,2,2.000000000000000000e+00,4.152787295564890901e-01,8.305574591129781803e-01,3.000000000000000000e+01,1073741824,1.039941370914521102e+00,display,256,64,65,129,1.297487373415291412e+00,5.000405829850445433e-02,1.449493389915424317e-05,4.039957209405339172e-02,4.041406702795254796e-02,5.114654933874077623e-03,4.252035922573296333e-04,5.115742434297773471e-03,2.543248955057571536e-01,2.464695114667847520e-14,6.1.1-I-900
objective_profiles,2,3,2,2.000000000000000000e+00,4.152787295564890901e-01,8.305574591129781803e-01,3.000000000000000000e+01,1073741824,1.039941370914521102e+00,display,256,64,65,129,1.303486479033013179e+00,5.183240073587665198e-02,1.501600722294358034e-05,4.197509438617626210e-02,4.199011039339920620e-02,5.114654933874077623e-03,4.252035922573296333e-04,5.115742434297773471e-03,2.543248955057571536e-01,2.575717417130363174e-14,6.1.1-I-900
objective_profiles,2,3,2,2.000000000000000000e+00,4.152787295564890901e-01,8.305574591129781803e-01,3.000000000000000000e+01,1073741824,1.039941370914521102e+00,display,256,64,65,129,1.309332893874235459e+00,5.364300166957069321e-02,1.553046414643077127e-05,4.353707076070900683e-02,4.355260122485543617e-02,5.114654933874077623e-03,4.252035922573296333e-04,5.115742434297773471e-03,2.543248955057571536e-01,5.395683899678260786e-14,6.1.1-I-900
objective_profiles,2,3,2,2.000000000000000000e+00,4.152787295564890901e-01,8.305574591129781803e-01,3.000000000000000000e+01,1073741824,1.039941370914521102e+00,display,256,64,65,129,1.315023096277269543e+00,5.543240516610010299e-02,1.603739093355295413e-05,4.508237092740929874e-02,4.509840831834285163e-02,5.114654933874077623e-03,4.252035922573296333e-04,5.115742434297773471e-03,2.543248955057571536e-01,9.658940314238861902e-15,6.1.1-I-900
objective_profiles,2,3,2,2.000000000000000000e+00,4.152787295564890901e-01,8.305574591129781803e-01,3.000000000000000000e+01,1073741824,1.039941370914521102e+00,display,256,64,65,129,1.320553658676957731e+00,5.719719812725604369e-02,1.653589585472024730e-05,4.660790377820304281e-02,4.662443967405776463e-02,5.114654933874077623e-03,4.252035922573296333e-04,5.115742434297773471e-03,2.543248955057571536e-01,9.992007221626408864e-15,6.1.1-I-900
objective_profiles,2,3,2,2.000000000000000000e+00,4.152787295564890901e-01,8.305574591129781803e-01,3.000000000000000000e+01,1073741824,1.039941370914521102e+00,display,256,64,65,129,1.325921249669312019e+00,5.893401683005440594e-02,1.702511004901252951e-05,4.811062327126454374e-02,4.812764838131355916e-02,5.114654933874077623e-03,4.252035922573296333e-04,5.115742434297773471e-03,2.543248955057571536e-01,1.232347557333923760e-14,6.1.1-I-900
objective_profiles,2,3,2,2.000000000000000000e+00,4.152787295564890901e-01,8.305574591129781803e-01,3.000000000000000000e+01,1073741824,1.039941370914521102e+00,display,256,64,65,129,1.331122636018225558e+00,6.063955327406182066e-02,1.750418834523872143e-05,4.958753419340249796e-02,4.960503838174773472e-02,5.114654933874077623e-03,4.252035922573296333e-04,5.115742434297773471e-03,2.543248955057571536e-01,1.276756478318930021e-14,6.1.1-I-900
objective_profiles,2,3,2,2.000000000000000000e+00,4.152787295564890901e-01,8.305574591129781803e-01,3.000000000000000000e+01,1073741824,1.039941370914521102e+00,display,256,64,65,129,1.336154684603054088e+00,6.231056139011579426e-02,1.797231004321442975e-05,5.103569779279949759e-02,5.105367010284270896e-02,5.114654933874077623e-03,4.252035922573296333e-04,5.115742434297773471e-03,2.543248955057571536e-01,7.771561172376095783e-15,6.1.1-I-900
objective_profiles,2,3,2,2.000000000000000000e+00,4.152787295564890901e-01,8.305574591129781803e-01,3.000000000000000000e+01,1073741824,1.039941370914521102e+00,display,256,64,65,129,1.341014364305890716e+00,6.394386320420199221e-02,1.842867965654512854e-05,5.245223727439966843e-02,5.247066595405621564e-02,5.114654933874077623e-03,4.252035922573296333e-04,5.115742434297773471e-03,2.543248955057571536e-01,9.769962616701377556e-15,6.1.1-I-900
objective_profiles,2,3,2,2.000000000000000000e+00,4.152787295564890901e-01,8.305574591129781803e-01,3.000000000000000000e+01,1073741824,1.039941370914521102e+00,display,256,64,65,129,1.345698747837397402e+00,6.553635467010456017e-02,1.887252761813882379e-05,5.383434315051890962e-02,5.385321567813704940e-02,5.114654933874077623e-03,4.252035922573296333e-04,5.115742434297773471e-03,2.543248955057571536e-01,5.873079800267078099e-14,6.1.1-I-900
objective_profiles,2,3,2,2.000000000000000000e+00,4.152787295564890901e-01,8.305574591129781803e-01,3.000000000000000000e+01,1073741824,1.039941370914521102e+00,display,256,64,65,129,1.350205013500095141e+00,6.708501146842418827e-02,1.930311094961276619e-05,5.517927843951557498e-02,5.519858155046519083e-02,5.114654933874077623e-03,4.252035922573296333e-04,5.115742434297773471e-03,2.543248955057571536e-01,9.325873406851314940e-15,6.1.1-I-900
objective_profiles,2,3,2,2.000000000000000000e+00,4.152787295564890901e-01,8.305574591129781803e-01,3.000000000000000000e+01,1073741824,1.039941370914521102e+00,display,256,64,65,129,1.354530446888048800e+00,6.858689463335822245e-02,1.971971389569149267e-05,5.648438370562923472e-02,5.650410341952492865e-02,5.114654933874077623e-03,4.252035922573296333e-04,5.115742434297773471e-03,2.543248955057571536e-01,1.709743457922741072e-14,6.1.1-I-900
objective_profiles,2,3,2,2.000000000000000000e+00,4.152787295564890901e-01,8.305574591129781803e-01,3.000000000000000000e+01,1073741824,1.039941370914521102e+00,display,256,64,65,129,1.358672442521924095e+00,7.003915594201662320e-02,2.012164852463878907e-05,5.774708193336687556e-02,5.776720358189151722e-02,5.114654933874077623e-03,4.252035922573296333e-04,5.115742434297773471e-03,2.543248955057571536e-01,9.436895709313830594e-15,6.1.1-I-900
objective_profiles,2,3,2,2.000000000000000000e+00,4.152787295564890901e-01,8.305574591129781803e-01,3.000000000000000000e+01,1073741824,1.039941370914521102e+00,display,256,64,65,129,1.362628505418430169e+00,7.143904312538491841e-02,2.050825529570186669e-05,5.896488323008639010e-02,5.898539148538209376e-02,5.114654933874077623e-03,4.252035922573296333e-04,5.115742434297773471e-03,2.543248955057571536e-01,2.309263891220325604e-14,6.1.1-I-900
objective_profiles,2,3,2,2.000000000000000000e+00,4.152787295564890901e-01,8.305574591129781803e-01,3.000000000000000000e+01,1073741824,1.039941370914521102e+00,display,256,64,65,129,1.366396252593204963e+00,7.278390491418335051e-02,2.087890359448977840e-05,6.013538935070316532e-02,6.015626825429765817e-02,5.114654933874077623e-03,4.252035922573296333e-04,5.115742434297773471e-03,2.543248955057571536e-01,1.221245327087672194e-14,6.1.1-I-900
objective_profiles,2,3,2,2.000000000000000000e+00,4.152787295564890901e-01,8.305574591129781803e-01,3.000000000000000000e+01,1073741824,1.039941370914521102e+00,display,256,64,65,129,1.369973414496235664e+00,7.407119589516235336e-02,2.123299223715417137e-05,6.125629803871632945e-02,6.127753103095348597e-02,5.114654933874077623e-03,4.252035922573296333e-04,5.115742434297773471e-03,2.543248955057571536e-01,1.199040866595169064e-14,6.1.1-I-900
objective_profiles,2,3,2,2.000000000000000000e+00,4.152787295564890901e-01,8.305574591129781803e-01,3.000000000000000000e+01,1073741824,1.039941370914521102e+00,display,256,64,65,129,1.373357836378950259e+00,7.529848109324403793e-02,2.156994994417996809e-05,6.232540717802731445e-02,6.234697712797149238e-02,5.114654933874077623e-03,4.252035922573296333e-04,5.115742434297773471e-03,2.543248955057571536e-01,7.327471962526033167e-15,6.1.1-I-900
objective_profiles,2,3,2,2.000000000000000000e+00,4.152787295564890901e-01,8.305574591129781803e-01,3.000000000000000000e+01,1073741824,1.039941370914521102e+00,display,256,64,65,129,1.376547479592158396e+00,7.646344037531083160e-02,2.188923578454638432e-05,6.334061875030291833e-02,6.336250798608746015e-02,5.114654933874077623e-03,4.252035922573296333e-04,5.115742434297773471e-03,2.543248955057571536e-01,1.265654248072678456e-14,6.1.1-I-900
objective_profiles,2,3,2,2.000000000000000000e+00,4.152787295564890901e-01,8.305574591129781803e-01,3.000000000000000000e+01,1073741824,1.039941370914521102e+00,display,256,64,65,129,1.379540422814057088e+00,7.756387272863739246e-02,2.219033959096257142e-05,6.429994259290700009e-02,6.432213293249795794e-02,5.114654933874077623e-03,4.252035922573296333e-04,5.115742434297773471e-03,2.543248955057571536e-01,1.021405182655144017e-14,6.1.1-I-900
objective_profiles,2,3,2,2.000000000000000000e+00,4.152787295564890901e-01,8.305574591129781803e-01,3.000000000000000000e+01,1073741824,1.039941370914521102e+00,display,256,64,65,129,1.382334863207562714e+00,7.859770011433313275e-02,2.247278234683280907e-05,6.520149995270740906e-02,6.522397273505424475e-02,5.114654933874077623e-03,4.252035922573296333e-04,5.115742434297773471e-03,2.543248955057571536e-01,8.104628079763642745e-15,6.1.1-I-900
objective_profiles,2,3,2,2.000000000000000000e+00,4.152787295564890901e-01,8.305574591129781803e-01,3.000000000000000000e+01,1073741824,1.039941370914521102e+00,display,256,64,65,129,1.384929117506273011e+00,7.956297123517508396e-02,2.273611654556070201e-05,6.604352683134186164e-02,6.606626294788742193e-02,5.114654933874077623e-03,4.252035922573296333e-04,5.115742434297773471e-03,2.543248955057571536e-01,1.443289932012703503e-14,6.1.1-I-900
objective_profiles,2,3,2,2.000000000000000000e+00,4.152787295564890901e-01,8.305574591129781803e-01,3.000000000000000000e+01,1073741824,1.039941370914521102e+00,display,256,64,65,129,1.387321623028404005e+00,8.045786507311092350e-02,2.297992652274995901e-05,6.682437711780948864e-02,6.684735704433224235e-02,5.114654933874077623e-03,4.252035922573296333e-04,5.115742434297773471e-03,2.543248955057571536e-01,4.396483177515619900e-14,6.1.1-I-900
objective_profiles,2,3,2,2.000000000000000000e+00,4.152787295564890901e-01,8.305574591129781803e-01,3.000000000000000000e+01,1073741824,1.039941370914521102e+00,display,256,64,65,129,1.389510938618090385e+00,8.128069412916735792e-02,2.320382876181769524e-05,6.754252550453011816e-02,6.756572933329194064e-02,5.114654933874077623e-03,4.252035922573296333e-04,5.115742434297773471e-03,2.543248955057571536e-01,2.020605904817784904e-14,6.1.1-I-900
objective_profiles,2,3,2,2.000000000000000000e+00,4.152787295564890901e-01,8.305574591129781803e-01,3.000000000000000000e+01,1073741824,1.039941370914521102e+00,display,256,64,65,129,1.391495745513484872e+00,8.202990740245351409e-02,2.340747217348901297e-05,6.819657018330324560e-02,6.821997765547672954e-02,5.114654933874077623e-03,4.252035922573296333e-04,5.115742434297773471e-03,2.543248955057571536e-01,1.076916333886401844e-14,6.1.1-I-900
objective_profiles,2,3,2,2.000000000000000000e+00,4.152787295564890901e-01,8.305574591129781803e-01,3.000000000000000000e+01,1073741824,1.039941370914521102e+00,display,256,64,65,129,1.393274848141130562e+00,8.270409317144752914e-02,2.359053834960283483e-05,6.878523531787354706e-02,6.880882585622315195e-02,5.114654933874077623e-03,4.252035922573296333e-04,5.115742434297773471e-03,2.543248955057571536e-01,2.164934898019055254e-14,6.1.1-I-900
objective_profiles,2,3,2,2.000000000000000000e+00,4.152787295564890901e-01,8.305574591129781803e-01,3.000000000000000000e+01,1073741824,1.039941370914521102e+00,display,256,64,65,129,1.394847174836129300e+00,8.330198153679969908e-02,2.375274179161174340e-05,6.930737329009897807e-02,6.933112603189059420e-02,5.114654933874077623e-03,4.252035922573296333e-04,5.115742434297773471e-03,2.543248955057571536e-01,1.176836406102665933e-14,6.1.1-I-900
objective_profiles,2,3,2,2.000000000000000000e+00,4.152787295564890901e-01,8.305574591129781803e-01,3.000000000000000000e+01,1073741824,1.039941370914521102e+00,display,256,64,65,129,1.396211778487673305e+00,8.382244664004293022e-02,2.389383011412346989e-05,6.976196671699884388e-02,6.978586054711297115e-02,5.114654933874077623e-03,4.252035922573296333e-04,5.115742434297773471e-03,2.543248955057571536e-01,2.109423746787797427e-14,6.1.1-I-900
objective_profiles,2,3,2,2.000000000000000000e+00,4.152787295564890901e-01,8.305574591129781803e-01,3.000000000000000000e+01,1073741824,1.039941370914521102e+00,display,256,64,65,129,1.397367837109548372e+00,8.426450867541379619e-02,2.401358422378921785e-05,7.014813023624416610e-02,7.017214382046794985e-02,5.114654933874077623e-03,4.252035922573296333e-04,5.115742434297773471e-03,2.543248955057571536e-01,1.909583602355269250e-14,6.1.1-I-900
objective_profiles,2,3,2,2.000000000000000000e+00,4.152787295564890901e-01,8.305574591129781803e-01,3.000000000000000000e+01,1073741824,1.039941370914521102e+00,display,256,64,65,129,1.398314654335268692e+00,8.462733559184901222e-02,2.411181847380739233e-05,7.046511205793999644e-02,7.048922387641380627e-02,5.114654933874077623e-03,4.252035922573296333e-04,5.115742434297773471e-03,2.543248955057571536e-01,9.436895709313830594e-15,6.1.1-I-900
objective_profiles,2,3,2,2.000000000000000000e+00,4.152787295564890901e-01,8.305574591129781803e-01,3.000000000000000000e+01,1073741824,1.039941370914521102e+00,display,256,64,65,129,1.399051659837541539e+00,8.491024466452952446e-02,2.418838079427165018e-05,7.071229528083111671e-02,7.073648366162538226e-02,5.114654933874077623e-03,4.252035922573296333e-04,5.115742434297773471e-03,2.543248955057571536e-01,9.325873406851314940e-15,6.1.1-I-900
objective_profiles,2,3,2,2.000000000000000000e+00,4.152787295564890901e-01,8.305574591129781803e-01,3.000000000000000000e+01,1073741824,1.039941370914521102e+00,display,256,64,65,129,1.399578409671810242e+00,8.511270358334299679e-02,2.424315279855786216e-05,7.088919897135395609e-02,7.091344212415251480e-02,5.114654933874077623e-03,4.252035922573296333e-04,5.115742434297773471e-03,2.543248955057571536e-01,1.842970220877759857e-14,6.1.1-I-900
objective_profiles,2,3,2,2.000000000000000000e+00,4.152787295564890901e-01,8.305574591129781803e-01,3.000000000000000000e+01,1073741824,1.039941370914521102e+00,display,256,64,65,129,1.399894586543671382e+00,8.523433147612001493e-02,2.427604986590795844e-05,7.099547900424044156e-02,7.101975505410634826e-02,5.114654933874077623e-03,4.252035922573296333e-04,5.115742434297773471e-03,2.543248955057571536e-01,2.031708135064036469e-14,6.1.1-I-900
objective_profiles,2,3,2,2.000000000000000000e+00,4.152787295564890901e-01,8.305574591129781803e-01,3.000000000000000000e+01,1073741824,1.039941370914521102e+00,display,256,64,65,129,1.399999999999999911e+00,8.527489954560882324e-02,2.428702120033066173e-05,7.103092866366887692e-02,7.105521568486920791e-02,5.114654933874077623e-03,4.252035922573296333e-04,5.115742434297773471e-03,2.543248955057571536e-01,2.065014825802791165e-14,6.1.1-I-900
