alpha,gamma,alternation,best_block,envelope,active_m,is_envelope_minimum
256,4.500000000000000111e-01,1.933387152519578648e-31,3.619733221753651142e+09,3.619733221753651142e+09,10,0
256,4.501666666666666594e-01,1.737178691804867778e-31,3.348423154520377159e+09,3.348423154520377159e+09,10,0
256,4.503333333333333632e-01,1.560850874477413432e-31,3.097372407685857296e+09,3.097372407685857296e+09,10,0
256,4.505000000000000115e-01,1.402392488463022579e-31,2.865073861032267094e+09,2.865073861032267094e+09,10,0
256,4.506666666666666599e-01,1.259995464272105214e-31,2.650132088219591141e+09,2.650132088219591141e+09,10,0
256,4.508333333333333637e-01,1.132034388832465274e-31,2.451255110400606632e+09,2.451255110400606632e+09,10,0
256,4.510000000000000120e-01,1.017048082031401995e-31,2.267246756355290413e+09,2.267246756355290413e+09,10,0
256,4.511666666666666603e-01,9.137230286026213622e-32,2.096999584704708099e+09,2.096999584704708099e+09,10,0
256,4.513333333333333641e-01,8.208784788084141953e-32,1.939488327010917425e+09,1.939488327010917425e+09,10,0
256,4.515000000000000124e-01,7.374530500934067949e-32,1.793763813572815180e+09,1.793763813572815180e+09,10,0
256,4.516666666666666607e-01,6.624926787381604002e-32,1.658947346519978762e+09,1.658947346519978762e+09,10,0
256,4.518333333333333646e-01,5.951397857019198591e-32,1.534225487391144037e+09,1.534225487391144037e+09,10,0
256,4.520000000000000129e-01,5.346235344851050839e-32,1.418845228782463074e+09,1.418845228782463074e+09,10,0
256,4.521666666666666612e-01,4.802510711150944261e-32,1.312109521873793602e+09,1.312109521873793602e+09,10,0
256,4.523333333333333650e-01,4.313996474013659129e-32,1.213373133702627659e+09,1.213373133702627659e+09,10,0
256,4.525000000000000133e-01,3.875095385403630327e-32,1.122038809967079163e+09,1.122038809967079163e+09,10,0
256,4.526666666666666616e-01,3.480776750874872962e-32,1.037553720909920812e+09,1.037553720909920812e+09,10,0
256,4.528333333333333655e-01,3.126519173552844732e-32,9.594061694807721376e+08,9.594061694807721376e+08,10,0
256,4.530000000000000138e-01,2.808259075297606442e-32,8.871225424947249889e+08,8.871225424947249889e+08,10,0
256,4.531666666666666621e-01,2.522344413041132484e-32,8.202644869179273844e+08,8.202644869179273844e+08,10,0
256,4.533333333333333659e-01,2.265493066838425261e-32,7.584262947210366726e+08,7.584262947210366726e+08,10,0
256,4.535000000000000142e-01,2.034755428826201096e-32,7.012324809531710148e+08,7.012324809531710148e+08,10,0
256,4.536666666666666625e-01,1.827480769658350838e-32,6.483355408149715662e+08,6.483355408149715662e+08,10,0
256,4.538333333333333663e-01,1.641287001599353899e-32,5.994138725517528057e+08,5.994138725517528057e+08,10,0
256,4.540000000000000147e-01,1.474033495788079514e-32,5.541698539544496536e+08,5.541698539544496536e+08,10,0
256,4.541666666666666630e-01,1.323796645662171247e-32,5.123280611519148350e+08,5.123280611519148350e+08,10,0
256,4.543333333333333668e-01,1.188847899548372494e-32,4.736336192087316513e+08,4.736336192087316513e+08,10,0
256,4.545000000000000151e-01,1.067634013318828728e-32,4.378506748125235438e+08,4.378506748125235438e+08,10,0
256,4.546666666666666634e-01,9.587592991025199584e-33,4.047609820478136539e+08,4.047609820478136539e+08,10,0
256,4.548333333333333672e-01,8.609696686120033570e-33,3.741625929155641794e+08,3.741625929155641794e+08,10,0
256,4.550000000000000155e-01,7.731382899393182710e-33,3.458686448697097898e+08,3.458686448697097898e+08,10,0
256,4.551666666666666639e-01,6.942526949322657223e-33,3.197062382101836205e+08,3.197062382101836205e+08,10,0
256,4.553333333333333677e-01,6.234031906812286827e-33,2.955153966988421679e+08,2.955153966988421679e+08,10,0
256,4.555000000000000160e-01,5.597724434118319533e-33,2.731481052519788146e+08,2.731481052519788146e+08,10,0
256,4.556666666666666643e-01,5.026261163593204729e-33,2.524674190156422555e+08,2.524674190156422555e+08,10,0
256,4.558333333333333681e-01,4.513044551438977545e-33,2.333466385488828123e+08,2.333466385488828123e+08,10,0
256,4.560000000000000164e-01,4.052147249060307861e-33,2.156685462283199728e+08,2.156685462283199728e+08,10,0
256,4.561666666666666647e-01,3.638244131202163956e-33,1.993246993473132551e+08,1.993246993473132551e+08,10,0
256,4.563333333333333686e-01,3.266551206913736541e-33,1.842147757163704634e+08,1.842147757163704634e+08,10,0
256,4.565000000000000169e-01,2.932770717488858079e-33,1.702459678805041313e+08,1.702459678805041313e+08,10,0
256,4.566666666666666652e-01,2.633041795771761962e-33,1.573324223553216159e+08,1.573324223553216159e+08,10,0
256,4.568333333333333690e-01,2.363896124378728201e-33,1.453947205492215455e+08,1.453947205492215455e+08,10,0
256,4.570000000000000173e-01,2.122218087178415758e-33,1.343593982845862806e+08,1.343593982845862806e+08,10,0
256,4.571666666666666656e-01,1.905208959438601912e-33,1.241585010586145818e+08,1.241585010586145818e+08,10,0
256,4.573333333333333695e-01,1.710354727972433759e-33,1.147291723956617713e+08,1.147291723956617713e+08,10,0
256,4.575000000000000178e-01,1.535397173898422629e-33,1.060132728381453902e+08,1.060132728381453902e+08,10,0
256,4.576666666666666661e-01,1.378307887754038758e-33,9.795702730438129604e+07,9.795702730438129604e+07,10,0
256,4.578333333333333699e-01,1.237264920081224772e-33,9.051069870942577720e+07,9.051069870942577720e+07,10,0
256,4.580000000000000182e-01,1.110631800610566094e-33,8.362828590045559406e+07,8.362828590045559406e+07,10,0
256,4.581666666666666665e-01,9.969386861520057124e-34,7.726724410223725438e+07,7.726724410223725438e+07,10,0
256,4.583333333333333703e-01,8.948654215587337181e-34,7.138822620161269605e+07,7.138822620161269605e+07,10,0
256,4.585000000000000187e-01,8.032263199386853076e-34,6.595484332354043424e+07,6.595484332354043424e+07,10,0
256,4.586666666666666670e-01,7.209564878938219036e-34,6.093344326563629508e+07,6.093344326563629508e+07,10,0
256,4.588333333333333708e-01,6.470995391955949955e-34,5.629290546430765092e+07,5.629290546430765092e+07,10,0
256,4.590000000000000191e-01,5.807965561491579258e-34,5.200445126369656622e+07,5.200445126369656622e+07,10,0
256,4.591666666666666674e-01,5.212761721439316756e-34,4.804146834964144975e+07,4.804146834964144975e+07,10,0
256,4.593333333333333712e-01,4.678456616950192853e-34,4.437934829521372914e+07,4.437934829521372914e+07,10,0
256,4.595000000000000195e-01,4.198829357893788909e-34,4.099533624233359098e+07,4.099533624233359098e+07,10,0
256,4.596666666666666679e-01,3.768293506996616304e-34,3.786839181632918864e+07,3.786839181632918864e+07,10,0
256,4.598333333333333717e-01,3.381832477294935123e-34,3.497906043723280728e+07,3.497906043723280728e+07,10,0
256,4.600000000000000200e-01,3.034941497151831194e-34,3.230935425361929834e+07,3.230935425361929834e+07,10,0
256,4.601666666666666683e-01,2.723575476238789821e-34,2.984264198222574592e+07,2.984264198222574592e+07,10,0
256,4.603333333333333721e-01,2.444102173435372679e-34,2.756354698977094144e+07,2.756354698977094144e+07,10,0
256,4.605000000000000204e-01,2.193260128315816384e-34,2.545785300266102329e+07,2.545785300266102329e+07,10,0
256,4.606666666666666687e-01,1.968120872462127413e-34,2.351241687584507838e+07,2.351241687584507838e+07,10,0
256,4.608333333333333171e-01,1.766054985895230305e-34,2.171508789438035339e+07,2.171508789438035339e+07,10,0
256,4.610000000000000209e-01,1.584701607997650322e-34,2.005463312032260001e+07,2.005463312032260001e+07,10,0
256,4.611666666666666692e-01,1.421941051920976394e-34,1.852066833381652832e+07,1.852066833381652832e+07,10,0
256,4.613333333333333730e-01,1.275870207080510150e-34,1.710359415076765791e+07,1.710359415076765791e+07,10,0
256,4.615000000000000213e-01,1.144780446341843798e-34,1.579453693056768924e+07,1.579453693056768924e+07,10,0
256,4.616666666666666696e-01,1.027137783261880968e-34,1.458529411606292613e+07,1.458529411606292613e+07,10,0
256,4.618333333333333179e-01,9.215650505944298579e-35,1.346828367459988035e+07,1.346828367459988035e+07,10,0
256,4.620000000000000218e-01,8.268258944962995309e-35,1.243649733362646215e+07,1.243649733362646215e+07,10,0
256,4.621666666666666701e-01,7.418103997425828270e-35,1.148345732714738697e+07,1.148345732714738697e+07,10,0
256,4.623333333333333184e-01,6.655221800160058936e-35,1.060317639046473615e+07,1.060317639046473615e+07,10,0
256,4.625000000000000222e-01,5.970667841906908663e-35,9.790120760193176568e+06,9.790120760193176568e+06,10,0
256,4.626666666666666705e-01,5.356412846752787187e-35,9.039175954655859619e+06,9.039175954655859619e+06,10,0
256,4.628333333333333188e-01,4.805249274899798183e-35,8.345615126518439502e+06,8.345615126518439502e+06,10,0
256,4.630000000000000226e-01,4.310707359810814938e-35,7.705069795060401782e+06,7.705069795060401782e+06,10,0
256,4.631666666666666710e-01,3.866979710638445134e-35,7.113502779832296073e+06,7.113502779832296073e+06,10,0
256,4.633333333333333193e-01,3.468853607572417570e-35,6.567183170751636848e+06,6.567183170751636848e+06,10,0
256,4.635000000000000231e-01,3.111650206454212877e-35,6.062663182011792436e+06,6.062663182011792436e+06,10,0
256,4.636666666666666714e-01,2.791169948700293070e-35,5.596756748560428619e+06,5.596756748560428619e+06,10,0
256,4.638333333333333197e-01,2.503643544186316323e-35,5.166519734461293556e+06,5.166519734461293556e+06,10,0
256,4.640000000000000235e-01,2.245687959080217802e-35,4.769231632213823497e+06,4.769231632213823497e+06,10,0
256,4.641666666666666718e-01,2.014266898412032504e-35,4.402378641142736189e+06,4.402378641142736189e+06,10,0
256,4.643333333333333202e-01,1.806655325095404327e-35,4.063638021333711222e+06,4.063638021333711222e+06,10,0
256,4.645000000000000240e-01,1.620407603769305097e-35,3.750863627333247568e+06,3.750863627333247568e+06,10,0
256,4.646666666666666723e-01,1.453328899736824248e-35,3.462072532995672431e+06,3.462072532995672431e+06,10,0
256,4.648333333333333206e-01,1.303449500927959943e-35,3.195432665488528553e+06,3.195432665488528553e+06,10,0
256,4.650000000000000244e-01,1.169001764637663465e-35,2.949251372609751299e+06,2.949251372609751299e+06,10,0
256,4.651666666666666727e-01,1.048399421170232862e-35,2.721964853243852500e+06,2.721964853243852500e+06,10,0
256,4.653333333333333210e-01,9.402189938154505867e-36,2.512128386040790007e+06,2.512128386040790007e+06,10,0
256,4.655000000000000249e-01,8.431831190990064086e-36,2.318407296268273611e+06,2.318407296268273611e+06,10,0
256,4.656666666666666732e-01,7.561455732697624707e-36,2.139568605284020305e+06,2.139568605284020305e+06,10,0
256,4.658333333333333215e-01,6.780778307688889924e-36,1.974473311241600197e+06,1.974473311241600197e+06,10,0
256,4.660000000000000253e-01,6.080569981934109522e-36,1.822069253496605903e+06,1.822069253496605903e+06,10,0
256,4.661666666666666736e-01,5.452549832249067068e-36,1.681384516744910972e+06,1.681384516744910972e+06,10,0
256,4.663333333333333219e-01,4.889287723289608558e-36,1.551521334224709542e+06,1.551521334224709542e+06,10,0
256,4.665000000000000258e-01,4.384117039050352613e-36,1.431650452365955338e+06,1.431650452365955338e+06,10,0
256,4.666666666666666741e-01,3.931056351292977993e-36,1.321005922096131137e+06,1.321005922096131137e+06,10,0
256,4.668333333333333224e-01,3.524739111179843874e-36,1.218880284622407518e+06,1.218880284622407518e+06,10,0
256,4.670000000000000262e-01,3.160350543660435013e-36,1.124620121930830879e+06,1.124620121930830879e+06,10,0
256,4.671666666666666745e-01,2.833571007922360154e-36,1.037621944477240206e+06,1.037621944477240206e+06,10,0
256,4.673333333333333228e-01,2.540525162436008133e-36,9.573283906144807115e+05,9.573283906144807115e+05,10,0
256,4.675000000000000266e-01,2.277736340692919237e-36,8.832247142160232179e+05,8.832247142160232179e+05,10,0
256,4.676666666666666750e-01,2.042085604393333334e-36,8.148355387251869543e+05,8.148355387251869543e+05,10,0
256,4.678333333333333233e-01,1.830774995325638615e-36,7.517218574983818689e+05,7.517218574983818689e+05,10,0
256,4.680000000000000271e-01,1.641294556103955201e-36,6.934782618258957518e+05,6.934782618258957518e+05,10,0
256,4.681666666666666754e-01,1.471392733859651951e-36,6.397303794153954368e+05,6.397303794153954368e+05,10,0
256,4.683333333333333237e-01,1.319049820434505638e-36,5.901325074200772215e+05,5.901325074200772215e+05,10,0
256,4.685000000000000275e-01,1.182454118044976127e-36,5.443654252925595501e+05,5.443654252925595501e+05,10,0
256,4.686666666666666758e-01,1.059980551195473450e-36,5.021343738552008872e+05,5.021343738552008872e+05,10,0
256,4.688333333333333242e-01,9.501714741756437262e-37,4.631671880029310705e+05,4.631671880029310705e+05,10,0
256,4.690000000000000280e-01,8.517194491241365561e-37,4.272125714046180947e+05,4.272125714046180947e+05,10,0
256,4.691666666666666763e-01,7.634517926615685569e-37,3.940385024458797416e+05,3.940385024458797416e+05,10,0
256,4.693333333333333246e-01,6.843167097693764469e-37,3.634307614680408151e+05,3.634307614680408151e+05,10,0
256,4.695000000000000284e-01,6.133708521517959792e-37,3.351915701092911768e+05,3.351915701092911768e+05,10,0
256,4.696666666666666767e-01,5.497681549800739726e-37,3.091383342475788668e+05,3.091383342475788668e+05,10,0
256,4.698333333333333250e-01,4.927498208793055098e-37,2.851024826872929116e+05,2.851024826872929116e+05,10,0
256,4.700000000000000289e-01,4.416353334486657686e-37,2.629283943253391190e+05,2.629283943253391190e+05,10,0
256,4.701666666666666772e-01,3.958143946633260242e-37,2.424724070813382277e+05,2.424724070813382277e+05,10,0
256,4.703333333333333255e-01,3.547396913306242794e-37,2.236019023843148025e+05,2.236019023843148025e+05,10,0
256,4.705000000000000293e-01,3.179204054905747517e-37,2.061944594777690363e+05,2.061944594777690363e+05,10,0
256,4.706666666666666776e-01,2.849163923737240177e-37,1.901370742391525127e+05,1.901370742391525127e+05,10,0
256,4.708333333333333259e-01,2.553329573595692403e-37,1.753254376109620498e+05,1.753254376109620498e+05,10,0
256,4.710000000000000298e-01,2.288161704084712987e-37,1.616632691121561220e+05,1.616632691121561220e+05,10,0
256,4.711666666666666781e-01,2.050486627491083149e-37,1.490617012414290220e+05,1.490617012414290220e+05,10,0
256,4.713333333333333264e-01,1.837458562669506016e-37,1.374387109011689317e+05,1.374387109011689317e+05,10,0
256,4.715000000000000302e-01,1.646525811235856390e-37,1.267185942645034520e+05,1.267185942645034520e+05,10,0
256,4.716666666666666785e-01,1.475400416989309253e-37,1.168314817786953354e+05,1.168314817786953354e+05,10,0
256,4.718333333333333268e-01,1.322030950443076846e-37,1.077128902490621404e+05,1.077128902490621404e+05,10,0
256,4.720000000000000306e-01,1.184578097102409358e-37,9.930330917929006682e+04,9.930330917929006682e+04,10,0
256,4.721666666666666790e-01,1.061392761120014740e-37,9.154781875829424825e+04,9.154781875829424825e+04,10,0
256,4.723333333333333273e-01,9.509964255698305463e-38,8.439573708183238341e+04,8.439573708183238341e+04,10,0
256,4.725000000000000311e-01,8.520635371556885292e-38,7.780029438018197834e+04,7.780029438018197834e+04,10,0
256,4.726666666666666794e-01,7.634057070216914197e-38,7.171833219245809596e+04,7.171833219245809596e+04,10,0
256,4.728333333333333277e-01,6.839575407340479346e-38,6.611002558451220102e+04,6.611002558451220102e+04,10,0
256,4.730000000000000315e-01,6.127639297157944489e-38,6.093862665210486739e+04,6.093862665210486739e+04,10,0
256,4.731666666666666798e-01,5.489686536509023440e-38,5.617022768456931226e+04,5.617022768456931226e+04,10,0
256,4.733333333333333282e-01,4.918041588455168870e-38,5.177354248775969609e+04,5.177354248775969609e+04,10,0
256,4.735000000000000320e-01,4.405823914155619246e-38,4.771970447933219839e+04,4.771970447933219839e+04,10,0
256,4.736666666666666803e-01,3.946865766261291245e-38,4.398208027483558544e+04,4.398208027483558544e+04,10,0
256,4.738333333333333286e-01,3.535638468863151956e-38,4.053609758068458177e+04,4.053609758068458177e+04,10,0
256,4.740000000000000324e-01,3.167186309333050759e-38,3.735908630020993587e+04,3.735908630020993587e+04,10,0
256,4.741666666666666807e-01,2.837067257390955325e-38,3.443013184228150931e+04,3.443013184228150931e+04,10,0
256,4.743333333333333290e-01,2.541299807486920328e-38,3.172993969898369323e+04,3.172993969898369323e+04,10,0
256,4.745000000000000329e-01,2.276315313044281703e-38,2.924071042996325195e+04,2.924071042996325195e+04,10,0
256,4.746666666666666812e-01,2.038915246118489066e-38,2.694602425681967361e+04,2.694602425681967361e+04,10,0
256,4.748333333333333295e-01,1.826232874354999886e-38,2.483073453162391161e+04,2.483073453162391161e+04,10,0
256,4.750000000000000333e-01,1.635698899463639122e-38,2.288086939983750563e+04,2.288086939983750563e+04,10,0
256,4.751666666666666816e-01,1.465010648375593186e-38,2.108354102972968758e+04,2.108354102972968758e+04,10,0
256,4.753333333333333299e-01,1.312104450371536204e-38,1.942686182831747283e+04,1.942686182831747283e+04,10,0
256,4.755000000000000338e-01,1.175130871262551975e-38,1.789986710817421408e+04,1.789986710817421408e+04,10,0
256,4.756666666666666821e-01,1.052432509602801464e-38,1.649244371031951960e+04,1.649244371031951960e+04,10,0
256,4.758333333333333304e-01,9.425240903294936124e-39,1.519526412623250508e+04,1.519526412623250508e+04,10,0
256,4.760000000000000342e-01,8.440746185080551635e-39,1.399972569694719095e+04,1.399972569694719095e+04,10,0
256,4.761666666666666825e-01,7.558913803343747908e-39,1.289789449945228080e+04,1.289789449945228080e+04,10,0
256,4.763333333333333308e-01,6.769056005021601449e-39,1.188245356042955245e+04,1.188245356042955245e+04,10,0
256,4.765000000000000346e-01,6.061595847361417895e-39,1.094665506489928703e+04,1.094665506489928703e+04,10,0
256,4.766666666666666829e-01,5.427951939585636831e-39,1.008427625278518462e+04,1.008427625278518462e+04,10,0
256,4.768333333333333313e-01,4.860435124007450214e-39,9.289578719899644057e+03,9.289578719899644057e+03,10,0
256,4.770000000000000351e-01,4.352155861860190947e-39,8.557270861576580501e+03,8.557270861576580501e+03,10,0
256,4.771666666666666834e-01,3.896941216574945477e-39,7.882473217215443583e+03,7.882473217215443583e+03,10,0
256,4.773333333333333317e-01,3.489260441584790687e-39,7.260686492523529523e+03,7.260686492523529523e+03,10,0
256,4.775000000000000355e-01,3.124158282293985764e-39,6.687762053365034262e+03,6.687762053365034262e+03,10,0
256,4.776666666666666838e-01,2.797195193824307865e-39,6.159874700911412219e+03,6.159874700911412219e+03,10,0
256,4.778333333333333321e-01,2.504393758644031909e-39,5.673497552392738726e+03,5.673497552392738726e+03,10,0
256,4.780000000000000360e-01,2.242190662172184584e-39,5.225378865226544804e+03,5.225378865226544804e+03,10,0
256,4.781666666666666843e-01,2.007393650797901313e-39,4.812520654751324400e+03,4.812520654751324400e+03,10,0
256,4.783333333333333326e-01,1.797142956258789789e-39,4.432158967289869906e+03,4.432158967289869906e+03,10,0
256,4.785000000000000364e-01,1.608876723686445815e-39,4.081745680886374430e+03,4.081745680886374430e+03,10,0
256,4.786666666666666847e-01,1.440300028477434918e-39,3.758931715869383424e+03,3.758931715869383424e+03,10,0
256,4.788333333333333330e-01,1.289357110062149704e-39,3.461551546443811731e+03,3.461551546443811731e+03,10,0
256,4.790000000000000369e-01,1.154206489125104378e-39,3.187608912886471444e+03,3.187608912886471444e+03,10,0
256,4.791666666666666852e-01,1.033198669335847486e-39,2.935263641634749092e+03,2.935263641634749092e+03,10,0
256,4.793333333333333335e-01,9.248561555886561401e-40,2.702819487690695041e+03,2.702819487690695041e+03,10,0
256,4.795000000000000373e-01,8.278555484978185347e-40,2.488712920351579214e+03,2.488712920351579214e+03,10,0
256,4.796666666666666856e-01,7.410114997672516218e-40,2.291502779352381822e+03,2.291502779352381822e+03,10,0
256,4.798333333333333339e-01,6.632623353610780548e-40,2.109860734122876238e+03,2.109860734122876238e+03,10,0
256,4.799999999999999822e-01,5.936571733998305750e-40,1.942562484044091889e+03,1.942562484044091889e+03,10,0
256,4.801666666666666861e-01,5.313443816381570481e-40,1.788479642374725245e+03,1.788479642374725245e+03,10,0
256,4.803333333333333344e-01,4.755612354560384722e-40,1.646572250936353612e+03,1.646572250936353612e+03,10,0
256,4.805000000000000382e-01,4.256246517085167871e-40,1.515881876725319216e+03,1.515881876725319216e+03,10,0
256,4.806666666666666865e-01,3.809228867017813582e-40,1.395525245385630797e+03,1.395525245385630797e+03,10,0
256,4.808333333333333348e-01,3.409080981465773800e-40,1.284688369952033327e+03,1.284688369952033327e+03,10,0
256,4.810000000000000386e-01,3.050896813270620883e-40,1.182621136484705175e+03,1.182621136484705175e+03,10,0
256,4.811666666666666869e-01,2.730282990322881056e-40,1.088632311177213069e+03,1.088632311177213069e+03,10,0
256,4.813333333333333353e-01,2.443305331442255624e-40,1.002084936254675995e+03,1.002084936254675995e+03,10,0
256,4.815000000000000391e-01,2.186440932582803084e-40,9.223920845053652329e+02,9.223920845053652329e+02,10,0
256,4.816666666666666874e-01,1.956535244186308403e-40,8.490129446169381708e+02,8.490129446169381708e+02,10,0
256,4.818333333333333357e-01,1.750763620628598722e-40,7.814492116408982838e+02,7.814492116408982838e+02,10,0
256,4.820000000000000395e-01,1.566596876593124722e-40,7.192417588936443735e+02,7.192417588936443735e+02,10,0
256,4.821666666666666878e-01,1.401770433508294117e-40,6.619675694350124786e+02,6.619675694350124786e+02,10,0
256,4.823333333333333361e-01,1.254256682482070013e-40,6.092369069564057327e+02,6.092369069564057327e+02,10,0
256,4.825000000000000400e-01,1.122240228973977146e-40,5.606907074714633836e+02,5.606907074714633836e+02,10,0
256,4.826666666666666883e-01,1.004095719227028724e-40,5.159981746429931491e+02,5.159981746429931491e+02,10,0
256,4.828333333333333366e-01,8.983679796551018148e-41,4.748545629087050770e+02,4.748545629087050770e+02,10,0
256,4.829999999999999849e-01,8.037542283235964059e-41,4.369791337962695366e+02,4.369791337962695366e+02,10,0
256,4.831666666666666887e-01,7.190881426999698815e-41,4.021132719493005538e+02,4.021132719493005538e+02,10,0
256,4.833333333333333370e-01,6.433255902932537909e-41,3.700187484315408710e+02,3.700187484315408710e+02,10,0
256,4.835000000000000409e-01,5.755318489135808574e-41,3.404761198399114619e+02,3.404761198399114619e+02,10,0
256,4.836666666666666892e-01,5.148701613074745319e-41,3.132832526476456110e+02,3.132832526476456110e+02,10,0
256,4.838333333333333375e-01,4.605914850753647396e-41,2.882539630187665693e+02,2.882539630187665693e+02,10,0
256,4.839999999999999858e-01,4.120253132536237247e-41,2.652167630931814983e+02,2.652167630931814983e+02,10,0
256,4.841666666666666896e-01,3.685714539132390641e-41,2.440137054403571142e+02,2.440137054403571142e+02,10,0
256,4.843333333333333379e-01,3.296926687506786995e-41,2.244993180244225357e+02,2.244993180244225357e+02,10,0
256,4.845000000000000417e-01,2.949080810611069056e-41,2.065396226184783757e+02,2.065396226184783757e+02,10,0
256,4.846666666666666901e-01,2.637872728168916026e-41,1.900112301548711571e+02,1.900112301548711571e+02,10,0
256,4.848333333333333384e-01,2.359449989357502436e-41,1.748005070043475371e+02,1.748005070043475371e+02,10,0
256,4.849999999999999867e-01,2.110364543162938083e-41,1.608028066446108824e+02,1.608028066446108824e+02,10,0
256,4.851666666666666905e-01,1.887530359308921081e-41,1.479217616093517051e+02,1.479217616093517051e+02,10,0
256,4.853333333333333388e-01,1.688185482815671960e-41,1.360923683298320555e+02,1.360923683298320555e+02,11,0
256,4.855000000000000426e-01,1.509858059126876161e-41,1.252207435603248626e+02,1.252207435603248626e+02,11,0
256,4.856666666666666909e-01,1.350335915032723279e-41,1.152143605179558108e+02,1.152143605179558108e+02,11,0
256,4.858333333333333393e-01,1.207639323865268834e-41,1.060046141941440965e+02,1.060046141941440965e+02,11,0
256,4.859999999999999876e-01,1.079996622199430336e-41,9.752831890663981085e+01,9.752831890663981085e+01,11,0
256,4.861666666666666914e-01,9.658223800074661470e-42,8.972728181973801043e+01,8.972728181973801043e+01,11,0
256,4.863333333333333397e-01,8.636978573172727226e-42,8.254790990026525321e+01,8.254790990026525321e+01,11,0
256,4.865000000000000435e-01,7.723535082849778530e-42,7.594084769791921019e+01,7.594084769791921019e+01,11,0
256,4.866666666666666918e-01,6.906533185515327078e-42,6.986064354175381652e+01,6.986064354175381652e+01,11,0
256,4.868333333333333401e-01,6.175807841092472895e-42,6.426544193195100263e+01,6.426544193195100263e+01,11,0
256,4.869999999999999885e-01,5.522263599324471183e-42,5.911670007907006408e+01,5.911670007907006408e+01,11,0
256,4.871666666666666923e-01,4.937762245643398724e-42,5.437892670230525738e+01,5.437892670230525738e+01,11,0
256,4.873333333333333406e-01,4.415022229210671194e-42,5.001944134551121834e+01,5.001944134551121834e+01,11,0
256,4.874999999999999889e-01,3.947528639663588726e-42,4.600815260536592888e+01,4.600815260536592888e+01,11,0
256,4.876666666666666927e-01,3.529452628019253947e-42,4.231735379131399810e+01,4.231735379131399810e+01,11,0
256,4.878333333333333410e-01,3.155579282641307421e-42,3.892153465227332987e+01,3.892153465227332987e+01,11,0
256,4.879999999999999893e-01,2.821243074593543699e-42,3.579720791163054372e+01,3.579720791163054372e+01,11,0
256,4.881666666666666932e-01,2.522270079321027394e-42,3.292274945022973753e+01,3.292274945022973753e+01,11,0
256,4.883333333333333415e-01,2.254926264550770004e-42,3.027825106763617669e+01,3.027825106763617669e+01,11,0
256,4.884999999999999898e-01,2.015871208588949751e-42,2.784538483547767385e+01,2.784538483547767385e+01,11,0
256,4.886666666666666936e-01,1.802116679725826707e-42,2.560727813370045780e+01,2.560727813370045780e+01,11,0
256,4.888333333333333419e-01,1.610989567036558365e-42,2.354839853161910668e+01,2.354839853161910668e+01,11,0
256,4.889999999999999902e-01,1.440098706221182113e-42,2.165444774111837489e+01,2.165444774111837489e+01,11,0
256,4.891666666666666941e-01,1.287305191909394765e-42,1.991226392982219906e+01,1.991226392982219906e+01,11,0
256,4.893333333333333424e-01,1.150695810638509122e-42,1.830973173770292206e+01,1.830973173770292206e+01,11,0
256,4.895000000000000462e-01,1.028559267026078544e-42,1.683569939197473175e+01,1.683569939197473175e+01,11,0
256,4.896666666666666945e-01,9.193649099678640583e-43,1.547990236250445761e+01,1.547990236250445761e+01,11,0
256,4.898333333333333428e-01,8.217436964068536831e-43,1.423289304360118557e+01,1.423289304360118557e+01,11,0
256,4.899999999999999911e-01,7.344711577276790993e-43,1.308597598833451592e+01,1.308597598833451592e+01,11,0
256,4.901666666666666949e-01,6.564521584567957585e-43,1.203114825864315307e+01,1.203114825864315307e+01,11,0
256,4.903333333333333433e-01,5.867072589998952899e-43,1.106104448872309121e+01,1.106104448872309121e+01,11,0
256,4.904999999999999916e-01,5.243605138908665268e-43,1.016888629073751638e+01,1.016888629073751638e+01,11,0
256,4.906666666666666954e-01,4.686285547020548413e-43,9.348435660980005224e+00,9.348435660980005224e+00,11,0
256,4.908333333333333437e-01,4.188108225911582125e-43,8.593952071444396879e+00,8.593952071444396879e+00,11,0
256,4.909999999999999920e-01,3.742808296270678976e-43,7.900152956465666065e+00,7.900152956465666065e+00,11,0
256,4.911666666666666958e-01,3.344783407219035474e-43,7.262177326905490560e+00,7.262177326905490560e+00,11,0
256,4.913333333333333441e-01,2.989023793499750725e-43,6.675552265348286163e+00,6.675552265348286163e+00,11,0
256,4.914999999999999925e-01,2.671049704001736473e-43,6.136162075142706840e+00,6.136162075142706840e+00,11,0
256,4.916666666666666963e-01,2.386855426078499175e-43,5.640219873985234500e+00,5.640219873985234500e+00,11,0
256,4.918333333333333446e-01,2.132859211574652672e-43,5.184241439182431854e+00,5.184241439182431854e+00,11,0
256,4.919999999999999929e-01,1.905858483392052062e-43,4.765021126904253279e+00,4.765021126904253279e+00,11,0
256,4.921666666666666967e-01,1.702989766693944680e-43,4.379609701716680625e+00,4.379609701716680625e+00,11,0
256,4.923333333333333450e-01,1.521692847269627198e-43,4.025293925567001274e+00,4.025293925567001274e+00,11,0
256,4.924999999999999933e-01,1.359678711872850249e-43,3.699577767270293194e+00,3.699577767270293194e+00,11,0
256,4.926666666666666972e-01,1.214900872154312185e-43,3.400165104490433077e+00,3.400165104490433077e+00,11,0
256,4.928333333333333455e-01,1.085529715701041253e-43,3.124943800297490082e+00,3.124943800297490082e+00,11,0
256,4.929999999999999938e-01,9.699295651894015614e-44,2.871971045675918432e+00,2.871971045675918432e+00,11,0
256,4.931666666666666976e-01,8.666381602185624675e-44,2.639459867932527626e+00,2.639459867932527626e+00,11,0
256,4.933333333333333459e-01,7.743483064237927761e-44,2.425766712843339334e+00,2.425766712843339334e+00,11,0
256,4.934999999999999942e-01,6.918914633473393323e-44,2.229380015656419634e+00,2.229380015656419634e+00,11,0
256,4.936666666666666980e-01,6.182230666018717008e-44,2.048909682777941388e+00,2.048909682777941388e+00,11,0
256,4.938333333333333464e-01,5.524094013868636599e-44,1.883077412143826734e+00,1.883077412143826734e+00,11,0
256,4.939999999999999947e-01,4.936158636835567579e-44,1.730707785978284008e+00,1.730707785978284008e+00,11,0
256,4.941666666666666985e-01,4.410964626942253323e-44,1.590720074888366975e+00,1.590720074888366975e+00,11,0
256,4.943333333333333468e-01,3.941844335175084230e-44,1.462120697081381149e+00,1.462120697081381149e+00,11,0
256,4.944999999999999951e-01,3.522838428565065390e-44,1.343996280950113142e+00,1.343996280950113142e+00,11,0
256,4.946666666666666989e-01,3.148620829085643220e-44,1.235507283379716936e+00,1.235507283379716936e+00,11,0
256,4.948333333333333472e-01,2.814431596387290203e-44,1.135882119917581257e+00,1.135882119917581257e+00,11,0
256,4.949999999999999956e-01,2.516016915280036824e-44,1.044411766436601052e+00,1.044411766436601052e+00,11,0
256,4.951666666666666994e-01,2.249575437372986508e-44,9.604447951422040441e-01,9.604447951422040441e-01,11,0
256,4.953333333333333477e-01,2.011710305444406912e-44,8.833828107374102068e-01,8.833828107374102068e-01,11,0
256,4.954999999999999960e-01,1.799386259956351408e-44,8.126762552950701490e-01,8.126762552950701490e-01,11,0
256,4.956666666666666998e-01,1.609891290506600895e-44,7.478205529092045722e-01,7.478205529092045722e-01,11,0
256,4.958333333333333481e-01,1.440802351707605599e-44,6.883525675205980354e-01,6.883525675205980354e-01,11,0
256,4.959999999999999964e-01,1.289954713712796679e-44,6.338473494576074563e-01,6.338473494576074563e-01,11,0
256,4.961666666666667003e-01,1.155414562991473282e-44,5.839151482111530900e-01,5.839151482111530900e-01,11,0
256,4.963333333333333486e-01,1.035454509552644303e-44,5.381986707886411425e-01,5.381986707886411425e-01,11,0
256,4.964999999999999969e-01,9.285316931375133471e-45,4.963705666767584401e-01,4.963705666767584401e-01,11,0
256,4.966666666666667007e-01,8.332682133903481321e-45,4.581311219991694994e-01,4.581311219991694994e-01,11,0
256,4.968333333333333490e-01,7.484336380815749520e-45,4.232061468928558501e-01,4.232061468928558501e-01,11,0
256,4.969999999999999973e-01,6.729293694539944797e-45,3.913450414549524137e-01,3.913450414549524137e-01,11,0
256,4.971666666666667012e-01,6.057746720204483819e-45,3.623190268415867332e-01,3.623190268415867332e-01,11,0
256,4.973333333333333495e-01,5.460941859417371640e-45,3.359195292366422558e-01,3.359195292366422558e-01,11,0
256,4.974999999999999978e-01,4.931067687204257528e-45,3.119567054618416768e-01,3.119567054618416768e-01,11,0
256,4.976666666666667016e-01,4.461155245896778441e-45,2.902580999766311010e-01,2.902580999766311010e-01,11,0
256,4.978333333333333499e-01,4.044988958612225871e-45,2.706674239221547595e-01,2.706674239221547595e-01,11,0
256,4.979999999999999982e-01,3.677027038109125602e-45,2.530434477065601762e-01,2.530434477065601762e-01,11,0
256,4.981666666666667020e-01,3.352330385888663440e-45,2.372589994129859770e-01,2.372589994129859770e-01,11,0
256,4.983333333333333504e-01,3.066499082911702200e-45,2.232000620429770432e-01,2.232000620429770432e-01,11,0
256,4.984999999999999987e-01,2.815615668561158866e-45,2.107649632914956606e-01,2.107649632914956606e-01,11,0
256,4.986666666666667025e-01,2.596194489668678772e-45,1.998636521897800278e-01,1.998636521897800278e-01,11,0
256,4.988333333333333508e-01,2.405136477619719009e-45,1.904170575535629462e-01,1.904170575535629462e-01,11,0
256,4.989999999999999991e-01,2.239688779689297645e-45,1.823565237403003692e-01,1.823565237403003692e-01,11,0
256,4.991666666666666474e-01,2.097408731707047403e-45,1.756233197546817337e-01,1.756233197546817337e-01,11,0
256,4.993333333333333512e-01,1.976131713648214618e-45,1.701682182493744477e-01,1.701682182493744477e-01,11,0
256,4.994999999999999996e-01,1.873942478492739961e-45,1.659511414522521766e-01,1.659511414522521766e-01,11,0
256,4.996666666666667034e-01,1.789149588285625376e-45,1.629408715146863362e-01,1.629408715146863362e-01,11,0
256,4.998333333333333517e-01,1.720262630320553421e-45,1.611148232217051446e-01,1.611148232217051446e-01,11,0
256,5.000000000000000000e-01,1.665971921234833229e-45,1.604588774363339132e-01,1.604588774363339132e-01,11,1
256,5.001666666666666483e-01,1.625130437990619892e-45,1.609672740706620253e-01,1.609672740706620253e-01,11,0
256,5.003333333333332966e-01,1.596737742608533607e-45,1.626425637877898234e-01,1.626425637877898234e-01,11,0
256,5.005000000000000560e-01,1.579925692468794154e-45,1.654956180445505964e-01,1.654956180445505964e-01,11,0
256,5.006666666666667043e-01,1.573945750309688577e-45,1.695456974876196898e-01,1.695456974876196898e-01,11,0
256,5.008333333333333526e-01,1.578157728015875823e-45,1.748205791180685864e-01,1.748205791180685864e-01,11,0
256,5.010000000000000009e-01,1.592019816148638242e-45,1.813567430441636597e-01,1.813567430441636597e-01,11,0
256,5.011666666666666492e-01,1.615079767145815390e-45,1.891996200522365335e-01,1.891996200522365335e-01,11,0
256,5.013333333333332975e-01,1.646967114420640684e-45,1.984039016433041258e-01,1.984039016433041258e-01,11,0
256,5.015000000000000568e-01,1.687386322379786381e-45,2.090339146117677904e-01,2.090339146117677904e-01,11,0
256,5.016666666666667052e-01,1.736110773838755536e-45,2.211640626847376223e-01,2.211640626847376223e-01,11,0
256,5.018333333333333535e-01,1.792977511563460290e-45,2.348793381995702423e-01,2.348793381995702423e-01,11,0
256,5.020000000000000018e-01,1.857882659851748745e-45,2.502759072755481040e-01,2.502759072755481040e-01,11,0
256,5.021666666666666501e-01,1.930777460294254141e-45,2.674617724373843930e-01,2.674617724373843930e-01,11,0
256,5.023333333333332984e-01,2.011664863225215522e-45,2.865575171758851791e-01,2.865575171758851791e-01,11,0
256,5.025000000000000577e-01,2.100596622983283108e-45,3.076971374887669808e-01,3.076971374887669808e-01,11,0
256,5.026666666666667060e-01,2.197670851029320780e-45,3.310289660356812158e-01,3.310289660356812158e-01,11,0
256,5.028333333333333544e-01,2.303029986289528428e-45,3.567166951704415223e-01,3.567166951704415223e-01,11,0
256,5.030000000000000027e-01,2.416859146869131554e-45,3.849405057832980259e-01,3.849405057832980259e-01,11,0
256,5.031666666666666510e-01,2.539384831578604734e-45,4.158983096030834936e-01,4.158983096030834936e-01,11,0
256,5.033333333333332993e-01,2.670873943577132474e-45,4.498071133761841756e-01,4.498071133761841756e-01,11,0
256,5.035000000000000586e-01,2.811633111921272284e-45,4.869045141628502438e-01,4.869045141628502438e-01,11,0
256,5.036666666666667069e-01,2.962008289944127838e-45,5.274503358761029048e-01,5.274503358761029048e-01,11,0
256,5.038333333333333552e-01,3.122384612229187941e-45,5.717284181413081479e-01,5.717284181413081479e-01,11,0
256,5.040000000000000036e-01,3.293186494507302686e-45,6.200485695795864283e-01,6.200485695795864283e-01,11,0
256,5.041666666666666519e-01,3.474877963134682247e-45,6.727486987254964745e-01,6.727486987254964745e-01,11,0
256,5.043333333333333002e-01,3.667963202924115473e-45,7.301971369831250502e-01,7.301971369831250502e-01,11,0
256,5.045000000000000595e-01,3.872987314030271940e-45,7.927951693147679002e-01,7.927951693147679002e-01,11,0
256,5.046666666666667078e-01,4.090537270351592737e-45,8.609797897501102470e-01,8.609797897501102470e-01,11,0
256,5.048333333333333561e-01,4.321243073528825524e-45,9.352267003120753319e-01,9.352267003120753319e-01,11,0
256,5.050000000000000044e-01,4.565779098108067204e-45,1.016053573584778436e+00,1.016053573584778436e+00,11,0
256,5.051666666666666528e-01,4.824865624812160289e-45,1.104023600915136072e+00,1.104023600915136072e+00,11,0
256,5.053333333333333011e-01,5.099270560144965684e-45,1.199749350149237337e+00,1.199749350149237337e+00,11,0
256,5.055000000000000604e-01,5.389811341744378588e-45,1.303896958873434153e+00,1.303896958873434153e+00,11,0
256,5.056666666666667087e-01,5.697357030023718782e-45,1.417190691369916378e+00,1.417190691369916378e+00,11,0
256,5.058333333333333570e-01,6.022830587700819563e-45,1.540417889924760253e+00,1.540417889924760253e+00,11,0
256,5.060000000000000053e-01,6.367211349815938627e-45,1.674434353753194937e+00,1.674434353753194937e+00,11,0
256,5.061666666666666536e-01,6.731537687810057971e-45,1.820170181657926545e+00,1.820170181657926545e+00,11,0
256,5.063333333333333020e-01,7.116909872156802052e-45,1.978636117621982660e+00,1.978636117621982660e+00,11,0
256,5.064999999999999503e-01,7.524493138943884167e-45,2.150930441883325273e+00,2.150930441883325273e+00,11,0
256,5.066666666666667096e-01,7.955520966676805763e-45,2.338246453664353020e+00,2.338246453664353020e+00,11,0
256,5.068333333333333579e-01,8.411298570439713521e-45,2.541880595658031261e+00,2.541880595658031261e+00,11,0
256,5.070000000000000062e-01,8.893206621406287377e-45,2.763241274634433697e+00,2.763241274634433697e+00,11,0
256,5.071666666666666545e-01,9.402705200537241615e-45,3.003858437143624993e+00,3.003858437143624993e+00,11,0
256,5.073333333333333028e-01,9.941337996156186674e-45,3.265393964299276863e+00,3.265393964299276863e+00,11,0
256,5.075000000000000622e-01,1.051073675595478365e-44,3.549652955049085179e+00,3.549652955049085179e+00,11,0
256,5.076666666666667105e-01,1.111262600483782555e-44,3.858595973217008535e+00,3.858595973217008535e+00,11,0
256,5.078333333333333588e-01,1.174882804091507326e-44,4.194352339979126043e+00,4.194352339979126043e+00,11,0
256,5.080000000000000071e-01,1.242126822283387817e-44,4.559234560336201447e+00,4.559234560336201447e+00,11,0
256,5.081666666666666554e-01,1.313198056258169511e-44,4.955753979640157070e+00,4.955753979640157070e+00,11,0
256,5.083333333333333037e-01,1.388311363883733689e-44,5.386637774343774332e+00,5.386637774343774332e+00,11,0
256,5.085000000000000631e-01,1.467693684692957340e-44,5.854847389941427060e+00,5.854847389941427060e+00,11,0
256,5.086666666666667114e-01,1.551584700248533447e-44,6.363598548600911897e+00,6.363598548600911897e+00,11,0
256,5.088333333333333597e-01,1.640237531689901313e-44,6.916382959327680879e+00,6.916382959327680879e+00,11,0
256,5.090000000000000080e-01,1.733919476385883933e-44,7.516991874692466880e+00,7.516991874692466880e+00,11,0
256,5.091666666666666563e-01,1.832912785730442643e-44,8.169541650303902003e+00,8.169541650303902003e+00,11,0
256,5.093333333333333046e-01,1.937515486239033327e-44,8.878501476358151123e+00,8.878501476358151123e+00,11,0
256,5.095000000000000639e-01,2.048042246227104556e-44,9.648723464859413568e+00,9.648723464859413568e+00,11,0
256,5.096666666666667123e-01,2.164825290483070361e-44,1.048547529155380786e+01,1.048547529155380786e+01,11,0
256,5.098333333333333606e-01,2.288215365485411877e-44,1.139447560837742834e+01,1.139447560837742834e+01,11,0
256,5.100000000000000089e-01,2.418582757854957714e-44,1.238193246034905037e+01,1.238193246034905037e+01,11,0
256,5.101666666666666572e-01,2.556318368886016866e-44,1.345458496052241593e+01,1.345458496052241593e+01,11,0
256,5.103333333333333055e-01,2.701834848155172215e-44,1.461974849791351794e+01,1.461974849791351794e+01,11,0
256,5.105000000000000648e-01,2.855567789374531798e-44,1.588536377641558062e+01,1.588536377641558062e+01,11,0
256,5.106666666666667131e-01,3.017976991827263570e-44,1.726005000773009357e+01,1.726005000773009357e+01,11,0
256,5.108333333333333615e-01,3.189547790910036441e-44,1.875316260847361960e+01,1.875316260847361960e+01,11,0
256,5.110000000000000098e-01,3.370792461492877775e-44,2.037485578096740468e+01,2.037485578096740468e+01,11,0
256,5.111666666666666581e-01,3.562251698016499914e-44,2.213615038907574473e+01,2.213615038907574473e+01,11,0
256,5.113333333333333064e-01,3.764496175451832229e-44,2.404900757492760377e+01,2.404900757492760377e+01,11,0
256,5.115000000000000657e-01,3.978128195477372046e-44,2.612640859972546181e+01,2.612640859972546181e+01,11,0
256,5.116666666666667140e-01,4.203783422456919175e-44,2.838244143231285577e+01,2.838244143231285577e+01,11,0
256,5.118333333333333623e-01,4.442132714056650976e-44,3.083239465305361904e+01,3.083239465305361904e+01,11,0
256,5.120000000000000107e-01,4.693884051591759860e-44,3.349285928803401902e+01,3.349285928803401902e+01,11,0
256,5.121666666666666590e-01,4.959784575473196542e-44,3.638183924010946413e+01,3.638183924010946413e+01,11,0
256,5.123333333333333073e-01,5.240622731410690327e-44,3.951887103903901277e+01,3.951887103903901277e+01,11,0
256,5.124999999999999556e-01,5.537230533331219295e-44,4.292515369334586950e+01,4.292515369334586950e+01,11,0
256,5.126666666666667149e-01,5.850485949293195919e-44,4.662368949196085310e+01,4.662368949196085310e+01,11,0
256,5.128333333333333632e-01,6.181315417008928203e-44,5.063943667453645503e+01,5.063943667453645503e+01,11,0
256,5.130000000000000115e-01,6.530696495950713278e-44,5.499947496611915199e+01,5.499947496611915199e+01,11,0
256,5.131666666666666599e-01,6.899660663372408516e-44,5.973318505490393449e+01,5.973318505490393449e+01,11,0
256,5.133333333333333082e-01,7.289296261989758177e-44,6.487244318190376191e+01,6.487244318190376191e+01,11,0
256,5.135000000000000675e-01,7.700751607458970471e-44,7.045183210883183733e+01,7.045183210883183733e+01,11,0
256,5.136666666666667158e-01,8.135238264236301820e-44,7.650886983607458092e+01,7.650886983607458092e+01,11,0
256,5.138333333333333641e-01,8.594034498858996854e-44,8.308425755707992266e+01,8.308425755707992266e+01,11,0
256,5.140000000000000124e-01,9.078488920161640565e-44,9.022214845919636161e+01,9.022214845919636161e+01,11,0
256,5.141666666666666607e-01,9.590024316459226078e-44,9.797043911525142335e+01,9.797043911525142335e+01,11,0
256,5.143333333333333091e-01,1.013014170025213182e-43,1.063810853553116260e+02,1.063810853553116260e+02,11,0
256,5.144999999999999574e-01,1.070042457157650746e-43,1.155104446653634227e+02,1.155104446653634227e+02,11,0
256,5.146666666666667167e-01,1.130254341171103369e-43,1.254196473299517152e+02,1.254196473299517152e+02,11,0
256,5.148333333333333650e-01,1.193826041957290610e-43,1.361749987201633871e+02,1.361749987201633871e+02,11,0
256,5.150000000000000133e-01,1.260943450379453651e-43,1.478484153281339673e+02,1.478484153281339673e+02,11,0
256,5.151666666666666616e-01,1.331802654415544339e-43,1.605178973652088246e+02,1.605178973652088246e+02,11,0
256,5.153333333333333099e-01,1.406610493677459416e-43,1.742680409751635295e+02,1.742680409751635295e+02,11,0
256,5.155000000000000693e-01,1.485585143823099364e-43,1.891905933671719140e+02,1.891905933671719140e+02,11,0
256,5.156666666666667176e-01,1.568956732457708583e-43,2.053850544475254480e+02,2.053850544475254480e+02,11,0
256,5.158333333333333659e-01,1.656967988207334647e-43,2.229593288263249349e+02,2.229593288263249349e+02,11,0
256,5.160000000000000142e-01,1.749874924733562093e-43,2.420304323965428921e+02,2.420304323965428921e+02,11,0
256,5.161666666666666625e-01,1.847947561554897553e-43,2.627252580312886607e+02,2.627252580312886607e+02,11,0
256,5.163333333333333108e-01,1.951470683637275607e-43,2.851814053216895104e+02,2.851814053216895104e+02,11,0
256,5.164999999999999591e-01,2.060744641820309320e-43,3.095480796857589780e+02,3.095480796857589780e+02,11,0
256,5.166666666666667185e-01,2.176086196255718218e-43,3.359870666201291556e+02,3.359870666201291556e+02,11,0
256,5.168333333333333668e-01,2.297829405147327291e-43,3.646737873443100284e+02,3.646737873443100284e+02,11,0
256,5.170000000000000151e-01,2.426326561206467158e-43,3.958599387236445182e+02,3.958599387236445182e+02,12,0
256,5.171666666666666634e-01,2.561949178359359669e-43,4.297539844267477065e+02,4.297539844267477065e+02,12,0
256,5.173333333333333117e-01,2.705089031381128971e-43,4.665370798399624164e+02,4.665370798399624164e+02,12,0
256,5.175000000000000711e-01,2.856159251268838270e-43,5.064543702472583959e+02,5.064543702472583959e+02,12,0
256,5.176666666666667194e-01,3.015595479316609680e-43,5.497717078724817839e+02,5.497717078724817839e+02,12,0
256,5.178333333333333677e-01,3.183857083010212867e-43,5.967773929583673862e+02,5.967773929583673862e+02,12,0
256,5.180000000000000160e-01,3.361428437023126053e-43,6.477840605645540109e+02,6.477840605645540109e+02,12,0
256,5.181666666666666643e-01,3.548820272768918563e-43,7.031307252244500887e+02,7.031307252244500887e+02,12,0
256,5.183333333333333126e-01,3.746571100146709352e-43,7.631849966067001105e+02,7.631849966067001105e+02,12,0
256,5.184999999999999609e-01,3.955248705307208377e-43,8.283454804169166437e+02,8.283454804169166437e+02,12,0
256,5.186666666666667203e-01,4.175451728467829769e-43,8.990443799548303332e+02,8.990443799548303332e+02,12,0
256,5.188333333333333686e-01,4.407811326017324642e-43,9.757503150185315235e+02,9.757503150185315235e+02,12,0
256,5.190000000000000169e-01,4.652992921373674716e-43,1.058971376230479791e+03,1.058971376230479791e+03,12,0
256,5.191666666666666652e-01,4.911698049291224503e-43,1.149258434354296014e+03,1.149258434354296014e+03,12,0
256,5.193333333333333135e-01,5.184666298561113615e-43,1.247208725792163932e+03,1.247208725792163932e+03,12,0
256,5.195000000000000728e-01,5.472677358308188379e-43,1.353469737204294233e+03,1.353469737204294233e+03,12,0
256,5.196666666666667211e-01,5.776553173357851114e-43,1.468743414088454529e+03,1.468743414088454529e+03,12,0
256,5.198333333333333695e-01,6.097160214438907836e-43,1.593790720212035239e+03,1.593790720212035239e+03,12,0
256,5.200000000000000178e-01,6.435411869281011426e-43,1.729436577008134236e+03,1.729436577008134236e+03,12,0
256,5.201666666666666661e-01,6.792270960991772021e-43,1.876575214454346906e+03,1.876575214454346906e+03,12,0
256,5.203333333333333144e-01,7.168752400427238152e-43,2.036175967553239843e+03,2.036175967553239843e+03,12,0
256,5.204999999999999627e-01,7.565925979620732077e-43,2.209289555350087085e+03,2.209289555350087085e+03,12,0
256,5.206666666666667220e-01,7.984919313707236784e-43,2.397054882470544271e+03,2.397054882470544271e+03,12,0
256,5.208333333333333703e-01,8.426920939164128710e-43,2.600706406457512912e+03,2.600706406457512912e+03,12,0
256,5.210000000000000187e-01,8.893183576605362599e-43,2.821582117757054675e+03,2.821582117757054675e+03,12,0
256,5.211666666666666670e-01,9.385027566783996113e-43,3.061132183059703493e+03,3.061132183059703493e+03,12,0
256,5.213333333333333153e-01,9.903844488922990803e-43,3.320928306885272377e+03,3.320928306885272377e+03,12,0
256,5.215000000000000746e-01,1.045110097095970841e-42,3.602673870816820454e+03,3.602673870816820454e+03,12,0
256,5.216666666666667229e-01,1.102834270179198267e-42,3.908214914679477261e+03,3.908214914679477261e+03,12,0
256,5.218333333333333712e-01,1.163719865614536820e-42,4.239552029254711670e+03,4.239552029254711670e+03,12,0
256,5.220000000000000195e-01,1.227938554322042031e-42,4.598853235838641012e+03,4.598853235838641012e+03,12,0
256,5.221666666666666679e-01,1.295671249087394447e-42,4.988467934152555245e+03,4.988467934152555245e+03,12,0
256,5.223333333333333162e-01,1.367108597769348947e-42,5.410942006809968007e+03,5.410942006809968007e+03,12,0
256,5.224999999999999645e-01,1.442451502596102459e-42,5.869034175794189650e+03,5.869034175794189650e+03,12,0
256,5.226666666666667238e-01,1.521911666919347458e-42,6.365733714241210691e+03,6.365733714241210691e+03,12,0
256,5.228333333333333721e-01,1.605712170863746243e-42,6.904279625302594468e+03,6.904279625302594468e+03,12,0
256,5.230000000000000204e-01,1.694088077386453372e-42,7.488181409045234432e+03,7.488181409045234432e+03,12,0
256,5.231666666666666687e-01,1.787287070338222337e-42,8.121241548257879003e+03,8.121241548257879003e+03,12,0
256,5.233333333333333171e-01,1.885570126200412825e-42,8.807579854781253744e+03,8.807579854781253744e+03,12,0
256,5.234999999999999654e-01,1.989212221260974018e-42,9.551659829583519240e+03,9.551659829583519240e+03,12,0
256,5.236666666666667247e-01,2.098503076080519703e-42,1.035831720236445653e+04,1.035831720236445653e+04,12,0
256,5.238333333333333730e-01,2.213747939198587843e-42,1.123279083005216671e+04,1.123279083005216671e+04,12,0
256,5.240000000000000213e-01,2.335268412130002323e-42,1.218075614825820048e+04,1.218075614825820048e+04,12,0
256,5.241666666666666696e-01,2.463403317806333327e-42,1.320836138562831729e+04,1.320836138562831729e+04,12,0
256,5.243333333333333179e-01,2.598509614731153042e-42,1.432226676822741501e+04,1.432226676822741501e+04,12,0
256,5.244999999999999662e-01,2.740963359232767668e-42,1.552968695967168605e+04,1.552968695967168605e+04,12,0
256,5.246666666666667256e-01,2.891160718324269085e-42,1.683843700282068312e+04,1.683843700282068312e+04,12,0
256,5.248333333333333739e-01,3.049519035805966852e-42,1.825698205056959705e+04,1.825698205056959705e+04,12,0
256,5.250000000000000222e-01,3.216477954387453917e-42,1.979449119680181320e+04,1.979449119680181320e+04,12,0
256,5.251666666666666705e-01,3.392500596743510527e-42,2.146089574394352530e+04,2.146089574394352530e+04,12,0
256,5.253333333333333188e-01,3.578074808573727107e-42,2.326695227107223764e+04,2.326695227107223764e+04,12,0
256,5.255000000000000782e-01,3.773714466890316412e-42,2.522431089622899890e+04,2.522431089622899890e+04,12,0
256,5.256666666666667265e-01,3.979960856927514127e-42,2.734558915870451892e+04,2.734558915870451892e+04,12,0
256,5.258333333333333748e-01,4.197384121239583558e-42,2.964445198183764296e+04,2.964445198183764296e+04,12,0
256,5.260000000000000231e-01,4.426584784737446798e-42,3.213569821437219434e+04,3.213569821437219434e+04,12,0
256,5.261666666666666714e-01,4.668195359609165017e-42,3.483535428907216556e+04,3.483535428907216556e+04,12,0
256,5.263333333333333197e-01,4.922882034270439336e-42,3.776077558116607543e+04,3.776077558116607543e+04,12,0
256,5.264999999999999680e-01,5.191346450706253877e-42,4.093075609666453238e+04,4.093075609666453238e+04,12,0
256,5.266666666666666163e-01,5.474327574787027859e-42,4.436564717189794465e+04,4.436564717189794465e+04,12,0
256,5.268333333333333757e-01,5.772603664382159835e-42,4.808748592109596211e+04,4.808748592109596211e+04,12,0
256,5.270000000000000240e-01,6.086994340334017922e-42,5.212013422877121775e+04,5.212013422877121775e+04,12,0
256,5.271666666666666723e-01,6.418362765627707097e-42,5.648942914853993716e+04,5.648942914853993716e+04,12,0
256,5.273333333333333206e-01,6.767617938350305920e-42,6.122334563999297825e+04,6.122334563999297825e+04,12,0
256,5.274999999999999689e-01,7.135717104335247079e-42,6.635217265104819671e+04,6.635217265104819671e+04,12,0
256,5.276666666666667282e-01,7.523668295678083382e-42,7.190870363503608678e+04,7.190870363503608678e+04,12,0
256,5.278333333333333766e-01,7.932533001635390267e-42,7.792844268023729092e+04,7.792844268023729092e+04,12,0
256,5.280000000000000249e-01,8.363428978747829534e-42,8.444982752531286678e+04,8.444982752531286678e+04,12,0
256,5.281666666666666732e-01,8.817533207378205019e-42,9.151447083729204314e+04,9.151447083729204314e+04,12,0
256,5.283333333333333215e-01,9.296085002226546636e-42,9.916742124063793744e+04,9.916742124063793744e+04,12,0
256,5.284999999999999698e-01,9.800389284770056381e-42,1.074574457065645693e+05,1.074574457065645693e+05,12,0
256,5.286666666666667291e-01,1.033182002598066924e-41,1.164373350422980293e+05,1.164373350422980293e+05,12,0
256,5.288333333333333774e-01,1.089182386809902695e-41,1.261642343609389063e+05,1.261642343609389063e+05,12,0
256,5.290000000000000258e-01,1.148192393470368262e-41,1.367000005651034589e+05,1.367000005651034589e+05,12,0
256,5.291666666666666741e-01,1.210372383876267680e-41,1.481115890419870266e+05,1.481115890419870266e+05,12,0
256,5.293333333333333224e-01,1.275891189887640433e-41,1.604714719456496241e+05,1.604714719456496241e+05,12,0
256,5.294999999999999707e-01,1.344926557442135637e-41,1.738580906344956602e+05,1.738580906344956602e+05,12,0
256,5.296666666666667300e-01,1.417665613086231233e-41,1.883563450397547858e+05,1.883563450397547858e+05,12,0
256,5.298333333333333783e-01,1.494305354706513270e-41,2.040581229651968169e+05,2.040581229651968169e+05,12,0
256,5.300000000000000266e-01,1.575053167706250222e-41,2.210628725611174887e+05,2.210628725611174887e+05,12,0
256,5.301666666666666750e-01,1.660127367933165398e-41,2.394782214773797023e+05,2.394782214773797023e+05,12,0
256,5.303333333333333233e-01,1.749757772733937556e-41,2.594206464838335232e+05,2.594206464838335232e+05,12,0
256,5.304999999999999716e-01,1.844186301578670054e-41,2.810161976521792822e+05,2.810161976521792822e+05,12,0
256,5.306666666666667309e-01,1.943667607772890800e-41,3.044012815239678021e+05,3.044012815239678021e+05,12,0
256,5.308333333333333792e-01,2.048469742851663524e-41,3.297235080464330385e+05,3.297235080464330385e+05,12,0
256,5.310000000000000275e-01,2.158874855332164124e-41,3.571426064439459005e+05,3.571426064439459005e+05,12,0
256,5.311666666666666758e-01,2.275179925584433321e-41,3.868314156091067707e+05,3.868314156091067707e+05,12,0
256,5.313333333333333242e-01,2.397697538671517690e-41,4.189769550482650520e+05,4.189769550482650520e+05,12,0
256,5.314999999999999725e-01,2.526756697102741444e-41,4.537815829022196704e+05,4.537815829022196704e+05,12,0
256,5.316666666666667318e-01,2.662703675542916991e-41,4.914642480883693206e+05,4.914642480883693206e+05,12,0
256,5.318333333333333801e-01,2.805902919623873089e-41,5.322618441778267734e+05,5.322618441778267734e+05,12,0
256,5.320000000000000284e-01,2.956737991114431778e-41,5.764306732344663469e+05,5.764306732344663469e+05,12,0
256,5.321666666666666767e-01,3.115612561816783196e-41,6.242480285040579038e+05,6.242480285040579038e+05,12,0
256,5.323333333333333250e-01,3.282951458679992005e-41,6.760139055575494422e+05,6.760139055575494422e+05,12,0
256,5.324999999999999734e-01,3.459201762745928989e-41,7.320528522643696051e+05,7.320528522643696051e+05,12,0
256,5.326666666666666217e-01,3.644833964675273503e-41,7.927159688058922766e+05,7.927159688058922766e+05,12,0
256,5.328333333333333810e-01,3.840343179741320469e-41,8.583830698400576366e+05,8.583830698400576366e+05,12,0
256,5.330000000000000293e-01,4.046250425323038355e-41,9.294650219007544219e+05,9.294650219007544219e+05,12,0
256,5.331666666666666776e-01,4.263103964085260075e-41,1.006406270167097566e+06,1.006406270167097566e+06,12,0
256,5.333333333333333259e-01,4.491480716192328721e-41,1.089687569870873354e+06,1.089687569870873354e+06,12,0
256,5.334999999999999742e-01,4.731987744070564210e-41,1.179828938837116351e+06,1.179828938837116351e+06,12,0
256,5.336666666666667336e-01,4.985263813415197799e-41,1.277392848975196481e+06,1.277392848975196481e+06,12,0
256,5.338333333333333819e-01,5.251981034318912080e-41,1.382987675966111477e+06,1.382987675966111477e+06,12,0
256,5.340000000000000302e-01,5.532846586600903810e-41,1.497271427935990505e+06,1.497271427935990505e+06,12,0
256,5.341666666666666785e-01,5.828604533614470396e-41,1.620955775569102494e+06,1.620955775569102494e+06,12,0
256,5.343333333333333268e-01,6.140037729031822984e-41,1.754810407914679265e+06,1.754810407914679265e+06,12,0
256,5.344999999999999751e-01,6.467969821327566756e-41,1.899667740082374774e+06,1.899667740082374774e+06,12,0
256,5.346666666666666234e-01,6.813267360924281558e-41,2.056428001118531451e+06,2.056428001118531451e+06,12,0
256,5.348333333333333828e-01,7.176842015208366421e-41,2.226064732618847396e+06,2.226064732618847396e+06,12,0
256,5.350000000000000311e-01,7.559652896888261194e-41,2.409630731076673139e+06,2.409630731076673139e+06,12,0
256,5.351666666666666794e-01,7.962709011447554880e-41,2.608264469606631901e+06,2.608264469606631901e+06,12,0
256,5.353333333333333277e-01,8.387071829722194786e-41,2.823197037528011482e+06,2.823197037528011482e+06,12,0
256,5.354999999999999760e-01,8.833857991947448123e-41,3.055759639371125493e+06,3.055759639371125493e+06,12,0
256,5.356666666666667354e-01,9.304242149929707797e-41,3.307391698187214322e+06,3.307391698187214322e+06,12,0
256,5.358333333333333837e-01,9.799459954336019590e-41,3.579649611625442281e+06,3.579649611625442281e+06,12,0
256,5.360000000000000320e-01,1.032081119444448731e-40,3.874216213111623190e+06,3.874216213111623190e+06,12,0
256,5.361666666666666803e-01,1.086966309806544067e-40,4.192910994633267168e+06,4.192910994633267168e+06,12,0
256,5.363333333333333286e-01,1.144745379973167764e-40,4.537701152147300541e+06,4.537701152147300541e+06,12,0
256,5.364999999999999769e-01,1.205569598566054043e-40,4.910713519488389604e+06,4.910713519488389604e+06,12,0
256,5.366666666666666252e-01,1.269598072441739447e-40,5.314247461906704120e+06,5.314247461906704120e+06,12,0
256,5.368333333333333846e-01,1.336998149265415692e-40,5.750788806030954234e+06,5.750788806030954234e+06,12,0
256,5.370000000000000329e-01,1.407945840576891709e-40,6.223024889166601934e+06,6.223024889166601934e+06,12,0
256,5.371666666666666812e-01,1.482626266382578753e-40,6.733860817445158958e+06,6.733860817445158958e+06,12,0
256,5.373333333333333295e-01,1.561234122358579437e-40,7.286437029454722069e+06,7.286437029454722069e+06,12,0
256,5.374999999999999778e-01,1.643974170804226179e-40,7.884148269678927958e+06,7.884148269678927958e+06,12,0
256,5.376666666666667371e-01,1.731061756543539092e-40,8.530664084361998364e+06,8.530664084361998364e+06,12,0
256,5.378333333333333854e-01,1.822723349029556212e-40,9.229950961370045319e+06,9.229950961370045319e+06,12,0
256,5.380000000000000338e-01,1.919197111971694860e-40,9.986296245287407190e+06,9.986296245287407190e+06,12,0
256,5.381666666666666821e-01,2.020733501869868819e-40,1.080433396939704940e+07,1.080433396939704940e+07,12,0
256,5.383333333333333304e-01,2.127595896909772356e-40,1.168907275745850988e+07,1.168907275745850988e+07,12,0
256,5.384999999999999787e-01,2.240061257744921995e-40,1.264592596032448299e+07,1.264592596032448299e+07,12,0
256,5.386666666666666270e-01,2.358420821768419918e-40,1.368074420553773642e+07,1.368074420553773642e+07,12,0
256,5.388333333333333863e-01,2.482980832555355797e-40,1.479985055218017846e+07,1.479985055218017846e+07,12,0
256,5.390000000000000346e-01,2.614063306242161124e-40,1.601007845848811790e+07,1.601007845848811790e+07,12,0
256,5.391666666666666829e-01,2.752006836697125358e-40,1.731881278621044755e+07,1.731881278621044755e+07,12,0
256,5.393333333333333313e-01,2.897167441425763459e-40,1.873403408340890706e+07,1.873403408340890706e+07,12,0
256,5.394999999999999796e-01,3.049919450255254073e-40,2.026436640656995773e+07,2.026436640656995773e+07,12,0
256,5.396666666666667389e-01,3.210656438940875473e-40,2.191912896353868768e+07,2.191912896353868768e+07,12,0
256,5.398333333333333872e-01,3.379792209944427445e-40,2.370839188106544688e+07,2.370839188106544688e+07,12,0
256,5.400000000000000355e-01,3.557761822748000005e-40,2.564303642481370270e+07,2.564303642481370270e+07,12,0
256,5.401666666666666838e-01,3.745022676180056185e-40,2.773482002557044849e+07,2.773482002557044849e+07,12,0
256,5.403333333333333321e-01,3.942055645357999990e-40,2.999644649340951443e+07,2.999644649340951443e+07,12,0
256,5.404999999999999805e-01,4.149366275976728926e-40,3.244164183170496300e+07,3.244164183170496300e+07,12,0
256,5.406666666666666288e-01,4.367486038810579507e-40,3.508523609544204921e+07,3.508523609544204921e+07,12,0
256,5.408333333333333881e-01,4.596973647436649627e-40,3.794325177338360250e+07,3.794325177338360250e+07,12,0
256,5.410000000000000364e-01,4.838416442335871568e-40,4.103299921148528159e+07,4.103299921148528159e+07,12,0
256,5.411666666666666847e-01,5.092431844687330218e-40,4.437317963584210724e+07,4.437317963584210724e+07,12,0
256,5.413333333333333330e-01,5.359668883331905116e-40,4.798399637741398066e+07,4.798399637741398066e+07,12,0
256,5.414999999999999813e-01,5.640809798553273860e-40,5.188727494835190475e+07,5.188727494835190475e+07,12,0
256,5.416666666666666297e-01,5.936571726508913648e-40,5.610659267092865705e+07,5.610659267092865705e+07,12,0
256,5.418333333333333890e-01,6.247708468327985377e-40,6.066741861534418911e+07,6.066741861534418911e+07,12,0
256,5.420000000000000373e-01,6.575012348092353218e-40,6.559726466223202646e+07,6.559726466223202646e+07,12,0
256,5.421666666666666856e-01,6.919316164129636701e-40,7.092584856999912858e+07,7.092584856999912858e+07,12,0
256,5.423333333333333339e-01,7.281495238258205241e-40,7.668526999632009864e+07,7.668526999632009864e+07,12,0
256,5.424999999999999822e-01,7.662469567858313619e-40,8.291020049791388214e+07,8.291020049791388214e+07,12,0
256,5.426666666666666305e-01,8.063206085883143704e-40,8.963808861323079467e+07,8.963808861323079467e+07,12,0
256,5.428333333333333899e-01,8.484721034173392825e-40,9.690938121957580745e+07,9.690938121957580745e+07,12,0
256,5.430000000000000382e-01,8.928082455703083400e-40,1.047677624498173445e+08,1.047677624498173445e+08,12,0
256,5.431666666666666865e-01,9.394412811666866329e-40,1.132604115549145788e+08,1.132604115549145788e+08,12,0
256,5.433333333333333348e-01,9.884891729599628972e-40,1.224382812072404921e+08,1.224382812072404921e+08,12,0
256,5.434999999999999831e-01,1.040075888903493726e-39,1.323563978572045863e+08,1.323563978572045863e+08,12,0
256,5.436666666666667425e-01,1.094331705152044435e-39,1.430741858821953237e+08,1.430741858821953237e+08,12,0
256,5.438333333333333908e-01,1.151393524214445789e-39,1.546558174032732844e+08,1.546558174032732844e+08,12,0
256,5.440000000000000391e-01,1.211405209009018699e-39,1.671705897923187315e+08,1.671705897923187315e+08,12,0
256,5.441666666666666874e-01,1.274517933608021053e-39,1.806933330506689548e+08,1.806933330506689548e+08,12,0
256,5.443333333333333357e-01,1.340890551498658888e-39,1.953048494115008116e+08,1.953048494115008116e+08,12,0
256,5.444999999999999840e-01,1.410689982226625281e-39,2.110923877023646832e+08,2.110923877023646832e+08,12,0
256,5.446666666666666323e-01,1.484091617332018535e-39,2.281501552029808462e+08,2.281501552029808462e+08,12,0
256,5.448333333333333917e-01,1.561279746531232491e-39,2.465798699475902021e+08,2.465798699475902021e+08,12,0
256,5.450000000000000400e-01,1.642448005145137044e-39,2.664913566518556774e+08,2.664913566518556774e+08,12,0
256,5.451666666666666883e-01,1.727799843824037404e-39,2.880505272256333232e+08,2.880505272256333232e+08,13,0
256,5.453333333333333366e-01,1.817549021669590016e-39,3.113770739021375179e+08,3.113770739021375179e+08,13,0
256,5.454999999999999849e-01,1.911920123908583556e-39,3.365841000202183127e+08,3.365841000202183127e+08,13,0
256,5.456666666666667442e-01,2.011149105330458187e-39,3.638225123124882579e+08,3.638225123124882579e+08,13,0
256,5.458333333333333925e-01,2.115483860758074438e-39,3.932552721854097843e+08,3.932552721854097843e+08,13,0
256,5.460000000000000409e-01,2.225184823886148636e-39,4.250583542223554850e+08,4.250583542223554850e+08,13,0
256,5.461666666666666892e-01,2.340525595882674780e-39,4.594217805453559160e+08,4.594217805453559160e+08,13,0
256,5.463333333333333375e-01,2.461793605221227166e-39,4.965507370113019943e+08,4.965507370113019943e+08,13,0
256,5.464999999999999858e-01,2.589290800280664076e-39,5.366667776865300536e+08,5.366667776865300536e+08,13,0
256,5.466666666666666341e-01,2.723334376325027416e-39,5.800091245488352776e+08,5.800091245488352776e+08,13,0
256,5.468333333333333934e-01,2.864257538554561346e-39,6.268360699104273319e+08,6.268360699104273319e+08,13,0
256,5.470000000000000417e-01,3.012410303000980663e-39,6.774264896418980360e+08,6.774264896418980360e+08,13,0
256,5.471666666666666901e-01,3.168160337128485387e-39,7.320814759107154608e+08,7.320814759107154608e+08,13,0
256,5.473333333333333384e-01,3.331893842088397363e-39,7.911260988283448219e+08,7.911260988283448219e+08,13,0
256,5.474999999999999867e-01,3.504016478675347513e-39,8.549113071363871098e+08,8.549113071363871098e+08,13,0
256,5.476666666666666350e-01,3.684954339127792238e-39,9.238159788536318541e+08,9.238159788536318541e+08,13,0
256,5.478333333333333943e-01,3.875154967024381350e-39,9.982491336600390673e+08,9.982491336600390673e+08,13,0
256,5.480000000000000426e-01,4.075088427631457468e-39,1.078652319713799238e+09,1.078652319713799238e+09,13,0
256,5.481666666666666909e-01,4.285248431178894738e-39,1.165502188590387821e+09,1.165502188590387821e+09,13,0
256,5.483333333333333393e-01,4.506153511654316384e-39,1.259313273100010872e+09,1.259313273100010872e+09,13,0
256,5.484999999999999876e-01,4.738348263835470628e-39,1.360640983893642664e+09,1.360640983893642664e+09,13,0
256,5.486666666666666359e-01,4.982404641413466908e-39,1.470084842008498430e+09,1.470084842008498430e+09,13,0
256,5.488333333333333952e-01,5.238923319194324486e-39,1.588291965842316151e+09,1.588291965842316151e+09,13,0
256,5.490000000000000435e-01,5.508535122513453978e-39,1.715960832487264872e+09,1.715960832487264872e+09,13,0
256,5.491666666666666918e-01,5.791902527151112057e-39,1.853845334909816027e+09,1.853845334909816027e+09,13,0
256,5.493333333333333401e-01,6.089721233192334272e-39,2.002759158134738445e+09,2.002759158134738445e+09,13,0
256,5.494999999999999885e-01,6.402721816442877554e-39,2.163580499398426056e+09,2.163580499398426056e+09,13,0
256,5.496666666666666368e-01,6.731671461191127958e-39,2.337257159179454803e+09,2.337257159179454803e+09,13,0
256,5.498333333333333961e-01,7.077375778283910156e-39,2.524812032110030651e+09,2.524812032110030651e+09,13,0
256,5.500000000000000444e-01,7.440680712677833615e-39,2.727349029027976513e+09,2.727349029027976513e+09,13,0
256,5.501666666666666927e-01,7.822474544834427673e-39,2.946059463864174366e+09,2.946059463864174366e+09,13,0
256,5.503333333333333410e-01,8.223689990525427867e-39,3.182228941676149368e+09,3.182228941676149368e+09,13,0
256,5.504999999999999893e-01,8.645306403851047754e-39,3.437244786966115475e+09,3.437244786966115475e+09,13,0
256,5.506666666666666377e-01,9.088352088493252767e-39,3.712604054461186409e+09,3.712604054461186409e+09,13,0
256,5.508333333333332860e-01,9.553906722474617195e-39,4.009922167810978889e+09,4.009922167810978889e+09,13,0
256,5.510000000000000453e-01,1.004310390194825508e-38,4.330942235188628197e+09,4.330942235188628197e+09,13,0
256,5.511666666666666936e-01,1.055713380980224416e-38,4.677545094582798004e+09,4.677545094582798004e+09,13,0
256,5.513333333333333419e-01,1.109724601515662376e-38,5.051760145669700623e+09,5.051760145669700623e+09,13,0
256,5.514999999999999902e-01,1.166475241010607108e-38,5.455777029561014175e+09,5.455777029561014175e+09,13,0
256,5.516666666666666385e-01,1.226103029037756448e-38,5.891958222484053612e+09,5.891958222484053612e+09,13,0
256,5.518333333333333979e-01,1.288752558689553327e-38,6.362852614569037437e+09,6.362852614569037437e+09,13,0
256,5.520000000000000462e-01,1.354575625557042246e-38,6.871210150433284760e+09,6.871210150433284760e+09,13,0
256,5.521666666666666945e-01,1.423731583299849528e-38,7.419997614200495720e+09,7.419997614200495720e+09,13,0
256,5.523333333333333428e-01,1.496387716610728243e-38,8.012415647982756615e+09,8.012415647982756615e+09,13,0
256,5.524999999999999911e-01,1.572719632418712548e-38,8.651917099756998062e+09,8.651917099756998062e+09,13,0
256,5.526666666666666394e-01,1.652911670214019547e-38,9.342226803985584259e+09,9.342226803985584259e+09,13,0
256,5.528333333333332877e-01,1.737157332421402558e-38,1.008736290632889557e+10,1.008736290632889557e+10,13,0
256,5.530000000000000471e-01,1.825659735792105715e-38,1.089165985241153336e+10,1.089165985241153336e+10,13,0
256,5.531666666666666954e-01,1.918632084831368223e-38,1.175979316987202644e+10,1.175979316987202644e+10,13,0
256,5.533333333333333437e-01,2.016298168328544617e-38,1.269680618292975807e+10,1.269680618292975807e+10,13,0
256,5.534999999999999920e-01,2.118892880104920803e-38,1.370813880943622398e+10,1.370813880943622398e+10,13,0
256,5.536666666666666403e-01,2.226662765151739574e-38,1.479965860198485947e+10,1.479965860198485947e+10,13,0
256,5.538333333333333997e-01,2.339866592383184350e-38,1.597769420711384964e+10,1.597769420711384964e+10,13,0
256,5.540000000000000480e-01,2.458775955290957450e-38,1.724907143006963730e+10,1.724907143006963730e+10,13,0
256,5.541666666666666963e-01,2.583675901846337134e-38,1.862115210707760239e+10,1.862115210707760239e+10,13,0
256,5.543333333333333446e-01,2.714865595061437196e-38,2.010187600261503220e+10,2.010187600261503220e+10,13,0
256,5.544999999999999929e-01,2.852659005687145785e-38,2.169980596597865677e+10,2.169980596597865677e+10,13,0
256,5.546666666666666412e-01,2.997385638598737567e-38,2.342417659948012924e+10,2.342417659948012924e+10,13,0
256,5.548333333333334005e-01,3.149391294490777812e-38,2.528494671005140305e+10,2.528494671005140305e+10,13,0
256,5.550000000000000488e-01,3.309038868582358492e-38,2.729285583696482849e+10,2.729285583696482849e+10,13,0
256,5.551666666666666972e-01,3.476709188115963228e-38,2.945948517093747330e+10,2.945948517093747330e+10,13,0
256,5.553333333333333455e-01,3.652801890514458229e-38,3.179732320410870361e+10,3.179732320410870361e+10,13,0
256,5.554999999999999938e-01,3.837736344153717053e-38,3.431983647654508591e+10,3.431983647654508591e+10,13,0
256,5.556666666666666421e-01,4.031952613799809658e-38,3.704154581302570343e+10,3.704154581302570343e+10,13,0
256,5.558333333333334014e-01,4.235912472856813002e-38,3.997810847414366150e+10,3.997810847414366150e+10,13,0
256,5.560000000000000497e-01,4.450100464674149191e-38,4.314640667833790588e+10,4.314640667833790588e+10,13,0
256,5.561666666666666980e-01,4.675025015271077609e-38,4.656464298659384155e+10,4.656464298659384155e+10,13,0
256,5.563333333333333464e-01,4.911219599943304545e-38,5.025244307925011444e+10,5.025244307925011444e+10,13,0
256,5.564999999999999947e-01,5.159243966340198897e-38,5.423096649506931305e+10,5.423096649506931305e+10,13,0
256,5.566666666666666430e-01,5.419685416718893147e-38,5.852302594644882202e+10,5.852302594644882202e+10,13,0
256,5.568333333333334023e-01,5.693160152213284781e-38,6.315321587176782227e+10,6.315321587176782227e+10,13,0
256,5.570000000000000506e-01,5.980314682088622162e-38,6.814805093653799438e+10,6.814805093653799438e+10,13,0
256,5.571666666666666989e-01,6.281827301096808758e-38,7.353611524965951538e+10,7.353611524965951538e+10,13,0
256,5.573333333333333472e-01,6.598409638189537708e-38,7.934822311970280457e+10,7.934822311970280457e+10,13,0
256,5.574999999999999956e-01,6.930808280007001346e-38,8.561759223946380615e+10,8.561759223946380615e+10,13,0
256,5.576666666666666439e-01,7.279806472719283923e-38,9.238003025498806763e+10,9.238003025498806763e+10,13,0
256,5.578333333333334032e-01,7.646225905965415194e-38,9.967413574851948547e+10,9.967413574851948547e+10,13,0
256,5.580000000000000515e-01,8.030928582814633717e-38,1.075415147435677643e+11,1.075415147435677643e+11,13,0
256,5.581666666666666998e-01,8.434818779863394053e-38,1.160270139251952057e+11,1.160270139251952057e+11,13,0
256,5.583333333333333481e-01,8.858845101765655206e-38,1.251789718596970978e+11,1.251789718596970978e+11,13,0
256,5.584999999999999964e-01,9.304002634711445216e-38,1.350494895962176361e+11,1.350494895962176361e+11,13,0
256,5.586666666666666448e-01,9.771335203571335233e-38,1.456947221384053345e+11,1.456947221384053345e+11,13,0
256,5.588333333333332931e-01,1.026193773765274805e-37,1.571751923879398804e+11,1.571751923879398804e+11,13,0
256,5.590000000000000524e-01,1.077695875024557937e-37,1.695561292841358948e+11,1.695561292841358948e+11,13,0
256,5.591666666666667007e-01,1.131760293737883512e-37,1.829078319953830261e+11,1.829078319953830261e+11,13,0
256,5.593333333333333490e-01,1.188513390147284695e-37,1.973060621600290833e+11,1.973060621600290833e+11,13,0
256,5.594999999999999973e-01,1.248087700582574985e-37,2.128324663264219971e+11,2.128324663264219971e+11,13,0
256,5.596666666666666456e-01,1.310622236616564227e-37,2.295750309060816650e+11,2.295750309060816650e+11,13,0
256,5.598333333333334050e-01,1.376262798579290832e-37,2.476285721302477722e+11,2.476285721302477722e+11,13,0
256,5.600000000000000533e-01,1.445162304113146158e-37,2.670952636898096924e+11,2.670952636898096924e+11,13,0
256,5.601666666666667016e-01,1.517481132485296391e-37,2.880852049431093750e+11,2.880852049431093750e+11,13,0
256,5.603333333333333499e-01,1.593387485404427141e-37,3.107170327953110352e+11,3.107170327953110352e+11,13,0
256,5.604999999999999982e-01,1.673057765127313951e-37,3.351185805898498535e+11,3.351185805898498535e+11,13,0
256,5.606666666666666465e-01,1.756676970674776922e-37,3.614275876064038086e+11,3.614275876064038086e+11,13,0
256,5.608333333333332948e-01,1.844439113017359021e-37,3.897924630334502563e+11,3.897924630334502563e+11,13,0
256,5.610000000000000542e-01,1.936547650129789328e-37,4.203731085776557617e+11,4.203731085776557617e+11,13,0
256,5.611666666666667025e-01,2.033215942856891321e-37,4.533418041886666260e+11,4.533418041886666260e+11,13,0
256,5.613333333333333508e-01,2.134667732577163412e-37,4.888841617187219238e+11,4.888841617187219238e+11,13,0
256,5.614999999999999991e-01,2.241137641696397319e-37,5.272001517019463501e+11,5.272001517019463501e+11,13,0
256,5.616666666666666474e-01,2.352871698052832213e-37,5.685052088326971436e+11,5.685052088326971436e+11,13,0
256,5.618333333333334068e-01,2.470127884365601969e-37,6.130314221455939941e+11,6.130314221455939941e+11,13,0
256,5.620000000000000551e-01,2.593176713911015425e-37,6.610288163553454590e+11,6.610288163553454590e+11,13,0
256,5.621666666666667034e-01,2.722301833668150899e-37,7.127667313051379395e+11,7.127667313051379395e+11,13,0
256,5.623333333333333517e-01,2.857800656231167950e-37,7.685353069982949219e+11,7.685353069982949219e+11,13,0
256,5.625000000000000000e-01,2.999985021848449147e-37,8.286470822557302246e+11,8.286470822557302246e+11,13,0
256,5.626666666666666483e-01,3.149181892011329186e-37,8.934387156506619873e+11,8.934387156506619873e+11,13,0
256,5.628333333333332966e-01,3.305734076082529868e-37,9.632728380277039795e+11,9.632728380277039795e+11,13,0
256,5.629999999999999449e-01,3.470000992522960453e-37,1.038540046618433594e+12,1.038540046618433594e+12,13,0
256,5.631666666666667043e-01,3.642359466349868685e-37,1.119661051523531738e+12,1.119661051523531738e+12,13,0
256,5.633333333333333526e-01,3.823204564533378860e-37,1.207088986146483398e+12,1.207088986146483398e+12,13,0
256,5.635000000000000009e-01,4.012950471122396466e-37,1.301311894041362549e+12,1.301311894041362549e+12,13,0
256,5.636666666666666492e-01,4.212031403968764605e-37,1.402855405578086670e+12,1.402855405578086670e+12,13,0
256,5.638333333333332975e-01,4.420902575011210875e-37,1.512285618843643799e+12,1.512285618843643799e+12,13,0
256,5.640000000000000568e-01,4.640041196167604759e-37,1.630212200286546387e+12,1.630212200286546387e+12,13,0
256,5.641666666666667052e-01,4.869947532983747209e-37,1.757291721783376465e+12,1.757291721783376465e+12,13,0
256,5.643333333333333535e-01,5.111146008284495509e-37,1.894231252067423828e+12,1.894231252067423828e+12,13,0
256,5.645000000000000018e-01,5.364186358176813277e-37,2.041792221811185303e+12,2.041792221811185303e+12,13,0
256,5.646666666666666501e-01,5.629644842866578244e-37,2.200794583113406738e+12,2.200794583113406738e+12,13,0
256,5.648333333333332984e-01,5.908125514864583777e-37,2.372121285705129395e+12,2.372121285705129395e+12,13,0
256,5.650000000000000577e-01,6.200261547275186072e-37,2.556723093873160645e+12,2.556723093873160645e+12,13,0
256,5.651666666666667060e-01,6.506716624988296729e-37,2.755623769907244629e+12,2.755623769907244629e+12,13,0
256,5.653333333333333544e-01,6.828186401727693088e-37,2.969925651825657715e+12,2.969925651825657715e+12,13,0
256,5.655000000000000027e-01,7.165400026041196121e-37,3.200815655219729980e+12,3.200815655219729980e+12,13,0
256,5.656666666666666510e-01,7.519121739467815287e-37,3.449571731310529297e+12,3.449571731310529297e+12,13,0
256,5.658333333333332993e-01,7.890152550261365835e-37,3.717569815723776855e+12,3.717569815723776855e+12,13,0
256,5.660000000000000586e-01,8.279331986213143641e-37,4.006291305087970215e+12,4.006291305087970215e+12,13,0
256,5.661666666666667069e-01,8.687539930271143581e-37,4.317331101350013184e+12,4.317331101350013184e+12,13,0
256,5.663333333333333552e-01,9.115698542839452124e-37,4.652406266707857422e+12,4.652406266707857422e+12,13,0
256,5.665000000000000036e-01,9.564774274804327302e-37,5.013365335277980469e+12,5.013365335277980469e+12,13,0
256,5.666666666666666519e-01,1.003577997553476010e-36,5.402198331087871094e+12,5.402198331087871094e+12,13,0
256,5.668333333333333002e-01,1.052977710029509602e-36,5.821047545706544922e+12,5.821047545706544922e+12,13,0
256,5.670000000000000595e-01,1.104787802171511207e-36,6.272219132830416016e+12,6.272219132830416016e+12,13,0
256,5.671666666666667078e-01,1.159124845017564671e-36,6.758195581443578125e+12,6.758195581443578125e+12,13,0
256,5.673333333333333561e-01,1.216110996819811679e-36,7.281649133802837891e+12,7.281649133802837891e+12,13,0
256,5.675000000000000044e-01,1.275874268415420771e-36,7.845456219456238281e+12,7.845456219456238281e+12,13,0
256,5.676666666666666528e-01,1.338548801086152863e-36,8.452712981856422852e+12,8.452712981856422852e+12,13,0
256,5.678333333333333011e-01,1.404275157489215894e-36,9.106751979863412109e+12,9.106751979863412109e+12,13,0
256,5.680000000000000604e-01,1.473200626268107356e-36,9.811160152600675781e+12,9.811160152600675781e+12,13,0
256,5.681666666666667087e-01,1.545479540980747606e-36,1.056979814275312109e+13,1.056979814275312109e+13,13,0
256,5.683333333333333570e-01,1.621273614012611671e-36,1.138682108052714062e+13,1.138682108052714062e+13,13,0
256,5.685000000000000053e-01,1.700752286170494189e-36,1.226670093812945117e+13,1.226670093812945117e+13,13,0
256,5.686666666666666536e-01,1.784093092688555445e-36,1.321425057285718164e+13,1.321425057285718164e+13,13,0
256,5.688333333333333020e-01,1.871482046408414158e-36,1.423464958572020117e+13,1.423464958572020117e+13,13,0
256,5.690000000000000613e-01,1.963114038932479432e-36,1.533347213201022266e+13,1.533347213201022266e+13,13,0
256,5.691666666666667096e-01,2.059193260585422730e-36,1.651671683042477148e+13,1.651671683042477148e+13,13,0
256,5.693333333333333579e-01,2.159933640057865120e-36,1.779083892832635938e+13,1.779083892832635938e+13,13,0
256,5.695000000000000062e-01,2.265559304645309577e-36,1.916278489246285156e+13,1.916278489246285156e+13,13,0
256,5.696666666666666545e-01,2.376305062039401309e-36,2.064002960714843359e+13,2.064002960714843359e+13,13,0
256,5.698333333333334139e-01,2.492416904669794735e-36,2.223061637547423047e+13,2.223061637547423047e+13,13,0
256,5.700000000000000622e-01,2.614152537643907518e-36,2.394319993371225000e+13,2.394319993371225000e+13,13,0
256,5.701666666666667105e-01,2.741781931377774229e-36,2.578709270477794531e+13,2.578709270477794531e+13,13,0
256,5.703333333333333588e-01,2.875587900061630538e-36,2.777682292808117578e+13,2.777682292808117578e+13,14,0
256,5.705000000000000071e-01,3.015866707157418721e-36,2.992208792489861719e+13,2.992208792489861719e+13,14,0
256,5.706666666666666554e-01,3.162928699179489339e-36,3.223228265521033203e+13,3.223228265521033203e+13,14,0
256,5.708333333333333037e-01,3.317098969067134784e-36,3.472002888330178125e+13,3.472002888330178125e+13,14,0
256,5.710000000000000631e-01,3.478718050518035668e-36,3.739890982404766406e+13,3.739890982404766406e+13,14,0
256,5.711666666666667114e-01,3.648142644714019860e-36,4.028354303854583594e+13,4.028354303854583594e+13,14,0
256,5.713333333333333597e-01,3.825746380936726324e-36,4.338965883055093750e+13,4.338965883055093750e+13,14,0
256,5.715000000000000080e-01,4.011920612638084864e-36,4.673418455680116406e+13,4.673418455680116406e+13,14,0
256,5.716666666666666563e-01,4.207075250603614274e-36,5.033533529525566406e+13,5.033533529525566406e+13,14,0
256,5.718333333333334156e-01,4.411639634920770774e-36,5.421271134841040625e+13,5.421271134841040625e+13,14,0
256,5.720000000000000639e-01,4.626063447541484083e-36,5.838740309448669531e+13,5.838740309448669531e+13,14,0
256,5.721666666666667123e-01,4.850817667314664793e-36,6.288210373763543750e+13,6.288210373763543750e+13,14,0
256,5.723333333333333606e-01,5.086395569442326403e-36,6.772123054933704688e+13,6.772123054933704688e+13,14,0
256,5.725000000000000089e-01,5.333313771409486884e-36,7.293105523745992188e+13,7.293105523745992188e+13,14,0
256,5.726666666666666572e-01,5.592113327528214462e-36,7.853984412686659375e+13,7.853984412686659375e+13,14,0
256,5.728333333333333055e-01,5.863360874333688088e-36,8.457800888644456250e+13,8.457800888644456250e+13,14,0
256,5.729999999999999538e-01,6.147649829173007773e-36,9.107826859223951562e+13,9.107826859223951562e+13,14,0
256,5.731666666666667131e-01,6.445601644435009928e-36,9.807582397520681250e+13,9.807582397520681250e+13,14,0
256,5.733333333333333615e-01,6.757867119978016809e-36,1.056085447652587812e+14,1.056085447652587812e+14,14,0
256,5.735000000000000098e-01,7.085127776433020905e-36,1.137171711112890781e+14,1.137171711112890781e+14,14,0
256,5.736666666666666581e-01,7.428097292179159441e-36,1.224455301295979219e+14,1.224455301295979219e+14,14,0
256,5.738333333333333064e-01,7.787523006913359402e-36,1.318407687116395000e+14,1.318407687116395000e+14,14,0
256,5.740000000000000657e-01,8.164187494877481556e-36,1.419536038060313750e+14,1.419536038060313750e+14,14,0
256,5.741666666666667140e-01,8.558910210931949952e-36,1.528385914801146875e+14,1.528385914801146875e+14,14,0
256,5.743333333333333623e-01,8.972549212826295080e-36,1.645544161635029688e+14,1.645544161635029688e+14,14,0
256,5.745000000000000107e-01,9.406002963153214872e-36,1.771642015800600000e+14,1.771642015800600000e+14,14,0
256,5.746666666666666590e-01,9.860212214644194208e-36,1.907358449868810625e+14,1.907358449868810625e+14,14,0
256,5.748333333333333073e-01,1.033616198262125540e-35,2.053423764589170000e+14,2.053423764589170000e+14,14,0
256,5.749999999999999556e-01,1.083488360859847802e-35,2.210623450869755625e+14,2.210623450869755625e+14,14,0
256,5.751666666666667149e-01,1.135745691920723505e-35,2.379802340955123750e+14,2.379802340955123750e+14,14,0
256,5.753333333333333632e-01,1.190501248480346793e-35,2.561869070352853438e+14,2.561869070352853438e+14,14,0
256,5.755000000000000115e-01,1.247873398232180842e-35,2.757800873661285000e+14,2.757800873661285000e+14,14,0
256,5.756666666666666599e-01,1.307986066713816472e-35,2.968648739162670000e+14,2.968648739162670000e+14,14,0
256,5.758333333333333082e-01,1.370968995892710553e-35,3.195542948892801250e+14,3.195542948892801250e+14,14,0
256,5.760000000000000675e-01,1.436958014671892142e-35,3.439699032875320625e+14,3.439699032875320625e+14,14,0
256,5.761666666666667158e-01,1.506095321859927234e-35,3.702424168332653750e+14,3.702424168332653750e+14,14,0
256,5.763333333333333641e-01,1.578529782174885488e-35,3.985124056970236250e+14,3.985124056970236250e+14,14,0
256,5.765000000000000124e-01,1.654417235875747427e-35,4.289310315875090000e+14,4.289310315875090000e+14,14,0
256,5.766666666666666607e-01,1.733920822644016719e-35,4.616608420203695000e+14,4.616608420203695000e+14,14,0
256,5.768333333333333091e-01,1.817211320364195596e-35,4.968766238655755000e+14,4.968766238655755000e+14,14,0
256,5.769999999999999574e-01,1.904467499483417160e-35,5.347663205761474375e+14,5.347663205761474375e+14,14,0
256,5.771666666666666057e-01,1.995876493658152109e-35,5.755320178264340000e+14,5.755320178264340000e+14,14,0
256,5.773333333333333650e-01,2.091634187431492884e-35,6.193910026375570000e+14,6.193910026375570000e+14,14,0
256,5.775000000000000133e-01,2.191945621714751242e-35,6.665769014423645000e+14,6.665769014423645000e+14,14,0
256,5.776666666666666616e-01,2.297025417884259318e-35,7.173409029455545000e+14,7.173409029455545000e+14,14,0
256,5.778333333333333099e-01,2.407098221339520440e-35,7.719530720657040000e+14,7.719530720657040000e+14,14,0
256,5.780000000000000693e-01,2.522399165407943005e-35,8.307037617108983750e+14,8.307037617108983750e+14,14,0
256,5.781666666666667176e-01,2.643174356519565550e-35,8.939051296368942500e+14,8.939051296368942500e+14,14,0
256,5.783333333333333659e-01,2.769681381620143995e-35,9.618927681720237500e+14,9.618927681720237500e+14,14,0
256,5.785000000000000142e-01,2.902189838829604195e-35,1.035027455165626750e+15,1.035027455165626750e+15,14,0
256,5.786666666666666625e-01,3.040981892402876760e-35,1.113697035134019875e+15,1.113697035134019875e+15,14,0
256,5.788333333333333108e-01,3.186352853094761757e-35,1.198318440237769750e+15,1.198318440237769750e+15,14,0
256,5.789999999999999591e-01,3.338611785081269694e-35,1.289339861434337750e+15,1.289339861434337750e+15,14,0
256,5.791666666666667185e-01,3.498082140640658695e-35,1.387243080910985250e+15,1.387243080910985250e+15,14,0
256,5.793333333333333668e-01,3.665102423852025426e-35,1.492545977720019750e+15,1.492545977720019750e+15,14,0
256,5.795000000000000151e-01,3.840026884627618038e-35,1.605805219416450750e+15,1.605805219416450750e+15,14,0
256,5.796666666666666634e-01,4.023226244448425677e-35,1.727619153437399500e+15,1.727619153437399500e+15,14,0
256,5.798333333333334227e-01,4.215088455241910352e-35,1.858630912974639750e+15,1.858630912974639750e+15,14,0
256,5.800000000000000711e-01,4.416019492897075447e-35,1.999531753173834750e+15,1.999531753173834750e+15,14,0
256,5.801666666666667194e-01,4.626444186987788864e-35,2.151064634659641500e+15,2.151064634659641500e+15,14,0
256,5.803333333333333677e-01,4.846807088336169199e-35,2.314028072630590000e+15,2.314028072630590000e+15,14,0
256,5.805000000000000160e-01,5.077573376128963859e-35,2.489280271110337000e+15,2.489280271110337000e+15,14,0
256,5.806666666666666643e-01,5.319229806371771633e-35,2.677743563377415000e+15,2.677743563377415000e+15,14,0
256,5.808333333333333126e-01,5.572285703547908102e-35,2.880409181138066500e+15,2.880409181138066500e+15,14,0
256,5.809999999999999609e-01,5.837273997430908882e-35,3.098342376661888000e+15,3.098342376661888000e+15,14,0
256,5.811666666666667203e-01,6.114752307088578413e-35,3.332687923875183500e+15,3.332687923875183500e+15,14,0
256,5.813333333333333686e-01,6.405304074203627373e-35,3.584676026311275000e+15,3.584676026311275000e+15,14,0
256,5.815000000000000169e-01,6.709539747938636310e-35,3.855628661864173000e+15,3.855628661864173000e+15,14,0
256,5.816666666666666652e-01,7.028098023661343181e-35,4.146966396478996000e+15,4.146966396478996000e+15,14,0
256,5.818333333333334245e-01,7.361647137961194158e-35,4.460215701271803500e+15,4.460215701271803500e+15,14,0
256,5.820000000000000728e-01,7.710886222485780217e-35,4.797016810089810000e+15,4.797016810089810000e+15,14,0
256,5.821666666666667211e-01,8.076546719251123987e-35,5.159132157237541000e+15,5.159132157237541000e+15,14,0
256,5.823333333333333695e-01,8.459393860181869196e-35,5.548455437990531000e+15,5.548455437990531000e+15,14,0
256,5.825000000000000178e-01,8.860228213776399197e-35,5.967021337643643000e+15,5.967021337643643000e+15,14,0
256,5.826666666666666661e-01,9.279887301910338041e-35,6.417015978178115000e+15,6.417015978178115000e+15,14,0
256,5.828333333333333144e-01,9.719247289928232789e-35,6.900788135220470000e+15,6.900788135220470000e+15,14,0
256,5.829999999999999627e-01,1.017922475331829235e-34,7.420861281811848000e+15,7.420861281811848000e+15,14,0
256,5.831666666666667220e-01,1.066077852440420010e-34,7.979946519634524000e+15,7.979946519634524000e+15,14,0
256,5.833333333333333703e-01,1.116491162264142364e-34,8.580956462764727000e+15,8.580956462764727000e+15,14,0
256,5.835000000000000187e-01,1.169267327228053015e-34,9.227020143776960000e+15,9.227020143776960000e+15,14,0
256,5.836666666666666670e-01,1.224516101129434399e-34,9.921499017103814000e+15,9.921499017103814000e+15,14,0
256,5.838333333333334263e-01,1.282352289567803447e-34,1.066800414003184400e+16,1.066800414003184400e+16,14,0
256,5.840000000000000746e-01,1.342895980337940336e-34,1.147041461755764200e+16,1.147041461755764200e+16,14,0
256,5.841666666666667229e-01,1.406272784233263517e-34,1.233289740362900600e+16,1.233289740362900600e+16,14,0
256,5.843333333333333712e-01,1.472614086724396970e-34,1.325992855801095800e+16,1.325992855801095800e+16,14,0
256,5.845000000000000195e-01,1.542057311000313678e-34,1.425631606526533600e+16,1.425631606526533600e+16,14,0
256,5.846666666666666679e-01,1.614746192879862660e-34,1.532722433006840800e+16,1.532722433006840800e+16,14,0
256,5.848333333333333162e-01,1.690831068124029625e-34,1.647820047140832400e+16,1.647820047140832400e+16,14,0
256,5.849999999999999645e-01,1.770469172703813457e-34,1.771520254711529400e+16,1.771520254711529400e+16,14,0
256,5.851666666666667238e-01,1.853824956601857863e-34,1.904462984973629600e+16,1.904462984973629600e+16,14,0
256,5.853333333333333721e-01,1.941070411751644354e-34,2.047335542501096000e+16,2.047335542501096000e+16,14,0
256,5.855000000000000204e-01,2.032385414746812809e-34,2.200876097521020800e+16,2.200876097521020800e+16,14,0
256,5.856666666666666687e-01,2.127958084977579868e-34,2.365877432136034400e+16,2.365877432136034400e+16,14,0
256,5.858333333333333171e-01,2.227985158883481435e-34,2.543190961103462000e+16,2.543190961103462000e+16,14,0
256,5.860000000000000764e-01,2.332672381040654132e-34,2.733731047193354000e+16,2.733731047193354000e+16,14,0
256,5.861666666666667247e-01,2.442234912832908849e-34,2.938479632599868000e+16,2.938479632599868000e+16,14,0
256,5.863333333333333730e-01,2.556897759491678691e-34,3.158491209440300800e+16,3.158491209440300800e+16,14,0
256,5.865000000000000213e-01,2.676896216319972966e-34,3.394898154042712000e+16,3.394898154042712000e+16,14,0
256,5.866666666666666696e-01,2.802476334956792818e-34,3.648916451516915200e+16,3.648916451516915200e+16,14,0
256,5.868333333333333179e-01,2.933895410571232615e-34,3.921851839021872000e+16,3.921851839021872000e+16,14,0
256,5.869999999999999662e-01,3.071422490918910161e-34,4.215106398200476800e+16,4.215106398200476800e+16,14,0
256,5.871666666666667256e-01,3.215338908230837118e-34,4.530185629460031200e+16,4.530185629460031200e+16,14,0
256,5.873333333333333739e-01,3.365938834950240389e-34,4.868706043140298400e+16,4.868706043140298400e+16,14,0
256,5.875000000000000222e-01,3.523529864376180774e-34,5.232403305150980000e+16,5.232403305150980000e+16,14,0
256,5.876666666666666705e-01,3.688433617319660024e-34,5.623140977371848800e+16,5.623140977371848800e+16,14,0
256,5.878333333333333188e-01,3.860986375926612863e-34,6.042919896030046400e+16,6.042919896030046400e+16,14,0
256,5.880000000000000782e-01,4.041539745872821560e-34,6.493888234387769600e+16,6.493888234387769600e+16,14,0
256,5.881666666666667265e-01,4.230461348188355977e-34,6.978352299421537600e+16,6.978352299421537600e+16,14,0
256,5.883333333333333748e-01,4.428135542027125199e-34,7.498788115770657600e+16,7.498788115770657600e+16,14,0
256,5.885000000000000231e-01,4.634964179748154861e-34,8.057853854065115200e+16,8.057853854065115200e+16,14,0
256,5.886666666666666714e-01,4.851367395743842141e-34,8.658403164881633600e+16,8.658403164881633600e+16,14,0
256,5.888333333333333197e-01,5.077784430507716266e-34,9.303499483984939200e+16,9.303499483984939200e+16,14,0
256,5.889999999999999680e-01,5.314674491499012054e-34,9.996431379253843200e+16,9.996431379253843200e+16,14,0
256,5.891666666666666163e-01,5.562517652435466739e-34,1.074072901476415840e+17,1.074072901476415840e+17,14,0
256,5.893333333333333757e-01,5.821815792711030788e-34,1.154018181294642880e+17,1.154018181294642880e+17,14,0
256,5.895000000000000240e-01,6.093093578710472429e-34,1.239885740155694080e+17,1.239885740155694080e+17,14,0
256,5.896666666666666723e-01,6.376899488877741743e-34,1.332112193846811040e+17,1.332112193846811040e+17,14,0
256,5.898333333333333206e-01,6.673806884462097477e-34,1.431166191395608000e+17,1.431166191395608000e+17,14,0
256,5.900000000000000799e-01,6.984415127965864469e-34,1.537550753736194880e+17,1.537550753736194880e+17,14,0
256,5.901666666666667282e-01,7.309350751392989720e-34,1.651805782267770560e+17,1.651805782267770560e+17,14,0
256,5.903333333333333766e-01,7.649268676500168486e-34,1.774510749586564800e+17,1.774510749586564800e+17,14,0
256,5.905000000000000249e-01,8.004853489337845415e-34,1.906287585552752960e+17,1.906287585552752960e+17,14,0
256,5.906666666666666732e-01,8.376820771479502326e-34,2.047803772802492800e+17,2.047803772802492800e+17,14,0
256,5.908333333333333215e-01,8.765918490430718889e-34,2.199775666827629440e+17,2.199775666827629440e+17,14,0
256,5.909999999999999698e-01,9.172928451830510134e-34,2.362972056833034560e+17,2.362972056833034560e+17,14,0
256,5.911666666666666181e-01,9.598667816157808935e-34,2.538217984744426240e+17,2.538217984744426240e+17,14,0
256,5.913333333333333774e-01,1.004399068278894728e-33,2.726398840988354240e+17,2.726398840988354240e+17,14,0
256,5.915000000000000258e-01,1.050978974436054286e-33,2.928464756999689600e+17,2.928464756999689600e+17,14,0
256,5.916666666666666741e-01,1.099699801453861886e-33,3.145435315847848960e+17,3.145435315847848960e+17,14,0
256,5.918333333333333224e-01,1.150659063240768240e-33,3.378404603901406720e+17,3.378404603901406720e+17,14,0
256,5.920000000000000817e-01,1.203958674685837393e-33,3.628546628098776320e+17,3.628546628098776320e+17,14,0
256,5.921666666666667300e-01,1.259705148447501116e-33,3.897121125149662080e+17,3.897121125149662080e+17,14,0
256,5.923333333333333783e-01,1.318009800459989639e-33,4.185479790881859840e+17,4.185479790881859840e+17,14,0
256,5.925000000000000266e-01,1.378988964538885787e-33,4.495072959962432640e+17,4.495072959962432640e+17,14,0
256,5.926666666666666750e-01,1.442764216485467823e-33,4.827456768392816640e+17,4.827456768392816640e+17,14,0
256,5.928333333333333233e-01,1.509462608106196680e-33,5.184330117115841920e+17,5.184330117115841920e+17,15,0
256,5.929999999999999716e-01,1.579216911581833223e-33,5.568784135621832960e+17,5.568784135621832960e+17,15,0
256,5.931666666666666199e-01,1.652165874639454127e-33,5.981617114366152960e+17,5.981617114366152960e+17,15,0
256,5.933333333333333792e-01,1.728454487000816384e-33,6.424914168191589120e+17,6.424914168191589120e+17,15,0
256,5.935000000000000275e-01,1.808234258599740800e-33,6.900912896202197760e+17,6.900912896202197760e+17,15,0
256,5.936666666666666758e-01,1.891663510084986326e-33,7.412014480172079360e+17,7.412014480172079360e+17,15,0
256,5.938333333333333242e-01,1.978907676144012198e-33,7.960795586875155200e+17,7.960795586875155200e+17,15,0
256,5.940000000000000835e-01,2.070139622209958741e-33,8.550021132291505920e+17,8.550021132291505920e+17,15,0
256,5.941666666666667318e-01,2.165539975135166067e-33,9.182657969795054080e+17,9.182657969795054080e+17,15,0
256,5.943333333333333801e-01,2.265297468442826285e-33,9.861889568890330880e+17,9.861889568890330880e+17,15,0
256,5.945000000000000284e-01,2.369609302791843788e-33,1.059113175582572672e+18,1.059113175582572672e+18,15,0
256,5.946666666666666767e-01,2.478681522319995562e-33,1.137404959253210112e+18,1.137404959253210112e+18,15,0
256,5.948333333333333250e-01,2.592729407557824222e-33,1.221457547580977920e+18,1.221457547580977920e+18,15,0
256,5.949999999999999734e-01,2.711977885635784001e-33,1.311692854455009792e+18,1.311692854455009792e+18,15,0
256,5.951666666666667327e-01,2.836661958538930655e-33,1.408563548906807808e+18,1.408563548906807808e+18,15,0
256,5.953333333333333810e-01,2.967027150194776044e-33,1.512555286334688768e+18,1.512555286334688768e+18,15,0
256,5.955000000000000293e-01,3.103329973216920903e-33,1.624189100822416896e+18,1.624189100822416896e+18,15,0
256,5.956666666666666776e-01,3.245838416156565411e-33,1.744023970124764160e+18,1.744023970124764160e+18,15,0
256,5.958333333333333259e-01,3.394832452158443278e-33,1.872659565723196160e+18,1.872659565723196160e+18,15,0
256,5.960000000000000853e-01,3.550604569949904604e-33,2.010739201239456256e+18,2.010739201239456256e+18,15,0
256,5.961666666666667336e-01,3.713460328135009910e-33,2.158952993444120832e+18,2.158952993444120832e+18,15,0
256,5.963333333333333819e-01,3.883718933808024241e-33,2.318041251116425728e+18,2.318041251116425728e+18,15,0
256,5.965000000000000302e-01,4.061713846540858876e-33,2.488798108096960512e+18,2.488798108096960512e+18,15,0
256,5.966666666666666785e-01,4.247793408848794033e-33,2.672075418045200384e+18,2.672075418045200384e+18,15,0
256,5.968333333333333268e-01,4.442321504282620144e-33,2.868786929660929536e+18,2.868786929660929536e+18,15,0
256,5.969999999999999751e-01,4.645678244347598710e-33,3.079912762467459072e+18,3.079912762467459072e+18,15,0
256,5.971666666666667345e-01,4.858260685498956688e-33,3.306504204688100352e+18,3.306504204688100352e+18,15,0
256,5.973333333333333828e-01,5.080483577518031311e-33,3.549688856280225792e+18,3.549688856280225792e+18,15,0
256,5.975000000000000311e-01,5.312780144631650896e-33,3.810676141838797824e+18,3.810676141838797824e+18,15,0
256,5.976666666666666794e-01,5.555602900790634412e-33,4.090763219835982336e+18,4.090763219835982336e+18,15,0
256,5.978333333333333277e-01,5.809424500588454339e-33,4.391341316553211392e+18,4.391341316553211392e+18,15,0
256,5.980000000000000870e-01,6.074738627364828098e-33,4.713902515077888000e+18,4.713902515077888000e+18,15,0
256,5.981666666666667354e-01,6.352060920099421349e-33,5.060047031898063872e+18,5.060047031898063872e+18,15,0
256,5.983333333333333837e-01,6.641929940780479605e-33,5.431491015947163648e+18,5.431491015947163648e+18,15,0
256,5.985000000000000320e-01,6.944908183990864470e-33,5.830074907420810240e+18,5.830074907420810240e+18,15,0
256,5.986666666666666803e-01,7.261583130543510265e-33,6.257772396350818304e+18,6.257772396350818304e+18,15,0
256,5.988333333333333286e-01,7.592568347065999884e-33,6.716700023755795456e+18,6.716700023755795456e+18,15,0
256,5.989999999999999769e-01,7.938504633519797864e-33,7.209127471234095104e+18,7.209127471234095104e+18,15,0
256,5.991666666666666252e-01,8.300061220724619360e-33,7.737488588119650304e+18,7.737488588119650304e+18,15,0
256,5.993333333333333846e-01,8.677937020045652755e-33,8.304393208811065344e+18,8.304393208811065344e+18,15,0
256,5.995000000000000329e-01,9.072861927493071643e-33,8.912639816614249472e+18,8.912639816614249472e+18,15,0
256,5.996666666666666812e-01,9.485598184583371684e-33,9.565229114444431360e+18,9.565229114444431360e+18,15,0
256,5.998333333333333295e-01,9.916941798407803644e-33,1.026537856700062310e+19,1.026537856700062310e+19,15,0
256,5.999999999999999778e-01,1.036772402345540162e-32,1.101653798362010829e+19,1.101653798362010829e+19,15,0
256,6.001666666666667371e-01,1.083881290786119809e-32,1.182240621591727923e+19,1.182240621591727923e+19,15,0
256,6.003333333333333854e-01,1.133111490683865242e-32,1.268694904956192563e+19,1.268694904956192563e+19,15,0
256,6.005000000000000338e-01,1.184557656620410214e-32,1.361441837518430618e+19,1.361441837518430618e+19,15,0
256,6.006666666666666821e-01,1.238318627899686678e-32,1.460937272939042611e+19,1.460937272939042611e+19,15,0
256,6.008333333333333304e-01,1.294497611834124112e-32,1.567669930333279027e+19,1.567669930333279027e+19,15,0
256,6.009999999999999787e-01,1.353202374983411794e-32,1.682163752316633702e+19,1.682163752316633702e+19,15,0
256,6.011666666666666270e-01,1.414545442686612868e-32,1.804980431409632870e+19,1.804980431409632870e+19,15,0
256,6.013333333333333863e-01,1.478644307244783937e-32,1.936722116763738112e+19,1.936722116763738112e+19,15,0
256,6.015000000000000346e-01,1.545621645124450646e-32,2.078034314013417472e+19,2.078034314013417472e+19,15,0
256,6.016666666666666829e-01,1.615605543570914667e-32,2.229608991968298598e+19,2.229608991968298598e+19,15,0
256,6.018333333333333313e-01,1.688729737032504194e-32,2.392187910822790349e+19,2.392187910822790349e+19,15,0
256,6.019999999999999796e-01,1.765133853819316425e-32,2.566566187602068275e+19,2.566566187602068275e+19,15,0
256,6.021666666666667389e-01,1.844963673432993723e-32,2.753596115669798093e+19,2.753596115669798093e+19,15,0
256,6.023333333333333872e-01,1.928371395025976750e-32,2.954191256311006413e+19,2.954191256311006413e+19,15,0
256,6.025000000000000355e-01,2.015515917467119677e-32,3.169330821676426854e+19,3.169330821676426854e+19,15,0
256,6.026666666666666838e-01,2.106563131509372173e-32,3.400064369730147123e+19,3.400064369730147123e+19,15,0
256,6.028333333333333321e-01,2.201686224579091870e-32,3.647516833302954803e+19,3.647516833302954803e+19,15,0
256,6.029999999999999805e-01,2.301065998725870292e-32,3.912893906907358822e+19,3.912893906907358822e+19,15,0
256,6.031666666666666288e-01,2.404891202296082329e-32,4.197487816639086592e+19,4.197487816639086592e+19,15,0
256,6.033333333333332771e-01,2.513358875917419047e-32,4.502683500272620339e+19,4.502683500272620339e+19,15,0
256,6.035000000000000364e-01,2.626674713404592972e-32,4.829965226566927155e+19,4.829965226566927155e+19,15,0
256,6.036666666666666847e-01,2.745053438224711757e-32,5.180923684838968525e+19,5.180923684838968525e+19,15,0
256,6.038333333333333330e-01,2.868719196187431192e-32,5.557263578050772173e+19,5.557263578050772173e+19,15,0
256,6.039999999999999813e-01,2.997905965049427699e-32,5.960811754988536627e+19,5.960811754988536627e+19,15,0
256,6.041666666666667407e-01,3.132857981758933159e-32,6.393525919619506995e+19,6.393525919619506995e+19,15,0
256,6.043333333333333890e-01,3.273830188088740976e-32,6.857503958384215654e+19,6.857503958384215654e+19,15,0
256,6.045000000000000373e-01,3.421088695444803096e-32,7.354993929052376269e+19,7.354993929052376269e+19,15,0
256,6.046666666666666856e-01,3.574911269665643097e-32,7.888404757824680755e+19,7.888404757824680755e+19,15,0
256,6.048333333333333339e-01,3.735587836664719304e-32,8.460317694650313933e+19,8.460317694650313933e+19,15,0
256,6.049999999999999822e-01,3.903421009803153985e-32,9.073498580232598323e+19,9.073498580232598323e+19,15,0
256,6.051666666666666305e-01,4.078726639918548276e-32,9.730910981947382170e+19,9.730910981947382170e+19,15,0
256,6.053333333333333899e-01,4.261834388972446265e-32,1.043573025991457833e+20,1.043573025991457833e+20,15,0
256,6.055000000000000382e-01,4.453088328321710718e-32,1.119135862875305902e+20,1.119135862875305902e+20,15,0
256,6.056666666666666865e-01,4.652847562661728283e-32,1.200144128515209298e+20,1.200144128515209298e+20,15,0
256,6.058333333333333348e-01,4.861486880730236640e-32,1.286988367629212549e+20,1.286988367629212549e+20,15,0
256,6.060000000000000941e-01,5.079397433910111294e-32,1.380086998941828055e+20,1.380086998941828055e+20,15,0
256,6.061666666666667425e-01,5.306987443914650345e-32,1.479888294848152207e+20,1.479888294848152207e+20,15,0
256,6.063333333333333908e-01,5.544682940792913963e-32,1.586872500978953093e+20,1.586872500978953093e+20,15,0
256,6.065000000000000391e-01,5.792928532536166460e-32,1.701554105502561075e+20,1.701554105502561075e+20,15,0
256,6.066666666666666874e-01,6.052188207630770420e-32,1.824484268689068196e+20,1.824484268689068196e+20,15,0
256,6.068333333333333357e-01,6.322946171952060195e-32,1.956253423997641032e+20,1.956253423997641032e+20,15,0
256,6.069999999999999840e-01,6.605707721453971959e-32,2.097494062734779351e+20,2.097494062734779351e+20,15,0
256,6.071666666666666323e-01,6.901000152173244067e-32,2.248883715173835735e+20,2.248883715173835735e+20,15,0
256,6.073333333333333917e-01,7.209373709125674282e-32,2.411148141926322668e+20,2.411148141926322668e+20,15,0
256,6.075000000000000400e-01,7.531402575741351503e-32,2.585064750317742653e+20,2.585064750317742653e+20,15,0
256,6.076666666666666883e-01,7.867685905556609770e-32,2.771466251553342423e+20,2.771466251553342423e+20,15,0
256,6.078333333333333366e-01,8.218848897946704192e-32,2.971244575556432036e+20,2.971244575556432036e+20,15,0
256,6.080000000000000959e-01,8.585543919762396039e-32,3.185355061544210268e+20,3.185355061544210268e+20,15,0
256,6.081666666666667442e-01,8.968451674810817314e-32,3.414820943661744783e+20,3.414820943661744783e+20,15,0
256,6.083333333333333925e-01,9.368282423203232586e-32,3.660738152346875331e+20,3.660738152346875331e+20,15,0
256,6.085000000000000409e-01,9.785777252670957186e-32,3.924280453532621865e+20,3.924280453532621865e+20,15,0
256,6.086666666666666892e-01,1.022170940404971119e-31,4.206704949340554527e+20,4.206704949340554527e+20,15,0
256,6.088333333333333375e-01,1.067688565321104418e-31,4.509357965561709199e+20,4.509357965561709199e+20,15,0
256,6.089999999999999858e-01,1.115214775182869054e-31,4.833681352984062853e+20,4.833681352984062853e+20,15,0
256,6.091666666666666341e-01,1.164837392945398766e-31,5.181219231509335900e+20,5.181219231509335900e+20,15,0
256,6.093333333333333934e-01,1.216648045949070347e-31,5.553625208014991524e+20,5.553625208014991524e+20,15,0
256,6.095000000000000417e-01,1.270742329175304875e-31,5.952670101068240650e+20,5.952670101068240650e+20,15,0
256,6.096666666666666901e-01,1.327219975442326950e-31,6.380250207907499213e+20,6.380250207907499213e+20,15,0
256,6.098333333333333384e-01,1.386185032831465058e-31,6.838396151557564662e+20,6.838396151557564662e+20,15,0
256,6.099999999999999867e-01,1.447746049649848546e-31,7.329282348585387295e+20,7.329282348585387295e+20,15,0
256,6.101666666666667460e-01,1.512016267245117211e-31,7.855237140811648860e+20,7.855237140811648860e+20,15,0
256,6.103333333333333943e-01,1.579113821003124931e-31,8.418753637300017562e+20,8.418753637300017562e+20,15,0
256,6.105000000000000426e-01,1.649161949872775885e-31,9.022501316168632238e+20,9.022501316168632238e+20,15,0
256,6.106666666666666909e-01,1.722289214775166395e-31,9.669338439191212851e+20,9.669338439191212851e+20,15,0
256,6.108333333333333393e-01,1.798629726271177084e-31,1.036232533584667607e+21,1.036232533584667607e+21,15,0
256,6.109999999999999876e-01,1.878323381875933425e-31,1.110473861738934436e+21,1.110473861738934436e+21,15,0
256,6.111666666666666359e-01,1.961516113424638712e-31,1.190008638572125225e+21,1.190008638572125225e+21,15,0
256,6.113333333333333952e-01,2.048360144911705638e-31,1.275212450632944058e+21,1.275212450632944058e+21,15,0
256,6.115000000000000435e-01,2.139014261242241509e-31,1.366487401934938440e+21,1.366487401934938440e+21,15,0
256,6.116666666666666918e-01,2.233644088353521846e-31,1.464263976795428880e+21,1.464263976795428880e+21,15,0
256,6.118333333333333401e-01,2.332422385182434487e-31,1.569003032872967995e+21,1.569003032872967995e+21,15,0
256,6.119999999999999885e-01,2.435529347975174106e-31,1.681197933457573413e+21,1.681197933457573413e+21,15,0
256,6.121666666666667478e-01,2.543152927456143900e-31,1.801376828692483015e+21,1.801376828692483015e+21,15,0
256,6.123333333333333961e-01,2.655489159393707178e-31,1.930105096075902190e+21,1.930105096075902190e+21,15,0
256,6.125000000000000444e-01,2.772742509123948475e-31,2.067987951307453366e+21,2.067987951307453366e+21,15,0
256,6.126666666666666927e-01,2.895126230615376452e-31,2.215673241306658505e+21,2.215673241306658505e+21,15,0
256,6.128333333333333410e-01,3.022862740682844666e-31,2.373854432049407984e+21,2.373854432049407984e+21,15,0
256,6.129999999999999893e-01,3.156184008983279696e-31,2.543273804741134516e+21,2.543273804741134516e+21,15,0
256,6.131666666666666377e-01,3.295331964453184390e-31,2.724725874778040173e+21,2.724725874778040173e+21,15,0
256,6.133333333333332860e-01,3.440558918872981306e-31,2.919485467653726798e+21,2.919485467653726798e+21,16,0
256,6.135000000000000453e-01,3.592128008274823848e-31,3.128382494458219332e+21,3.128382494458219332e+21,16,0
256,6.136666666666666936e-01,3.750313652936158694e-31,3.352157213824782959e+21,3.352157213824782959e+21,16,0
256,6.138333333333333419e-01,3.915402036736241658e-31,3.591864242370257093e+21,3.591864242370257093e+21,16,0
256,6.139999999999999902e-01,4.087691606681193337e-31,3.848632599018563699e+21,3.848632599018563699e+21,16,0
256,6.141666666666666385e-01,4.267493593438211165e-31,4.123670928802134360e+21,4.123670928802134360e+21,16,0
256,6.143333333333333979e-01,4.455132553755525815e-31,4.418273091643461075e+21,4.418273091643461075e+21,16,0
256,6.145000000000000462e-01,4.650946935675987455e-31,4.733824141491078955e+21,4.733824141491078955e+21,16,0
256,6.146666666666666945e-01,4.855289667498198718e-31,5.071806722943633850e+21,5.071806722943633850e+21,16,0
256,6.148333333333333428e-01,5.068528771467578615e-31,5.433807914364329525e+21,5.433807914364329525e+21,16,0
256,6.149999999999999911e-01,5.291048003229137386e-31,5.821526548500854079e+21,5.821526548500854079e+21,16,0
256,6.151666666666666394e-01,5.523247518112842455e-31,6.236781043764681507e+21,6.236781043764681507e+21,16,0
256,6.153333333333332877e-01,5.765544565365154113e-31,6.681517781615964586e+21,6.681517781615964586e+21,16,0
256,6.155000000000000471e-01,6.018374211488730512e-31,7.157820067947822973e+21,7.157820067947822973e+21,16,0
256,6.156666666666666954e-01,6.282190093897822767e-31,7.667917718977811317e+21,7.667917718977811317e+21,16,0
256,6.158333333333333437e-01,6.557465206150246760e-31,8.214197314958316798e+21,8.214197314958316798e+21,16,0
256,6.159999999999999920e-01,6.844692716062368342e-31,8.799213167992094327e+21,8.799213167992094327e+21,16,0
256,6.161666666666667513e-01,7.144386818073837377e-31,9.425699053446141837e+21,9.425699053446141837e+21,16,0
256,6.163333333333333997e-01,7.457083621279952565e-31,1.009658075785786399e+22,1.009658075785786399e+22,16,0
256,6.165000000000000480e-01,7.783342074612300550e-31,1.081498949988551492e+22,1.081498949988551492e+22,16,0
256,6.166666666666666963e-01,8.123744930703981124e-31,1.158427628473676726e+22,1.158427628473676726e+22,16,0
256,6.168333333333333446e-01,8.478899750042466309e-31,1.240802725668551708e+22,1.240802725668551708e+22,16,0
256,6.169999999999999929e-01,8.849439947078014212e-31,1.329008011872873480e+22,1.329008011872873480e+22,16,0
256,6.171666666666666412e-01,9.236025880022711411e-31,1.423454169319099020e+22,1.423454169319099020e+22,16,0
256,6.173333333333332895e-01,9.639345986149099307e-31,1.524580670216197269e+22,1.524580670216197269e+22,16,0
256,6.175000000000000488e-01,1.006011796446751957e-30,1.632857785208128353e+22,1.632857785208128353e+22,16,0
256,6.176666666666666972e-01,1.049909000773929342e-30,1.748788731257661109e+22,1.748788731257661109e+22,16,0
256,6.178333333333333455e-01,1.095704208587049365e-30,1.872911968587180147e+22,1.872911968587180147e+22,16,0
256,6.179999999999999938e-01,1.143478728279856376e-30,2.005803656967473857e+22,2.005803656967473857e+22,16,0
256,6.181666666666667531e-01,1.193317318908697768e-30,2.148080282355223233e+22,2.148080282355223233e+22,16,0
256,6.183333333333334014e-01,1.245308335252465257e-30,2.300401465633052348e+22,2.300401465633052348e+22,16,0
256,6.185000000000000497e-01,1.299543878912294754e-30,2.463472966015687170e+22,2.463472966015687170e+22,16,0
256,6.186666666666666980e-01,1.356119955699969853e-30,2.638049892544535121e+22,2.638049892544535121e+22,16,0
256,6.188333333333333464e-01,1.415136639574266032e-30,2.824940138017163575e+22,2.824940138017163575e+22,16,0
256,6.189999999999999947e-01,1.476698243395203216e-30,3.025008050680248454e+22,3.025008050680248454e+22,16,0
256,6.191666666666666430e-01,1.540913496776599370e-30,3.239178360066340081e+22,3.239178360066340081e+22,16,0
256,6.193333333333332913e-01,1.607895731329639537e-30,3.468440374477155258e+22,3.468440374477155258e+22,16,0
256,6.195000000000000506e-01,1.677763073601303522e-30,3.713852468815746774e+22,3.713852468815746774e+22,16,0
256,6.196666666666666989e-01,1.750638646023872743e-30,3.976546882749592922e+22,3.976546882749592922e+22,16,0
256,6.198333333333333472e-01,1.826650776206267171e-30,4.257734850559099273e+22,4.257734850559099273e+22,16,0
256,6.199999999999999956e-01,1.905933214908100979e-30,4.558712085480603438e+22,4.558712085480603438e+22,16,0
256,6.201666666666667549e-01,1.988625363054991211e-30,4.880864642921006524e+22,4.880864642921006524e+22,16,0
256,6.203333333333334032e-01,2.074872508165287158e-30,5.225675188583214245e+22,5.225675188583214245e+22,16,0
256,6.205000000000000515e-01,2.164826070575624126e-30,5.594729699328056413e+22,5.594729699328056413e+22,16,0
256,6.206666666666666998e-01,2.258643859866546591e-30,5.989724626492241582e+22,5.989724626492241582e+22,16,0
256,6.208333333333333481e-01,2.356490341906920287e-30,6.412474553421477498e+22,6.412474553421477498e+22,16,0
256,6.209999999999999964e-01,2.458536916953371798e-30,6.864920381141947515e+22,6.864920381141947515e+22,16,0
256,6.211666666666666448e-01,2.564962209256329338e-30,7.349138078412008168e+22,7.349138078412008168e+22,16,0
256,6.213333333333334041e-01,2.675952368646158921e-30,7.867348034870646827e+22,7.867348034870646827e+22,16,0
256,6.215000000000000524e-01,2.791701384587977896e-30,8.421925058638279344e+22,8.421925058638279344e+22,16,0
256,6.216666666666667007e-01,2.912411413218318510e-30,9.015409062554641419e+22,9.015409062554641419e+22,16,0
256,6.218333333333333490e-01,3.038293117891560025e-30,9.650516486240436067e+22,9.650516486240436067e+22,16,0
256,6.219999999999999973e-01,3.169566023792615491e-30,1.033015250439710693e+23,1.033015250439710693e+23,16,0
256,6.221666666666667567e-01,3.306458887188010725e-30,1.105742407519011498e+23,1.105742407519011498e+23,16,0
256,6.223333333333334050e-01,3.449210079915591878e-30,1.183565388622721639e+23,1.183565388622721639e+23,16,0
256,6.225000000000000533e-01,3.598067989735388796e-30,1.266839525957242832e+23,1.266839525957242832e+23,16,0
256,6.226666666666667016e-01,3.753291437189174886e-30,1.355944808139830308e+23,1.355944808139830308e+23,16,0
256,6.228333333333333499e-01,3.915150109642284217e-30,1.451287582636800318e+23,1.451287582636800318e+23,16,0
256,6.229999999999999982e-01,4.083925013211152408e-30,1.553302375159059762e+23,1.553302375159059762e+23,16,0
256,6.231666666666666465e-01,4.259908943303588953e-30,1.662453834009289991e+23,1.662453834009289991e+23,16,0
256,6.233333333333332948e-01,4.443406974533471476e-30,1.779238807918242892e+23,1.779238807918242892e+23,16,0
256,6.235000000000000542e-01,4.634736970797938862e-30,1.904188566488342373e+23,1.904188566488342373e+23,16,0
256,6.236666666666667025e-01,4.834230116339566294e-30,2.037871172981459255e+23,2.037871172981459255e+23,16,0
256,6.238333333333333508e-01,5.042231468649485735e-30,2.180894019851173054e+23,2.180894019851173054e+23,16,0
256,6.239999999999999991e-01,5.259100534098484296e-30,2.333906538123102467e+23,2.333906538123102467e+23,16,0
256,6.241666666666666474e-01,5.485211867223437404e-30,2.497603092483258806e+23,2.497603092483258806e+23,16,0
256,6.243333333333334068e-01,5.720955694631227891e-30,2.672726074737946903e+23,2.672726074737946903e+23,16,0
256,6.245000000000000551e-01,5.966738564520157551e-30,2.860069209167499908e+23,2.860069209167499908e+23,16,0
256,6.246666666666667034e-01,6.222984022863664886e-30,3.060481084214930959e+23,3.060481084214930959e+23,16,0
256,6.248333333333333517e-01,6.490133317335532433e-30,3.274868925926578082e+23,3.274868925926578082e+23,16,0
256,6.250000000000000000e-01,6.768646130107879959e-30,3.504202629609564196e+23,3.504202629609564196e+23,16,0
256,6.251666666666666483e-01,7.059001340692848886e-30,3.749519067284563045e+23,3.749519067284563045e+23,16,0
256,6.253333333333332966e-01,7.361697820046958382e-30,4.011926689703403255e+23,4.011926689703403255e+23,16,0
256,6.255000000000000560e-01,7.677255257208847385e-30,4.292610442971951409e+23,4.292610442971951409e+23,16,0
256,6.256666666666667043e-01,8.006215019787519402e-30,4.592837021173319173e+23,4.592837021173319173e+23,16,0
256,6.258333333333333526e-01,8.349141049677923303e-30,4.913960477838580394e+23,4.913960477838580394e+23,16,0
256,6.260000000000000009e-01,8.706620795426578990e-30,5.257428220649699814e+23,5.257428220649699814e+23,16,0
256,6.261666666666666492e-01,9.079266182737280843e-30,5.624787415415864080e+23,5.624787415415864080e+23,16,0
256,6.263333333333334085e-01,9.467714624658856558e-30,6.017691827119570970e+23,6.017691827119570970e+23,16,0
256,6.265000000000000568e-01,9.872630073060642405e-30,6.437909127707323238e+23,6.437909127707323238e+23,16,0
256,6.266666666666667052e-01,1.029470411307259056e-29,6.887328702308139160e+23,6.887328702308139160e+23,16,0
256,6.268333333333333535e-01,1.073465710222038513e-29,7.367969987694718993e+23,7.367969987694718993e+23,16,0
256,6.270000000000000018e-01,1.119323935606942293e-29,7.881991379091845567e+23,7.881991379091845567e+23,16,0
256,6.271666666666666501e-01,1.167123238225457798e-29,8.431699743868324518e+23,8.431699743868324518e+23,16,0
256,6.273333333333332984e-01,1.216945016485169864e-29,9.019560583249581729e+23,9.019560583249581729e+23,16,0
256,6.274999999999999467e-01,1.268874050112655167e-29,9.648208885961056353e+23,9.648208885961056353e+23,16,0
256,6.276666666666667060e-01,1.322998639277351473e-29,1.032046072067320109e+24,1.032046072067320109e+24,16,0
256,6.278333333333333544e-01,1.379410749384224018e-29,1.103932561727343007e+24,1.103932561727343007e+24,16,0
256,6.280000000000000027e-01,1.438206161764825155e-29,1.180801979036993686e+24,1.180801979036993686e+24,16,0
256,6.281666666666666510e-01,1.499484630503329067e-29,1.262998026201192026e+24,1.262998026201192026e+24,16,0
256,6.283333333333334103e-01,1.563350045646156272e-29,1.350887994446316258e+24,1.350887994446316258e+24,16,0
256,6.285000000000000586e-01,1.629910603051430897e-29,1.444864374794619785e+24,1.444864374794619785e+24,16,0
256,6.286666666666667069e-01,1.699278981146693361e-29,1.545346578265570026e+24,1.545346578265570026e+24,16,0
256,6.288333333333333552e-01,1.771572524872491208e-29,1.652782772897945146e+24,1.652782772897945146e+24,16,0
256,6.290000000000000036e-01,1.846913437101162122e-29,1.767651845485581203e+24,1.767651845485581203e+24,16,0
256,6.291666666666666519e-01,1.925428977831898002e-29,1.890465496448634727e+24,1.890465496448634727e+24,16,0
256,6.293333333333333002e-01,2.007251671474792652e-29,2.021770476828761436e+24,2.021770476828761436e+24,16,0
256,6.294999999999999485e-01,2.092519522548884084e-29,2.162150976999567259e+24,2.162150976999567259e+24,16,0
256,6.296666666666667078e-01,2.181376240133047270e-29,2.312231177328283989e+24,2.312231177328283989e+24,16,0
256,6.298333333333333561e-01,2.273971471420254762e-29,2.472677971710152955e+24,2.472677971710152955e+24,16,0
256,6.300000000000000044e-01,2.370461044742692359e-29,2.644203875632398043e+24,2.644203875632398043e+24,16,0
256,6.301666666666666528e-01,2.471007222445714654e-29,2.827570131202168018e+24,2.827570131202168018e+24,16,0
256,6.303333333333334121e-01,2.575778964007908018e-29,3.023590022410664021e+24,3.023590022410664021e+24,16,0
256,6.305000000000000604e-01,2.684952199816826934e-29,3.233132414791653553e+24,3.233132414791653553e+24,16,0
256,6.306666666666667087e-01,2.798710116029037894e-29,3.457125534584633624e+24,3.457125534584633624e+24,16,0
256,6.308333333333333570e-01,2.917243450957940074e-29,3.696561003520066207e+24,3.696561003520066207e+24,16,0
256,6.310000000000000053e-01,3.040750803451222624e-29,3.952498146427802369e+24,3.952498146427802369e+24,16,0
256,6.311666666666666536e-01,3.169438953738758369e-29,4.226068590017715041e+24,4.226068590017715041e+24,16,0
256,6.313333333333333020e-01,3.303523197250533831e-29,4.518481172411115545e+24,4.518481172411115545e+24,16,0
256,6.315000000000000613e-01,3.443227691922416076e-29,4.831027184308995456e+24,4.831027184308995456e+24,16,0
256,6.316666666666667096e-01,3.588785819530815111e-29,5.165085964080475040e+24,5.165085964080475040e+24,16,0
256,6.318333333333333579e-01,3.740440561617380024e-29,5.522939293848036289e+24,5.522939293848036289e+24,17,0
256,6.320000000000000062e-01,3.898444890584975708e-29,5.905953599497670337e+24,5.905953599497670337e+24,17,0
256,6.321666666666667656e-01,4.063062176574902395e-29,6.315404892663018357e+24,6.315404892663018357e+24,17,0
256,6.323333333333334139e-01,4.234566610751150445e-29,6.753109259190541576e+24,6.753109259190541576e+24,17,0
256,6.325000000000000622e-01,4.413243645652368966e-29,7.221006939236822759e+24,7.221006939236822759e+24,17,0
256,6.326666666666667105e-01,4.599390453287512244e-29,7.721170773442631353e+24,7.721170773442631353e+24,17,0
256,6.328333333333333588e-01,4.793316401687461354e-29,8.255815220850684655e+24,8.255815220850684655e+24,17,0
256,6.330000000000000071e-01,4.995343550645517429e-29,8.827305987075117127e+24,8.827305987075117127e+24,17,0
256,6.331666666666666554e-01,5.205807167415132728e-29,9.438170303810442107e+24,9.438170303810442107e+24,17,0
256,6.333333333333333037e-01,5.425056263157318264e-29,1.009110790352181873e+25,1.009110790352181873e+25,17,0
256,6.335000000000000631e-01,5.653454150966939647e-29,1.078900273609246007e+25,1.078900273609246007e+25,17,0
256,6.336666666666667114e-01,5.891379026334527198e-29,1.153493547733425286e+25,1.153493547733425286e+25,17,0
256,6.338333333333333597e-01,6.139224570940767688e-29,1.233219688261676750e+25,1.233219688261676750e+25,17,0
256,6.340000000000000080e-01,6.397400580709220756e-29,1.318430204241419295e+25,1.318430204241419295e+25,17,0
256,6.341666666666666563e-01,6.666333619081705904e-29,1.409500560038758265e+25,1.409500560038758265e+25,17,0
256,6.343333333333334156e-01,6.946467696523863421e-29,1.506831799866155505e+25,1.506831799866155505e+25,17,0
256,6.345000000000000639e-01,7.238264977297125885e-29,1.610852281927444001e+25,1.610852281927444001e+25,17,0
256,6.346666666666667123e-01,7.542206514587448347e-29,1.722019529540316260e+25,1.722019529540316260e+25,17,0
256,6.348333333333333606e-01,7.858793015111768713e-29,1.840822207085903923e+25,1.840822207085903923e+25,17,0
256,6.350000000000000089e-01,8.188545634376050333e-29,1.967782229160929921e+25,1.967782229160929921e+25,17,0
256,6.351666666666666572e-01,8.532006803798226140e-29,2.103457011866156055e+25,2.103457011866156055e+25,17,0
256,6.353333333333333055e-01,8.889741090965532167e-29,2.248441875761115108e+25,2.248441875761115108e+25,17,0
256,6.355000000000000648e-01,9.262336094335034253e-29,2.403372610650714661e+25,2.403372610650714661e+25,17,0
256,6.356666666666667131e-01,9.650403373744636318e-29,2.568928213046626610e+25,2.568928213046626610e+25,17,0
256,6.358333333333333615e-01,1.005457941815784440e-28,2.745833807871364539e+25,2.745833807871364539e+25,17,0
256,6.360000000000000098e-01,1.047552665210919707e-28,2.934863766739860861e+25,2.934863766739860861e+25,17,0
256,6.361666666666666581e-01,1.091393448239181186e-28,3.136845035978728970e+25,3.136845035978728970e+25,17,0
256,6.363333333333334174e-01,1.137052038657365044e-28,3.352660688418495669e+25,3.352660688418495669e+25,17,0
256,6.365000000000000657e-01,1.184603104500008071e-28,3.583253713926314346e+25,3.583253713926314346e+25,17,0
256,6.366666666666667140e-01,1.234124351800439555e-28,3.829631064648311163e+25,3.829631064648311163e+25,17,0
256,6.368333333333333623e-01,1.285696647011133866e-28,4.092867971984878889e+25,4.092867971984878889e+25,17,0
256,6.370000000000000107e-01,1.339404144309251578e-28,4.374112553462816524e+25,4.374112553462816524e+25,17,0
256,6.371666666666666590e-01,1.395334417980267408e-28,4.674590728869529836e+25,4.674590728869529836e+25,17,0
256,6.373333333333333073e-01,1.453578600080573978e-28,4.995611466304994847e+25,4.995611466304994847e+25,17,0
256,6.374999999999999556e-01,1.514231523586969720e-28,5.338572380178190114e+25,5.338572380178190114e+25,17,0
256,6.376666666666667149e-01,1.577391871250197644e-28,5.704965704637783403e+25,5.704965704637783403e+25,17,0
256,6.378333333333333632e-01,1.643162330376802597e-28,6.096384667485674640e+25,6.096384667485674640e+25,17,0
256,6.380000000000000115e-01,1.711649753774134352e-28,6.514530291288633756e+25,6.514530291288633756e+25,17,0
256,6.381666666666666599e-01,1.782965327100243627e-28,6.961218650167870492e+25,6.961218650167870492e+25,17,0
256,6.383333333333333082e-01,1.857224742872239223e-28,7.438388612643958545e+25,7.438388612643958545e+25,17,0
256,6.385000000000000675e-01,1.934548381394483428e-28,7.948110102924121532e+25,7.948110102924121532e+25,17,0
256,6.386666666666667158e-01,2.015061498879579806e-28,8.492592915163368003e+25,8.492592915163368003e+25,17,0
256,6.388333333333333641e-01,2.098894423045328857e-28,9.074196117529665337e+25,9.074196117529665337e+25,17,0
256,6.390000000000000124e-01,2.186182756481500284e-28,9.695438085326541391e+25,9.695438085326541391e+25,17,0
256,6.391666666666666607e-01,2.277067588092332915e-28,1.035900720504145240e+26,1.035900720504145240e+26,17,0
256,6.393333333333333091e-01,2.371695712931871658e-28,1.106777329395037226e+26,1.106777329395037226e+26,17,0
256,6.394999999999999574e-01,2.470219860762695226e-28,1.182479978286634785e+26,1.182479978286634785e+26,17,0
256,6.396666666666667167e-01,2.572798933680005958e-28,1.263335671276668739e+26,1.263335671276668739e+26,17,0
256,6.398333333333333650e-01,2.679598253157458149e-28,1.349693459938570192e+26,1.349693459938570192e+26,17,0
256,6.400000000000000133e-01,2.790789816884847954e-28,1.441925922344690996e+26,1.441925922344690996e+26,17,0
256,6.401666666666666616e-01,2.906552565781551599e-28,1.540430740800048055e+26,1.540430740800048055e+26,17,0
256,6.403333333333333099e-01,3.027072661584779710e-28,1.645632384841149639e+26,1.645632384841149639e+26,17,0
256,6.405000000000000693e-01,3.152543775428090397e-28,1.757983906486429776e+26,1.757983906486429776e+26,17,0
256,6.406666666666667176e-01,3.283167387839576329e-28,1.877968855185579681e+26,1.877968855185579681e+26,17,0
256,6.408333333333333659e-01,3.419153100609307192e-28,2.006103320408571677e+26,2.006103320408571677e+26,17,0
256,6.410000000000000142e-01,3.560718960988437195e-28,2.142938110335948576e+26,2.142938110335948576e+26,17,0
256,6.411666666666666625e-01,3.708091798705112073e-28,2.289061075673115432e+26,2.289061075673115432e+26,17,0
256,6.413333333333333108e-01,3.861507576296885356e-28,2.445099588204226020e+26,2.445099588204226020e+26,17,0
256,6.414999999999999591e-01,4.021211753282430916e-28,2.611723184336032653e+26,2.611723184336032653e+26,17,0
256,6.416666666666667185e-01,4.187459664712388011e-28,2.789646384556997653e+26,2.789646384556997653e+26,17,0
256,6.418333333333333668e-01,4.360516914661743350e-28,2.979631700456290737e+26,2.979631700456290737e+26,17,0
256,6.420000000000000151e-01,4.540659785249318951e-28,3.182492841715709502e+26,3.182492841715709502e+26,17,0
256,6.421666666666666634e-01,4.728175661788173424e-28,3.399098136301570593e+26,3.399098136301570593e+26,17,0
256,6.423333333333334227e-01,4.923363474699319750e-28,3.630374177957050883e+26,3.630374177957050883e+26,17,0
256,6.425000000000000711e-01,5.126534158840742715e-28,3.877309716020342798e+26,3.877309716020342798e+26,17,0
256,6.426666666666667194e-01,5.338011130934979250e-28,4.140959803585406195e+26,4.140959803585406195e+26,17,0
256,6.428333333333333677e-01,5.558130785796938694e-28,4.422450221070161263e+26,4.422450221070161263e+26,17,0
256,6.430000000000000160e-01,5.787243012097438832e-28,4.722982193382282357e+26,4.722982193382282357e+26,17,0
256,6.431666666666666643e-01,6.025711728424482486e-28,5.043837420066441933e+26,5.043837420066441933e+26,17,0
256,6.433333333333333126e-01,6.273915440431090444e-28,5.386383439089031333e+26,5.386383439089031333e+26,17,0
256,6.434999999999999609e-01,6.532247819892917021e-28,5.752079346273112394e+26,5.752079346273112394e+26,17,0
256,6.436666666666667203e-01,6.801118306526861975e-28,6.142481893840401598e+26,6.142481893840401598e+26,17,0
256,6.438333333333333686e-01,7.080952733458406048e-28,6.559251993055720305e+26,6.559251993055720305e+26,17,0
256,6.440000000000000169e-01,7.372193977256463664e-28,7.004161647610751918e+26,7.004161647610751918e+26,17,0
256,6.441666666666666652e-01,7.675302633492193439e-28,7.479101346125868055e+26,7.479101346125868055e+26,17,0
256,6.443333333333334245e-01,7.990757718811920889e-28,7.986087944011455398e+26,7.986087944011455398e+26,17,0
256,6.445000000000000728e-01,8.319057400557096649e-28,8.527273066911391058e+26,8.527273066911391058e+26,17,0
256,6.446666666666667211e-01,8.660719755000349548e-28,9.104952070061890817e+26,9.104952070061890817e+26,17,0
256,6.448333333333333695e-01,9.016283555308343616e-28,9.721573590143331968e+26,9.721573590143331968e+26,17,0
256,6.450000000000000178e-01,9.386309090385879364e-28,1.037974972859981603e+27,1.037974972859981603e+27,17,0
256,6.451666666666666661e-01,9.771379015799986729e-28,1.108226690795049967e+27,1.108226690795049967e+27,17,0
256,6.453333333333333144e-01,1.017209923802612691e-27,1.183209744533205534e+27,1.183209744533205534e+27,17,0
256,6.454999999999999627e-01,1.058909983331277819e-27,1.263241189040234951e+27,1.263241189040234951e+27,17,0
256,6.456666666666667220e-01,1.102303600250136009e-27,1.348659217781891131e+27,1.348659217781891131e+27,17,0
256,6.458333333333333703e-01,1.147458906319645388e-27,1.439824564778039797e+27,1.439824564778039797e+27,17,0
256,6.460000000000000187e-01,1.194446748073704928e-27,1.537121999162635035e+27,1.537121999162635035e+27,17,0
256,6.461666666666666670e-01,1.243340793946157288e-27,1.640961918318806616e+27,1.640961918318806616e+27,17,0
256,6.463333333333334263e-01,1.294217645583625136e-27,1.751782046057092080e+27,1.751782046057092080e+27,17,0
256,6.465000000000000746e-01,1.347156953505891330e-27,1.870049242724641651e+27,1.870049242724641651e+27,17,0
256,6.466666666666667229e-01,1.402241537282412844e-27,1.996261434584582497e+27,1.996261434584582497e+27,17,0
256,6.468333333333333712e-01,1.459557510399348809e-27,2.130949670280720884e+27,2.130949670280720884e+27,17,0
256,6.470000000000000195e-01,1.519194409998305398e-27,2.274680312714407562e+27,2.274680312714407562e+27,17,0
256,6.471666666666666679e-01,1.581245331675075203e-27,2.428057375201784591e+27,2.428057375201784591e+27,17,0
256,6.473333333333333162e-01,1.645807069533857497e-27,2.591725011357469749e+27,2.591725011357469749e+27,17,0
256,6.474999999999999645e-01,1.712980261699575024e-27,2.766370168765407002e+27,2.766370168765407002e+27,17,0
256,6.476666666666667238e-01,1.782869541499189150e-27,2.952725417153455902e+27,2.952725417153455902e+27,17,0
256,6.478333333333333721e-01,1.855583694530126452e-27,3.151571962483901307e+27,3.151571962483901307e+27,17,0
256,6.480000000000000204e-01,1.931235821843670104e-27,3.363742859116684572e+27,3.363742859116684572e+27,17,0
256,6.481666666666666687e-01,2.009943509478328486e-27,3.590126432990158128e+27,3.590126432990158128e+27,17,0
256,6.483333333333333171e-01,2.091829004587686564e-27,3.831669929606408573e+27,3.831669929606408573e+27,17,0
256,6.485000000000000764e-01,2.177019398417623009e-27,4.089383401505635703e+27,4.089383401505635703e+27,17,0
256,6.486666666666667247e-01,2.265646816395165889e-27,4.364929274056379475e+27,4.364929274056379475e+27,18,0
256,6.488333333333333730e-01,2.357848615604560882e-27,4.659364887487292582e+27,4.659364887487292582e+27,18,0
256,6.490000000000000213e-01,2.453767589932930013e-27,4.973566928061183589e+27,4.973566928061183589e+27,18,0
256,6.491666666666666696e-01,2.553552183181011659e-27,5.308855968645691220e+27,5.308855968645691220e+27,18,0
256,6.493333333333333179e-01,2.657356710446194886e-27,5.666640375645906748e+27,5.666640375645906748e+27,18,0
256,6.494999999999999662e-01,2.765341588094474661e-27,6.048422116597231006e+27,6.048422116597231006e+27,18,0
256,6.496666666666667256e-01,2.877673572651021319e-27,6.455802949990074325e+27,6.455802949990074325e+27,18,0
256,6.498333333333333739e-01,2.994526008953827750e-27,6.890491022354897608e+27,6.890491022354897608e+27,18,0
256,6.500000000000000222e-01,3.116079087922929432e-27,7.354307899267798762e+27,7.354307899267798762e+27,18,0
