dataset,shard_index,shard_count,d,lambda_ratio,lambda_star,lambda,log2N,N,alpha,radial_order,angular_order,state_bins,gamma,delta,beta,objective,derivative_logdelta,derivative_scaled,neighbor_left,neighbor_right,H_constant,scale_type,theory_scale,collapse_ratio,row_error,steps,evaluations,cgal_version
phase_regimes,1,4,2,0.000000000000000000e+00,4.152787295564890901e-01,0.000000000000000000e+00,1.200000000000000000e+01,4096,1.000000000000000000e+00,128,32,33,9.846596142057657541e-01,1.534038579423424586e-02,5.022101186871791301e-01,2.746539617653204459e+03,-2.337507567062857561e-03,8.510736754127557675e-07,3.257182444485806627e-03,3.164596182614332065e-03,2.445374419422549350e-01,subcritical,1.545335224625172740e-02,9.926898416461785724e-01,4.773959005888173124e-15,4096,30,6.1.1-I-900
phase_regimes,1,4,2,0.000000000000000000e+00,4.152787295564890901e-01,0.000000000000000000e+00,1.200000000000000000e+01,4096,1.000000000000000000e+00,256,64,65,9.846586584426538780e-01,1.534134155734612204e-02,5.022026284814377073e-01,2.746539253922358967e+03,-1.267786387870728504e-03,4.615941265212906293e-07,3.235770675473759184e-03,3.185977830526098842e-03,2.445337089232247907e-01,subcritical,1.545323429319366525e-02,9.927592674954248686e-01,9.769962616701377556e-15,4096,30,6.1.1-I-900
phase_regimes,1,4,2,0.000000000000000000e+00,4.152787295564890901e-01,0.000000000000000000e+00,1.200000000000000000e+01,4096,1.000000000000000000e+00,512,128,129,9.846580501987606260e-01,1.534194980123937402e-02,5.021978619868749938e-01,2.746539224610424753e+03,-6.080568937250063755e-04,2.213902092773696104e-07,3.222569454919721466e-03,3.199167535512970062e-03,2.445332417712827722e-01,subcritical,1.545321953242327802e-02,9.927995761044847711e-01,4.840572387365682516e-14,4096,30,6.1.1-I-900
phase_regimes,1,4,2,0.000000000000000000e+00,4.152787295564890901e-01,0.000000000000000000e+00,2.000000000000000000e+01,1048576,1.000000000000000000e+00,128,32,33,9.990344030540970754e-01,9.655969459029245527e-04,5.008145633282562459e-01,6.993039184727575630e+05,3.903754986822605133e-02,5.582343933304703583e-08,4.990536742843687534e-02,5.146804195828735828e-02,2.445374419422549350e-01,subcritical,9.658345153907329627e-04,9.997540267157336569e-01,7.549516567451064475e-15,1048576,30,6.1.1-I-900
phase_regimes,1,4,2,0.000000000000000000e+00,4.152787295564890901e-01,0.000000000000000000e+00,2.000000000000000000e+01,1048576,1.000000000000000000e+00,256,64,65,9.990346578555800994e-01,9.653421444199006274e-04,5.008336007406709589e-01,6.993039024064835394e+05,-1.235195668414235115e-02,1.766321715299472764e-08,5.093164672143757343e-02,5.043844738975167274e-02,2.445337089232247907e-01,subcritical,9.658271433246040779e-04,9.994978408837900119e-01,2.176037128265306819e-14,1048576,30,6.1.1-I-900
phase_regimes,1,4,2,0.000000000000000000e+00,4.152787295564890901e-01,0.000000000000000000e+00,2.000000000000000000e+01,1048576,1.000000000000000000e+00,512,128,129,9.990346195822998876e-01,9.653804177001124032e-04,5.008307408439333086e-01,6.993039013161847834e+05,-2.231827238574624062e-03,3.191498337666960698e-09,5.072881910018622875e-02,5.064053391106426716e-02,2.445332417712827722e-01,subcritical,9.658262207764548761e-04,9.995384230964613481e-01,9.481304630298836855e-14,1048576,30,6.1.1-I-900
phase_regimes,1,4,2,0.000000000000000000e+00,4.152787295564890901e-01,0.000000000000000000e+00,2.800000000000000000e+01,268435456,1.000000000000000000e+00,128,32,33,9.999396147847355865e-01,6.038521526441353870e-05,5.005516111275106761e-01,1.789610317093509138e+08,6.897151470184326172e-01,3.853996260697653657e-09,7.962712645530700684e-01,8.240430057048797607e-01,2.445374419422549350e-01,subcritical,6.036465721192081017e-05,1.000340564387213416e+00,2.886579864025407005e-15,268435456,30,6.1.1-I-900
phase_regimes,1,4,2,0.000000000000000000e+00,4.152787295564890901e-01,0.000000000000000000e+00,2.800000000000000000e+01,268435456,1.000000000000000000e+00,256,64,65,9.999396307191712463e-01,6.036928082875370194e-05,5.005652092792405305e-01,1.789610228134194911e+08,1.042783260345458984e-01,5.826873606062478127e-10,8.082108795642852783e-01,8.122563362121582031e-01,2.445337089232247907e-01,subcritical,6.036419645778775487e-05,1.000084228255560426e+00,1.332267629550187849e-14,268435456,30,6.1.1-I-900
phase_regimes,1,4,2,0.000000000000000000e+00,4.152787295564890901e-01,0.000000000000000000e+00,2.800000000000000000e+01,268435456,1.000000000000000000e+00,512,128,129,9.999396331125597337e-01,6.036688744026630360e-05,5.005672520626036626e-01,1.789610217329828739e+08,2.462565898895263672e-01,1.376034778438800040e-09,8.053594529628753662e-01,8.151636123657226562e-01,2.445332417712827722e-01,subcritical,6.036413879852842976e-05,1.000045534348581455e+00,5.373479439185757656e-14,268435456,30,6.1.1-I-900
phase_regimes,1,4,2,1.000000000000000056e-01,4.152787295564890901e-01,4.152787295564891457e-02,1.200000000000000000e+01,4096,1.004992671364315138e+00,128,32,33,9.837715004014380149e-01,1.622849959856198510e-02,4.954438806411559093e-01,2.740980896180935815e+03,-8.034061238504364155e-04,2.931089833460125079e-07,3.112792311640077969e-03,3.082834428823844064e-03,2.457602356772345953e-01,subcritical,1.641772809232985852e-02,9.884741364515423623e-01,3.663735981263016583e-15,4096,30,6.1.1-I-900
phase_regimes,1,4,2,1.000000000000000056e-01,4.152787295564890901e-01,4.152787295564891457e-02,1.200000000000000000e+01,4096,1.004992671364315138e+00,256,64,65,9.837704893055317923e-01,1.622951069446820771e-02,4.954363904354148196e-01,2.740980536823481543e+03,2.260308065160643309e-04,8.246348468348158959e-08,3.092198831382120261e-03,3.103421918694948545e-03,2.457565711186835422e-01,subcritical,1.641760568857731153e-02,9.885430922342122173e-01,1.598721155460225418e-14,4096,30,6.1.1-I-900
phase_regimes,1,4,2,1.000000000000000056e-01,4.152787295564890901e-01,4.152787295564891457e-02,1.200000000000000000e+01,4096,1.004992671364315138e+00,512,128,129,9.837711327374878412e-01,1.622886726251215883e-02,4.954411569299774776e-01,2.740980508910903609e+03,-3.674151685117976740e-04,1.340451591382478485e-07,3.104052953403879656e-03,3.091536596002697479e-03,2.457561144171909184e-01,subcritical,1.641759043374918514e-02,9.885048191451363264e-01,4.229949723821846419e-14,4096,30,6.1.1-I-900
phase_regimes,1,4,2,1.000000000000000056e-01,4.152787295564890901e-01,4.152787295564891457e-02,2.000000000000000000e+01,1048576,1.002995602818589127e+00,128,32,33,9.989775310856875423e-01,1.022468914312457677e-03,4.966863651236033683e-01,6.985910452305669896e+05,-3.005831968039274216e-02,4.302706123361790891e-08,4.901676042936742306e-02,4.782655474264174700e-02,2.452710836152122709e-01,subcritical,1.025086333475846035e-03,9.974466353926373374e-01,5.329070518200751394e-15,1048576,30,6.1.1-I-900
phase_regimes,1,4,2,1.000000000000000056e-01,4.152787295564890901e-01,4.152787295564891457e-02,2.000000000000000000e+01,1048576,1.002995602818589127e+00,256,64,65,9.989774673820699391e-01,1.022532617930060894e-03,4.966818710001622561e-01,6.985910300814370858e+05,-3.381865099072456360e-04,4.840979848650821189e-10,4.842057917267084122e-02,4.841911699622869492e-02,2.452673918138418840e-01,subcritical,1.025078618686732284e-03,9.975162873263972996e-01,9.103828801926283631e-15,1048576,30,6.1.1-I-900
phase_regimes,1,4,2,1.000000000000000056e-01,4.152787295564890901e-01,4.152787295564891457e-02,2.000000000000000000e+01,1048576,1.002995602818589127e+00,512,128,129,9.989774268413377234e-01,1.022573158662276605e-03,4.966790111034273258e-01,6.985910289836623706e+05,9.211566066369414330e-03,1.318592092396428528e-08,4.822922940365970135e-02,4.860982089303433895e-02,2.452669309586064939e-01,subcritical,1.025077655629502184e-03,9.975567734273872444e-01,4.996003610813204432e-14,1048576,30,6.1.1-I-900
phase_regimes,1,4,2,1.000000000000000056e-01,4.152787295564890901e-01,4.152787295564891457e-02,2.800000000000000000e+01,268435456,1.002139716298992234e+00,128,32,33,9.999360350193284841e-01,6.396498067151590305e-05,4.975842212475596882e-01,1.788332405469842851e+08,1.671984791755676270e-01,9.349407227882787944e-10,7.677790224552154541e-01,7.745103836059570312e-01,2.450614611525920583e-01,subcritical,6.404051197649161429e-05,9.988205699385501735e-01,9.436895709313830594e-15,268435456,30,6.1.1-I-900
phase_regimes,1,4,2,1.000000000000000056e-01,4.152787295564890901e-01,4.152787295564891457e-02,2.800000000000000000e+01,268435456,1.002139716298992234e+00,256,64,65,9.999360518983917423e-01,6.394810160825770140e-05,4.975978193992804943e-01,1.788332317767235637e+08,-3.568381071090698242e-01,1.995367994884689543e-09,7.783563137054443359e-01,7.641581594944000244e-01,2.450577576178571693e-01,subcritical,6.404002806287352099e-05,9.985645469342148139e-01,2.498001805406602216e-14,268435456,30,6.1.1-I-900
phase_regimes,1,4,2,1.000000000000000056e-01,4.152787295564890901e-01,4.152787295564891457e-02,2.800000000000000000e+01,268435456,1.002139716298992234e+00,512,128,129,9.999360544336655110e-01,6.394556633448900129e-05,4.975998621826961954e-01,1.788332307272637486e+08,-1.990720629692077637e-01,1.113171540656277682e-09,7.751522064208984375e-01,7.674098908901214600e-01,2.450572949719752314e-01,subcritical,6.403996761208523856e-05,9.985259006036970586e-01,2.642330798607872566e-14,268435456,30,6.1.1-I-900
phase_regimes,1,4,2,2.000000000000000111e-01,4.152787295564890901e-01,8.305574591129782913e-02,1.200000000000000000e+01,4096,1.009985342728630275e+00,128,32,33,9.827666770712408795e-01,1.723332292875912053e-02,4.882212734149011801e-01,2.735407350386701182e+03,4.018370987068919931e-03,1.469021053299738983e-06,2.904668031987966970e-03,3.068985207391961012e-03,2.469833192035101044e-01,subcritical,1.755044044877508008e-02,9.819310791121431681e-01,9.214851104388799286e-15,4096,30,6.1.1-I-900
phase_regimes,1,4,2,2.000000000000000111e-01,4.152787295564890901e-01,8.305574591129782913e-02,1.200000000000000000e+01,4096,1.009985342728630275e+00,256,64,65,9.827712245962277882e-01,1.722877540377221184e-02,4.882530024355859477e-01,2.735406994721618048e+03,1.382185246256995015e-04,5.052941843477517891e-08,2.982197537676256616e-03,2.991297637890966143e-03,2.469797219352896367e-01,subcritical,1.755031263878416639e-02,9.816791163992489855e-01,8.104628079763642745e-15,4096,30,6.1.1-I-900
phase_regimes,1,4,2,2.000000000000000111e-01,4.152787295564890901e-01,8.305574591129782913e-02,1.200000000000000000e+01,4096,1.009985342728630275e+00,512,128,129,9.827719076448339086e-01,1.722809235516609139e-02,4.882577689301483836e-01,2.735406968076373687e+03,-4.360463208286091685e-04,1.594082072311349661e-07,2.993663410052249674e-03,2.979791227062378312e-03,2.469792754626395637e-01,subcritical,1.755029677566375887e-02,9.816410842154843497e-01,7.294165271787278471e-14,4096,30,6.1.1-I-900
phase_regimes,1,4,2,2.000000000000000111e-01,4.152787295564890901e-01,8.305574591129782913e-02,2.000000000000000000e+01,1048576,1.005991205637178254e+00,128,32,33,9.989115217053836648e-01,1.088478294616335162e-03,4.921735822840648811e-01,6.978790271941431565e+05,4.866640665568411350e-02,6.973473160720960950e-08,4.513830668292939663e-02,4.710948804859071970e-02,2.460048290809516425e-01,subcritical,1.094727536124590452e-03,9.942915097117425161e-01,4.218847493575594854e-15,1048576,30,6.1.1-I-900
phase_regimes,1,4,2,2.000000000000000111e-01,4.152787295564890901e-01,8.305574591129782913e-02,2.000000000000000000e+01,1048576,1.005991205637178254e+00,256,64,65,9.989118089327665428e-01,1.088191067233457154e-03,4.921926196964782063e-01,6.978790129510383122e+05,1.474109012633562088e-03,2.112270157545176588e-09,4.607965156901627779e-02,4.616295092273503542e-02,2.460011780734498443e-01,subcritical,1.094719412557887666e-03,9.940365126903372150e-01,3.452793606584236841e-14,1048576,30,6.1.1-I-900
phase_regimes,1,4,2,2.000000000000000111e-01,4.152787295564890901e-01,8.305574591129782913e-02,2.000000000000000000e+01,1048576,1.005991205637178254e+00,512,128,129,9.989118520749733499e-01,1.088147925026650142e-03,4.921954795932150240e-01,6.978790118370169075e+05,-7.839436875656247139e-03,1.123323203977808490e-08,4.626549116801470518e-02,4.597625427413731813e-02,2.460007234344399885e-01,subcritical,1.094718400972529435e-03,9.939980218291368796e-01,6.683542608243442373e-14,1048576,30,6.1.1-I-900
phase_regimes,1,4,2,2.000000000000000111e-01,4.152787295564890901e-01,8.305574591129782913e-02,2.800000000000000000e+01,268435456,1.004279432597984467e+00,128,32,33,9.999319055160484915e-01,6.809448395150852207e-05,4.943608049335535548e-01,1.787056222486710846e+08,-9.640306234359741211e-01,5.394517594384991047e-09,7.502388656139373779e-01,7.122298777103424072e-01,2.455855332018677117e-01,subcritical,6.836213748570934786e-05,9.960847693760778165e-01,1.265654248072678456e-14,268435456,30,6.1.1-I-900
phase_regimes,1,4,2,2.000000000000000111e-01,4.152787295564890901e-01,8.305574591129782913e-02,2.800000000000000000e+01,268435456,1.004279432597984467e+00,256,64,65,9.999319012735087275e-01,6.809872649127246547e-05,4.943575948453370894e-01,1.787056136063705981e+08,-2.118051052093505859e-01,1.185217973487319866e-09,7.354114949703216553e-01,7.272368073463439941e-01,2.455818589349663961e-01,subcritical,6.836162609223414674e-05,9.961542810493276834e-01,9.103828801926283631e-15,268435456,30,6.1.1-I-900
phase_regimes,1,4,2,2.000000000000000111e-01,4.152787295564890901e-01,8.305574591129782913e-02,2.800000000000000000e+01,268435456,1.004279432597984467e+00,512,128,129,9.999319039733373105e-01,6.809602666268954607e-05,4.943596376287243133e-01,1.787056125896830261e+08,-3.029406070709228516e-02,1.695193579434404957e-10,7.318891882896423340e-01,7.308316826820373535e-01,2.455814007545169264e-01,subcritical,6.836156232128764261e-05,9.961157169382682808e-01,4.218847493575594854e-14,268435456,30,6.1.1-I-900
phase_regimes,1,4,2,2.999999999999999889e-01,4.152787295564890901e-01,1.245836188669467159e-01,1.200000000000000000e+01,4096,1.014978014092945413e+00,128,32,33,9.816366958028559520e-01,1.836330419714404805e-02,4.805858763872739581e-01,2.729814248356838107e+03,-1.397910409650648944e-04,5.120899381678059636e-08,2.879003718135209056e-03,2.878533471630362328e-03,2.482066962157015444e-01,subcritical,1.890905540191695211e-02,9.711381032435085769e-01,2.087219286295294296e-14,4096,30,6.1.1-I-900
phase_regimes,1,4,2,2.999999999999999889e-01,4.152787295564890901e-01,1.245836188669467159e-01,1.200000000000000000e+01,4096,1.014978014092945413e+00,256,64,65,9.816355517006802867e-01,1.836444829931971334e-02,4.805783861815328684e-01,2.729813897522642492e+03,8.163301572494674474e-04,2.990424211666232959e-07,2.859902968793903710e-03,2.897681854847178329e-03,2.482031650844512272e-01,subcritical,1.890892089588842168e-02,9.712055172494217237e-01,1.021405182655144017e-14,4096,30,6.1.1-I-900
phase_regimes,1,4,2,2.999999999999999889e-01,4.152787295564890901e-01,1.245836188669467159e-01,1.200000000000000000e+01,4096,1.014978014092945413e+00,512,128,129,9.816362797739484058e-01,1.836372022605159415e-02,4.805831526760955819e-01,2.729813871992514578e+03,2.603170514703379013e-04,9.536073288408130478e-08,2.870999098377069458e-03,2.886535635298059788e-03,2.482027286240814645e-01,subcritical,1.890890427039891575e-02,9.711678669186144530e-01,9.658940314238861902e-15,4096,30,6.1.1-I-900
phase_regimes,1,4,2,2.999999999999999889e-01,4.152787295564890901e-01,1.245836188669467159e-01,2.000000000000000000e+01,1048576,1.008986808455767159e+00,128,32,33,9.988354786934463547e-01,1.164521306553645275e-03,4.873023624369416940e-01,6.971677610297852661e+05,-2.511392813175916672e-02,3.602279040365180758e-08,4.427672666497528553e-02,4.331013513728976250e-02,2.467386791375930921e-01,subcritical,1.178315857748186805e-03,9.882929936792130832e-01,1.121325254871408106e-14,1048576,30,6.1.1-I-900
phase_regimes,1,4,2,2.999999999999999889e-01,4.152787295564890901e-01,1.245836188669467159e-01,2.000000000000000000e+01,1048576,1.008986808455767159e+00,256,64,65,9.988354061394361105e-01,1.164593860563889471e-03,4.872978683134956968e-01,6.971677476866573561e+05,1.087260898202657700e-03,1.559539869436599440e-09,4.375045176129788160e-02,4.383192886598408222e-02,2.467350685039431391e-01,subcritical,1.178307236314235723e-03,9.883617995988533966e-01,2.142730437526552123e-14,1048576,30,6.1.1-I-900
phase_regimes,1,4,2,2.999999999999999889e-01,4.152787295564890901e-01,1.245836188669467159e-01,2.000000000000000000e+01,1048576,1.008986808455767159e+00,512,128,129,9.988354523106929284e-01,1.164547689307071643e-03,4.873007282102355120e-01,6.971677465467088623e+05,-7.889233529567718506e-03,1.131611949727389585e-08,4.392953636124730110e-02,4.365197441074997187e-02,2.467346200024926051e-01,subcritical,1.178306165382673326e-03,9.883235134638089781e-01,2.908784324517910136e-14,1048576,30,6.1.1-I-900
phase_regimes,1,4,2,2.999999999999999889e-01,4.152787295564890901e-01,1.245836188669467159e-01,2.800000000000000000e+01,268435456,1.006419148896976701e+00,128,32,33,9.999269935590375802e-01,7.300644096241981629e-05,4.907720258453035500e-01,1.785781746884014010e+08,9.331330657005310059e-01,5.225347763402453907e-09,6.714808344841003418e-01,7.091870307922363281e-01,2.461096583811422378e-01,subcritical,7.355080846650195487e-05,9.925987556706454829e-01,1.387778780781445676e-14,268435456,30,6.1.1-I-900
phase_regimes,1,4,2,2.999999999999999889e-01,4.152787295564890901e-01,1.245836188669467159e-01,2.800000000000000000e+01,268435456,1.006419148896976701e+00,256,64,65,9.999270128239591271e-01,7.298717604087290312e-05,4.907856239970147527e-01,1.785781661777399182e+08,5.623996257781982422e-01,3.149319078674144947e-09,6.788000464439392090e-01,7.020427286624908447e-01,2.461060131670299855e-01,subcritical,7.355026377142676432e-05,9.923441779583037636e-01,1.498801083243961330e-14,268435456,30,6.1.1-I-900
phase_regimes,1,4,2,2.999999999999999889e-01,4.152787295564890901e-01,1.245836188669467159e-01,2.800000000000000000e+01,268435456,1.006419148896976701e+00,512,128,129,9.999270250808077742e-01,7.297491919222576229e-05,4.907942773663185321e-01,1.785781651960108280e+08,3.267303109169006348e-01,1.829620718514355741e-09,6.837701201438903809e-01,6.971755623817443848e-01,2.461055594104604449e-01,subcritical,7.355019596745413629e-05,9.921784467374780148e-01,7.105427357601001859e-14,268435456,30,6.1.1-I-900
phase_regimes,1,4,2,4.000000000000000222e-01,4.152787295564890901e-01,1.661114918225956583e-01,1.200000000000000000e+01,4096,1.019970685457260551e+00,128,32,33,9.803365113689904708e-01,1.966348863100952915e-02,4.723614072677738140e-01,2.724196009903161212e+03,7.643195658602053300e-04,2.805670234747077347e-07,2.756685448275675299e-03,2.794139013985841302e-03,2.494303704055561011e-01,subcritical,2.058335951809096148e-02,9.553099732687977408e-01,3.885780586188047891e-15,4096,30,6.1.1-I-900
phase_regimes,1,4,2,4.000000000000000222e-01,4.152787295564890901e-01,1.661114918225956583e-01,1.200000000000000000e+01,4096,1.019970685457260551e+00,256,64,65,9.803377364011698347e-01,1.966226359883016528e-02,4.723688974735145707e-01,2.724195663527400029e+03,-3.968943929066881537e-05,1.456923224056428628e-08,2.772741160242730984e-03,2.778033147933456348e-03,2.494269042748054610e-01,subcritical,2.058321650250084442e-02,9.552570948491561076e-01,2.220446049250313081e-14,4096,30,6.1.1-I-900
phase_regimes,1,4,2,4.000000000000000222e-01,4.152787295564890901e-01,1.661114918225956583e-01,1.200000000000000000e+01,4096,1.019970685457260551e+00,512,128,129,9.803369568440680748e-01,1.966304315593192520e-02,4.723641309789518017e-01,2.724195639018500970e+03,5.219262675382196903e-04,1.915891282045603066e-07,2.761519839623360895e-03,2.789278444652154576e-03,2.494264776134705597e-01,subcritical,2.058319889801184591e-02,9.552957853325315662e-01,3.375077994860475883e-14,4096,30,6.1.1-I-900
phase_regimes,1,4,2,4.000000000000000222e-01,4.152787295564890901e-01,1.661114918225956583e-01,2.000000000000000000e+01,1048576,1.011982411274356286e+00,128,32,33,9.987448892535160105e-01,1.255110746483989459e-03,4.818984808309106360e-01,6.964571169773512520e+05,2.857856452465057373e-02,4.103420559284764856e-08,4.083977860864251852e-02,4.203640145715326071e-02,2.474726345833000718e-01,subcritical,1.281401423549723443e-03,9.794828719692664221e-01,1.176836406102665933e-14,1048576,30,6.1.1-I-900
phase_regimes,1,4,2,4.000000000000000222e-01,4.152787295564890901e-01,1.661114918225956583e-01,2.000000000000000000e+01,1048576,1.011982411274356286e+00,256,64,65,9.987452204518290078e-01,1.254779548170992243e-03,4.819175182433226845e-01,6.964571045064647915e+05,-1.483032247051596642e-02,2.129394958362192225e-08,4.170424258336424828e-02,4.116433660965412855e-02,2.474690639070574461e-01,subcritical,1.281392179121278695e-03,9.792314707519627071e-01,2.842170943040400743e-14,1048576,30,6.1.1-I-900
phase_regimes,1,4,2,4.000000000000000222e-01,4.152787295564890901e-01,1.661114918225956583e-01,2.000000000000000000e+01,1048576,1.011982411274356286e+00,512,128,129,9.987451707031160808e-01,1.254829296883919199e-03,4.819146583465869771e-01,6.964571033284275327e+05,-7.037626346573233604e-03,1.010489563957323533e-08,4.154824989382177591e-02,4.132006783038377762e-02,2.474686214649007565e-01,subcritical,1.281391033640377590e-03,9.792711701119075629e-01,1.421085471520200372e-14,1048576,30,6.1.1-I-900
phase_regimes,1,4,2,4.000000000000000222e-01,4.152787295564890901e-01,1.661114918225956583e-01,2.800000000000000000e+01,268435456,1.008558865195968712e+00,128,32,33,9.999211933898431992e-01,7.880661015680079373e-05,4.868329938933247392e-01,1.784508952227140665e+08,-4.455000162124633789e-01,2.496485185218381767e-09,6.572095453739166260e-01,6.394239068031311035e-01,2.466338369813139419e-01,subcritical,7.995174708781891651e-05,9.856771493716040000e-01,3.996802888650563546e-15,268435456,30,6.1.1-I-900
phase_regimes,1,4,2,4.000000000000000222e-01,4.152787295564890901e-01,1.661114918225956583e-01,2.800000000000000000e+01,268435456,1.008558865195968712e+00,256,64,65,9.999211884798981931e-01,7.881152010180692002e-05,4.868297838051641735e-01,1.784508868487938941e+08,3.287494182586669922e-01,1.842240316447544251e-09,6.415893733501434326e-01,6.552447378635406494e-01,2.466302206058429425e-01,subcritical,7.995116092210769159e-05,9.857457877139387259e-01,9.436895709313830594e-15,268435456,30,6.1.1-I-900
phase_regimes,1,4,2,4.000000000000000222e-01,4.152787295564890901e-01,1.661114918225956583e-01,2.800000000000000000e+01,268435456,1.008558865195968712e+00,512,128,129,9.999212118239345637e-01,7.878817606543631058e-05,4.868450477603309956e-01,1.784508859050285518e+08,-2.936422824859619141e-01,1.645507563589447000e-09,6.539172530174255371e-01,6.430025100708007812e-01,2.466297712322783886e-01,subcritical,7.995108808441073103e-05,9.854547067858958620e-01,2.786659791809142916e-14,268435456,30,6.1.1-I-900
phase_regimes,1,4,2,5.000000000000000000e-01,4.152787295564890901e-01,2.076393647782445451e-01,1.200000000000000000e+01,4096,1.024963356821575688e+00,128,32,33,9.788331769556288808e-01,2.116682304437111917e-02,4.635042866775425097e-01,2.718546011410523533e+03,3.367945737409172580e-03,1.238877592386860633e-06,2.607045084005221725e-03,2.750668953922286164e-03,2.506543454614779676e-01,subcritical,2.272307762010144713e-02,9.315121568588216050e-01,5.773159728050814010e-15,4096,30,6.1.1-I-900
phase_regimes,1,4,2,5.000000000000000000e-01,4.152787295564890901e-01,2.076393647782445451e-01,1.200000000000000000e+01,4096,1.024963356821575688e+00,256,64,65,9.788387624516522445e-01,2.116123754834775550e-02,4.635360156982273883e-01,2.718545669607616219e+03,-1.026668314807466231e-04,3.776535102151333031e-08,2.676297234756930266e-03,2.681085853510012385e-03,2.506509432119079506e-01,subcritical,2.272292340405691197e-02,9.312726699844292577e-01,1.110223024625156540e-14,4096,30,6.1.1-I-900
phase_regimes,1,4,2,5.000000000000000000e-01,4.152787295564890901e-01,2.076393647782445451e-01,1.200000000000000000e+01,4096,1.024963356821575688e+00,512,128,129,9.788379234641709781e-01,2.116207653582902193e-02,4.635312492036647303e-01,2.718545645922974018e+03,4.368367854112875648e-04,1.606876772756842986e-07,2.665525727934436873e-03,2.691896682335936930e-03,2.506505261417271702e-01,subcritical,2.272290449916552699e-02,9.313103673258924520e-01,1.243449787580175325e-14,4096,30,6.1.1-I-900
phase_regimes,1,4,2,5.000000000000000000e-01,4.152787295564890901e-01,2.076393647782445451e-01,2.000000000000000000e+01,1048576,1.014978014092945413e+00,128,32,33,9.986367326769719499e-01,1.363267323028050093e-03,4.759357898386468166e-01,6.957469283425838221e+05,-4.085179534740746021e-02,5.871645807294481137e-08,3.984599001705646515e-02,3.828304877970367670e-02,2.482066962157015444e-01,subcritical,1.413241223875002497e-03,9.646388033389461381e-01,4.884981308350688778e-15,1048576,30,6.1.1-I-900
phase_regimes,1,4,2,5.000000000000000000e-01,4.152787295564890901e-01,2.076393647782445451e-01,2.000000000000000000e+01,1048576,1.014978014092945413e+00,256,64,65,9.986366477403454400e-01,1.363352259654559973e-03,4.759312957152028178e-01,6.957469166999253212e+05,-1.893116859719157219e-02,2.720984907412325596e-08,3.940488968510180712e-02,3.871870832517743111e-02,2.482031650844512272e-01,subcritical,1.413231171047913282e-03,9.647057661795217509e-01,4.884981308350688778e-14,1048576,30,6.1.1-I-900
phase_regimes,1,4,2,5.000000000000000000e-01,4.152787295564890901e-01,2.076393647782445451e-01,2.000000000000000000e+01,1048576,1.014978014092945413e+00,512,128,129,9.986365936870096327e-01,1.363406312990367297e-03,4.759284358184628916e-01,6.957469154700151412e+05,-1.173428609035909176e-02,1.686573929319102794e-08,3.926092665642499924e-02,3.886255377437919378e-02,2.482027286240814645e-01,subcritical,1.413229928477798556e-03,9.647448624718154564e-01,1.554312234475219157e-14,1048576,30,6.1.1-I-900
phase_regimes,1,4,2,5.000000000000000000e-01,4.152787295564890901e-01,2.076393647782445451e-01,2.800000000000000000e+01,268435456,1.010698581494960946e+00,128,32,33,9.999140575980958179e-01,8.594240190418211967e-05,4.823667991627372809e-01,1.783237804523573220e+08,-3.617405891418457031e-01,2.028560566763509989e-09,6.118231415748596191e-01,5.984809696674346924e-01,2.471580692933898205e-01,subcritical,8.814079524961685667e-05,9.750581630309911318e-01,7.549516567451064475e-15,268435456,30,6.1.1-I-900
phase_regimes,1,4,2,5.000000000000000000e-01,4.152787295564890901e-01,2.076393647782445451e-01,2.800000000000000000e+01,268435456,1.010698581494960946e+00,256,64,65,9.999140802765555947e-01,8.591972344440534926e-05,4.823803973144860091e-01,1.783237722225665152e+08,-5.271807312965393066e-01,2.956312132285779492e-09,6.152940094470977783e-01,5.953024327754974365e-01,2.471544815434554565e-01,subcritical,8.814015552079701205e-05,9.748079401122937693e-01,7.549516567451064475e-15,268435456,30,6.1.1-I-900
phase_regimes,1,4,2,5.000000000000000000e-01,4.152787295564890901e-01,2.076393647782445451e-01,2.800000000000000000e+01,268435456,1.010698581494960946e+00,512,128,129,9.999140768700642834e-01,8.592312993571660229e-05,4.823783545311167154e-01,1.783237713205837011e+08,-4.793703556060791016e-02,2.688202206896383190e-10,6.057666540145874023e-01,6.048903167247772217e-01,2.471540365137243622e-01,subcritical,8.814007616757806994e-05,9.748474663483787106e-01,5.306866057708248263e-14,268435456,30,6.1.1-I-900
phase_regimes,1,4,2,5.999999999999999778e-01,4.152787295564890901e-01,2.491672377338934319e-01,1.200000000000000000e+01,4096,1.029956028185890826e+00,128,32,33,9.770879730944008745e-01,2.291202690559912547e-02,4.539792581584802811e-01,2.712856365318824373e+03,3.474251229818037245e-03,1.280661694527174498e-06,2.516718327115086140e-03,2.666945523742469959e-03,2.518786250692455764e-01,subcritical,2.560175368426885825e-02,8.949397446815352541e-01,7.993605777301127091e-15,4096,30,6.1.1-I-900
phase_regimes,1,4,2,5.999999999999999778e-01,4.152787295564890901e-01,2.491672377338934319e-01,1.200000000000000000e+01,4096,1.029956028185890826e+00,256,64,65,9.770940191143869802e-01,2.290598088561301982e-02,4.540109871791652152e-01,2.712856029165752261e+03,1.231245505550759844e-04,4.538558229090351243e-08,2.583529661478678463e-03,2.599700419978034915e-03,2.518752855970204929e-01,subcritical,2.560158396635670019e-02,8.947095193685672410e-01,8.326672684688674053e-15,4096,30,6.1.1-I-900
phase_regimes,1,4,2,5.999999999999999778e-01,4.152787295564890901e-01,2.491672377338934319e-01,1.200000000000000000e+01,4096,1.029956028185890826e+00,512,128,129,9.770949272403535169e-01,2.290507275964648315e-02,4.540157536737276511e-01,2.712856006146258096e+03,-3.845992750939331017e-04,1.417691444818977927e-07,2.593645522210863419e-03,2.589505887499399250e-03,2.518748779139108329e-01,subcritical,2.560156324709962627e-02,8.946747719493798323e-01,3.241851231905457098e-14,4096,30,6.1.1-I-900
phase_regimes,1,4,2,5.999999999999999778e-01,4.152787295564890901e-01,2.491672377338934319e-01,2.000000000000000000e+01,1048576,1.017973616911534540e+00,128,32,33,9.985027116359543875e-01,1.497288364045612497e-03,4.691716093317899738e-01,6.950369755169902928e+05,2.933718496933579445e-02,4.220953129509962647e-08,3.606748650781810284e-02,3.733341675251722336e-02,2.489408648322130879e-01,subcritical,1.590750880333038604e-03,9.412462897598027345e-01,1.154631945610162802e-14,1048576,30,6.1.1-I-900
phase_regimes,1,4,2,5.999999999999999778e-01,4.152787295564890901e-01,2.491672377338934319e-01,2.000000000000000000e+01,1048576,1.017973616911534540e+00,256,64,65,9.985031067400370608e-01,1.496893259962939204e-03,4.691906467441982476e-01,6.950369646328897215e+05,-1.115299528464674950e-02,1.604662176570368219e-08,3.687220637220889330e-02,3.651817340869456530e-02,2.489373728365148752e-01,subcritical,1.590739723236120817e-03,9.410045138734166592e-01,5.417888360170763917e-14,1048576,30,6.1.1-I-900
phase_regimes,1,4,2,5.999999999999999778e-01,4.152787295564890901e-01,2.491672377338934319e-01,2.000000000000000000e+01,1048576,1.017973616911534540e+00,512,128,129,9.985030473921514549e-01,1.496952607848545114e-03,4.691877868474620406e-01,6.950369633338209242e+05,-4.557281499728560448e-03,6.556890841990705795e-09,3.674029442481696606e-02,3.665013902354985476e-02,2.489369422804037779e-01,subcritical,1.590738347582884528e-03,9.410426360332319051e-01,1.842970220877759857e-14,1048576,30,6.1.1-I-900
phase_regimes,1,4,2,5.999999999999999778e-01,4.152787295564890901e-01,2.491672377338934319e-01,2.800000000000000000e+01,268435456,1.012838297793953179e+00,128,32,33,9.999050484497088442e-01,9.495155029115576184e-05,4.772303185259487157e-01,1.781968258294249475e+08,5.732029676437377930e-01,3.216684500275128015e-09,5.489036738872528076e-01,5.730470418930053711e-01,2.476823556079995048e-01,subcritical,9.917030006837698015e-05,9.574595440942255120e-01,4.329869796038110508e-15,268435456,30,6.1.1-I-900
phase_regimes,1,4,2,5.999999999999999778e-01,4.152787295564890901e-01,2.491672377338934319e-01,2.800000000000000000e+01,268435456,1.012838297793953179e+00,256,64,65,9.999050926419671415e-01,9.490735803285854644e-05,4.772543047412181050e-01,1.781968177547986805e+08,-3.416091203689575195e-02,1.917032664629378912e-10,5.613427460193634033e-01,5.608354210853576660e-01,2.476787962726360315e-01,subcritical,9.916958749920080321e-05,9.570208006927869437e-01,7.438494264988548821e-15,268435456,30,6.1.1-I-900
phase_regimes,1,4,2,5.999999999999999778e-01,4.152787295564890901e-01,2.491672377338934319e-01,2.800000000000000000e+01,268435456,1.012838297793953179e+00,512,128,129,9.999051085799055549e-01,9.489142009444506698e-05,4.772629581104758656e-01,1.781968168998852074e+08,-1.358464360237121582e-01,7.623392964422792904e-10,5.633049905300140381e-01,5.589083135128021240e-01,2.476783555470524756e-01,subcritical,9.916949926679168557e-05,9.568609380507461237e-01,6.705747068735945504e-14,268435456,30,6.1.1-I-900
phase_regimes,1,4,2,6.999999999999999556e-01,4.152787295564890901e-01,2.906951106895423464e-01,1.200000000000000000e+01,4096,1.034948699550205964e+00,128,32,33,9.750516694012800745e-01,2.494833059871992553e-02,4.437427423317295561e-01,2.707117679414546728e+03,-1.510155698269954883e-03,5.578463432725790716e-07,2.541199253300874261e-03,2.494816075341077521e-03,2.531032129115768359e-01,subcritical,2.979023812821910214e-02,8.374666389486618012e-01,5.107025913275720086e-15,4096,30,6.1.1-I-900
phase_regimes,1,4,2,6.999999999999999556e-01,4.152787295564890901e-01,2.906951106895423464e-01,1.200000000000000000e+01,4096,1.034948699550205964e+00,256,64,65,9.750501150274587525e-01,2.494988497254124749e-02,4.437352521259885774e-01,2.707117350045975400e+03,-6.554886340381926857e-04,2.421352860920714978e-07,2.524175373309844872e-03,2.511979566406807862e-03,2.530999351296059352e-01,subcritical,2.979004523019054482e-02,8.375242393810108377e-01,7.438494264988548821e-15,4096,30,6.1.1-I-900
phase_regimes,1,4,2,6.999999999999999556e-01,4.152787295564890901e-01,2.906951106895423464e-01,1.200000000000000000e+01,4096,1.034948699550205964e+00,512,128,129,9.750491258300594266e-01,2.495087416994057339e-02,4.437304856314261969e-01,2.707117327522670166e+03,-1.523736727904179133e-04,5.628632022752323520e-08,2.514149364287732169e-03,2.522080534163251286e-03,2.530995366323156026e-01,subcritical,2.979002177847181812e-02,8.375581043707620577e-01,1.187938636348917498e-14,4096,30,6.1.1-I-900
phase_regimes,1,4,2,6.999999999999999556e-01,4.152787295564890901e-01,2.906951106895423464e-01,2.000000000000000000e+01,1048576,1.020969219730123445e+00,128,32,33,9.983343555078192377e-01,1.665644492180762271e-03,4.614851886786738300e-01,6.943269608784165466e+05,2.803403185680508614e-02,4.037583650984585757e-08,3.376059257425367832e-02,3.500004031229764223e-02,2.496751412293558847e-01,subcritical,1.849238025343615671e-03,9.007193608141715879e-01,8.881784197001252323e-15,1048576,30,6.1.1-I-900
phase_regimes,1,4,2,6.999999999999999556e-01,4.152787295564890901e-01,2.906951106895423464e-01,2.000000000000000000e+01,1048576,1.020969219730123445e+00,256,64,65,9.983347950376754154e-01,1.665204962324584592e-03,4.615042260910868777e-01,6.943269506250891136e+05,-1.161333057098090649e-02,1.672602591693387309e-08,3.454749856609851122e-02,3.420078277122229338e-02,2.496716879639947484e-01,subcritical,1.849225236862417614e-03,9.004879065732087629e-01,1.132427485117659671e-14,1048576,30,6.1.1-I-900
phase_regimes,1,4,2,6.999999999999999556e-01,4.152787295564890901e-01,2.906951106895423464e-01,2.000000000000000000e+01,1048576,1.020969219730123445e+00,512,128,129,9.983347290166729726e-01,1.665270983327027388e-03,4.615013661943517809e-01,6.943269492339679273e+05,-5.607202183455228806e-03,8.075737503263415804e-09,3.442749870009720325e-02,3.432106110267341137e-02,2.496712632374725183e-01,subcritical,1.849223663966139113e-03,9.005243745126116917e-01,9.015010959956271108e-14,1048576,30,6.1.1-I-900
phase_regimes,1,4,2,6.999999999999999556e-01,4.152787295564890901e-01,2.906951106895423464e-01,2.800000000000000000e+01,268435456,1.014978014092945413e+00,128,32,33,9.998933557337011946e-01,1.066442662988054124e-04,4.712466420681750146e-01,1.780700249757212102e+08,-1.086592674255371094e-01,6.102052686315518168e-10,5.174813270568847656e-01,5.143568515777587891e-01,2.482066962157015444e-01,subcritical,1.152369956686453159e-04,9.254342815865522764e-01,6.550315845288423588e-15,268435456,30,6.1.1-I-900
phase_regimes,1,4,2,6.999999999999999556e-01,4.152787295564890901e-01,2.906951106895423464e-01,2.800000000000000000e+01,268435456,1.014978014092945413e+00,256,64,65,9.998933838749637371e-01,1.066161250362629431e-04,4.712602402198778906e-01,1.780700170735541880e+08,-1.749396324157714844e-02,9.824204843171904969e-11,5.158351063728332520e-01,5.162796080112457275e-01,2.482031650844512272e-01,subcritical,1.152361759518325234e-04,9.251966594312130976e-01,9.547918011776346248e-15,268435456,30,6.1.1-I-900
phase_regimes,1,4,2,6.999999999999999556e-01,4.152787295564890901e-01,2.906951106895423464e-01,2.800000000000000000e+01,268435456,1.014978014092945413e+00,512,128,129,9.998934017791734075e-01,1.065982208265925379e-04,4.712688935891496955e-01,1.780700162728328705e+08,-7.316470146179199219e-02,4.108760306378110818e-10,5.167805552482604980e-01,5.153918862342834473e-01,2.482027286240814645e-01,subcritical,1.152360746315168470e-04,9.250421030693293245e-01,1.186828413324292342e-13,268435456,30,6.1.1-I-900
phase_regimes,1,4,2,8.000000000000000444e-01,4.152787295564890901e-01,3.322229836451913165e-01,1.200000000000000000e+01,4096,1.039941370914521102e+00,128,32,33,9.726311544400466635e-01,2.736884555995333645e-02,4.326101339860330408e-01,2.701318826088311653e+03,1.708662011878914200e-03,6.325288208771601302e-07,2.421062853500188794e-03,2.506792649455746869e-03,2.543281126680932425e-01,subcritical,3.676561869132869559e-02,7.444141166161954981e-01,3.330669073875469621e-15,4096,30,6.1.1-I-900
phase_regimes,1,4,2,8.000000000000000444e-01,4.152787295564890901e-01,3.322229836451913165e-01,1.200000000000000000e+01,4096,1.039941370914521102e+00,256,64,65,9.726328595147235578e-01,2.736714048527644216e-02,4.326176241917740750e-01,2.701318503793842865e+03,1.012718826132186223e-03,3.748979710130005797e-07,2.434888979223615024e-03,2.492770934622967616e-03,2.543248955057571536e-01,subcritical,3.676538615443662728e-02,7.443724477778655979e-01,1.987299214079030207e-14,4096,30,6.1.1-I-900
phase_regimes,1,4,2,8.000000000000000444e-01,4.152787295564890901e-01,3.322229836451913165e-01,1.200000000000000000e+01,4096,1.039941370914521102e+00,512,128,129,9.726339445069371870e-01,2.736605549306281304e-02,4.326223906863368440e-01,2.701318481639650145e+03,5.266400648906710558e-04,1.949566733690025134e-07,2.444555824240524089e-03,2.482992653767723823e-03,2.543245059982529588e-01,subcritical,3.676535800068617132e-02,7.443435065300347819e-01,7.549516567451064475e-15,4096,30,6.1.1-I-900
phase_regimes,1,4,2,8.000000000000000444e-01,4.152787295564890901e-01,3.322229836451913165e-01,2.000000000000000000e+01,1048576,1.023964822548712572e+00,128,32,33,9.981160590649831299e-01,1.883940935016870100e-03,4.526015275061116561e-01,6.936164682947779074e+05,-1.702897134236991405e-02,2.455099052684663769e-08,3.244430141057819128e-02,3.191360970959067345e-02,2.504095262040205161e-01,subcritical,2.280080262023256258e-03,8.262607972164685011e-01,1.598721155460225418e-14,1048576,30,6.1.1-I-900
phase_regimes,1,4,2,8.000000000000000444e-01,4.152787295564890901e-01,3.322229836451913165e-01,2.000000000000000000e+01,1048576,1.023964822548712572e+00,256,64,65,9.981159416884533009e-01,1.884058311546699116e-03,4.525970333826663805e-01,6.936164584524624515e+05,-4.043016815558075905e-03,5.828894003724346538e-09,3.218103060498833656e-02,3.216982760932296515e-02,2.504061112666071121e-01,subcritical,2.280064714775399941e-03,8.263179107757431252e-01,6.294964549624637584e-14,1048576,30,6.1.1-I-900
phase_regimes,1,4,2,8.000000000000000444e-01,4.152787295564890901e-01,3.322229836451913165e-01,2.000000000000000000e+01,1048576,1.023964822548712572e+00,512,128,129,9.981158669904903746e-01,1.884133009509625367e-03,4.525941734859278420e-01,6.936164569402296329e+05,1.398468157276511192e-03,2.016198063473889086e-09,3.207246877718716860e-02,3.227893589064478874e-02,2.504056922951169439e-01,subcritical,2.280062807308952996e-03,8.263513634229119331e-01,4.241051954068097984e-14,1048576,30,6.1.1-I-900
phase_regimes,1,4,2,8.000000000000000444e-01,4.152787295564890901e-01,3.322229836451913165e-01,2.800000000000000000e+01,268435456,1.017117730391937647e+00,128,32,33,9.998773349662420928e-01,1.226650337579071603e-04,4.640352971043137931e-01,1.779433684228316247e+08,-1.393631100654602051e-01,7.831879957127907602e-10,4.729536771774291992e-01,4.686499834060668945e-01,2.487310914070754164e-01,subcritical,1.420266249764652318e-04,8.636763267326360571e-01,1.254552017826426891e-14,268435456,30,6.1.1-I-900
phase_regimes,1,4,2,8.000000000000000444e-01,4.152787295564890901e-01,3.322229836451913165e-01,2.800000000000000000e+01,268435456,1.017117730391937647e+00,256,64,65,9.998773673350608293e-01,1.226326649391706880e-04,4.640488952560377078e-01,1.779433607209521532e+08,1.095905900001525879e-01,6.158734417296452950e-10,4.679495096206665039e-01,4.739623665809631348e-01,2.487275882714304609e-01,subcritical,1.420256248194653147e-04,8.634545005174536492e-01,2.331468351712828735e-14,268435456,30,6.1.1-I-900
phase_regimes,1,4,2,8.000000000000000444e-01,4.152787295564890901e-01,3.322229836451913165e-01,2.800000000000000000e+01,268435456,1.017117730391937647e+00,512,128,129,9.998773879289526434e-01,1.226120710473566078e-04,4.640575486253060711e-01,1.779433599846255481e+08,1.141801476478576660e-01,6.416656831573986557e-10,4.678370654582977295e-01,4.740930497646331787e-01,2.487271560362802614e-01,subcritical,1.420255014143891449e-04,8.633102494009875505e-01,1.123545700920658419e-13,268435456,30,6.1.1-I-900
phase_regimes,1,4,2,8.499999999999999778e-01,4.152787295564890901e-01,3.529869201230156905e-01,1.200000000000000000e+01,4096,1.042437706596678559e+00,128,32,33,9.712596784421526630e-01,2.874032155784733700e-02,4.267316655381977464e-01,2.698392843650374743e+03,2.726836441979685333e-03,1.010540940469895515e-06,2.382000038323894842e-03,2.510395620902272640e-03,2.549406806633151557e-01,subcritical,4.261550777228818171e-02,6.744099286911808822e-01,4.218847493575594854e-15,4096,30,6.1.1-I-900
phase_regimes,1,4,2,8.499999999999999778e-01,4.152787295564890901e-01,3.529869201230156905e-01,1.200000000000000000e+01,4096,1.042437706596678559e+00,256,64,65,9.712672624310882963e-01,2.873273756891170372e-02,4.267633945588825140e-01,2.698392524795220652e+03,-4.330870524427155033e-04,1.604981663946694487e-07,2.444801563797227573e-03,2.446777509703679243e-03,2.549374934143808780e-01,subcritical,4.261524138354257085e-02,6.742361802040125474e-01,9.992007221626408864e-15,4096,30,6.1.1-I-900
phase_regimes,1,4,2,8.499999999999999778e-01,4.152787295564890901e-01,3.529869201230156905e-01,1.200000000000000000e+01,4096,1.042437706596678559e+00,512,128,129,9.712661232535204636e-01,2.873387674647953638e-02,4.267586280643198005e-01,2.698392502806157154e+03,5.315621365298284218e-05,1.969921484650722629e-08,2.435129808418423636e-03,2.456557981986406958e-03,2.549371083286623985e-01,subcritical,4.261520919814915098e-02,6.742634211385614140e-01,4.041211809635569807e-14,4096,30,6.1.1-I-900
phase_regimes,1,4,2,8.499999999999999778e-01,4.152787295564890901e-01,3.529869201230156905e-01,2.000000000000000000e+01,1048576,1.025462623958007136e+00,128,32,33,9.979806145005402085e-01,2.019385499459791511e-03,4.475933969049247785e-01,6.932608647865031380e+05,-3.183798980899155140e-02,4.592497777701095555e-08,3.171631088480353355e-02,3.061314637307077646e-02,2.507767596566303769e-01,subcritical,2.641628598135984350e-03,7.644471675105020125e-01,4.440892098500626162e-15,1048576,30,6.1.1-I-900
phase_regimes,1,4,2,8.499999999999999778e-01,4.152787295564890901e-01,3.529869201230156905e-01,2.000000000000000000e+01,1048576,1.025462623958007136e+00,256,64,65,9.979800814849426605e-01,2.019918515057339548e-03,4.475743594925141178e-01,6.932608550165342167e+05,1.061984221450984478e-02,1.531868147128624726e-08,3.086606715805828571e-02,3.146133082918822765e-02,2.507733637337938859e-01,subcritical,2.641610712114042178e-03,7.646541202283467786e-01,1.076916333886401844e-14,1048576,30,6.1.1-I-900
phase_regimes,1,4,2,8.499999999999999778e-01,4.152787295564890901e-01,3.529869201230156905e-01,2.000000000000000000e+01,1048576,1.025462623958007136e+00,512,128,129,9.979801615662307057e-01,2.019838433769294284e-03,4.475772193892507134e-01,6.932608534296064172e+05,3.441673470661044121e-03,4.964471098627395785e-09,3.100895672105252743e-02,3.131710016168653965e-02,2.507729476117054879e-01,subcritical,2.641608520427879761e-03,7.646244392950879432e-01,1.421085471520200372e-14,1048576,30,6.1.1-I-900
phase_regimes,1,4,2,8.499999999999999778e-01,4.152787295564890901e-01,3.529869201230156905e-01,2.800000000000000000e+01,268435456,1.018187588541433763e+00,128,32,33,9.998668909398116256e-01,1.331090601883744284e-04,4.598251288077447874e-01,1.778800898864004612e+08,-5.382522940635681152e-01,3.025927715728680326e-09,4.585226178169250488e-01,4.389730095863342285e-01,2.489933095624079773e-01,subcritical,1.645136623510043406e-04,8.091064187992761392e-01,5.662137425588298356e-15,268435456,30,6.1.1-I-900
phase_regimes,1,4,2,8.499999999999999778e-01,4.152787295564890901e-01,3.529869201230156905e-01,2.800000000000000000e+01,268435456,1.018187588541433763e+00,256,64,65,9.998669260645974832e-01,1.330739354025167742e-04,4.598387269594735871e-01,1.778800823007365763e+08,-1.787692308425903320e-01,1.004998584048046996e-09,4.515106976032257080e-01,4.463081657886505127e-01,2.489898203468156601e-01,subcritical,1.645125096580909443e-04,8.088985796830072683e-01,2.020605904817784904e-14,268435456,30,6.1.1-I-900
phase_regimes,1,4,2,8.499999999999999778e-01,4.152787295564890901e-01,3.529869201230156905e-01,2.800000000000000000e+01,268435456,1.018187588541433763e+00,512,128,129,9.998669313404202619e-01,1.330686595797381244e-04,4.598407697428492646e-01,1.778800816017727852e+08,1.365914940834045410e-01,7.678852677232145678e-10,4.451230764389038086e-01,4.526858329772949219e-01,2.489893902101646683e-01,subcritical,1.645123675581239514e-04,8.088672089210774407e-01,6.417089082333404804e-14,268435456,30,6.1.1-I-900
phase_regimes,1,4,2,9.000000000000000222e-01,4.152787295564890901e-01,3.737508566008401756e-01,1.200000000000000000e+01,4096,1.044934042278836239e+00,128,32,33,9.697710061172836182e-01,3.022899388271638177e-02,4.206602689583476828e-01,2.695446788635626490e+03,1.824237187975086272e-03,6.767847154936689667e-07,2.388653729667566950e-03,2.483064070929685840e-03,2.555533280158067688e-01,subcritical,5.239219345056628924e-02,5.769751539652258066e-01,1.132427485117659671e-14,4096,30,6.1.1-I-900
phase_regimes,1,4,2,9.000000000000000222e-01,4.152787295564890901e-01,3.737508566008401756e-01,1.200000000000000000e+01,4096,1.044934042278836239e+00,256,64,65,9.697728893787410653e-01,3.022711062125893466e-02,4.206677591640887726e-01,2.695446473529059858e+03,1.126050506172759924e-03,4.177602921190487904e-07,2.402483357855089707e-03,2.468972226324694930e-03,2.555501704183356093e-01,subcritical,5.239186977258906280e-02,5.769427728474290085e-01,2.686739719592878828e-14,4096,30,6.1.1-I-900
phase_regimes,1,4,2,9.000000000000000222e-01,4.152787295564890901e-01,3.737508566008401756e-01,1.200000000000000000e+01,4096,1.044934042278836239e+00,512,128,129,9.697740877567623263e-01,3.022591224323767367e-02,4.206725256586512640e-01,2.695446451617378898e+03,6.437950332838227041e-04,2.388454175735968380e-07,2.412061214727145853e-03,2.459257852478913264e-03,2.555497897077602110e-01,subcritical,5.239183074669781504e-02,5.769203292279068140e-01,1.065814103640150279e-14,4096,30,6.1.1-I-900
phase_regimes,1,4,2,9.000000000000000222e-01,4.152787295564890901e-01,3.737508566008401756e-01,2.000000000000000000e+01,1048576,1.026960425367301699e+00,128,32,33,9.978216085709504801e-01,2.178391429049519878e-03,4.421260536743087943e-01,6.929048968339100247e+05,-1.515701296739280224e-02,2.187459352163584541e-08,3.045183350332081318e-02,3.003918193280696869e-02,2.511440205521122127e-01,subcritical,3.246140021577360348e-03,6.710713076360146356e-01,4.329869796038110508e-15,1048576,30,6.1.1-I-900
phase_regimes,1,4,2,9.000000000000000222e-01,4.152787295564890901e-01,3.737508566008401756e-01,2.000000000000000000e+01,1048576,1.026960425367301699e+00,256,64,65,9.978214728490593100e-01,2.178527150940690049e-03,4.421215595508635188e-01,6.929048870151503943e+05,-6.228976417332887650e-03,8.989655772476447781e-09,3.026955923996865749e-02,3.021401271689683199e-02,2.511406435448879648e-01,subcritical,3.246118196898574362e-03,6.711176299809759049e-01,3.907985046680551022e-14,1048576,30,6.1.1-I-900
phase_regimes,1,4,2,9.000000000000000222e-01,4.152787295564890901e-01,3.737508566008401756e-01,2.000000000000000000e+01,1048576,1.026960425367301699e+00,512,128,129,9.978213864761804608e-01,2.178613523819539211e-03,4.421186996541261460e-01,6.929048853430990130e+05,-1.295702531933784485e-03,1.869957276015168969e-09,3.017131867818534374e-02,3.031314036343246698e-02,2.511402302537609765e-01,subcritical,3.246115525900402157e-03,6.711447902690521605e-01,1.034727858950645896e-13,1048576,30,6.1.1-I-900
phase_regimes,1,4,2,9.000000000000000222e-01,4.152787295564890901e-01,3.737508566008401756e-01,2.800000000000000000e+01,268435456,1.019257446690929880e+00,128,32,33,9.998540294712313647e-01,1.459705287686352548e-04,4.550726878219317761e-01,1.778168411137792468e+08,-2.645105123519897461e-01,1.487544771885459528e-09,4.316999614238739014e-01,4.235039055347442627e-01,2.492555414726377039e-01,subcritical,2.021195191381354277e-04,7.221990700901775861e-01,3.774758283725532237e-15,268435456,30,6.1.1-I-900
phase_regimes,1,4,2,9.000000000000000222e-01,4.152787295564890901e-01,3.737508566008401756e-01,2.800000000000000000e+01,268435456,1.019257446690929880e+00,256,64,65,9.998540974086930211e-01,1.459025913069789127e-04,4.550966740371863994e-01,1.778168336602249742e+08,-2.205297350883483887e-01,1.240207299550389254e-09,4.310105741024017334e-01,4.245037734508514404e-01,2.492520661250639813e-01,subcritical,2.021181100660947392e-04,7.218679773884053574e-01,7.061018436615995597e-14,268435456,30,6.1.1-I-900
phase_regimes,1,4,2,9.000000000000000222e-01,4.152787295564890901e-01,3.737508566008401756e-01,2.800000000000000000e+01,268435456,1.019257446690929880e+00,512,128,129,9.998541219103393995e-01,1.458780896606004518e-04,4.551053274064835730e-01,1.778168330029538870e+08,-1.663863658905029297e-01,9.357177443810335024e-10,4.299044907093048096e-01,4.255408048629760742e-01,2.492516380762730410e-01,subcritical,2.021179365139731449e-04,7.217473727301553232e-01,3.197442310920450836e-14,268435456,30,6.1.1-I-900
phase_regimes,1,4,2,9.250000000000000444e-01,4.152787295564890901e-01,3.841328248397524181e-01,1.200000000000000000e+01,4096,1.046182210119914968e+00,128,32,33,9.689854322013188304e-01,3.101456779868116964e-02,4.175758474416511601e-01,2.693965639339375230e+03,-1.599813003849703819e-03,5.938505601140541050e-07,2.454183256759279175e-03,2.412784017451485852e-03,2.558596815944247926e-01,subcritical,6.061239110531659730e-02,5.116869213226061808e-01,9.325873406851314940e-15,4096,30,6.1.1-I-900
phase_regimes,1,4,2,9.250000000000000444e-01,4.152787295564890901e-01,3.841328248397524181e-01,1.200000000000000000e+01,4096,1.046182210119914968e+00,256,64,65,9.689834998783493081e-01,3.101650012165069192e-02,4.175683572359098483e-01,2.693965325923285036e+03,-7.842462537155370228e-04,2.911122300532051109e-07,2.437950014154921519e-03,2.429174855933524668e-03,2.558565387252478840e-01,subcritical,6.061201883603298951e-02,5.117219442163147836e-01,8.326672684688674053e-15,4096,30,6.1.1-I-900
phase_regimes,1,4,2,9.250000000000000444e-01,4.152787295564890901e-01,3.841328248397524181e-01,1.200000000000000000e+01,4096,1.046182210119914968e+00,512,128,129,9.689822701555953488e-01,3.101772984440465120e-02,4.175635907413471348e-01,2.693965304061068764e+03,-3.017416929651517421e-04,1.120065252920241931e-07,2.428362960472441046e-03,2.438890001940308139e-03,2.558561601839372535e-01,subcritical,6.061197399809049868e-02,5.117426112104817015e-01,7.216449660063517513e-15,4096,30,6.1.1-I-900
phase_regimes,1,4,2,9.250000000000000444e-01,4.152787295564890901e-01,3.841328248397524181e-01,2.000000000000000000e+01,1048576,1.027709326071948981e+00,128,32,33,9.977314310802454234e-01,2.268568919754576640e-03,4.392000897415572203e-01,6.927267392133459216e+05,8.799281204119324684e-03,1.270238422456697326e-08,2.955442620441317558e-02,3.011325746774673462e-02,2.513276613220198907e-01,subcritical,3.754573855659062032e-03,6.042147543150038214e-01,4.662936703425657470e-15,1048576,30,6.1.1-I-900
phase_regimes,1,4,2,9.250000000000000444e-01,4.152787295564890901e-01,3.841328248397524181e-01,2.000000000000000000e+01,1048576,1.027709326071948981e+00,256,64,65,9.977315724117242768e-01,2.268427588275723217e-03,4.392045838650014411e-01,6.927267293103012489e+05,-1.985987182706594467e-03,2.866912880182782499e-09,2.976446540560573339e-02,2.989181119482964277e-02,2.513242937351958251e-01,subcritical,3.754548701452528787e-03,6.041811596153041641e-01,8.437694987151189707e-15,1048576,30,6.1.1-I-900
phase_regimes,1,4,2,9.250000000000000444e-01,4.152787295564890901e-01,3.841328248397524181e-01,2.000000000000000000e+01,1048576,1.027709326071948981e+00,512,128,129,9.977314824745292521e-01,2.268517525470747920e-03,4.392017239682643459e-01,6.927267275911900215e+05,2.837536158040165901e-03,4.096184029028437675e-09,2.966850716620683670e-02,2.998875698540359735e-02,2.513238818530386665e-01,subcritical,3.754545624885140351e-03,6.042056089117698869e-01,2.553512956637860043e-14,1048576,30,6.1.1-I-900
phase_regimes,1,4,2,9.250000000000000444e-01,4.152787295564890901e-01,3.841328248397524181e-01,2.800000000000000000e+01,268435456,1.019792375765677939e+00,128,32,33,9.998464685855263934e-01,1.535314144736066311e-04,4.524706607162977123e-01,1.777852268052634597e+08,-4.562735557556152344e-01,2.566431215656591912e-09,4.253381192684173584e-01,4.098804891109466553e-01,2.493866625970898032e-01,subcritical,2.337529689717957255e-04,6.568105429802326700e-01,6.772360450213454897e-15,268435456,30,6.1.1-I-900
phase_regimes,1,4,2,9.250000000000000444e-01,4.152787295564890901e-01,3.841328248397524181e-01,2.800000000000000000e+01,268435456,1.019792375765677939e+00,256,64,65,9.998465090993580162e-01,1.534909006419837851e-04,4.524842588680166866e-01,1.777852194253199399e+08,8.932501077651977539e-02,5.024321541760193102e-10,4.147643446922302246e-01,4.207867085933685303e-01,2.493831941644134020e-01,subcritical,2.337513434653505672e-04,6.566417902309770183e-01,3.441691376337985275e-14,268435456,30,6.1.1-I-900
phase_regimes,1,4,2,9.250000000000000444e-01,4.152787295564890901e-01,3.841328248397524181e-01,2.800000000000000000e+01,268435456,1.019792375765677939e+00,512,128,129,9.998465348753208248e-01,1.534651246791751689e-04,4.524929122373079204e-01,1.777852187908009589e+08,1.539513468742370605e-01,8.659400816408190942e-10,4.134694337844848633e-01,4.220062494277954102e-01,2.493827671571009763e-01,subcritical,2.337511433444562647e-04,6.565320814411100825e-01,1.509903313490212895e-14,268435456,30,6.1.1-I-900
phase_regimes,1,4,2,9.499999999999999556e-01,4.152787295564890901e-01,3.945147930786646051e-01,1.200000000000000000e+01,4096,1.047430377960993697e+00,128,32,33,9.681492314170443425e-01,3.185076858295565749e-02,4.143773336298973153e-01,2.692478745635312407e+03,1.383632707074866630e-03,5.138880703581513560e-07,2.394787055891356431e-03,2.473966651450609788e-03,2.561660551845109657e-01,subcritical,7.437581403051919671e-02,4.282409409312291637e-01,3.219646771412953967e-15,4096,30,6.1.1-I-900
phase_regimes,1,4,2,9.499999999999999556e-01,4.152787295564890901e-01,3.945147930786646051e-01,1.200000000000000000e+01,4096,1.047430377960993697e+00,256,64,65,9.681512157148047804e-01,3.184878428519521965e-02,4.143848238356382940e-01,2.692478433873840913e+03,6.795668241466046311e-04,2.523945282521236048e-07,2.408730742445186479e-03,2.459734451349504525e-03,2.561629269788558982e-01,subcritical,7.437535990408901398e-02,4.282168762109645477e-01,6.106226635438360972e-15,4096,30,6.1.1-I-900
phase_regimes,1,4,2,9.499999999999999556e-01,4.152787295564890901e-01,3.945147930786646051e-01,1.200000000000000000e+01,4096,1.047430377960993697e+00,512,128,129,9.681524783853778793e-01,3.184752161462212072e-02,4.143895903302007855e-01,2.692478412041385127e+03,1.966891431948170066e-04,7.305133527354490399e-08,2.418314104488672456e-03,2.450000001317675924e-03,2.561625505954378546e-01,subcritical,7.437530526374196149e-02,4.282002137898830441e-01,7.105427357601001859e-15,4096,30,6.1.1-I-900
phase_regimes,1,4,2,9.499999999999999556e-01,4.152787295564890901e-01,3.945147930786646051e-01,2.000000000000000000e+01,1048576,1.028458226776596263e+00,128,32,33,9.976338901883305965e-01,2.366109811669403484e-03,4.361633626820476950e-01,6.925484428328133654e+05,-1.299387076869606972e-02,1.876239980490851084e-08,2.960522554349154234e-02,2.930647064931690693e-02,2.515113089898197152e-01,subcritical,4.606061346946709045e-03,5.136948106950124382e-01,4.107825191113079200e-15,1048576,30,6.1.1-I-900
phase_regimes,1,4,2,9.499999999999999556e-01,4.152787295564890901e-01,3.945147930786646051e-01,2.000000000000000000e+01,1048576,1.028458226776596263e+00,256,64,65,9.976337427708857897e-01,2.366257229114210325e-03,4.361588685586038072e-01,6.925484327976957429e+05,-6.368878530338406563e-03,9.196293325811129709e-09,2.946892578620463610e-02,2.943524625152349472e-02,2.515079507992056262e-01,subcritical,4.606030596672142791e-03,5.137302454794441253e-01,4.707345624410663731e-14,1048576,30,6.1.1-I-900
phase_regimes,1,4,2,9.499999999999999556e-01,4.152787295564890901e-01,3.945147930786646051e-01,2.000000000000000000e+01,1048576,1.028458226776596263e+00,512,128,129,9.976336489550025055e-01,2.366351044997494490e-03,4.361560086618671561e-01,6.925484310279670171e+05,-1.648702891543507576e-03,2.380631906271589586e-09,2.937508304603397846e-02,2.953017875552177429e-02,2.515075403204465876e-01,subcritical,4.606026837986803256e-03,5.137510327733514348e-01,1.665334536937734811e-14,1048576,30,6.1.1-I-900
phase_regimes,1,4,2,9.499999999999999556e-01,4.152787295564890901e-01,3.945147930786646051e-01,2.800000000000000000e+01,268435456,1.020327304840425997e+00,128,32,33,9.998379243545277850e-01,1.620756454722149797e-04,4.496801807511931481e-01,1.777536184918209314e+08,-2.189502120018005371e-01,1.231762334063962888e-09,4.112753272056579590e-01,4.050555527210235596e-01,2.495177871738786246e-01,subcritical,2.867356759283096732e-04,5.652440874247455227e-01,6.217248937900876626e-15,268435456,30,6.1.1-I-900
phase_regimes,1,4,2,9.499999999999999556e-01,4.152787295564890901e-01,3.945147930786646051e-01,2.800000000000000000e+01,268435456,1.020327304840425997e+00,256,64,65,9.998379997876172265e-01,1.620002123827735119e-04,4.497041669664536556e-01,1.777536111918619275e+08,-2.544373273849487305e-02,1.431404547445827767e-10,4.075083136558532715e-01,4.090887904167175293e-01,2.495143256432403034e-01,subcritical,2.867336869964164136e-04,5.649849310688010995e-01,4.496403249731883989e-14,268435456,30,6.1.1-I-900
phase_regimes,1,4,2,9.499999999999999556e-01,4.152787295564890901e-01,3.945147930786646051e-01,2.800000000000000000e+01,268435456,1.020327304840425997e+00,512,128,129,9.998380269925617458e-01,1.619730074382541574e-04,4.497128203357175225e-01,1.777536105814502835e+08,4.582107067108154297e-02,2.577785650665329601e-10,4.060672223567962646e-01,4.105002284049987793e-01,2.495138996735951631e-01,subcritical,2.867334422411328817e-04,5.648905344708290421e-01,7.949196856316120829e-14,268435456,30,6.1.1-I-900
phase_regimes,1,4,2,9.749999999999999778e-01,4.152787295564890901e-01,4.048967613175768476e-01,1.200000000000000000e+01,4096,1.048678545802072648e+00,128,32,33,9.672978123537784301e-01,3.270218764622156993e-02,4.112057533554854261e-01,2.690985853707508795e+03,-3.364575604791752994e-03,1.250313374987165166e-06,2.491400313374469988e-03,2.381911525390023598e-03,2.564724488435689009e-01,subcritical,1.053830185752185900e-01,3.103174314833269665e-01,5.662137425588298356e-15,4096,30,6.1.1-I-900
phase_regimes,1,4,2,9.749999999999999778e-01,4.152787295564890901e-01,4.048967613175768476e-01,1.200000000000000000e+01,4096,1.048678545802072648e+00,256,64,65,9.672891806308635543e-01,3.271081936913644572e-02,4.111740243348005475e-01,2.690985543097300706e+03,-1.001492364594014362e-04,3.721656428675218641e-08,2.426558406568801729e-03,2.447654833758861059e-03,2.564693352368155876e-01,subcritical,1.053823788919394239e-01,3.104012237442331790e-01,1.132427485117659671e-14,4096,30,6.1.1-I-900
phase_regimes,1,4,2,9.749999999999999778e-01,4.152787295564890901e-01,4.048967613175768476e-01,1.200000000000000000e+01,4096,1.048678545802072648e+00,512,128,129,9.672878837328022783e-01,3.271211626719772170e-02,4.111692578402381670e-01,2.690985521299958691e+03,3.820402980636572465e-04,1.419704026794992229e-07,2.416984284081991063e-03,2.457370926094881725e-03,2.564689609996755881e-01,subcritical,1.053823020055263959e-01,3.104137568135705849e-01,5.662137425588298356e-15,4096,30,6.1.1-I-900
phase_regimes,1,4,2,9.749999999999999778e-01,4.152787295564890901e-01,4.048967613175768476e-01,2.000000000000000000e+01,1048576,1.029207127481243544e+00,128,32,33,9.975274669810569872e-01,2.472533018943012806e-03,4.329897248684702049e-01,6.923699880680472124e+05,-4.090557922609150410e-02,5.908052043132643897e-08,2.982199494726955891e-02,2.842229907400906086e-02,2.516949635681848263e-01,subcritical,6.524805272555588183e-03,3.789435723611394580e-01,4.662936703425657470e-15,1048576,30,6.1.1-I-900
phase_regimes,1,4,2,9.749999999999999778e-01,4.152787295564890901e-01,4.048967613175768476e-01,2.000000000000000000e+01,1048576,1.029207127481243544e+00,256,64,65,9.975268143574420598e-01,2.473185642557940156e-03,4.329706874560589891e-01,6.923699778419416398e+05,-6.141897756606340408e-03,8.870832001916249791e-09,2.912650955840945244e-02,2.911748434416949749e-02,2.516916147489282052e-01,subcritical,6.524761865913848019e-03,3.790461159169905558e-01,1.010302952408892452e-14,1048576,30,6.1.1-I-900
phase_regimes,1,4,2,9.749999999999999778e-01,4.152787295564890901e-01,4.048967613175768476e-01,2.000000000000000000e+01,1048576,1.029207127481243544e+00,512,128,129,9.975267163021280803e-01,2.473283697871919706e-03,4.329678275593226711e-01,6.923699760182764148e+05,-1.515581971034407616e-03,2.188977026055215599e-09,2.903458988294005394e-02,2.921061601955443621e-02,2.516912056704018186e-01,subcritical,6.524756563510237216e-03,3.790614521473156806e-01,2.498001805406602216e-14,1048576,30,6.1.1-I-900
phase_regimes,1,4,2,9.749999999999999778e-01,4.152787295564890901e-01,4.048967613175768476e-01,2.800000000000000000e+01,268435456,1.020862233915174055e+00,128,32,33,9.998282658072304985e-01,1.717341927695015258e-04,4.466976809605899823e-01,1.777220155132654011e+08,-2.100020647048950195e-01,1.181632247971102846e-09,4.021827578544616699e-01,3.967156410217285156e-01,2.496489152074850282e-01,subcritical,4.061394266009250723e-04,4.228454110126287357e-01,3.552713678800500929e-15,268435456,30,6.1.1-I-900
phase_regimes,1,4,2,9.749999999999999778e-01,4.152787295564890901e-01,4.048967613175768476e-01,2.800000000000000000e+01,268435456,1.020862233915174055e+00,256,64,65,9.998283457355916504e-01,1.716542644083496327e-04,4.467216671758539870e-01,1.777220083006829321e+08,7.120519876480102539e-02,4.006549298291235073e-10,3.967544734477996826e-01,4.024094641208648682e-01,2.496454605657186243e-01,subcritical,4.061366165124476223e-04,4.226515350484006950e-01,1.654232306691483245e-14,268435456,30,6.1.1-I-900
phase_regimes,1,4,2,9.749999999999999778e-01,4.152787295564890901e-01,4.048967613175768476e-01,2.800000000000000000e+01,268435456,1.020862233915174055e+00,512,128,129,9.998283965797244432e-01,1.716034202755567506e-04,4.467369311310290803e-01,1.777220077159092426e+08,-1.102462410926818848e-01,6.203297076685731606e-10,4.002498686313629150e-01,3.987882435321807861e-01,2.496450356333846377e-01,subcritical,4.061362708609516444e-04,4.225267049204486924e-01,1.565414464721470722e-14,268435456,30,6.1.1-I-900
phase_regimes,1,4,2,1.000000000000000000e+00,4.152787295564890901e-01,4.152787295564890901e-01,1.200000000000000000e+01,4096,1.049926713643151377e+00,128,32,33,9.663964171262396929e-01,3.360358287376030706e-02,4.079367604882502829e-01,2.689486703899442091e+03,-3.082413854826882016e-03,1.146097450624218165e-06,2.490798555754736299e-03,2.393940976162411971e-03,2.567788626286872655e-01,critical,3.601279844082645037e-02,9.331011287271999688e-01,5.107025913275720086e-15,4096,30,6.1.1-I-900
phase_regimes,1,4,2,1.000000000000000000e+00,4.152787295564890901e-01,4.152787295564890901e-01,1.200000000000000000e+01,4096,1.049926713643151377e+00,256,64,65,9.663875474805924126e-01,3.361245251940758738e-02,4.079050314675654598e-01,2.689486394779830789e+03,1.825203526095720008e-04,6.786438963358788370e-08,2.425965260044904426e-03,2.459727213135920465e-03,2.567757635569845043e-01,critical,3.601265807118667756e-02,9.333510582019640678e-01,1.387778780781445676e-14,4096,30,6.1.1-I-900
phase_regimes,1,4,2,1.000000000000000000e+00,4.152787295564890901e-01,4.152787295564890901e-01,1.200000000000000000e+01,4096,1.049926713643151377e+00,512,128,129,9.663888800732058915e-01,3.361111992679410854e-02,4.079097979621280068e-01,2.689486372978471536e+03,-3.031041160284075886e-04,1.126996288487362616e-07,2.435595736642426345e-03,2.449929557769792154e-03,2.567753914542750815e-01,critical,3.601264121706936050e-02,9.333144915475687364e-01,3.752553823233029107e-14,4096,30,6.1.1-I-900
phase_regimes,1,4,2,1.000000000000000000e+00,4.152787295564890901e-01,4.152787295564890901e-01,2.000000000000000000e+01,1048576,1.029956028185890826e+00,128,32,33,9.974100454449504882e-01,2.589954555049511775e-03,4.296428750475497216e-01,6.921913531234647380e+05,-1.631741179153323174e-02,2.357355623976240066e-08,2.904792234767228365e-02,2.864892431534826756e-02,2.518786250692455764e-01,critical,2.643025960797683403e-03,9.799202101926557384e-01,9.325873406851314940e-15,1048576,30,6.1.1-I-900
phase_regimes,1,4,2,1.000000000000000000e+00,4.152787295564890901e-01,4.152787295564890901e-01,2.000000000000000000e+01,1048576,1.029956028185890826e+00,256,64,65,9.974098840811452815e-01,2.590115918854718480e-03,4.296383809241048346e-01,6.921913426554058678e+05,-1.217771205119788647e-02,1.759298520620233525e-08,2.896137023344635963e-02,2.872796845622360706e-02,2.518752855970204929e-01,critical,2.643014010303007533e-03,9.799856938926235772e-01,4.429789868254374596e-14,1048576,30,6.1.1-I-900
phase_regimes,1,4,2,1.000000000000000000e+00,4.152787295564890901e-01,4.152787295564890901e-01,2.000000000000000000e+01,1048576,1.029956028185890826e+00,512,128,129,9.974097813898529230e-01,2.590218610147076994e-03,4.296355210273661851e-01,6.921913407739651157e+05,-7.634371286258101463e-03,1.102927880854710529e-08,2.887113974429666996e-02,2.881952305324375629e-02,2.518748779139108329e-01,critical,2.643012551379344665e-03,9.800250887175260273e-01,2.065014825802791165e-14,1048576,30,6.1.1-I-900
phase_regimes,1,4,2,1.000000000000000000e+00,4.152787295564890901e-01,4.152787295564890901e-01,2.800000000000000000e+01,268435456,1.021397162989921892e+00,128,32,33,9.998172346959377510e-01,1.827653040622490010e-04,4.434900058068024231e-01,1.776904170912736356e+08,8.607655763626098633e-02,4.844186819148853585e-10,3.884881138801574707e-01,3.949180543422698975e-01,2.497800467025041160e-01,critical,1.848521777774346714e-04,9.887105808528893203e-01,9.992007221626408864e-15,268435456,30,6.1.1-I-900
phase_regimes,1,4,2,1.000000000000000000e+00,4.152787295564890901e-01,4.152787295564890901e-01,2.800000000000000000e+01,268435456,1.021397162989921892e+00,256,64,65,9.998173793419513622e-01,1.826206580486378073e-04,4.435308002619542389e-01,1.776904099748350084e+08,-1.889020204544067383e-01,1.063096317247281603e-09,3.939887583255767822e-01,3.895503282546997070e-01,2.497765989369090112e-01,critical,1.848512805453600102e-04,9.879328804748266357e-01,9.103828801926283631e-15,268435456,30,6.1.1-I-900
phase_regimes,1,4,2,1.000000000000000000e+00,4.152787295564890901e-01,4.152787295564890901e-01,2.800000000000000000e+01,268435456,1.021397162989921892e+00,512,128,129,9.998174100097190209e-01,1.825899902809791087e-04,4.435394536312246005e-01,1.776904094172508717e+08,-1.087859272956848145e-01,6.122217155808042158e-10,3.922923803329467773e-01,3.911602497100830078e-01,2.497761750367041567e-01,critical,1.848511702308675247e-04,9.877675648627793903e-01,1.036948304999896209e-13,268435456,30,6.1.1-I-900
phase_regimes,1,4,2,1.024999999999999911e+00,4.152787295564890901e-01,4.256606977954012772e-01,1.200000000000000000e+01,4096,1.051174881484230106e+00,128,32,33,9.654493018321937958e-01,3.455069816780620418e-02,4.045951105208978049e-01,2.687981033849563573e+03,-4.637684014596743509e-05,1.725341048242045574e-08,2.438426542084926041e-03,2.464466306264512241e-03,2.570852965974964599e-01,supercritical,1.601031957822214233e-02,2.158026765112384560e+00,5.884182030513329664e-15,4096,30,6.1.1-I-900
phase_regimes,1,4,2,1.024999999999999911e+00,4.152787295564890901e-01,4.256606977954012772e-01,1.200000000000000000e+01,4096,1.051174881484230106e+00,256,64,65,9.654471491951454043e-01,3.455285080485459570e-02,4.045876203151564932e-01,2.687980726397669514e+03,7.525567298216628842e-04,2.799710289702155278e-07,2.422523993118375074e-03,2.480522473888413515e-03,2.570822119966247321e-01,supercritical,1.601031957822214233e-02,2.158161218209205590e+00,6.217248937900876626e-15,4096,30,6.1.1-I-900
phase_regimes,1,4,2,1.024999999999999911e+00,4.152787295564890901e-01,4.256606977954012772e-01,1.200000000000000000e+01,4096,1.051174881484230106e+00,512,128,129,9.654485190706024733e-01,3.455148092939752669e-02,4.045923868097191511e-01,2.687980704558540765e+03,2.646672783157555386e-04,9.846323594023828732e-08,2.432195158235117560e-03,2.470674593041621847e-03,2.570818420171215313e-01,supercritical,1.601031957822214233e-02,2.158075656178393142e+00,1.865174681370262988e-14,4096,30,6.1.1-I-900
phase_regimes,1,4,2,1.024999999999999911e+00,4.152787295564890901e-01,4.256606977954012772e-01,2.000000000000000000e+01,1048576,1.030704928890538108e+00,128,32,33,9.972807384088779870e-01,2.719261591122013044e-03,4.261284670169152022e-01,6.920125138701838441e+05,3.544861101545393467e-02,5.122539015545001668e-08,2.779664983972907066e-02,2.948734723031520844e-02,2.520622935057364455e-01,supercritical,1.070718264089774371e-03,2.539661162344772016e+00,4.884981308350688778e-15,1048576,30,6.1.1-I-900
phase_regimes,1,4,2,1.024999999999999911e+00,4.152787295564890901e-01,4.256606977954012772e-01,2.000000000000000000e+01,1048576,1.030704928890538108e+00,256,64,65,9.972814559669532786e-01,2.718544033046721431e-03,4.261475044293261960e-01,6.920125030815917999e+05,-8.436240023002028465e-03,1.219087803390071587e-08,2.866396564058959484e-02,2.859910018742084503e-02,2.520589633556725717e-01,supercritical,1.070718264089774371e-03,2.538990997186151510e+00,2.919886554764161701e-14,1048576,30,6.1.1-I-900
phase_regimes,1,4,2,1.024999999999999911e+00,4.152787295564890901e-01,4.256606977954012772e-01,2.000000000000000000e+01,1048576,1.030704928890538108e+00,512,128,129,9.972813481838236349e-01,2.718651816176365088e-03,4.261446445325897114e-01,6.920125011388806161e+05,-3.958994057029485703e-03,5.720986326856762165e-09,2.857514400966465473e-02,2.868937549646943808e-02,2.520585570632501438e-01,supercritical,1.070718264089774371e-03,2.539091661509586206e+00,2.176037128265306819e-14,1048576,30,6.1.1-I-900
phase_regimes,1,4,2,1.024999999999999911e+00,4.152787295564890901e-01,4.256606977954012772e-01,2.800000000000000000e+01,268435456,1.021932092064669950e+00,128,32,33,9.998046629531449625e-01,1.953370468550374994e-04,4.400623853041115696e-01,1.776588223048790693e+08,-3.581270575523376465e-01,2.015813529022264346e-09,3.907129466533660889e-01,3.795343637466430664e-01,2.499111816634845828e-01,supercritical,7.160367470894840537e-05,2.728031035404750781e+00,4.329869796038110508e-15,268435456,30,6.1.1-I-900
phase_regimes,1,4,2,1.024999999999999911e+00,4.152787295564890901e-01,4.256606977954012772e-01,2.800000000000000000e+01,268435456,1.021932092064669950e+00,256,64,65,9.998047538667235168e-01,1.952461332764832136e-04,4.400863715193716885e-01,1.776588152949150503e+08,9.521842002868652344e-02,5.359622592924712851e-10,3.816243708133697510e-01,3.888616263866424561e-01,2.499077407612566581e-01,supercritical,7.160367470894840537e-05,2.726761357850856715e+00,2.486899575160350651e-14,268435456,30,6.1.1-I-900
phase_regimes,1,4,2,1.024999999999999911e+00,4.152787295564890901e-01,4.256606977954012772e-01,2.800000000000000000e+01,268435456,1.021932092064669950e+00,512,128,129,9.998047866547066231e-01,1.952133452933768609e-04,4.400950248886411065e-01,1.776588147661591768e+08,1.791715621948242188e-01,1.008514902177278313e-09,3.798754215240478516e-01,3.905057609081268311e-01,2.499073178926200511e-01,supercritical,7.160367470894840537e-05,2.726303448627068970e+00,1.356692536091941292e-13,268435456,30,6.1.1-I-900
phase_regimes,1,4,2,1.050000000000000044e+00,4.152787295564890901e-01,4.360426660343135752e-01,1.200000000000000000e+01,4096,1.052423049325308835e+00,128,32,33,9.644717747575192179e-01,3.552822524248078206e-02,4.012408805753437391e-01,2.686468579122211395e+03,-1.160152578449924476e-04,4.318504178556214077e-08,2.450688305543735623e-03,2.475448287441395223e-03,2.573917508069699656e-01,supercritical,1.763411986963854192e-02,2.014743321760635641e+00,6.439293542825907934e-15,4096,30,6.1.1-I-900
phase_regimes,1,4,2,1.050000000000000044e+00,4.152787295564890901e-01,4.360426660343135752e-01,1.200000000000000000e+01,4096,1.052423049325308835e+00,256,64,65,9.644695612168970866e-01,3.553043878310291337e-02,4.012333903696027604e-01,2.686468272748612890e+03,6.794053888370399363e-04,2.528990927340892397e-07,2.434866068597330013e-03,2.491448929504258558e-03,2.573886806138913075e-01,supercritical,1.763411986963854192e-02,2.014868847765817428e+00,1.176836406102665933e-14,4096,30,6.1.1-I-900
phase_regimes,1,4,2,1.050000000000000044e+00,4.152787295564890901e-01,4.360426660343135752e-01,1.200000000000000000e+01,4096,1.052423049325308835e+00,512,128,129,9.644709698496128913e-01,3.552903015038710866e-02,4.012381568641654739e-01,2.686468250881314361e+03,1.885817937363754027e-04,7.019691882623583682e-08,2.444591029416187666e-03,2.481537593212124193e-03,2.573883127454791309e-01,supercritical,1.763411986963854192e-02,2.014788966675849835e+00,1.310063169057684718e-14,4096,30,6.1.1-I-900
phase_regimes,1,4,2,1.050000000000000044e+00,4.152787295564890901e-01,4.360426660343135752e-01,2.000000000000000000e+01,1048576,1.031453829595185390e+00,128,32,33,9.971407266962981630e-01,2.859273303701836966e-03,4.225067879032372020e-01,6.918334435679611051e+05,-1.575559144839644432e-02,2.277367709652897209e-08,2.866273163817822933e-02,2.832577168010175228e-02,2.522459688898813224e-01,supercritical,1.257766178549462981e-03,2.273294792359049854e+00,1.765254609153998899e-14,1048576,30,6.1.1-I-900
phase_regimes,1,4,2,1.050000000000000044e+00,4.152787295564890901e-01,4.360426660343135752e-01,2.000000000000000000e+01,1048576,1.031453829595185390e+00,256,64,65,9.971399719928158989e-01,2.860028007184101106e-03,4.224877504908271519e-01,6.918334323878572322e+05,1.443189103156328201e-02,2.086035504493000922e-08,2.805967780295759439e-02,2.893039898481220007e-02,2.522426480379370561e-01,supercritical,1.257766178549462981e-03,2.273894827162922905e+00,1.465494392505206633e-14,1048576,30,6.1.1-I-900
phase_regimes,1,4,2,1.050000000000000044e+00,4.152787295564890901e-01,4.360426660343135752e-01,2.000000000000000000e+01,1048576,1.031453829595185390e+00,512,128,129,9.971400853809179177e-01,2.859914619082082332e-03,4.224906103875637475e-01,6.918334303795029409e+05,7.562572136521339417e-03,1.093120367481073486e-08,2.819613518659025431e-02,2.879202691838145256e-02,2.522422431313402491e-01,supercritical,1.257766178549462981e-03,2.273804676780480705e+00,1.532107773982716026e-14,1048576,30,6.1.1-I-900
phase_regimes,1,4,2,1.050000000000000044e+00,4.152787295564890901e-01,4.360426660343135752e-01,2.800000000000000000e+01,268435456,1.022467021139418009e+00,128,32,33,9.997900482501015373e-01,2.099517498984626585e-04,4.363448059572325177e-01,1.776272300614029169e+08,2.536699175834655762e-01,1.428102647864158527e-09,3.732616901397705078e-01,3.872363269329071045e-01,2.500423200948630464e-01,supercritical,8.970787217971446425e-05,2.340393822716695826e+00,1.176836406102665933e-14,268435456,30,6.1.1-I-900
phase_regimes,1,4,2,1.050000000000000044e+00,4.152787295564890901e-01,4.360426660343135752e-01,2.800000000000000000e+01,268435456,1.022467021139418009e+00,256,64,65,9.997902405506968737e-01,2.097594493031262886e-04,4.363920205887615866e-01,1.776272231702023447e+08,-4.067271947860717773e-02,2.289779615573598798e-10,3.792004585266113281e-01,3.813303709030151367e-01,2.500388860436329463e-01,supercritical,8.970787217971446425e-05,2.338250191498343789e+00,1.243449787580175325e-14,268435456,30,6.1.1-I-900
phase_regimes,1,4,2,1.050000000000000044e+00,4.152787295564890901e-01,4.360426660343135752e-01,2.800000000000000000e+01,268435456,1.022467021139418009e+00,512,128,129,9.997902757759234982e-01,2.097242240765018195e-04,4.364006739580462146e-01,1.776272226718452275e+08,3.853440284729003906e-02,2.169397363065223795e-10,3.774827718734741211e-01,3.829107582569122314e-01,2.500384642040301975e-01,supercritical,8.970787217971446425e-05,2.337857525550879334e+00,3.264055692397960229e-14,268435456,30,6.1.1-I-900
phase_regimes,1,4,2,1.074999999999999956e+00,4.152787295564890901e-01,4.464246342732257622e-01,1.200000000000000000e+01,4096,1.053671217166387564e+00,128,32,33,9.634624547109479353e-01,3.653754528905206467e-02,3.978730397909659988e-01,2.684949073058838621e+03,-2.938842726507573389e-03,1.094561813479570084e-06,2.520694936720246915e-03,2.434132310099812457e-03,2.576982253147361845e-01,supercritical,1.933553362187309665e-02,1.889657973944892433e+00,4.884981308350688778e-15,4096,30,6.1.1-I-900
phase_regimes,1,4,2,1.074999999999999956e+00,4.152787295564890901e-01,4.464246342732257622e-01,1.200000000000000000e+01,4096,1.053671217166387564e+00,256,64,65,9.634528106476718534e-01,3.654718935232814658e-02,3.978413107702809537e-01,2.684948767237564425e+03,3.527425178617704660e-04,1.313777462594539527e-07,2.455436015225131996e-03,2.500544596387044294e-03,2.576951694649527447e-01,supercritical,1.933553362187309665e-02,1.890156748039504064e+00,8.326672684688674053e-15,4096,30,6.1.1-I-900
phase_regimes,1,4,2,1.074999999999999956e+00,4.152787295564890901e-01,4.464246342732257622e-01,1.200000000000000000e+01,4096,1.053671217166387564e+00,512,128,129,9.634542595902786388e-01,3.654574040972136117e-02,3.978460772648435007e-01,2.684948745334719661e+03,-1.416494797013001516e-04,5.275686545131474550e-08,2.465227619268262060e-03,2.490558202680404065e-03,2.576948036963355726e-01,supercritical,1.933553362187309665e-02,1.890081811260663658e+00,3.086420008457935182e-14,4096,30,6.1.1-I-900
phase_regimes,1,4,2,1.074999999999999956e+00,4.152787295564890901e-01,4.464246342732257622e-01,2.000000000000000000e+01,1048576,1.032202730299832671e+00,128,32,33,9.969854582783034269e-01,3.014541721696573084e-03,4.186922794019350413e-01,6.916541127267901320e+05,-8.297094609588384628e-03,1.199601716655419522e-08,2.844859927427023649e-02,2.843300078529864550e-02,2.524296512342029675e-01,supercritical,1.466466873969054932e-03,2.055649380976187768e+00,3.219646771412953967e-15,1048576,30,6.1.1-I-900
phase_regimes,1,4,2,1.074999999999999956e+00,4.152787295564890901e-01,4.464246342732257622e-01,2.000000000000000000e+01,1048576,1.032202730299832671e+00,256,64,65,9.969852704611379401e-01,3.014729538862059854e-03,4.186877852784892662e-01,6.916541010631202953e+05,-8.230301318690180779e-03,1.189944700109438618e-08,2.844361180905252695e-02,2.843063336331397295e-02,2.524263396560031958e-01,supercritical,1.466466873969054932e-03,2.055777455581090596e+00,7.771561172376095783e-15,1048576,30,6.1.1-I-900
phase_regimes,1,4,2,1.074999999999999956e+00,4.152787295564890901e-01,4.464246342732257622e-01,2.000000000000000000e+01,1048576,1.032202730299832671e+00,512,128,129,9.969851509350310392e-01,3.014849064968960768e-03,4.186849253817529481e-01,6.916540989858206594e+05,-3.837398253381252289e-03,5.548146478142857257e-09,2.835658122785389423e-02,2.851943101268261671e-02,2.524259361309788008e-01,supercritical,1.466466873969054932e-03,2.055858961756936054e+00,2.198241588757809950e-14,1048576,30,6.1.1-I-900
phase_regimes,1,4,2,1.074999999999999956e+00,4.152787295564890901e-01,4.464246342732257622e-01,2.800000000000000000e+01,268435456,1.023001950214166067e+00,128,32,33,9.997732069111558983e-01,2.267930888441016535e-04,4.323691322292358974e-01,1.775956390633828640e+08,-1.595914363861083984e-02,8.986224956185502496e-11,3.754135072231292725e-01,3.791985809803009033e-01,2.501734620011671906e-01,supercritical,1.112173392757924266e-04,2.039188226592159037e+00,1.310063169057684718e-14,268435456,30,6.1.1-I-900
phase_regimes,1,4,2,1.074999999999999956e+00,4.152787295564890901e-01,4.464246342732257622e-01,2.800000000000000000e+01,268435456,1.023001950214166067e+00,256,64,65,9.997733864020958983e-01,2.266135979041017379e-04,4.324099266843996481e-01,1.775956323053608835e+08,4.037469625473022461e-02,2.273405923931130296e-10,3.744373321533203125e-01,3.802139759063720703e-01,2.501700347877094943e-01,supercritical,1.112173392757924266e-04,2.037574351083459856e+00,1.298960938811433152e-14,268435456,30,6.1.1-I-900
phase_regimes,1,4,2,1.074999999999999956e+00,4.152787295564890901e-01,4.464246342732257622e-01,2.800000000000000000e+01,268435456,1.023001950214166067e+00,512,128,129,9.997734244576655938e-01,2.265755423344062436e-04,4.324185800536842206e-01,1.775956318389117122e+08,1.173913478851318359e-01,6.610035768875878951e-10,3.728608489036560059e-01,3.816561102867126465e-01,2.501696139745402392e-01,supercritical,1.112173392757924266e-04,2.037232178091880286e+00,2.708944180085381959e-14,268435456,30,6.1.1-I-900
phase_regimes,1,4,2,1.100000000000000089e+00,4.152787295564890901e-01,4.568066025121380602e-01,1.200000000000000000e+01,4096,1.054919385007466515e+00,128,32,33,9.624060894767324514e-01,3.759391052326754856e-02,3.944464331058179507e-01,2.683422248328934984e+03,-3.553372266651422251e-03,1.324194233264718870e-06,2.550332555529166711e-03,2.440869205202034209e-03,2.580047201780262811e-01,supercritical,2.111252479482409253e-02,1.780644943634785093e+00,7.105427357601001859e-15,4096,30,6.1.1-I-900
phase_regimes,1,4,2,1.100000000000000089e+00,4.152787295564890901e-01,4.568066025121380602e-01,1.200000000000000000e+01,4096,1.054919385007466515e+00,256,64,65,9.623961665864831927e-01,3.760383341351680730e-02,3.944147040851330166e-01,2.683421943116556122e+03,-2.441475999148678966e-04,9.098367870962258987e-08,2.484741227362974314e-03,2.507654676719539566e-03,2.580016786089947556e-01,supercritical,2.111252479482409253e-02,1.781114943805095940e+00,7.993605777301127091e-15,4096,30,6.1.1-I-900
phase_regimes,1,4,2,1.100000000000000089e+00,4.152787295564890901e-01,4.568066025121380602e-01,1.200000000000000000e+01,4096,1.054919385007466515e+00,512,128,129,9.623946756932683089e-01,3.760532430673169113e-02,3.944099375905706362e-01,2.683421921153260428e+03,2.469397486493107863e-04,9.202419742594296225e-08,2.475012346167204669e-03,2.517572491797182010e-03,2.580013149282402996e-01,supercritical,2.111252479482409253e-02,1.781185560333880202e+00,8.548717289613705361e-15,4096,30,6.1.1-I-900
phase_regimes,1,4,2,1.100000000000000089e+00,4.152787295564890901e-01,4.568066025121380602e-01,2.000000000000000000e+01,1048576,1.032951631004479953e+00,128,32,33,9.968153611223794508e-01,3.184638877620549202e-03,4.147327248712499581e-01,6.914744889092324302e+05,-4.114798502996563911e-02,5.950759672258422246e-08,2.913153404369950294e-02,2.782712259795516729e-02,2.526133405509759511e-01,supercritical,1.697907383404071314e-03,1.875625790162821049e+00,8.881784197001252323e-15,1048576,30,6.1.1-I-900
phase_regimes,1,4,2,1.100000000000000089e+00,4.152787295564890901e-01,4.568066025121380602e-01,2.000000000000000000e+01,1048576,1.032951631004479953e+00,256,64,65,9.968145205388481145e-01,3.185479461151885516e-03,4.147136874588400746e-01,6.914744766577469418e+05,-1.382405753247439861e-02,1.999214432222170353e-08,2.858658938203006983e-02,2.837531513068825006e-02,2.526100382221187490e-01,supercritical,1.697907383404071314e-03,1.876120860470867457e+00,5.240252676230738871e-14,1048576,30,6.1.1-I-900
phase_regimes,1,4,2,1.100000000000000089e+00,4.152787295564890901e-01,4.568066025121380602e-01,2.000000000000000000e+01,1048576,1.032951631004479953e+00,512,128,129,9.968139855065392130e-01,3.186014493460787023e-03,4.147015727418509323e-01,6.914744745069665369e+05,8.832983439788222313e-03,1.277412799089408831e-08,2.813769085332751274e-02,2.883281244430691004e-02,2.526096360746718505e-01,supercritical,1.697907383404071314e-03,1.876435973246824096e+00,6.128431095930864103e-14,1048576,30,6.1.1-I-900
phase_regimes,1,4,2,1.100000000000000089e+00,4.152787295564890901e-01,4.568066025121380602e-01,2.800000000000000000e+01,268435456,1.023536879288914125e+00,128,32,33,9.997535360635038115e-01,2.464639364961884738e-04,4.280834220683402691e-01,1.775640477721948326e+08,1.101940870285034180e-01,6.205878296369799754e-10,3.724710941314697266e-01,3.815844357013702393e-01,2.503046073871124655e-01,supercritical,1.365436787130941464e-04,1.805019015300290741e+00,3.774758283725532237e-15,268435456,30,6.1.1-I-900
phase_regimes,1,4,2,1.100000000000000089e+00,4.152787295564890901e-01,4.568066025121380602e-01,2.800000000000000000e+01,268435456,1.023536879288914125e+00,256,64,65,9.997537618066173470e-01,2.462381933826529590e-04,4.281306366998664514e-01,1.775640411640749872e+08,3.864616155624389648e-02,2.176463280678185150e-10,3.739131391048431396e-01,3.800517618656158447e-01,2.503011869987360472e-01,supercritical,1.365436787130941464e-04,1.803365748626482690e+00,8.992806499463767977e-15,268435456,30,6.1.1-I-900
phase_regimes,1,4,2,1.100000000000000089e+00,4.152787295564890901e-01,4.568066025121380602e-01,2.800000000000000000e+01,268435456,1.023536879288914125e+00,512,128,129,9.997538031577755113e-01,2.461968422244886767e-04,4.281392900691501913e-01,1.775640407308028638e+08,1.005157828330993652e-01,5.660818621800062633e-10,3.725630342960357666e-01,3.812219500541687012e-01,2.503007672093192082e-01,supercritical,1.365436787130941464e-04,1.803062906645411134e+00,5.051514762044462259e-14,268435456,30,6.1.1-I-900
phase_regimes,1,4,2,1.149999999999999911e+00,4.152787295564890901e-01,4.775705389899624342e-01,1.200000000000000000e+01,4096,1.057415720689623972e+00,128,32,33,9.601539430789078899e-01,3.984605692109211006e-02,3.874516020375803893e-01,2.680345583531070588e+03,-6.309232958301436156e-05,2.353887870678859114e-08,2.527085659039585153e-03,2.560886788614880061e-03,2.586177712005075513e-01,supercritical,2.488441636504170121e-02,1.601245387336828419e+00,3.663735981263016583e-15,4096,30,6.1.1-I-900
phase_regimes,1,4,2,1.149999999999999911e+00,4.152787295564890901e-01,4.775705389899624342e-01,1.200000000000000000e+01,4096,1.057415720689623972e+00,256,64,65,9.601514605213068432e-01,3.984853947869315682e-02,3.874441118318393551e-01,2.680345279755749743e+03,7.278310931724263355e-04,2.715437815678549236e-07,2.511366811631887686e-03,2.576817813405796187e-03,2.586147580037611027e-01,supercritical,2.488441636504170121e-02,1.601345150882198753e+00,6.106226635438360972e-15,4096,30,6.1.1-I-900
phase_regimes,1,4,2,1.149999999999999911e+00,4.152787295564890901e-01,4.775705389899624342e-01,1.200000000000000000e+01,4096,1.057415720689623972e+00,512,128,129,9.601530403485847298e-01,3.984695965141527019e-02,3.874488783264019021e-01,2.680345257604398284e+03,2.188335201935842633e-04,8.164378061846041399e-08,2.521435380003822502e-03,2.566523304267320782e-03,2.586143984673634488e-01,supercritical,2.488441636504170121e-02,1.601281664270549410e+00,9.103828801926283631e-15,4096,30,6.1.1-I-900
phase_regimes,1,4,2,1.149999999999999911e+00,4.152787295564890901e-01,4.775705389899624342e-01,2.000000000000000000e+01,1048576,1.034449432413774517e+00,128,32,33,9.964188624214549428e-01,3.581137578545057210e-03,4.062683170062421634e-01,6.911142171917748637e+05,-3.400404239073395729e-03,4.920176946858885561e-09,2.880127495154738426e-02,2.906651783268898726e-02,2.529807401519459931e-01,supercritical,2.233038720352077157e-03,1.603705993051669498e+00,3.552713678800500929e-15,1048576,30,6.1.1-I-900
phase_regimes,1,4,2,1.149999999999999911e+00,4.152787295564890901e-01,4.775705389899624342e-01,2.000000000000000000e+01,1048576,1.034449432413774517e+00,256,64,65,9.964186393032594680e-01,3.581360696740532035e-03,4.062638228827969988e-01,6.911142034442467848e+05,-7.734750397503376007e-03,1.119171094872072042e-08,2.888468315359205008e-02,2.897660271264612675e-02,2.529774562493902756e-01,supercritical,2.233038720352077157e-03,1.603805909901942384e+00,1.554312234475219157e-14,1048576,30,6.1.1-I-900
phase_regimes,1,4,2,1.149999999999999911e+00,4.152787295564890901e-01,4.775705389899624342e-01,2.000000000000000000e+01,1048576,1.034449432413774517e+00,512,128,129,9.964184973117156119e-01,3.581502688284388114e-03,4.062609629860604032e-01,6.911142011357707670e+05,-3.280816599726676941e-03,4.747141057635645227e-09,2.879680658224970102e-02,2.906687650829553604e-02,2.529770568434433486e-01,supercritical,2.233038720352077157e-03,1.603869496593280042e+00,2.298161660974074039e-14,1048576,30,6.1.1-I-900
phase_regimes,1,4,2,1.149999999999999911e+00,4.152787295564890901e-01,4.775705389899624342e-01,2.800000000000000000e+01,268435456,1.024606737438410242e+00,128,32,33,9.997036938127403793e-01,2.963061872596206570e-04,4.185937009850629331e-01,1.775008567292944193e+08,-2.932921051979064941e-01,1.652341913172873681e-09,3.898241221904754639e-01,3.839447796344757080e-01,2.505669086155072889e-01,supercritical,2.003770988684247956e-04,1.478742775162078527e+00,2.486899575160350651e-14,268435456,30,6.1.1-I-900
phase_regimes,1,4,2,1.149999999999999911e+00,4.152787295564890901e-01,4.775705389899624342e-01,2.800000000000000000e+01,268435456,1.024606737438410242e+00,256,64,65,9.997039283184581127e-01,2.960716815418873438e-04,4.186344954402247409e-01,1.775008504809689224e+08,8.006393909454345703e-02,4.510622843642524380e-10,3.823520541191101074e-01,3.912955522537231445e-01,2.505635018394575808e-01,supercritical,2.003770988684247956e-04,1.477572453208833236e+00,1.909583602355269250e-14,268435456,30,6.1.1-I-900
phase_regimes,1,4,2,1.149999999999999911e+00,4.152787295564890901e-01,4.775705389899624342e-01,2.800000000000000000e+01,268435456,1.024606737438410242e+00,512,128,129,9.997039780382305230e-01,2.960219617694770378e-04,4.186431488095100906e-01,1.775008501160305440e+08,9.375065565109252930e-02,5.281701782825752721e-10,3.819158971309661865e-01,3.914867341518402100e-01,2.505630840913924406e-01,supercritical,2.003770988684247956e-04,1.477324322196401640e+00,2.375877272697834997e-14,268435456,30,6.1.1-I-900
phase_regimes,1,4,2,1.199999999999999956e+00,4.152787295564890901e-01,4.983344754677868638e-01,1.200000000000000000e+01,4096,1.059912056371781652e+00,128,32,33,9.577464544498002219e-01,4.225354555019977809e-02,3.803986487395973337e-01,2.677236505002857029e+03,-1.078563172995927744e-03,4.028643606870199887e-07,2.608713092286052415e-03,2.605964510166813852e-03,2.592309043324863005e-01,supercritical,2.893113926204838801e-02,1.460486749846992893e+00,3.108624468950438313e-15,4096,30,6.1.1-I-900
phase_regimes,1,4,2,1.199999999999999956e+00,4.152787295564890901e-01,4.983344754677868638e-01,1.200000000000000000e+01,4096,1.059912056371781652e+00,256,64,65,9.577438218967000427e-01,4.225617810329995727e-02,3.803911585338561885e-01,2.677236201126718242e+03,-2.834977976817754097e-04,1.058919633473000960e-07,2.592951968836132437e-03,2.622006235469598323e-03,2.592279192582084835e-01,supercritical,2.893113926204838801e-02,1.460577743605528722e+00,8.437694987151189707e-15,4096,30,6.1.1-I-900
phase_regimes,1,4,2,1.199999999999999956e+00,4.152787295564890901e-01,4.983344754677868638e-01,1.200000000000000000e+01,4096,1.059912056371781652e+00,512,128,129,9.577421465502392595e-01,4.225785344976074054e-02,3.803863920392937525e-01,2.677236178764298074e+03,2.275938868478988297e-04,8.501076171507094406e-08,2.582845828783320030e-03,2.632347413509705802e-03,2.592275638194923570e-01,supercritical,2.893113926204838801e-02,1.460635651676331248e+00,5.551115123125782702e-15,4096,30,6.1.1-I-900
phase_regimes,1,4,2,1.199999999999999956e+00,4.152787295564890901e-01,4.983344754677868638e-01,2.000000000000000000e+01,1048576,1.035947233823068858e+00,128,32,33,9.959403006193763286e-01,4.059699380623671416e-03,3.972205692189952897e-01,6.907523074605276342e+05,-4.010903649032115936e-02,5.806572928837179937e-08,3.052963921800255775e-02,2.940000325907021761e-02,2.533481677920382813e-01,supercritical,2.870537080041553508e-03,1.414264741204772635e+00,4.107825191113079200e-15,1048576,30,6.1.1-I-900
phase_regimes,1,4,2,1.199999999999999956e+00,4.152787295564890901e-01,4.983344754677868638e-01,2.000000000000000000e+01,1048576,1.035947233823068858e+00,256,64,65,9.959384102782335990e-01,4.061589721766400984e-03,3.971869885176180226e-01,6.907522917030720273e+05,1.307640923187136650e-02,1.893067802877795349e-08,2.947747346479445696e-02,3.047571785282343626e-02,2.533449022191865962e-01,supercritical,2.870537080041553508e-03,1.414923273420180205e+00,1.465494392505206633e-14,1048576,30,6.1.1-I-900
phase_regimes,1,4,2,1.199999999999999956e+00,4.152787295564890901e-01,4.983344754677868638e-01,2.000000000000000000e+01,1048576,1.035947233823068858e+00,512,128,129,9.959385713032126164e-01,4.061428696787383608e-03,3.971898484143552288e-01,6.907522892238239292e+05,5.857989890500903130e-03,8.480594247589591232e-09,2.962047816254198551e-02,3.032993234228342772e-02,2.533445055360320497e-01,supercritical,2.870537080041553508e-03,1.414867177653246211e+00,5.573319583618285833e-14,1048576,30,6.1.1-I-900
phase_regimes,1,4,2,1.199999999999999956e+00,4.152787295564890901e-01,4.983344754677868638e-01,2.800000000000000000e+01,268435456,1.025676595587906359e+00,128,32,33,9.996352175463315559e-01,3.647824536684440844e-04,4.078812872563630787e-01,1.774376385033538043e+08,6.525963544845581055e-02,3.677891342496779101e-10,4.116996526718139648e-01,4.217356741428375244e-01,2.508292238162653787e-01,supercritical,2.848020302139096772e-04,1.280828136633936687e+00,1.465494392505206633e-14,268435456,30,6.1.1-I-900
phase_regimes,1,4,2,1.199999999999999956e+00,4.152787295564890901e-01,4.983344754677868638e-01,2.800000000000000000e+01,268435456,1.025676595587906359e+00,256,64,65,9.996356251306782736e-01,3.643748693217263579e-04,4.079388899514250211e-01,1.774376327080538571e+08,-8.475780487060546875e-02,4.776765986844589853e-10,4.143349528312683105e-01,4.183841347694396973e-01,2.508258306018241734e-01,supercritical,2.848020302139096772e-04,1.279397022022809915e+00,6.228351168147128192e-14,268435456,30,6.1.1-I-900
phase_regimes,1,4,2,1.199999999999999956e+00,4.152787295564890901e-01,4.983344754677868638e-01,2.800000000000000000e+01,268435456,1.025676595587906359e+00,512,128,129,9.996356395766119451e-01,3.643604233880548549e-04,4.079409327348099690e-01,1.774376324089885652e+08,1.125335693359375000e-01,6.342147818820694879e-10,4.103068709373474121e-01,4.222546219825744629e-01,2.508254148853583110e-01,supercritical,2.848020302139096772e-04,1.279346299302678069e+00,3.419486915845482145e-14,268435456,30,6.1.1-I-900
phase_regimes,1,4,2,1.250000000000000000e+00,4.152787295564890901e-01,5.190984119456113488e-01,1.200000000000000000e+01,4096,1.062408392053939110e+00,128,32,33,9.551607750795367835e-01,4.483922492046321651e-02,3.732579041232154671e-01,2.674093025686042893e+03,4.880079131908132695e-04,1.824947406478553769e-07,2.656398048657138133e-03,2.720826650147500914e-03,2.598441200322382794e-01,supercritical,3.323290508452932113e-02,1.349241807371721613e+00,5.884182030513329664e-15,4096,30,6.1.1-I-900
phase_regimes,1,4,2,1.250000000000000000e+00,4.152787295564890901e-01,5.190984119456113488e-01,1.200000000000000000e+01,4096,1.062408392053939110e+00,256,64,65,9.551635685560382338e-01,4.483643144396176616e-02,3.732653943289564458e-01,2.674092720955542518e+03,-3.825961130132782273e-04,1.430751110517079812e-07,2.673542574939347105e-03,2.703143266899132868e-03,2.598411628323676337e-01,supercritical,3.323290508452932113e-02,1.349157749824108965e+00,5.662137425588298356e-15,4096,30,6.1.1-I-900
phase_regimes,1,4,2,1.250000000000000000e+00,4.152787295564890901e-01,5.190984119456113488e-01,1.200000000000000000e+01,4096,1.062408392053939110e+00,512,128,129,9.551617909093104153e-01,4.483820909068958471e-02,3.732606278343939543e-01,2.674092698304374608e+03,1.434940486433333717e-04,5.366083559269356700e-08,2.663150210082676494e-03,2.713798236527509289e-03,2.598408114466966290e-01,supercritical,3.323290508452932113e-02,1.349211240384843746e+00,2.686739719592878828e-14,4096,30,6.1.1-I-900
phase_regimes,1,4,2,1.250000000000000000e+00,4.152787295564890901e-01,5.190984119456113488e-01,2.000000000000000000e+01,1048576,1.037445035232363422e+00,128,32,33,9.953605950535642233e-01,4.639404946435776722e-03,3.875922254296700897e-01,6.903883929658512352e+05,3.819935955107212067e-02,5.533024590255760649e-08,3.071591199841350317e-02,3.281014598906040192e-02,2.537156235707206386e-01,supercritical,3.616634004474932659e-03,1.282796362776921661e+00,3.663735981263016583e-15,1048576,30,6.1.1-I-900
phase_regimes,1,4,2,1.250000000000000000e+00,4.152787295564890901e-01,5.190984119456113488e-01,2.000000000000000000e+01,1048576,1.037445035232363422e+00,256,64,65,9.953608840877462560e-01,4.639115912253743979e-03,3.875967195531144216e-01,6.903883746612062678e+05,8.495117072016000748e-03,1.230483794890781930e-08,3.130264952778816223e-02,3.220871312078088522e-02,2.537123762313619468e-01,supercritical,3.616634004474932659e-03,1.282716444769825825e+00,3.796962744218035368e-14,1048576,30,6.1.1-I-900
phase_regimes,1,4,2,1.250000000000000000e+00,4.152787295564890901e-01,5.190984119456113488e-01,2.000000000000000000e+01,1048576,1.037445035232363422e+00,512,128,129,9.953610680092138674e-01,4.638931990786132609e-03,3.875995794498518499e-01,6.903883720047920942e+05,9.670620784163475037e-04,1.400750820307319600e-09,3.145164134912192822e-02,3.205654164776206017e-02,2.537119822536818003e-01,supercritical,3.616634004474932659e-03,1.282665590448547110e+00,3.175237850427947706e-14,1048576,30,6.1.1-I-900
phase_regimes,1,4,2,1.250000000000000000e+00,4.152787295564890901e-01,5.190984119456113488e-01,2.800000000000000000e+01,268435456,1.026746453737402476e+00,128,32,33,9.995424642690940997e-01,4.575357309059002731e-04,3.962081416277929979e-01,1.773743692107105553e+08,5.503520369529724121e-01,3.102770932474386141e-09,4.583101570606231689e-01,4.900719523429870605e-01,2.510915530260033890e-01,supercritical,3.935703446821630074e-04,1.162525929831918603e+00,5.329070518200751394e-15,268435456,30,6.1.1-I-900
phase_regimes,1,4,2,1.250000000000000000e+00,4.152787295564890901e-01,5.190984119456113488e-01,2.800000000000000000e+01,268435456,1.026746453737402476e+00,256,64,65,9.995430676226613187e-01,4.569323773386813059e-04,3.962761323864013585e-01,1.773743639644477069e+08,-1.317784190177917480e-01,7.429394872655044942e-10,4.712204933166503906e-01,4.756856858730316162e-01,2.510881733225290846e-01,supercritical,3.935703446821630074e-04,1.160992903842101631e+00,1.432187701766451937e-14,268435456,30,6.1.1-I-900
phase_regimes,1,4,2,1.250000000000000000e+00,4.152787295564890901e-01,5.190984119456113488e-01,2.800000000000000000e+01,268435456,1.026746453737402476e+00,512,128,129,9.995430857381115697e-01,4.569142618884303175e-04,3.962781751697870836e-01,1.773743637203188539e+08,-2.796947956085205078e-02,1.576861445713423061e-10,4.690329134464263916e-01,4.776561856269836426e-01,2.510877596283497826e-01,supercritical,3.935703446821630074e-04,1.160946875348096041e+00,1.798561299892753595e-14,268435456,30,6.1.1-I-900
phase_regimes,1,4,2,1.300000000000000044e+00,4.152787295564890901e-01,5.398623484234358338e-01,1.200000000000000000e+01,4096,1.064904727736096790e+00,128,32,33,9.524234950501929697e-01,4.757650494980703026e-02,3.661339080772378907e-01,2.670913305656727516e+03,-2.601253413558879402e-03,9.739190740671680760e-07,2.814260129980539205e-03,2.760087344540806953e-03,2.604574187576705335e-01,supercritical,3.776937924036913308e-02,1.259658112118393625e+00,5.440092820663267048e-15,4096,30,6.1.1-I-900
phase_regimes,1,4,2,1.300000000000000044e+00,4.152787295564890901e-01,5.398623484234358338e-01,1.200000000000000000e+01,4096,1.064904727736096790e+00,256,64,65,9.524109372601017309e-01,4.758906273989826907e-02,3.661021790565529566e-01,2.670912998978068572e+03,1.029961708809423726e-03,3.856215867770693136e-07,2.742567864515876863e-03,2.833675022884563077e-03,2.604544891861290679e-01,supercritical,3.776937924036913308e-02,1.259990598125413142e+00,4.884981308350688778e-15,4096,30,6.1.1-I-900
phase_regimes,1,4,2,1.300000000000000044e+00,4.152787295564890901e-01,5.398623484234358338e-01,1.200000000000000000e+01,4096,1.064904727736096790e+00,512,128,129,9.524128239666267426e-01,4.758717603337325741e-02,3.661069455511155590e-01,2.670912975963032750e+03,4.694379640568513423e-04,1.757593632894719470e-07,2.753625841251050588e-03,2.822308540999074467e-03,2.604541418096587568e-01,supercritical,3.776937924036913308e-02,1.259940644788531294e+00,2.531308496145356912e-14,4096,30,6.1.1-I-900
phase_regimes,1,4,2,1.300000000000000044e+00,4.152787295564890901e-01,5.398623484234358338e-01,2.000000000000000000e+01,1048576,1.038942836641657985e+00,128,32,33,9.946752939693923601e-01,5.324706030607639917e-03,3.776541203125797774e-01,6.900220716533466475e+05,-3.910547820851206779e-02,5.667279325545673688e-08,3.484664007555693388e-02,3.396007756236940622e-02,2.540831075871315403e-01,supercritical,4.476383057172361041e-03,1.189510808749050019e+00,5.551115123125782702e-15,1048576,30,6.1.1-I-900
phase_regimes,1,4,2,1.300000000000000044e+00,4.152787295564890901e-01,5.398623484234358338e-01,2.000000000000000000e+01,1048576,1.038942836641657985e+00,256,64,65,9.946738885164130295e-01,5.326111483586970508e-03,3.776350829001694498e-01,6.900220502639805200e+05,-1.664046430960297585e-02,2.411584427372554489e-08,3.440641739871352911e-02,3.441880329046398401e-02,2.540798783857983190e-01,supercritical,4.476383057172361041e-03,1.189824779417194334e+00,1.376676550535194110e-14,1048576,30,6.1.1-I-900
phase_regimes,1,4,2,1.300000000000000044e+00,4.152787295564890901e-01,5.398623484234358338e-01,2.000000000000000000e+01,1048576,1.038942836641657985e+00,512,128,129,9.946729939441016910e-01,5.327006055898309000e-03,3.776229681831813623e-01,6.900220474329952849e+05,1.113503822125494480e-02,1.613722092312740756e-08,3.385966061614453793e-02,3.498325706459581852e-02,2.540794870957517881e-01,supercritical,4.476383057172361041e-03,1.190024622080325001e+00,2.531308496145356912e-14,1048576,30,6.1.1-I-900
phase_regimes,1,4,2,1.300000000000000044e+00,4.152787295564890901e-01,5.398623484234358338e-01,2.800000000000000000e+01,268435456,1.027816311886898593e+00,128,32,33,9.994201167300110766e-01,5.798832699889233666e-04,3.839982094061760165e-01,1.773110200449329019e+08,7.689967751502990723e-01,4.336993690270493882e-09,5.450975894927978516e-01,5.887646377086639404e-01,2.513538962805257349e-01,supercritical,5.305122887140823916e-04,1.093062841945682484e+00,1.676436767183986376e-14,268435456,30,6.1.1-I-900
phase_regimes,1,4,2,1.300000000000000044e+00,4.152787295564890901e-01,5.398623484234358338e-01,2.800000000000000000e+01,268435456,1.027816311886898593e+00,256,64,65,9.994207646541132251e-01,5.792353458867749438e-04,3.840558121012384030e-01,1.773110154220570922e+08,2.340748906135559082e-01,1.320137330759640540e-09,5.548579096794128418e-01,5.770703256130218506e-01,2.513505300376218665e-01,supercritical,5.305122887140823916e-04,1.091841524144130826e+00,8.437694987151189707e-15,268435456,30,6.1.1-I-900
phase_regimes,1,4,2,1.300000000000000044e+00,4.152787295564890901e-01,5.398623484234358338e-01,2.800000000000000000e+01,268435456,1.027816311886898593e+00,512,128,129,9.994208619259947746e-01,5.791380740052254339e-04,3.840644654705139827e-01,1.773110152135850191e+08,-1.400336623191833496e-01,7.897629041856301259e-10,5.620900392532348633e-01,5.693461000919342041e-01,2.513501183560477026e-01,supercritical,5.305122887140823916e-04,1.091658169519518440e+00,3.408384685599230579e-14,268435456,30,6.1.1-I-900
phase_regimes,1,4,2,1.399999999999999911e+00,4.152787295564890901e-01,5.813902213790846929e-01,1.200000000000000000e+01,4096,1.069897399100411928e+00,128,32,33,9.464340527080229437e-01,5.356594729197705629e-02,3.518783367857795108e-01,2.664438786828809953e+03,2.609524131003126968e-03,9.793897851595824877e-07,2.964017734939261572e-03,3.129867448024015175e-03,2.616842671167868284e-01,supercritical,4.746506121070712125e-02,1.128534250786844106e+00,3.663735981263016583e-15,4096,30,6.1.1-I-900
phase_regimes,1,4,2,1.399999999999999911e+00,4.152787295564890901e-01,5.813902213790846929e-01,1.200000000000000000e+01,4096,1.069897399100411928e+00,256,64,65,9.464481876769297308e-01,5.355181232307026917e-02,3.519100658064644449e-01,2.664438474362244506e+03,-1.486833070885040797e-03,5.580286747814384335e-07,3.044685281565762125e-03,3.046669118248246377e-03,2.616813920704403884e-01,supercritical,4.746506121070712125e-02,1.128236453448207222e+00,1.276756478318930021e-14,4096,30,6.1.1-I-900
phase_regimes,1,4,2,1.399999999999999911e+00,4.152787295564890901e-01,5.813902213790846929e-01,1.200000000000000000e+01,4096,1.069897399100411928e+00,512,128,129,9.464460644882440876e-01,5.355393551175591238e-02,3.519052993119018979e-01,2.664438450459262640e+03,-8.938160362959024496e-04,3.354613187412295630e-07,3.033001594758388819e-03,3.058709995002573123e-03,2.616810525824451727e-01,supercritical,4.746506121070712125e-02,1.128281185059870184e+00,2.087219286295294296e-14,4096,30,6.1.1-I-900
phase_regimes,1,4,2,1.399999999999999911e+00,4.152787295564890901e-01,5.813902213790846929e-01,2.000000000000000000e+01,1048576,1.041938439460247112e+00,128,32,33,9.929357647237616602e-01,7.064235276238339800e-03,3.572625445766379193e-01,6.892805263990159146e+05,3.560361801646649837e-02,5.165330609653116119e-08,4.170599253848195076e-02,4.410737007856369019e-02,2.548181607304148000e-01,supercritical,6.551254556308474392e-03,1.078302669438465866e+00,2.153832667772803688e-14,1048576,30,6.1.1-I-900
phase_regimes,1,4,2,1.399999999999999911e+00,4.152787295564890901e-01,5.813902213790846929e-01,2.000000000000000000e+01,1048576,1.041938439460247112e+00,256,64,65,9.929362048244833039e-01,7.063795175516696112e-03,3.572670387000826953e-01,6.892804975034402451e+05,-5.939509719610214233e-03,8.616970509281774656e-09,4.252914513926953077e-02,4.326879244763404131e-02,2.548149675196105801e-01,supercritical,6.551254556308474392e-03,1.078235491355571840e+00,2.364775042451583431e-14,1048576,30,6.1.1-I-900
phase_regimes,1,4,2,1.399999999999999911e+00,4.152787295564890901e-01,5.813902213790846929e-01,2.000000000000000000e+01,1048576,1.041938439460247112e+00,512,128,129,9.929359247635601848e-01,7.064075236439815164e-03,3.572641788033452115e-01,6.892804943914732430e+05,1.909298589453101158e-03,2.769987842378613851e-09,4.237552126869559288e-02,4.342917597386986017e-02,2.548145815536192460e-01,supercritical,6.551254556308474392e-03,1.078278240560431867e+00,2.553512956637860043e-14,1048576,30,6.1.1-I-900
phase_regimes,1,4,2,1.399999999999999911e+00,4.152787295564890901e-01,5.813902213790846929e-01,2.800000000000000000e+01,268435456,1.029956028185890826e+00,128,32,33,9.990698478766707469e-01,9.301521233292531221e-04,3.596516319996401201e-01,1.771839509074658453e+08,-5.210936069488525391e-01,2.940975208420503041e-09,8.836891055107116699e-01,8.851615786552429199e-01,2.518786250692455764e-01,supercritical,9.041786040721105314e-04,1.028726093650266460e+00,9.325873406851314940e-15,268435456,30,6.1.1-I-900
phase_regimes,1,4,2,1.399999999999999911e+00,4.152787295564890901e-01,5.813902213790846929e-01,2.800000000000000000e+01,268435456,1.029956028185890826e+00,256,64,65,9.990702807871684188e-01,9.297192128315812099e-04,3.596756182149104530e-01,1.771839475481903851e+08,-1.037567853927612305e-01,5.855879543745999968e-10,8.743325471878051758e-01,8.924466669559478760e-01,2.518752855970204929e-01,supercritical,9.041786040721105314e-04,1.028247304951084296e+00,4.118927421359330765e-14,268435456,30,6.1.1-I-900
phase_regimes,1,4,2,1.399999999999999911e+00,4.152787295564890901e-01,5.813902213790846929e-01,2.800000000000000000e+01,268435456,1.029956028185890826e+00,512,128,129,9.990702439262438839e-01,9.297560737561161304e-04,3.596735754315272815e-01,1.771839473402358294e+08,-1.908093690872192383e-02,1.076899865656674459e-10,8.726428151130676270e-01,8.941313922405242920e-01,2.518748779139108329e-01,supercritical,9.041786040721105314e-04,1.028288072255651109e+00,3.197442310920450836e-14,268435456,30,6.1.1-I-900
phase_regimes,1,4,2,1.500000000000000000e+00,4.152787295564890901e-01,6.229180943347336630e-01,1.200000000000000000e+01,4096,1.074890070464727065e+00,128,32,33,9.399055318995033215e-01,6.009446810049667853e-02,3.380519998079318245e-01,2.657802726410704963e+03,4.876836783296312205e-04,1.834913003450168099e-07,3.340971484703914030e-03,3.435794453707785578e-03,2.629114530702571506e-01,supercritical,5.785969666311364251e-02,1.038623974307969933e+00,4.218847493575594854e-15,4096,30,6.1.1-I-900
phase_regimes,1,4,2,1.500000000000000000e+00,4.152787295564890901e-01,6.229180943347336630e-01,1.200000000000000000e+01,4096,1.074890070464727065e+00,256,64,65,9.399092757752015581e-01,6.009072422479844189e-02,3.380594900136729142e-01,2.657802405863390504e+03,-6.672067911495105363e-04,2.510370182815631607e-07,3.363649520906619728e-03,3.412269268665113486e-03,2.629086315872787294e-01,supercritical,5.785969666311364251e-02,1.038559268201402652e+00,9.769962616701377556e-15,4096,30,6.1.1-I-900
phase_regimes,1,4,2,1.500000000000000000e+00,4.152787295564890901e-01,6.229180943347336630e-01,1.200000000000000000e+01,4096,1.074890070464727065e+00,512,128,129,9.399068933358357691e-01,6.009310666416423086e-02,3.380547235191102562e-01,2.657802380857015578e+03,-8.966253517428413033e-06,3.373559141194395427e-09,3.350703156684176065e-03,3.425658401283726562e-03,2.629082998165351293e-01,supercritical,5.785969666311364251e-02,1.038600444348240393e+00,3.774758283725532237e-15,4096,30,6.1.1-I-900
phase_regimes,1,4,2,1.500000000000000000e+00,4.152787295564890901e-01,6.229180943347336630e-01,2.000000000000000000e+01,1048576,1.044934042278836239e+00,128,32,33,9.907001433436641857e-01,9.299856656335814264e-03,3.374287902650129900e-01,6.885244146777733695e+05,7.806293433532118797e-02,1.133771478123318609e-07,5.395521421451121569e-02,5.847390904091298580e-02,2.555533280158067688e-01,supercritical,9.113143847335455905e-03,1.020488298234746960e+00,9.769962616701377556e-15,1048576,30,6.1.1-I-900
phase_regimes,1,4,2,1.500000000000000000e+00,4.152787295564890901e-01,6.229180943347336630e-01,2.000000000000000000e+01,1048576,1.044934042278836239e+00,256,64,65,9.907025973875357439e-01,9.297402612464256144e-03,3.374478276774240948e-01,6.885243772945631063e+05,-2.740925992839038372e-02,3.980869934640558121e-08,5.603579501621425152e-02,5.633514898363500834e-02,2.555501704183356093e-01,supercritical,9.113143847335455905e-03,1.020219012035311401e+00,2.198241588757809950e-14,1048576,30,6.1.1-I-900
phase_regimes,1,4,2,1.500000000000000000e+00,4.152787295564890901e-01,6.229180943347336630e-01,2.000000000000000000e+01,1048576,1.044934042278836239e+00,512,128,129,9.907022287699450702e-01,9.297771230054929781e-03,3.374449677806862780e-01,6.885243740656253649e+05,-1.629334292374551296e-02,2.366414834021917108e-08,5.581808683928102255e-02,5.656215036287903786e-02,2.555497897077602110e-01,supercritical,9.113143847335455905e-03,1.020259461039173310e+00,7.194245199571014382e-14,1048576,30,6.1.1-I-900
phase_regimes,1,4,2,1.500000000000000000e+00,4.152787295564890901e-01,6.229180943347336630e-01,2.800000000000000000e+01,268435456,1.032095744484883060e+00,128,32,33,9.985564575232065421e-01,1.443542476793457929e-03,3.370060973073667476e-01,1.770561548267521858e+08,7.033646106719970703e-01,3.972551032525431767e-09,1.387010127305984497e+00,1.452418535947799683e+00,2.524034104726834427e-01,supercritical,1.435284952148760873e-03,1.005753230138959342e+00,1.088018564132653410e-14,268435456,30,6.1.1-I-900
phase_regimes,1,4,2,1.500000000000000000e+00,4.152787295564890901e-01,6.229180943347336630e-01,2.800000000000000000e+01,268435456,1.032095744484883060e+00,256,64,65,9.985568384448378909e-01,1.443161555162109089e-03,3.370196954590902738e-01,1.770561523480076492e+08,2.011954784393310547e-01,1.136337121140399809e-09,1.395602762699127197e+00,1.440897673368453979e+00,2.524000975713114325e-01,supercritical,1.435284952148760873e-03,1.005487832225619105e+00,3.375077994860475883e-14,268435456,30,6.1.1-I-900
phase_regimes,1,4,2,1.500000000000000000e+00,4.152787295564890901e-01,6.229180943347336630e-01,2.800000000000000000e+01,268435456,1.032095744484883060e+00,512,128,129,9.985567812272732047e-01,1.443218772726795329e-03,3.370176526757061586e-01,1.770561520654634237e+08,2.516284584999084473e-01,1.421178849559958829e-09,1.394661098718643188e+00,1.441965341567993164e+00,2.523996938491281372e-01,supercritical,1.435284952148760873e-03,1.005527697176896273e+00,4.218847493575594854e-14,268435456,30,6.1.1-I-900
phase_regimes,1,4,2,1.600000000000000089e+00,4.152787295564890901e-01,6.644459672903826331e-01,1.200000000000000000e+01,4096,1.079882741829042203e+00,128,32,33,9.329094812096334621e-01,6.709051879036653787e-02,3.248122741770121391e-01,2.650999255761126733e+03,1.761827093105239328e-03,6.645898105314262969e-07,3.735982014859473566e-03,3.898075844972481718e-03,2.641389802760278349e-01,supercritical,6.880613846441252512e-02,9.750658921960381198e-01,4.440892098500626162e-15,4096,30,6.1.1-I-900
phase_regimes,1,4,2,1.600000000000000089e+00,4.152787295564890901e-01,6.644459672903826331e-01,1.200000000000000000e+01,4096,1.079882741829042203e+00,256,64,65,9.329136609381645240e-01,6.708633906183547602e-02,3.248197643827531733e-01,2.650998924894383890e+03,4.472261707633151673e-04,1.687010004280302292e-07,3.761791323540819576e-03,3.871276401696377434e-03,2.641362114088466884e-01,supercritical,6.880613846441252512e-02,9.750051457477656447e-01,6.439293542825907934e-15,4096,30,6.1.1-I-900
phase_regimes,1,4,2,1.600000000000000089e+00,4.152787295564890901e-01,6.644459672903826331e-01,1.200000000000000000e+01,4096,1.079882741829042203e+00,512,128,129,9.329163206298323185e-01,6.708367937016768145e-02,3.248245308773157758e-01,2.650998898589544751e+03,-3.253586555729270913e-04,1.227305887399776210e-07,3.776965005272359122e-03,3.855539857340772869e-03,2.641358871881406833e-01,supercritical,6.880613846441252512e-02,9.749664908874994262e-01,1.854072451124011423e-14,4096,30,6.1.1-I-900
phase_regimes,1,4,2,1.600000000000000089e+00,4.152787295564890901e-01,6.644459672903826331e-01,2.000000000000000000e+01,1048576,1.047929645097425366e+00,128,32,33,9.879905670290860531e-01,1.200943297091394690e-02,3.189844077207488748e-01,6.877509292632376309e+05,5.263095954433083534e-02,7.652619183039483572e-08,7.274568045977503061e-02,7.680398598313331604e-02,2.562886102367482599e-01,supercritical,1.216447927773613331e-02,9.872541764195399416e-01,3.885780586188047891e-15,1048576,30,6.1.1-I-900
phase_regimes,1,4,2,1.600000000000000089e+00,4.152787295564890901e-01,6.644459672903826331e-01,2.000000000000000000e+01,1048576,1.047929645097425366e+00,256,64,65,9.879913152148287470e-01,1.200868478517125304e-02,3.189889018441933177e-01,6.877508836168186972e+05,-1.777982106432318687e-03,2.585212391268876558e-09,7.382580381818115711e-02,7.570753723848611116e-02,2.562854878783576429e-01,supercritical,1.216447927773613331e-02,9.871926706431223275e-01,1.765254609153998899e-14,1048576,30,6.1.1-I-900
phase_regimes,1,4,2,1.600000000000000089e+00,4.152787295564890901e-01,6.644459672903826331e-01,2.000000000000000000e+01,1048576,1.047929645097425366e+00,512,128,129,9.879908391020221226e-01,1.200916089797787745e-02,3.189860419474558340e-01,6.877508804317278555e+05,1.350298407487571239e-02,1.963353949674243315e-08,7.352606311906129122e-02,7.601914985571056604e-02,2.562851123551083132e-01,supercritical,1.216447927773613331e-02,9.872318102392985129e-01,2.930988785010413267e-14,1048576,30,6.1.1-I-900
phase_regimes,1,4,2,1.600000000000000089e+00,4.152787295564890901e-01,6.644459672903826331e-01,2.800000000000000000e+01,268435456,1.034235460783875293e+00,128,32,33,9.978597874315524585e-01,2.140212568447541486e-03,3.167153639549599164e-01,1.769273473961327970e+08,8.271336555480957031e-01,4.674990428111594903e-09,2.175572246313095093e+00,2.267992138862609863e+00,2.529282527801379743e-01,supercritical,2.150483940969056488e-03,9.952236925252804234e-01,1.509903313490212895e-14,268435456,30,6.1.1-I-900
phase_regimes,1,4,2,1.600000000000000089e+00,4.152787295564890901e-01,6.644459672903826331e-01,2.800000000000000000e+01,268435456,1.034235460783875293e+00,256,64,65,9.978599207664512472e-01,2.140079233548752846e-03,3.167185740431338048e-01,1.769273450948259234e+08,-3.366693854331970215e-01,1.902868012023555603e-09,2.197486668825149536e+00,2.243347227573394775e+00,2.529249662511419139e-01,supercritical,2.150483940969056488e-03,9.951616902493050087e-01,3.264055692397960229e-14,268435456,30,6.1.1-I-900
phase_regimes,1,4,2,1.600000000000000089e+00,4.152787295564890901e-01,6.644459672903826331e-01,2.800000000000000000e+01,268435456,1.034235460783875293e+00,512,128,129,9.978598359179313704e-01,2.140164082068629625e-03,3.167165312597510218e-01,1.769273447012302279e+08,-2.085492014884948730e-01,1.178727922699925958e-09,2.195080012083053589e+00,2.246051698923110962e+00,2.529245664540858973e-01,supercritical,2.150483940969056488e-03,9.952011457961520424e-01,6.750155989720951766e-14,268435456,30,6.1.1-I-900
phase_regimes,1,4,2,1.750000000000000000e+00,4.152787295564890901e-01,7.267377767238558661e-01,1.200000000000000000e+01,4096,1.087371748875514799e+00,128,32,33,9.218539333251616341e-01,7.814606667483836588e-02,3.064735774897395237e-01,2.640477842238857193e+03,-5.466108859764062800e-03,2.070121086541425928e-06,4.665411991936707636e-03,4.567456952827342320e-03,2.659809189279164210e-01,supercritical,8.597597722239423701e-02,9.089290892582444492e-01,4.107825191113079200e-15,4096,30,6.1.1-I-900
phase_regimes,1,4,2,1.750000000000000000e+00,4.152787295564890901e-01,7.267377767238558661e-01,1.200000000000000000e+01,4096,1.087371748875514799e+00,256,64,65,9.218333067174947493e-01,7.816669328250525073e-02,3.064418484690544786e-01,2.640477491697723508e+03,4.540252120932564139e-04,1.719481470759805522e-07,4.549339716959366342e-03,4.688261321916797897e-03,2.659782272408289239e-01,supercritical,8.597597722239423701e-02,9.091690005489708737e-01,3.996802888650563546e-15,4096,30,6.1.1-I-900
phase_regimes,1,4,2,1.750000000000000000e+00,4.152787295564890901e-01,7.267377767238558661e-01,1.200000000000000000e+01,4096,1.087371748875514799e+00,512,128,129,9.218364056986841915e-01,7.816359430131580854e-02,3.064466149636170811e-01,2.640477463141999579e+03,-4.818739398615434766e-04,1.824950019789770406e-07,4.567693691569729708e-03,4.669168778491439298e-03,2.659779140376126727e-01,supercritical,8.597597722239423701e-02,9.091329558154352952e-01,8.659739592076221015e-15,4096,30,6.1.1-I-900
phase_regimes,1,4,2,1.750000000000000000e+00,4.152787295564890901e-01,7.267377767238558661e-01,2.000000000000000000e+01,1048576,1.052423049325308835e+00,128,32,33,9.831317286264221744e-01,1.686827137357782558e-02,2.944772026525908637e-01,6.865535043557846220e+05,-1.517175405751913786e-01,2.209842927210062924e-07,1.146048073424026370e-01,1.116159722441807389e-01,2.573917508069699656e-01,supercritical,1.763411986963854192e-02,9.565700754150303631e-01,6.217248937900876626e-15,1048576,30,6.1.1-I-900
phase_regimes,1,4,2,1.750000000000000000e+00,4.152787295564890901e-01,7.267377767238558661e-01,2.000000000000000000e+01,1048576,1.052423049325308835e+00,256,64,65,9.831272762562589529e-01,1.687272374374104711e-02,2.944581652401801475e-01,6.865534485985800857e+05,-2.723940997384488583e-02,3.967558538879535643e-08,1.121826635207980871e-01,1.141742136096581817e-01,2.573886806138913075e-01,supercritical,1.763411986963854192e-02,9.568225615156203956e-01,9.214851104388799286e-15,1048576,30,6.1.1-I-900
phase_regimes,1,4,2,1.750000000000000000e+00,4.152787295564890901e-01,7.267377767238558661e-01,2.000000000000000000e+01,1048576,1.052423049325308835e+00,512,128,129,9.831266072970847869e-01,1.687339270291521309e-02,2.944553053434428302e-01,6.865534454665085068e+05,-5.014386260882019997e-03,7.303708537176996672e-09,1.117465989664196968e-01,1.146272211335599422e-01,2.573883127454791309e-01,supercritical,1.763411986963854192e-02,9.568604970167461365e-01,4.629630012686902774e-14,1048576,30,6.1.1-I-900
phase_regimes,1,4,2,1.750000000000000000e+00,4.152787295564890901e-01,7.267377767238558661e-01,2.800000000000000000e+01,268435456,1.037445035232363422e+00,128,32,33,9.964349413376476505e-01,3.565058662352349472e-03,2.904235167331822853e-01,1.767316235493443310e+08,-1.516386866569519043e+00,8.580167126378129707e-09,4.023254752159118652e+00,4.071993708610534668e+00,2.537156235707206386e-01,supercritical,3.616634004474932659e-03,9.857394079525968467e-01,4.107825191113079200e-15,268435456,30,6.1.1-I-900
phase_regimes,1,4,2,1.750000000000000000e+00,4.152787295564890901e-01,7.267377767238558661e-01,2.800000000000000000e+01,268435456,1.037445035232363422e+00,256,64,65,9.964340003425411485e-01,3.565999657458851502e-03,2.904099185814609241e-01,1.767316201700423360e+08,2.230107784271240234e-01,1.261861223320163061e-09,3.989359647035598755e+00,4.107727915048599243e+00,2.537123762313619468e-01,supercritical,3.616634004474932659e-03,9.859995932810922126e-01,2.919886554764161701e-14,268435456,30,6.1.1-I-900
phase_regimes,1,4,2,1.750000000000000000e+00,4.152787295564890901e-01,7.267377767238558661e-01,2.800000000000000000e+01,268435456,1.037445035232363422e+00,512,128,129,9.964338589600221230e-01,3.566141039977877014e-03,2.904078757980773084e-01,1.767316195984913409e+08,6.715878844261169434e-01,3.800043738363668990e-09,3.980715036392211914e+00,4.117032289505004883e+00,2.537119822536818003e-01,supercritical,3.616634004474932659e-03,9.860386855748799473e-01,3.241851231905457098e-14,268435456,30,6.1.1-I-900
phase_regimes,1,4,2,2.000000000000000000e+00,4.152787295564890901e-01,8.305574591129781803e-01,1.200000000000000000e+01,4096,1.099853427286302754e+00,128,32,33,9.026827182332872734e-01,9.731728176671272657e-02,2.800966804836568236e-01,2.622131809180573782e+03,-4.501031071413308382e-03,1.716554086127309370e-06,6.354669961638137465e-03,6.356767807119467761e-03,2.690525746898164705e-01,supercritical,1.157107698912179100e-01,8.410390999749004504e-01,2.553512956637860043e-15,4096,30,6.1.1-I-900
phase_regimes,1,4,2,2.000000000000000000e+00,4.152787295564890901e-01,8.305574591129781803e-01,1.200000000000000000e+01,4096,1.099853427286302754e+00,256,64,65,9.026766550045456361e-01,9.732334499545436390e-02,2.800891902779157339e-01,2.622131423613749575e+03,-2.753817739176156465e-03,1.050221096614951633e-06,6.320497408523806371e-03,6.392488211531599518e-03,2.690500071067439825e-01,supercritical,1.157107698912179100e-01,8.410914998400759179e-01,5.440092820663267048e-15,4096,30,6.1.1-I-900
phase_regimes,1,4,2,2.000000000000000000e+00,4.152787295564890901e-01,8.305574591129781803e-01,1.200000000000000000e+01,4096,1.099853427286302754e+00,512,128,129,9.026727963895710971e-01,9.732720361042890289e-02,2.800844237833531314e-01,2.622131390832591023e+03,-1.521998001408064738e-03,5.804430726580764682e-07,6.296391718024096917e-03,6.417669055736041628e-03,2.690497114740874052e-01,supercritical,1.157107698912179100e-01,8.411248469086172186e-01,4.218847493575594854e-15,4096,30,6.1.1-I-900
phase_regimes,1,4,2,2.000000000000000000e+00,4.152787295564890901e-01,8.305574591129781803e-01,2.000000000000000000e+01,1048576,1.059912056371781652e+00,128,32,33,9.732930511867697865e-01,2.670694881323021352e-02,2.613320513929410227e-01,6.844479010056523839e+05,-6.870902143418788910e-02,1.003860503235299839e-07,2.057885654503479600e-01,2.088930618483573198e-01,2.592309043324863005e-01,supercritical,2.893113926204838801e-02,9.231212283528755780e-01,2.731148640577885089e-14,1048576,30,6.1.1-I-900
phase_regimes,1,4,2,2.000000000000000000e+00,4.152787295564890901e-01,8.305574591129781803e-01,2.000000000000000000e+01,1048576,1.059912056371781652e+00,256,64,65,9.732913872444903802e-01,2.670861275550961977e-02,2.613275572694962468e-01,6.844478379375098739e+05,-9.775016224011778831e-03,1.428160873948766629e-08,2.046446050517261028e-01,2.101039669942110777e-01,2.592279192582084835e-01,supercritical,2.893113926204838801e-02,9.231787422400521415e-01,1.210143096841420629e-14,1048576,30,6.1.1-I-900
phase_regimes,1,4,2,2.000000000000000000e+00,4.152787295564890901e-01,8.305574591129781803e-01,2.000000000000000000e+01,1048576,1.059912056371781652e+00,512,128,129,9.732903283181543186e-01,2.670967168184568141e-02,2.613246973727586520e-01,6.844478343213044573e+05,2.983116428367793560e-02,4.358427740991888895e-08,2.038696232484653592e-01,2.109136087819933891e-01,2.592275638194923570e-01,supercritical,2.893113926204838801e-02,9.232153438521237820e-01,4.407585407761871465e-14,1048576,30,6.1.1-I-900
phase_regimes,1,4,2,2.000000000000000000e+00,4.152787295564890901e-01,8.305574591129781803e-01,2.800000000000000000e+01,268435456,1.042794325979844006e+00,128,32,33,9.929688251266126642e-01,7.031174873387335822e-03,2.554292324376181145e-01,1.763965113013487160e+08,-1.124075800180435181e+01,6.372437821404014700e-08,9.338949084281921387e+00,9.142195343971252441e+00,2.550281968443779412e-01,supercritical,7.233153061271781030e-03,9.720760522868111542e-01,1.887379141862766119e-14,268435456,30,6.1.1-I-900
phase_regimes,1,4,2,2.000000000000000000e+00,4.152787295564890901e-01,8.305574591129781803e-01,2.800000000000000000e+01,268435456,1.042794325979844006e+00,256,64,65,9.929655511602671902e-01,7.034448839732809766e-03,2.554052462223486697e-01,1.763965040076611638e+08,2.985067665576934814e+00,1.692248767836855122e-08,9.062472075223922729e+00,9.434959262609481812e+00,2.550250138472340278e-01,supercritical,7.233153061271781030e-03,9.725286856429340432e-01,8.992806499463767977e-15,268435456,30,6.1.1-I-900
phase_regimes,1,4,2,2.000000000000000000e+00,4.152787295564890901e-01,8.305574591129781803e-01,2.800000000000000000e+01,268435456,1.042794325979844006e+00,512,128,129,9.929658300466280840e-01,7.034169953371915973e-03,2.554072890057326739e-01,1.763965032207130790e+08,9.694322943687438965e-01,5.495756869713899700e-09,9.102145403623580933e+00,9.393993854522705078e+00,2.550246293900401140e-01,supercritical,7.233153061271781030e-03,9.724901289639129587e-01,1.521005543736464460e-14,268435456,30,6.1.1-I-900
