dataset,shard_index,shard_count,d,lambda_ratio,lambda_star,lambda,log2N,N,alpha,radial_order,angular_order,state_bins,gamma,delta,beta,objective,derivative_logdelta,derivative_scaled,neighbor_left,neighbor_right,H_constant,scale_type,theory_scale,collapse_ratio,row_error,steps,evaluations,cgal_version
phase_regimes,3,4,2,0.000000000000000000e+00,4.152787295564890901e-01,0.000000000000000000e+00,1.600000000000000000e+01,65536,1.000000000000000000e+00,128,32,33,9.961435383733612259e-01,3.856461626638774121e-03,5.011566580687625283e-01,4.375401353462025145e+04,2.383440005360171199e-03,5.447363139553541531e-08,1.265796121151652187e-02,1.275421078025829047e-02,2.445374419422549350e-01,subcritical,3.863338061562931851e-03,9.982200794197710891e-01,1.199040866595169064e-14,65536,30,6.1.1-I-900
phase_regimes,3,4,2,0.000000000000000000e+00,4.152787295564890901e-01,0.000000000000000000e+00,1.600000000000000000e+01,65536,1.000000000000000000e+00,256,64,65,9.961437786303003472e-01,3.856221369699652790e-03,5.011622757230678182e-01,4.375401212136222603e+04,-1.777521902113221586e-03,4.062534647526354868e-08,1.274068823113339022e-02,1.267049429588951170e-02,2.445337089232247907e-01,subcritical,3.863308573298416312e-03,9.981655093129895295e-01,1.887379141862766119e-14,65536,30,6.1.1-I-900
phase_regimes,3,4,2,0.000000000000000000e+00,4.152787295564890901e-01,0.000000000000000000e+00,1.600000000000000000e+01,65536,1.000000000000000000e+00,512,128,129,9.961436257412528139e-01,3.856374258747186090e-03,5.011587008521466435e-01,4.375401190249407227e+04,7.549733709311112761e-04,1.725495190277799762e-08,1.269002046319656074e-02,1.272113609593361616e-02,2.445332417712827722e-01,subcritical,3.863304883105819505e-03,9.982060374295228522e-01,1.854072451124011423e-14,65536,30,6.1.1-I-900
phase_regimes,3,4,2,0.000000000000000000e+00,4.152787295564890901e-01,0.000000000000000000e+00,2.400000000000000000e+01,16777216,1.000000000000000000e+00,128,32,33,9.997586007635242966e-01,2.413992364757033826e-04,5.006788027735538105e-01,1.118582396600430459e+07,-2.865693531930446625e-01,2.561897577362021587e-08,2.083223313093185425e-01,1.968495305627584457e-01,2.445374419422549350e-01,subcritical,2.414586288476832407e-04,9.997540267156187488e-01,7.882583474838611437e-15,16777216,30,6.1.1-I-900
phase_regimes,3,4,2,0.000000000000000000e+00,4.152787295564890901e-01,0.000000000000000000e+00,2.400000000000000000e+01,16777216,1.000000000000000000e+00,256,64,65,9.997585857234536633e-01,2.414142765463367368e-04,5.006750576706761047e-01,1.118582349087556452e+07,-9.231967851519584656e-02,8.253275102231170344e-09,2.044469695538282394e-01,2.007602620869874954e-01,2.445337089232247907e-01,subcritical,2.414567858311510195e-04,9.998239466136022990e-01,6.328271240363392280e-15,16777216,30,6.1.1-I-900
phase_regimes,3,4,2,0.000000000000000000e+00,4.152787295564890901e-01,0.000000000000000000e+00,2.400000000000000000e+01,16777216,1.000000000000000000e+00,512,128,129,9.997585761520118020e-01,2.414238479881980481e-04,5.006726744234054616e-01,1.118582345884917863e+07,-2.235360443592071533e-02,1.998387022480372746e-09,2.030460964888334274e-01,2.021572217345237732e-01,2.445332417712827722e-01,subcritical,2.414565551941137190e-04,9.998645420668352823e-01,1.312283615106935031e-13,16777216,30,6.1.1-I-900
phase_regimes,3,4,2,0.000000000000000000e+00,4.152787295564890901e-01,0.000000000000000000e+00,3.200000000000000000e+01,4294967296,1.000000000000000000e+00,128,32,33,9.999849036961838689e-01,1.509630381613114025e-05,5.004826597364888663e-01,2.863327904102948666e+09,1.815915107727050781e+00,6.341973984624573986e-10,3.200211524963378906e+00,3.288513183593750000e+00,2.445374419422549350e-01,subcritical,1.509116430298020254e-05,1.000340564389052611e+00,1.110223024625156540e-14,4294967296,30,6.1.1-I-900
phase_regimes,3,4,2,0.000000000000000000e+00,4.152787295564890901e-01,0.000000000000000000e+00,3.200000000000000000e+01,4294967296,1.000000000000000000e+00,256,64,65,9.999849076797927561e-01,1.509232020724393664e-05,5.004945581191696524e-01,2.863327757619632721e+09,-3.051757812500000000e-02,1.065808063494978533e-11,3.250288486480712891e+00,3.230079174041748047e+00,2.445337089232247907e-01,subcritical,1.509104911444693872e-05,1.000084228259238817e+00,7.882583474838611437e-15,4294967296,30,6.1.1-I-900
phase_regimes,3,4,2,0.000000000000000000e+00,4.152787295564890901e-01,0.000000000000000000e+00,3.200000000000000000e+01,4294967296,1.000000000000000000e+00,512,128,129,9.999849070814219587e-01,1.509291857804129222e-05,5.004927706838684376e-01,2.863327736704712391e+09,6.425380706787109375e-02,2.244025587577976191e-11,3.216163635253906250e+00,3.266469478607177734e+00,2.445332417712827722e-01,subcritical,1.509103469963210744e-05,1.000124834277216879e+00,2.065014825802791165e-14,4294967296,30,6.1.1-I-900
phase_regimes,3,4,2,1.000000000000000056e-01,4.152787295564890901e-01,4.152787295564891457e-02,1.600000000000000000e+01,65536,1.003744503523236409e+00,128,32,33,9.959163995399864522e-01,4.083600460013547817e-03,4.959964103129497204e-01,4.369558526522065949e+04,4.723233359982259572e-03,1.080940633089929127e-07,1.208285764732863754e-02,1.227627453044988215e-02,2.454545102200292594e-01,subcritical,4.101878274206311077e-03,9.955440378843762872e-01,4.329869796038110508e-15,65536,30,6.1.1-I-900
phase_regimes,3,4,2,1.000000000000000056e-01,4.152787295564890901e-01,4.152787295564891457e-02,1.600000000000000000e+01,65536,1.003744503523236409e+00,256,64,65,9.959166539476383972e-01,4.083346052361602752e-03,4.960020279672557875e-01,4.369558381811869185e+04,5.783895176136866212e-04,1.323679573709810987e-08,1.216526563075603917e-02,1.219288038555532694e-02,2.454508286566957909e-01,subcritical,4.101847512128919612e-03,9.954894813342989313e-01,2.109423746787797427e-14,65536,30,6.1.1-I-900
phase_regimes,3,4,2,1.000000000000000056e-01,4.152787295564890901e-01,4.152787295564891457e-02,1.600000000000000000e+01,65536,1.003744503523236409e+00,512,128,129,9.959168158351645594e-01,4.083184164835440555e-03,4.960056028381770732e-01,4.369558359892482986e+04,-1.827551386668346822e-03,4.182462473652178109e-08,1.221336008165962994e-02,1.214473211439326406e-02,2.454503693627939631e-01,subcritical,4.101843674385857036e-03,9.954509457132809658e-01,2.065014825802791165e-14,65536,30,6.1.1-I-900
phase_regimes,3,4,2,1.000000000000000056e-01,4.152787295564890901e-01,4.152787295564891457e-02,2.400000000000000000e+01,16777216,1.002496335682157458e+00,128,32,33,9.997441400773139364e-01,2.558599226860636122e-04,4.971815914554862936e-01,1.117646334195978940e+07,2.409736625850200653e-01,2.156081536816148175e-08,1.882819645106792450e-01,1.979639120399951935e-01,2.451488028168214151e-01,subcritical,2.562076928358073295e-04,9.986426240918278019e-01,4.551914400963141816e-15,16777216,30,6.1.1-I-900
phase_regimes,3,4,2,1.000000000000000056e-01,4.152787295564890901e-01,4.152787295564891457e-02,2.400000000000000000e+01,16777216,1.002496335682157458e+00,256,64,65,9.997442591593905803e-01,2.557408406094197062e-04,4.972095753732956869e-01,1.117646288000921346e+07,-7.348367944359779358e-02,6.574860063735765234e-09,1.945946011692285538e-01,1.916855089366436005e-01,2.451451041755983162e-01,subcritical,2.562057600833365662e-04,9.981853668170238558e-01,2.320366121466577169e-14,16777216,30,6.1.1-I-900
phase_regimes,3,4,2,1.000000000000000056e-01,4.152787295564890901e-01,4.152787295564891457e-02,2.400000000000000000e+01,16777216,1.002496335682157458e+00,512,128,129,9.997442490199380805e-01,2.557509800619195417e-04,4.972071921260228788e-01,1.117646285001095757e+07,-6.872229278087615967e-03,6.148840979756737823e-10,1.932544540613889694e-01,1.930194906890392303e-01,2.451446422763710609e-01,subcritical,2.562055187134370214e-04,9.982258826671650542e-01,3.963496197911808849e-14,16777216,30,6.1.1-I-900
phase_regimes,3,4,2,1.000000000000000056e-01,4.152787295564890901e-01,4.152787295564891457e-02,3.200000000000000000e+01,4294967296,1.001872251761618093e+00,128,32,33,9.999840087548320655e-01,1.599124516793448691e-05,4.978861935914581927e-01,2.861541105560538292e+09,1.742839813232421875e-01,6.090563612193934768e-11,3.100371360778808594e+00,3.073008537292480469e+00,2.449959558676421401e-01,subcritical,1.600798808586531590e-05,9.989540898056007423e-01,9.992007221626408864e-15,4294967296,30,6.1.1-I-900
phase_regimes,3,4,2,1.000000000000000056e-01,4.152787295564890901e-01,4.152787295564891457e-02,3.200000000000000000e+01,4294967296,1.001872251761618093e+00,256,64,65,9.999840077585180342e-01,1.599224148196576323e-05,4.978833847644213439e-01,2.861540960602135181e+09,3.108978271484375000e+00,1.086469952479790135e-09,3.043280124664306641e+00,3.121493339538574219e+00,2.449922486596639026e-01,subcritical,1.600786697128316673e-05,9.990238868585405996e-01,2.264854970235319342e-14,4294967296,30,6.1.1-I-900
phase_regimes,3,4,2,1.000000000000000056e-01,4.152787295564890901e-01,4.152787295564891457e-02,3.200000000000000000e+01,4294967296,1.001872251761618093e+00,512,128,129,9.999840104441196642e-01,1.598955588033579289e-05,4.978909564623910100e-01,2.861540939983762741e+09,1.900196075439453125e-01,6.640464404644287333e-11,3.072977066040039062e+00,3.095072269439697266e+00,2.449917854524308880e-01,subcritical,1.600785183822628027e-05,9.988570635163678268e-01,2.020605904817784904e-14,4294967296,30,6.1.1-I-900
phase_regimes,3,4,2,2.000000000000000111e-01,4.152787295564890901e-01,8.305574591129782913e-02,1.600000000000000000e+01,65536,1.007489007046472596e+00,128,32,33,9.956568906748409775e-01,4.343109325159022482e-03,4.904410009848174101e-01,4.363716335615741264e+04,1.053467167366761714e-02,2.414151347942996715e-07,1.143557925388449803e-02,1.186538301408290863e-02,2.463717409854441764e-01,subcritical,4.382174461770946099e-03,9.910854446912785720e-01,5.551115123125782702e-15,65536,30,6.1.1-I-900
phase_regimes,3,4,2,2.000000000000000111e-01,4.152787295564890901e-01,8.305574591129782913e-02,1.600000000000000000e+01,65536,1.007489007046472596e+00,256,64,65,9.956580367334542103e-01,4.341963266545789679e-03,4.904647977503310829e-01,4.363716186422336614e+04,-5.339685230865143239e-03,1.223655481417312439e-07,1.175246702041476965e-02,1.154725899687036872e-02,2.463681102170957316e-01,subcritical,4.382142171706166975e-03,9.908312182521604727e-01,3.241851231905457098e-14,65536,30,6.1.1-I-900
phase_regimes,3,4,2,2.000000000000000111e-01,4.152787295564890901e-01,8.305574591129782913e-02,1.600000000000000000e+01,65536,1.007489007046472596e+00,512,128,129,9.956578645860164611e-01,4.342135413983538861e-03,4.904612228794102968e-01,4.363716164410876081e+04,-3.027244019904173911e-03,6.937307345041006947e-08,1.170622918289154768e-02,1.159352566173765808e-02,2.463676586570395233e-01,subcritical,4.382138155761753154e-03,9.908714101755058401e-01,3.186340080674199271e-14,65536,30,6.1.1-I-900
phase_regimes,3,4,2,2.000000000000000111e-01,4.152787295564890901e-01,8.305574591129782913e-02,2.400000000000000000e+01,16777216,1.004992671364315138e+00,128,32,33,9.997276220641941880e-01,2.723779358058120437e-04,4.934209390891948210e-01,1.116711598938799463e+07,1.795548014342784882e-01,1.607888747684789306e-08,1.798396334052085876e-01,1.870971005409955978e-01,2.457602356772345953e-01,subcritical,2.735457943631976543e-04,9.957306652799969848e-01,1.298960938811433152e-14,16777216,30,6.1.1-I-900
phase_regimes,3,4,2,2.000000000000000111e-01,4.152787295564890901e-01,8.305574591129782913e-02,2.400000000000000000e+01,16777216,1.004992671364315138e+00,256,64,65,9.997276939392164552e-01,2.723060607835448010e-04,4.934368035995408963e-01,1.116711554128817841e+07,7.571280002593994141e-02,6.779978208876498971e-09,1.819321531802415848e-01,1.850411258637905121e-01,2.457565711186835422e-01,subcritical,2.735437549195221378e-04,9.954753339686315261e-01,1.010302952408892452e-14,16777216,30,6.1.1-I-900
phase_regimes,3,4,2,2.000000000000000111e-01,4.152787295564890901e-01,8.305574591129782913e-02,2.400000000000000000e+01,16777216,1.004992671364315138e+00,512,128,129,9.997277396679916661e-01,2.722603320083338829e-04,4.934468991970430429e-01,1.116711551334696636e+07,-5.110027268528938293e-02,4.575959890825361344e-09,1.844653040170669556e-01,1.824998334050178528e-01,2.457561144171909184e-01,subcritical,2.735435007495143431e-04,9.953090870824400360e-01,6.594724766273429850e-14,16777216,30,6.1.1-I-900
phase_regimes,3,4,2,2.000000000000000111e-01,4.152787295564890901e-01,8.305574591129782913e-02,3.200000000000000000e+01,4294967296,1.003744503523236409e+00,128,32,33,9.999829663915604794e-01,1.703360843952061998e-05,4.950392619733164912e-01,2.859756497680089474e+09,1.927495002746582031e+00,6.740066870414376527e-10,2.900094509124755859e+00,2.941223621368408203e+00,2.454545102200292594e-01,subcritical,1.708597475528777392e-05,9.969351285766738791e-01,1.221245327087672194e-14,4294967296,30,6.1.1-I-900
phase_regimes,3,4,2,2.000000000000000111e-01,4.152787295564890901e-01,8.305574591129782913e-02,3.200000000000000000e+01,4294967296,1.003744503523236409e+00,256,64,65,9.999829674527515033e-01,1.703254724849667667e-05,4.950420708003568926e-01,2.859756354245061874e+09,2.604961395263671875e+00,9.109032632786465487e-10,2.880659103393554688e+00,2.951448917388916016e+00,2.454508286566957909e-01,subcritical,1.708584661884817420e-05,9.968804957962866808e-01,8.437694987151189707e-15,4294967296,30,6.1.1-I-900
phase_regimes,3,4,2,2.000000000000000111e-01,4.152787295564890901e-01,8.305574591129782913e-02,3.200000000000000000e+01,4294967296,1.003744503523236409e+00,512,128,129,9.999829773820470002e-01,1.702261795299975233e-05,4.950683607656494734e-01,2.859756333932231426e+09,-6.054162979125976562e+00,2.117020568252876726e-09,3.031184196472167969e+00,2.811825275421142578e+00,2.454503693627939631e-01,subcritical,1.708583063310293527e-05,9.963002863916541330e-01,1.720845688168992638e-14,4294967296,30,6.1.1-I-900
phase_regimes,3,4,2,2.999999999999999889e-01,4.152787295564890901e-01,1.245836188669467159e-01,1.600000000000000000e+01,65536,1.011233510569709004e+00,128,32,33,9.953578808330451055e-01,4.642119166954894460e-03,4.844375453972097900e-01,4.357872467618606606e+04,1.062369847204536200e-02,2.437817662399552525e-07,1.090184336499078199e-02,1.133956341800512746e-02,2.472891357979325466e-01,subcritical,4.718517981801394721e-03,9.838087265660194758e-01,2.386979502944086562e-14,65536,30,6.1.1-I-900
phase_regimes,3,4,2,2.999999999999999889e-01,4.152787295564890901e-01,1.245836188669467159e-01,1.600000000000000000e+01,65536,1.011233510569709004e+00,256,64,65,9.953591057943013132e-01,4.640894205698686825e-03,4.844613421627229077e-01,4.357872312737820903e+04,-4.704827006207779050e-03,1.079615617111090870e-07,1.120775052550015971e-02,1.103229066211497411e-02,2.472855551713747935e-01,subcritical,4.718483820753633338e-03,9.835562400969398711e-01,1.376676550535194110e-14,65536,30,6.1.1-I-900
phase_regimes,3,4,2,2.999999999999999889e-01,4.152787295564890901e-01,1.245836188669467159e-01,1.600000000000000000e+01,65536,1.011233510569709004e+00,512,128,129,9.953589217950370438e-01,4.641078204962956200e-03,4.844577672918013445e-01,4.357872290619241539e+04,-2.501776179997250438e-03,5.740820320463670356e-08,1.116371704847551882e-02,1.107638674875488505e-02,2.472851112209101809e-01,subcritical,4.718479585217062559e-03,9.835961184410749736e-01,1.665334536937734811e-14,65536,30,6.1.1-I-900
phase_regimes,3,4,2,2.999999999999999889e-01,4.152787295564890901e-01,1.245836188669467159e-01,2.400000000000000000e+01,16777216,1.007489007046472596e+00,128,32,33,9.997082512351095351e-01,2.917487648904648623e-04,4.892910763003973096e-01,1.115778145101660304e+07,2.503241412341594696e-01,2.243493855235460418e-08,1.685442570596933365e-01,1.786881573498249054e-01,2.463717409854441764e-01,subcritical,2.943598409526551195e-04,9.911296457637024382e-01,3.552713678800500929e-15,16777216,30,6.1.1-I-900
phase_regimes,3,4,2,2.999999999999999889e-01,4.152787295564890901e-01,1.245836188669467159e-01,2.400000000000000000e+01,16777216,1.007489007046472596e+00,256,64,65,9.997083870205363265e-01,2.916129794636734829e-04,4.893190602182223570e-01,1.115778101759462617e+07,-1.128856092691421509e-02,1.011720960387496721e-09,1.737940795719623566e-01,1.734689585864543915e-01,2.463681102170957316e-01,subcritical,2.943576719613437464e-04,9.906756549629502917e-01,1.110223024625156540e-14,16777216,30,6.1.1-I-900
phase_regimes,3,4,2,2.999999999999999889e-01,4.152787295564890901e-01,1.245836188669467159e-01,2.400000000000000000e+01,16777216,1.007489007046472596e+00,512,128,129,9.997083985817665219e-01,2.916014182334780713e-04,4.893214434654948319e-01,1.115778099174186774e+07,-2.006487920880317688e-02,1.798285808231373233e-09,1.739653069525957108e-01,1.732906643301248550e-01,2.463676586570395233e-01,subcritical,2.943574022019424604e-04,9.906372866867004801e-01,3.574918139293004060e-14,16777216,30,6.1.1-I-900
phase_regimes,3,4,2,2.999999999999999889e-01,4.152787295564890901e-01,1.245836188669467159e-01,3.200000000000000000e+01,4294967296,1.005616755284854502e+00,128,32,33,9.999817376818685988e-01,1.826231813140122284e-05,4.918990802711264987e-01,2.857974069160255432e+09,2.846360206604003906e+00,9.959363303251859618e-10,2.688233852386474609e+00,2.813383579254150391e+00,2.459131051942205770e-01,subcritical,1.838035806648263975e-05,9.935779306010001921e-01,9.769962616701377556e-15,4294967296,30,6.1.1-I-900
phase_regimes,3,4,2,2.999999999999999889e-01,4.152787295564890901e-01,1.245836188669467159e-01,3.200000000000000000e+01,4294967296,1.005616755284854502e+00,256,64,65,9.999817484558479741e-01,1.825154415202590030e-05,4.919256858636578134e-01,2.857973927252438545e+09,-3.163099288940429688e+00,1.106762822004233148e-09,2.809797763824462891e+00,2.679832458496093750e+00,2.459094491107041425e-01,subcritical,1.838022143209328335e-05,9.929991441864404189e-01,5.295763827461996698e-14,4294967296,30,6.1.1-I-900
phase_regimes,3,4,2,2.999999999999999889e-01,4.152787295564890901e-01,1.245836188669467159e-01,3.200000000000000000e+01,4294967296,1.005616755284854502e+00,512,128,129,9.999817538619701907e-01,1.824613802980934452e-05,4.919390418244049545e-01,2.857973907255286694e+09,-5.776762962341308594e+00,2.021279112337711920e-09,2.866308689117431641e+00,2.630525588989257812e+00,2.459089936989562186e-01,subcritical,1.838020441246944104e-05,9.927059362533996456e-01,7.305267502033530036e-14,4294967296,30,6.1.1-I-900
phase_regimes,3,4,2,4.000000000000000222e-01,4.152787295564890901e-01,1.661114918225956583e-01,1.600000000000000000e+01,65536,1.014978014092945413e+00,128,32,33,9.950091801794475055e-01,4.990819820552494512e-03,4.779067165194050282e-01,4.352024072194338078e+04,3.615785317379049957e-03,8.308284277379769727e-08,1.051214709877967834e-02,1.067445136141031981e-02,2.482066962157015444e-01,subcritical,5.133201937109690624e-03,9.722625140601099947e-01,4.440892098500626162e-15,65536,30,6.1.1-I-900
phase_regimes,3,4,2,4.000000000000000222e-01,4.152787295564890901e-01,1.661114918225956583e-01,1.600000000000000000e+01,65536,1.014978014092945413e+00,256,64,65,9.950094911067196568e-01,4.990508893280343194e-03,4.779123341737100961e-01,4.352023910223345592e+04,-4.957528290105983615e-04,1.139131675830237718e-08,1.059389035799540579e-02,1.059172721579670906e-02,2.482031650844512272e-01,subcritical,5.133165423037913157e-03,9.722088578877041698e-01,1.065814103640150279e-14,65536,30,6.1.1-I-900
phase_regimes,3,4,2,4.000000000000000222e-01,4.152787295564890901e-01,1.661114918225956583e-01,1.600000000000000000e+01,65536,1.014978014092945413e+00,512,128,129,9.950092932461513939e-01,4.990706753848606070e-03,4.779087593027881997e-01,4.352023887977358390e+04,1.599662937223911285e-03,3.675675911713271423e-08,1.055202825227752328e-02,1.063369026815053076e-02,2.482027286240814645e-01,subcritical,5.133160909750859174e-03,9.722482582551328356e-01,1.443289932012703503e-14,65536,30,6.1.1-I-900
phase_regimes,3,4,2,4.000000000000000222e-01,4.152787295564890901e-01,1.661114918225956583e-01,2.400000000000000000e+01,16777216,1.009985342728630275e+00,128,32,33,9.996852572190862984e-01,3.147427809137015586e-04,4.847307954811578279e-01,1.114845915003572404e+07,1.569450832903385162e-01,1.407773766564284431e-08,1.603356767445802689e-01,1.667869500815868378e-01,2.469833192035101044e-01,subcritical,3.200334927367111913e-04,9.834682558448273326e-01,5.107025913275720086e-15,16777216,30,6.1.1-I-900
phase_regimes,3,4,2,4.000000000000000222e-01,4.152787295564890901e-01,1.661114918225956583e-01,2.400000000000000000e+01,16777216,1.009985342728630275e+00,256,64,65,9.996854037063656051e-01,3.145962936343948968e-04,4.847587793989657223e-01,1.114845873245592229e+07,-7.676845416426658630e-02,6.886015009480603439e-09,1.650223042815923691e-01,1.621254775673151016e-01,2.469797219352896367e-01,subcritical,3.200311621127067485e-04,9.830176897698549299e-01,1.376676550535194110e-14,16777216,30,6.1.1-I-900
phase_regimes,3,4,2,4.000000000000000222e-01,4.152787295564890901e-01,1.661114918225956583e-01,2.400000000000000000e+01,16777216,1.009985342728630275e+00,512,128,129,9.996853912334490166e-01,3.146087665509833542e-04,4.847563961516949127e-01,1.114845870871624909e+07,-2.049980685114860535e-02,1.838801881655726072e-09,1.638933420181274414e-01,1.632492076605558395e-01,2.469792754626395637e-01,subcritical,3.200308728476114191e-04,9.830575523905473734e-01,1.709743457922741072e-14,16777216,30,6.1.1-I-900
phase_regimes,3,4,2,4.000000000000000222e-01,4.152787295564890901e-01,1.661114918225956583e-01,3.200000000000000000e+01,4294967296,1.007489007046472596e+00,128,32,33,9.999802680722766901e-01,1.973192772330989442e-05,4.884096427023282838e-01,2.856193806510491848e+09,5.117654800415039062e-01,1.791774349748153177e-10,2.550446987152099609e+00,2.602708339691162109e+00,2.463717409854441764e-01,subcritical,1.997731343090104395e-05,9.877167814160844328e-01,4.551914400963141816e-15,4294967296,30,6.1.1-I-900
phase_regimes,3,4,2,4.000000000000000222e-01,4.152787295564890901e-01,1.661114918225956583e-01,3.200000000000000000e+01,4294967296,1.007489007046472596e+00,256,64,65,9.999802797132623100e-01,1.972028673768999596e-05,4.884362482949130557e-01,2.856193666131301403e+09,-4.679799079895019531e+00,1.638474006643177519e-09,2.667038440704345703e+00,2.486470699310302734e+00,2.463681102170957316e-01,subcritical,1.997716622801115185e-05,9.871413449040149501e-01,2.320366121466577169e-14,4294967296,30,6.1.1-I-900
phase_regimes,3,4,2,4.000000000000000222e-01,4.152787295564890901e-01,1.661114918225956583e-01,3.200000000000000000e+01,4294967296,1.007489007046472596e+00,512,128,129,9.999802738703666982e-01,1.972612963330178104e-05,4.884228923342189832e-01,2.856193646467580318e+09,2.391338348388671875e-01,8.372465751214656546e-11,2.560046672821044922e+00,2.591671943664550781e+00,2.463676586570395233e-01,subcritical,1.997714792025526682e-05,9.874347285230353766e-01,2.042810365310288034e-14,4294967296,30,6.1.1-I-900
phase_regimes,3,4,2,5.000000000000000000e-01,4.152787295564890901e-01,2.076393647782445451e-01,1.600000000000000000e+01,65536,1.018722517616181822e+00,128,32,33,9.945957286480651138e-01,5.404271351934886169e-03,4.707302605959635122e-01,4.346167580831882515e+04,-9.888353815767914057e-04,2.275189263151979965e-08,1.008169128908775747e-02,1.006546455028001219e-02,2.491244237958578078e-01,subcritical,5.663405982016236385e-03,9.542440307291734092e-01,2.176037128265306819e-14,65536,30,6.1.1-I-900
phase_regimes,3,4,2,5.000000000000000000e-01,4.152787295564890901e-01,2.076393647782445451e-01,1.600000000000000000e+01,65536,1.018722517616181822e+00,256,64,65,9.945953919418523137e-01,5.404608058147686300e-03,4.707246429416585554e-01,4.346167409919761849e+04,1.177166268462315202e-03,2.708515704608000293e-08,1.003809834946878254e-02,1.010852456965949386e-02,2.491209415205816735e-01,subcritical,5.663366400173462482e-03,9.543101534066644742e-01,3.996802888650563546e-14,65536,30,6.1.1-I-900
phase_regimes,3,4,2,5.000000000000000000e-01,4.152787295564890901e-01,2.076393647782445451e-01,1.600000000000000000e+01,65536,1.018722517616181822e+00,512,128,129,9.945956062118694874e-01,5.404393788130512633e-03,4.707282178125811734e-01,4.346167387499214237e+04,-8.251699910033494234e-04,1.898615302707317928e-08,1.007808102440321818e-02,1.006840670743258670e-02,2.491205124291802075e-01,subcritical,5.663361522817794702e-03,9.542731408468457799e-01,1.776356839400250465e-14,65536,30,6.1.1-I-900
phase_regimes,3,4,2,5.000000000000000000e-01,4.152787295564890901e-01,2.076393647782445451e-01,2.400000000000000000e+01,16777216,1.012481678410787733e+00,128,32,33,9.996572844914967115e-01,3.427155085032884685e-04,4.796125375677983693e-01,1.113914833858844638e+07,1.520100049674510956e-01,1.364646563156495386e-08,1.501624658703804016e-01,1.564744971692562103e-01,2.475949707931065225e-01,subcritical,3.528746565067280325e-04,9.712103212398143226e-01,3.552713678800500929e-15,16777216,30,6.1.1-I-900
phase_regimes,3,4,2,5.000000000000000000e-01,4.152787295564890901e-01,2.076393647782445451e-01,2.400000000000000000e+01,16777216,1.012481678410787733e+00,256,64,65,9.996574439978157534e-01,3.425560021842466440e-04,4.796405214856128141e-01,1.113914793829680793e+07,-5.274079740047454834e-02,4.734724567141235940e-09,1.542675979435443878e-01,1.523908656090497971e-01,2.475914067365041493e-01,subcritical,3.528721167342696629e-04,9.707652884407651506e-01,8.992806499463767977e-15,16777216,30,6.1.1-I-900
phase_regimes,3,4,2,5.000000000000000000e-01,4.152787295564890901e-01,2.076393647782445451e-01,2.400000000000000000e+01,16777216,1.012481678410787733e+00,512,128,129,9.996574304163701186e-01,3.425695836298814356e-04,4.796381382383325120e-01,1.113914791669775359e+07,-6.402842700481414795e-04,5.748054293168560392e-11,1.532202232629060745e-01,1.534310504794120789e-01,2.475909652954624007e-01,subcritical,3.528718021589249401e-04,9.708046421787943636e-01,1.236788449432424386e-13,16777216,30,6.1.1-I-900
phase_regimes,3,4,2,5.000000000000000000e-01,4.152787295564890901e-01,2.076393647782445451e-01,3.200000000000000000e+01,4294967296,1.009361258808090911e+00,128,32,33,9.999784609522680556e-01,2.153904773194437183e-05,4.844589377026440324e-01,2.854415693000005245e+09,-9.219646453857421875e-01,3.229959279045136800e-10,2.412460327148437500e+00,2.381925106048583984e+00,2.468304177884911577e-01,subcritical,2.202058820215729900e-05,9.781322612369749425e-01,6.439293542825907934e-15,4294967296,30,6.1.1-I-900
phase_regimes,3,4,2,5.000000000000000000e-01,4.152787295564890901e-01,2.076393647782445451e-01,3.200000000000000000e+01,4294967296,1.009361258808090911e+00,256,64,65,9.999784622941472190e-01,2.153770585278103056e-05,4.844617465296997549e-01,2.854415554169775963e+09,7.026195526123046875e-01,2.461518091105924728e-10,2.387468338012695312e+00,2.404669761657714844e+00,2.468268121720651187e-01,subcritical,2.202042736686560294e-05,9.780784675046348964e-01,4.674038933671909035e-14,4294967296,30,6.1.1-I-900
phase_regimes,3,4,2,5.000000000000000000e-01,4.152787295564890901e-01,2.076393647782445451e-01,3.200000000000000000e+01,4294967296,1.009361258808090911e+00,512,128,129,9.999784586766796712e-01,2.154132332032876462e-05,4.844541748315264740e-01,2.854415534858329296e+09,4.217028617858886719e+00,1.477370258941008387e-09,2.316440582275390625e+00,2.480146408081054688e+00,2.468263644329270756e-01,subcritical,2.202040739453854401e-05,9.782436325710940350e-01,3.419486915845482145e-14,4294967296,30,6.1.1-I-900
phase_regimes,3,4,2,5.999999999999999778e-01,4.152787295564890901e-01,2.491672377338934319e-01,1.600000000000000000e+01,65536,1.022467021139418009e+00,128,32,33,9.940973253247755714e-01,5.902674675224428569e-03,4.627759659090153743e-01,4.340298450376692199e+04,-1.293179593631066382e-03,2.979471592601729878e-08,9.580911340890452266e-03,9.559173427987843752e-03,2.500423200948630464e-01,subcritical,6.377064749005437530e-03,9.256099643876135596e-01,3.330669073875469621e-15,65536,30,6.1.1-I-900
phase_regimes,3,4,2,5.999999999999999778e-01,4.152787295564890901e-01,2.491672377338934319e-01,1.600000000000000000e+01,65536,1.022467021139418009e+00,256,64,65,9.940969575661812163e-01,5.903042433818783685e-03,4.627703482547086966e-01,4.340298268332622683e+04,5.551210051635280252e-04,1.278992757741472917e-08,9.543737782223615795e-03,9.595946066838223487e-03,2.500388860436329463e-01,subcritical,6.377020957933934170e-03,9.256739899019066353e-01,7.771561172376095783e-15,65536,30,6.1.1-I-900
phase_regimes,3,4,2,5.999999999999999778e-01,4.152787295564890901e-01,2.491672377338934319e-01,1.600000000000000000e+01,65536,1.022467021139418009e+00,512,128,129,9.940971915970285844e-01,5.902808402971415624e-03,4.627739231256309815e-01,4.340298245728543407e+04,-1.346408680547028780e-03,3.102110970996249104e-08,9.581689264450687915e-03,9.557829973346088082e-03,2.500384642040301975e-01,subcritical,6.377015578608412685e-03,9.256380716353090898e-01,1.842970220877759857e-14,65536,30,6.1.1-I-900
phase_regimes,3,4,2,5.999999999999999778e-01,4.152787295564890901e-01,2.491672377338934319e-01,2.400000000000000000e+01,16777216,1.014978014092945413e+00,128,32,33,9.996225194237320366e-01,3.774805762679633858e-04,4.738045820361499461e-01,1.112984801485876180e+07,-2.373009920120239258e-02,2.132113499620284675e-09,1.432499866932630539e-01,1.426053475588560104e-01,2.482066962157015444e-01,subcritical,3.971008629825712572e-04,9.505911758356742070e-01,3.441691376337985275e-15,16777216,30,6.1.1-I-900
phase_regimes,3,4,2,5.999999999999999778e-01,4.152787295564890901e-01,2.491672377338934319e-01,2.400000000000000000e+01,16777216,1.014978014092945413e+00,256,64,65,9.996226190332130335e-01,3.773809667869665319e-04,4.738204465464936344e-01,1.112984763384524174e+07,-5.445722490549087524e-02,4.892899408603717872e-09,1.438765246421098709e-01,1.420017983764410019e-01,2.482031650844512272e-01,subcritical,3.970980382798629748e-04,9.503470941878578993e-01,2.464695114667847520e-14,16777216,30,6.1.1-I-900
phase_regimes,3,4,2,5.999999999999999778e-01,4.152787295564890901e-01,2.491672377338934319e-01,2.400000000000000000e+01,16777216,1.014978014092945413e+00,512,128,129,9.996226040710490812e-01,3.773959289509187798e-04,4.738180632992210484e-01,1.112984761438805982e+07,-6.811693310737609863e-03,6.120203570381165240e-10,1.429202258586883545e-01,1.429507471621036530e-01,2.482027286240814645e-01,subcritical,3.970976891351758547e-04,9.503856085711180901e-01,1.676436767183986376e-14,16777216,30,6.1.1-I-900
phase_regimes,3,4,2,5.999999999999999778e-01,4.152787295564890901e-01,2.491672377338934319e-01,3.200000000000000000e+01,4294967296,1.011233510569709004e+00,128,32,33,9.999761664940790551e-01,2.383350592094490850e-05,4.798952901911787139e-01,2.852639706873582840e+09,-1.757264137268066406e+00,6.160133482801377114e-10,2.241566181182861328e+00,2.177311420440673828e+00,2.472891357979325466e-01,subcritical,2.477288688865654233e-05,9.620802786557034469e-01,2.842170943040400743e-14,4294967296,30,6.1.1-I-900
phase_regimes,3,4,2,5.999999999999999778e-01,4.152787295564890901e-01,2.491672377338934319e-01,3.200000000000000000e+01,4294967296,1.011233510569709004e+00,256,64,65,9.999761602032394281e-01,2.383979676057190744e-05,4.798833918084950412e-01,2.852639569620119095e+09,3.021359443664550781e+00,1.059145177624700663e-09,2.144022464752197266e+00,2.283422470092773438e+00,2.472855551713747935e-01,subcritical,2.477270753832334978e-05,9.623411863112568687e-01,1.554312234475219157e-14,4294967296,30,6.1.1-I-900
phase_regimes,3,4,2,5.999999999999999778e-01,4.152787295564890901e-01,2.491672377338934319e-01,3.200000000000000000e+01,4294967296,1.011233510569709004e+00,512,128,129,9.999761741008897920e-01,2.382589911020804863e-05,4.799096817737701359e-01,2.852639550694601536e+09,-1.472711563110351562e+00,5.162627583817081145e-10,2.233940124511718750e+00,2.189486026763916016e+00,2.472851112209101809e-01,subcritical,2.477268530115719062e-05,9.617810431352423750e-01,5.373479439185757656e-14,4294967296,30,6.1.1-I-900
phase_regimes,3,4,2,6.999999999999999556e-01,4.152787295564890901e-01,2.906951106895423464e-01,1.600000000000000000e+01,65536,1.026211524662654417e+00,128,32,33,9.934847470999893515e-01,6.515252900010648496e-03,4.538726940159687473e-01,4.334410799694299931e+04,9.002143997349776328e-03,2.076901432135755376e-07,8.897674379113595933e-03,9.295818563259672374e-03,2.509603866678778439e-01,subcritical,7.415966200441006205e-03,8.785440391601575527e-01,7.105427357601001859e-15,65536,30,6.1.1-I-900
phase_regimes,3,4,2,6.999999999999999556e-01,4.152787295564890901e-01,2.906951106895423464e-01,1.600000000000000000e+01,65536,1.026211524662654417e+00,256,64,65,9.934864663433111698e-01,6.513533656688830220e-03,4.538964907814818095e-01,4.334410603799222008e+04,-4.293440724723041058e-03,9.905477623554469940e-08,9.162539863609708846e-03,9.028824504639487714e-03,2.509570002151776946e-01,subcritical,7.415916164848100275e-03,8.783181351972910722e-01,8.548717289613705361e-15,65536,30,6.1.1-I-900
phase_regimes,3,4,2,6.999999999999999556e-01,4.152787295564890901e-01,2.906951106895423464e-01,1.600000000000000000e+01,65536,1.026211524662654417e+00,512,128,129,9.934862080988118294e-01,6.513791901188170641e-03,4.538929159105601907e-01,4.334410581006896973e+04,-2.490471160854212940e-03,5.745812756565550568e-08,9.126606288191396743e-03,9.065016216482035816e-03,2.509565855113684019e-01,subcritical,7.415910037483749127e-03,8.783536839395544860e-01,1.521005543736464460e-14,65536,30,6.1.1-I-900
phase_regimes,3,4,2,6.999999999999999556e-01,4.152787295564890901e-01,2.906951106895423464e-01,2.400000000000000000e+01,16777216,1.017474349775102871e+00,128,32,33,9.995776412553547541e-01,4.223587446452459204e-04,4.670518107588008117e-01,1.112055678541612811e+07,9.746942669153213501e-02,8.764797354333625855e-09,1.303680464625358582e-01,1.346552371978759766e-01,2.488184959329260426e-01,subcritical,4.615157237644104530e-04,9.151556987056134185e-01,4.773959005888173124e-15,16777216,30,6.1.1-I-900
phase_regimes,3,4,2,6.999999999999999556e-01,4.152787295564890901e-01,2.906951106895423464e-01,2.400000000000000000e+01,16777216,1.017474349775102871e+00,256,64,65,9.995778378291514388e-01,4.221621708485612245e-04,4.670797946766218067e-01,1.112055642634616047e+07,-4.702713340520858765e-02,4.228847154967416709e-09,1.332579366862773895e-01,1.317701842635869980e-01,2.488149974428068845e-01,subcritical,4.615124792028095632e-04,9.147361986349321628e-01,4.274358644806852681e-14,16777216,30,6.1.1-I-900
phase_regimes,3,4,2,6.999999999999999556e-01,4.152787295564890901e-01,2.906951106895423464e-01,2.400000000000000000e+01,16777216,1.017474349775102871e+00,512,128,129,9.995778210915303719e-01,4.221789084696281336e-04,4.670774114293472778e-01,1.112055640899296664e+07,-4.418194293975830078e-03,3.972997511530022851e-10,1.324027329683303833e-01,1.326171681284904480e-01,2.488145659082906247e-01,subcritical,4.615120789884879734e-04,9.147732587951593608e-01,6.905587213168473681e-14,16777216,30,6.1.1-I-900
phase_regimes,3,4,2,6.999999999999999556e-01,4.152787295564890901e-01,2.906951106895423464e-01,3.200000000000000000e+01,4294967296,1.013105762331327320e+00,128,32,33,9.999731237144831031e-01,2.687628551689691392e-05,4.744783347713637522e-01,2.850865818177214146e+09,2.380847930908203125e+00,8.351315294209353984e-10,1.958254337310791016e+00,2.081257820129394531e+00,2.477478952088350284e-01,subcritical,2.878261017941108723e-05,9.337681797921921767e-01,1.088018564132653410e-14,4294967296,30,6.1.1-I-900
phase_regimes,3,4,2,6.999999999999999556e-01,4.152787295564890901e-01,2.906951106895423464e-01,3.200000000000000000e+01,4294967296,1.013105762331327320e+00,256,64,65,9.999731253888713978e-01,2.687461112860223267e-05,4.744811435985656911e-01,2.850865682550356388e+09,5.524158477783203125e+00,1.937712643424626683e-09,1.924867153167724609e+00,2.121265411376953125e+00,2.477443394103095442e-01,subcritical,2.878240362764607655e-05,9.337167067863862968e-01,2.242650509742816212e-14,4294967296,30,6.1.1-I-900
phase_regimes,3,4,2,6.999999999999999556e-01,4.152787295564890901e-01,2.906951106895423464e-01,3.200000000000000000e+01,4294967296,1.013105762331327320e+00,512,128,129,9.999731479467673934e-01,2.685205323260664301e-05,4.745190020890668881e-01,2.850865664062081814e+09,-1.357674598693847656e+00,4.762324004980833507e-10,2.053315162658691406e+00,1.993889331817626953e+00,2.477438992203273294e-01,subcritical,2.878237805747281235e-05,9.329337964704762509e-01,4.929390229335695039e-14,4294967296,30,6.1.1-I-900
phase_regimes,3,4,2,8.000000000000000444e-01,4.152787295564890901e-01,3.322229836451913165e-01,1.600000000000000000e+01,65536,1.029956028185890826e+00,128,32,33,9.927208383472360120e-01,7.279161652763987966e-03,4.438757488178153299e-01,4.328496896311207820e+04,7.692051440244540572e-03,1.777072185681775657e-07,8.496422989992424846e-03,8.852121005475055426e-03,2.518786250692455764e-01,subcritical,9.147035405142712322e-03,7.957946296645408424e-01,4.884981308350688778e-15,65536,30,6.1.1-I-900
phase_regimes,3,4,2,8.000000000000000444e-01,4.152787295564890901e-01,3.322229836451913165e-01,1.600000000000000000e+01,65536,1.029956028185890826e+00,256,64,65,9.927212918378363060e-01,7.278708162163693984e-03,4.438813664721207863e-01,4.328496683406850207e+04,3.539858880685642362e-03,8.178033020691860924e-08,8.578977125580422580e-03,8.768575593421701342e-03,2.518752855970204929e-01,subcritical,9.146974768056263111e-03,7.957503269368286780e-01,1.054711873393898713e-14,65536,30,6.1.1-I-900
phase_regimes,3,4,2,8.000000000000000444e-01,4.152787295564890901e-01,3.322229836451913165e-01,1.600000000000000000e+01,65536,1.029956028185890826e+00,512,128,129,9.927215804080538053e-01,7.278419591946194700e-03,4.438849413430432378e-01,4.328496660505756881e+04,1.828906533773988485e-03,4.225269596396760582e-08,8.613073456217534840e-03,8.734231334528885782e-03,2.518748779139108329e-01,subcritical,9.146967365447036119e-03,7.957194227499552186e-01,1.909583602355269250e-14,65536,30,6.1.1-I-900
phase_regimes,3,4,2,8.000000000000000444e-01,4.152787295564890901e-01,3.322229836451913165e-01,2.400000000000000000e+01,16777216,1.019970685457260551e+00,128,32,33,9.995177993919723836e-01,4.822006080276164397e-04,4.590866212271352831e-01,1.111127262440109439e+07,-1.902785152196884155e-02,1.712481744006749730e-09,1.224282402545213699e-01,1.221705526113510132e-01,2.494303704055561011e-01,subcritical,5.689045226170765272e-04,8.475949634033415059e-01,4.884981308350688778e-15,16777216,30,6.1.1-I-900
phase_regimes,3,4,2,8.000000000000000444e-01,4.152787295564890901e-01,3.322229836451913165e-01,2.400000000000000000e+01,16777216,1.019970685457260551e+00,256,64,65,9.995179266349494274e-01,4.820733650505726331e-04,4.591024857374784718e-01,1.111127229099840112e+07,-1.011602580547332764e-02,9.104291156349975176e-10,1.222525816410779953e-01,1.223515439778566360e-01,2.494269042748054610e-01,subcritical,5.689005698018934987e-04,8.473771879301220666e-01,7.993605777301127091e-15,16777216,30,6.1.1-I-900
phase_regimes,3,4,2,8.000000000000000444e-01,4.152787295564890901e-01,3.322229836451913165e-01,2.400000000000000000e+01,16777216,1.019970685457260551e+00,512,128,129,9.995179457471342621e-01,4.820542528657378867e-04,4.591048689847592734e-01,1.111127227562515251e+07,-2.176593989133834839e-02,1.958906176665870028e-09,1.224787868559360504e-01,1.221122369170188904e-01,2.494264776134705597e-01,subcritical,5.689000832305249073e-04,8.473443177022772499e-01,2.664535259100375697e-14,16777216,30,6.1.1-I-900
phase_regimes,3,4,2,8.000000000000000444e-01,4.152787295564890901e-01,3.322229836451913165e-01,3.200000000000000000e+01,4294967296,1.014978014092945413e+00,128,32,33,9.999689139714185160e-01,3.108602858148401538e-05,4.679179424548337018e-01,2.849093982609901428e+09,-8.540153503417968750e-01,2.997497996045323547e-10,1.846148967742919922e+00,1.812539100646972656e+00,2.482066962157015444e-01,subcritical,3.546920747997615435e-05,8.764229817943740564e-01,5.329070518200751394e-15,4294967296,30,6.1.1-I-900
phase_regimes,3,4,2,8.000000000000000444e-01,4.152787295564890901e-01,3.322229836451913165e-01,3.200000000000000000e+01,4294967296,1.014978014092945413e+00,256,64,65,9.999689221743920386e-01,3.107782560796135130e-05,4.679298408375883733e-01,2.849093848704305172e+09,-2.058744430541992188e-01,7.225962147502639210e-11,1.837014675140380859e+00,1.823215484619140625e+00,2.482031650844512272e-01,subcritical,3.546895517640351423e-05,8.761979441851882600e-01,9.658940314238861902e-15,4294967296,30,6.1.1-I-900
phase_regimes,3,4,2,8.000000000000000444e-01,4.152787295564890901e-01,3.322229836451913165e-01,3.200000000000000000e+01,4294967296,1.014978014092945413e+00,512,128,129,9.999689313796692458e-01,3.106862033075419305e-05,4.679431967983288532e-01,2.849093830740658760e+09,-7.934570312500000000e-01,2.784945243603053347e-10,1.842813968658447266e+00,1.812982559204101562e+00,2.482027286240814645e-01,subcritical,3.546892399066079176e-05,8.759391838031165278e-01,2.342570581959080300e-14,4294967296,30,6.1.1-I-900
phase_regimes,3,4,2,8.499999999999999778e-01,4.152787295564890901e-01,3.529869201230156905e-01,1.600000000000000000e+01,65536,1.031828279947508920e+00,128,32,33,9.922655980321071212e-01,7.734401967892878815e-03,4.384059087109750674e-01,4.325527008956915961e+04,1.377740773023106158e-03,3.185139683951119440e-08,8.437465978204272687e-03,8.546500735974404961e-03,2.523378091911699928e-01,subcritical,1.059935089313594758e-02,7.297052476016823164e-01,3.108624468950438313e-15,65536,30,6.1.1-I-900
phase_regimes,3,4,2,8.499999999999999778e-01,4.152787295564890901e-01,3.529869201230156905e-01,1.600000000000000000e+01,65536,1.031828279947508920e+00,256,64,65,9.922651161500871675e-01,7.734883849912832510e-03,4.384002910566688893e-01,4.325526786169697880e+04,2.494645741535350680e-03,5.767264578066310396e-08,8.415129013883415610e-03,8.568858895159792155e-03,2.523344929792186719e-01,subcritical,1.059928124481470356e-02,7.297555061761221706e-01,1.176836406102665933e-14,65536,30,6.1.1-I-900
phase_regimes,3,4,2,8.499999999999999778e-01,4.152787295564890901e-01,3.529869201230156905e-01,1.600000000000000000e+01,65536,1.031828279947508920e+00,512,128,129,9.922654228057552483e-01,7.734577194244751652e-03,4.384038659275903971e-01,4.325526763261941232e+04,8.259503374574705958e-04,1.909479197938448841e-08,8.448366432276088744e-03,8.535341767128556967e-03,2.523340887640345698e-01,subcritical,1.059927275530523488e-02,7.297271589103485612e-01,3.996802888650563546e-14,65536,30,6.1.1-I-900
phase_regimes,3,4,2,8.499999999999999778e-01,4.152787295564890901e-01,3.529869201230156905e-01,2.400000000000000000e+01,16777216,1.021218853298339280e+00,128,32,33,9.994794537901912079e-01,5.205462098087920708e-04,4.544869224894371174e-01,1.110663228702927567e+07,1.017632894217967987e-01,9.162389353669304165e-09,1.151135694235563278e-01,1.197605710476636887e-01,2.497363358191798111e-01,subcritical,6.590357754713522609e-04,7.898603219779527507e-01,8.659739592076221015e-15,16777216,30,6.1.1-I-900
phase_regimes,3,4,2,8.499999999999999778e-01,4.152787295564890901e-01,3.529869201230156905e-01,2.400000000000000000e+01,16777216,1.021218853298339280e+00,256,64,65,9.994796960623024695e-01,5.203039376975304720e-04,4.545149064072479539e-01,1.110663196826712787e+07,1.656357198953628540e-03,1.491322665310261289e-10,1.171087957918643951e-01,1.177463568747043610e-01,2.497328857632070409e-01,subcritical,6.590312232339721327e-04,7.894981593501980699e-01,1.065814103640150279e-14,16777216,30,6.1.1-I-900
phase_regimes,3,4,2,8.499999999999999778e-01,4.152787295564890901e-01,3.529869201230156905e-01,2.400000000000000000e+01,16777216,1.021218853298339280e+00,512,128,129,9.994797166901689955e-01,5.202833098310044591e-04,4.545172896545293661e-01,1.110663195378569700e+07,-1.124991104006767273e-02,1.012900318195304764e-09,1.173580028116703033e-01,1.174829490482807159e-01,2.497324615190016917e-01,subcritical,6.590306634552799830e-04,7.894675296338612425e-01,1.976196983832778642e-14,16777216,30,6.1.1-I-900
phase_regimes,3,4,2,8.499999999999999778e-01,4.152787295564890901e-01,3.529869201230156905e-01,3.200000000000000000e+01,4294967296,1.015914139973754571e+00,128,32,33,9.999661190667710198e-01,3.388093322898022564e-05,4.640364644091430901e-01,2.848208814073378563e+09,-5.391240119934082031e+00,1.892852832030870809e-09,1.830139636993408203e+00,1.629620552062988281e+00,2.484361123784637748e-01,subcritical,4.108237123326056686e-05,8.247073431231251028e-01,1.199040866595169064e-14,4294967296,30,6.1.1-I-900
phase_regimes,3,4,2,8.499999999999999778e-01,4.152787295564890901e-01,3.529869201230156905e-01,3.200000000000000000e+01,4294967296,1.015914139973754571e+00,256,64,65,9.999661101239188943e-01,3.388987608110571870e-05,4.640245660263631056e-01,2.848208681084232330e+09,1.159906387329101562e-01,4.072406614839605071e-11,1.723769187927246094e+00,1.738794803619384766e+00,2.484325935209269476e-01,subcritical,4.108208028617932019e-05,8.249308663297371114e-01,8.770761894538736669e-15,4294967296,30,6.1.1-I-900
phase_regimes,3,4,2,8.499999999999999778e-01,4.152787295564890901e-01,3.529869201230156905e-01,3.200000000000000000e+01,4294967296,1.015914139973754571e+00,512,128,129,9.999661298803644849e-01,3.387011963551511684e-05,4.640508559915790809e-01,2.848208663429602623e+09,-2.416610717773437500e+00,8.484668798330011528e-10,1.773004531860351562e+00,1.690361022949218750e+00,2.484321589136303798e-01,subcritical,4.108204435172441171e-05,8.244506856945988948e-01,2.264854970235319342e-14,4294967296,30,6.1.1-I-900
phase_regimes,3,4,2,9.000000000000000222e-01,4.152787295564890901e-01,3.737508566008401756e-01,1.600000000000000000e+01,65536,1.033700531709127235e+00,128,32,33,9.917506318786781794e-01,8.249368121321820624e-03,4.325937917189611182e-01,4.322546456332130765e+04,-1.174150384031236172e-02,2.716339537105990713e-07,8.540627488400787115e-03,8.131598449836019427e-03,2.527970368527218126e-01,subcritical,1.302722183668194623e-02,6.332407803245750921e-01,6.661338147750939243e-15,65536,30,6.1.1-I-900
phase_regimes,3,4,2,9.000000000000000222e-01,4.152787295564890901e-01,3.737508566008401756e-01,1.600000000000000000e+01,65536,1.033700531709127235e+00,256,64,65,9.917484544628851761e-01,8.251545537114823858e-03,4.325699949534473343e-01,4.322546222374087665e+04,-2.340695573366247118e-03,5.415085121011519319e-08,8.353593679203186184e-03,8.320650391397066414e-03,2.527937437492263628e-01,subcritical,1.302713698574774898e-02,6.334120494888763053e-01,9.214851104388799286e-15,65536,30,6.1.1-I-900
phase_regimes,3,4,2,9.000000000000000222e-01,4.152787295564890901e-01,3.737508566008401756e-01,1.600000000000000000e+01,65536,1.033700531709127235e+00,512,128,129,9.917481273107803252e-01,8.251872689219674761e-03,4.325664200825260486e-01,4.322546199500218790e+04,-6.670725269941613078e-04,1.543239785548826470e-08,8.320320164784789085e-03,8.354328798304777592e-03,2.527933429739382953e-01,subcritical,1.302712665923299803e-02,6.334376647340835831e-01,1.687538997430237941e-14,65536,30,6.1.1-I-900
phase_regimes,3,4,2,9.000000000000000222e-01,4.152787295564890901e-01,3.737508566008401756e-01,2.400000000000000000e+01,16777216,1.022467021139418009e+00,128,32,33,9.994337279503925364e-01,5.662720496074635790e-04,4.494257107235953286e-01,1.110199243340747431e+07,-1.100474037230014801e-01,9.912401254377834574e-09,1.147208679467439651e-01,1.109760999679565430e-01,2.500423200948630464e-01,subcritical,8.097530574310803694e-04,6.993144939815927330e-01,6.550315845288423588e-15,16777216,30,6.1.1-I-900
phase_regimes,3,4,2,9.000000000000000222e-01,4.152787295564890901e-01,3.737508566008401756e-01,2.400000000000000000e+01,16777216,1.022467021139418009e+00,256,64,65,9.994337632290501983e-01,5.662367709498017376e-04,4.494294558264700368e-01,1.110199213077936321e+07,3.024190664291381836e-02,2.724007213000143721e-09,1.119216047227382660e-01,1.137855369597673416e-01,2.500388860436329463e-01,subcritical,8.097474968863102932e-04,6.992757287020081591e-01,9.658940314238861902e-15,16777216,30,6.1.1-I-900
phase_regimes,3,4,2,9.000000000000000222e-01,4.152787295564890901e-01,3.737508566008401756e-01,2.400000000000000000e+01,16777216,1.022467021139418009e+00,512,128,129,9.994337856779607066e-01,5.662143220392934495e-04,4.494318390737517266e-01,1.110199211707924493e+07,1.594331115484237671e-02,1.436076605595429359e-09,1.122003365308046341e-01,1.134922206401824951e-01,2.500384642040301975e-01,subcritical,8.097468138251435283e-04,6.992485952054163789e-01,1.953992523340275511e-14,16777216,30,6.1.1-I-900
phase_regimes,3,4,2,9.000000000000000222e-01,4.152787295564890901e-01,3.737508566008401756e-01,3.200000000000000000e+01,4294967296,1.016850265854563506e+00,128,32,33,9.999625809710885882e-01,3.741902891141180021e-05,4.595583861189537211e-01,2.847324128585423946e+09,3.808736801147460938e-01,1.337654804702433075e-10,1.625335693359375000e+00,1.646774768829345703e+00,2.486655390130981524e-01,subcritical,5.047004076105429774e-05,7.414107131113426563e-01,6.439293542825907934e-15,4294967296,30,6.1.1-I-900
phase_regimes,3,4,2,9.000000000000000222e-01,4.152787295564890901e-01,3.737508566008401756e-01,3.200000000000000000e+01,4294967296,1.016850265854563506e+00,256,64,65,9.999625833022880439e-01,3.741669771195610394e-05,4.595611949460732260e-01,2.847323996577741623e+09,3.352999687194824219e+00,1.177596821164315904e-09,1.567671775817871094e+00,1.709036827087402344e+00,2.486620323894818685e-01,subcritical,5.046968490140947940e-05,7.413697506740557497e-01,1.509903313490212895e-14,4294967296,30,6.1.1-I-900
phase_regimes,3,4,2,9.000000000000000222e-01,4.152787295564890901e-01,3.737508566008401756e-01,3.200000000000000000e+01,4294967296,1.016850265854563506e+00,512,128,129,9.999626176732364646e-01,3.738232676353536732e-05,4.596026283075667629e-01,2.847323979284554482e+09,-1.054048538208007812e+00,3.701891832038228252e-10,1.661525249481201172e+00,1.615350246429443359e+00,2.486615996279665508e-01,subcritical,5.046964098367381354e-05,7.406893735508838228e-01,1.030286966852145270e-13,4294967296,30,6.1.1-I-900
phase_regimes,3,4,2,9.250000000000000444e-01,4.152787295564890901e-01,3.841328248397524181e-01,1.600000000000000000e+01,65536,1.034636657589936171e+00,128,32,33,9.914648358890167934e-01,8.535164110983206598e-03,4.295228369709359617e-01,4.321051618947806128e+04,-7.513173841289244592e-03,1.738737350033956267e-07,8.389922644710168242e-03,8.153780516295228153e-03,2.530266670715289878e-01,subcritical,1.506897267832356911e-02,5.664065024990641017e-01,6.661338147750939243e-15,65536,30,6.1.1-I-900
phase_regimes,3,4,2,9.250000000000000444e-01,4.152787295564890901e-01,3.841328248397524181e-01,1.600000000000000000e+01,65536,1.034636657589936171e+00,256,64,65,9.914625830375428661e-01,8.537416962457133884e-03,4.294990402054221779e-01,4.321051379166630795e+04,1.769974915077909827e-03,4.096167251358330120e-08,8.205331614590249956e-03,8.340575710462871939e-03,2.530233854653641812e-01,subcritical,1.506887496017680905e-02,5.665596791412330635e-01,3.286260152890463360e-14,65536,30,6.1.1-I-900
phase_regimes,3,4,2,9.250000000000000444e-01,4.152787295564890901e-01,3.841328248397524181e-01,1.600000000000000000e+01,65536,1.034636657589936171e+00,512,128,129,9.914629215102792603e-01,8.537078489720739682e-03,4.295026150763437411e-01,4.321051356330676936e+04,1.545759005239233375e-04,3.577275245698193470e-09,8.237470814492553473e-03,8.308090793434530497e-03,2.530229863998210149e-01,subcritical,1.506886307694488628e-02,5.665376641972631466e-01,1.565414464721470722e-14,65536,30,6.1.1-I-900
phase_regimes,3,4,2,9.250000000000000444e-01,4.152787295564890901e-01,3.841328248397524181e-01,2.400000000000000000e+01,16777216,1.023091105059957595e+00,128,32,33,9.994070010723051789e-01,5.929989276948210986e-04,4.466534534818871749e-01,1.109967247958870232e+07,5.092984065413475037e-02,4.588409319985804494e-09,1.093693617731332779e-01,1.121148969978094101e-01,2.501953193236957085e-01,subcritical,9.365265753797768350e-04,6.331896427545051775e-01,6.217248937900876626e-15,16777216,30,6.1.1-I-900
phase_regimes,3,4,2,9.250000000000000444e-01,4.152787295564890901e-01,3.841328248397524181e-01,2.400000000000000000e+01,16777216,1.023091105059957595e+00,256,64,65,9.994072770652900894e-01,5.927229347099105539e-04,4.466814373997059495e-01,1.109967218566061370e+07,-3.056181594729423523e-02,2.753398067627283191e-09,1.109832134097814560e-01,1.104646287858486176e-01,2.501918932486277836e-01,subcritical,9.365201631468392848e-04,6.328992775962006823e-01,1.953992523340275511e-14,16777216,30,6.1.1-I-900
phase_regimes,3,4,2,9.250000000000000444e-01,4.152787295564890901e-01,3.841328248397524181e-01,2.400000000000000000e+01,16777216,1.023091105059957595e+00,512,128,129,9.994072535653827360e-01,5.927464346172639509e-04,4.466790541524255920e-01,1.109967217229503766e+07,-1.846812665462493896e-03,1.663844334134631707e-10,1.104053910821676254e-01,1.110357735306024551e-01,2.501914726066093997e-01,subcritical,9.365193758713361407e-04,6.329249024514560507e-01,1.263433802023428143e-13,16777216,30,6.1.1-I-900
phase_regimes,3,4,2,9.250000000000000444e-01,4.152787295564890901e-01,3.841328248397524181e-01,3.200000000000000000e+01,4294967296,1.017318328794968085e+00,128,32,33,9.999604842302860508e-01,3.951576971394921145e-05,4.571003738824730434e-01,2.846881961595373154e+09,-2.446532249450683594e+00,8.593725635465629637e-10,1.630829334259033203e+00,1.551605701446533203e+00,2.487802562651154070e-01,subcritical,5.836715005170422843e-05,6.770207159154486565e-01,4.551914400963141816e-15,4294967296,30,6.1.1-I-900
phase_regimes,3,4,2,9.250000000000000444e-01,4.152787295564890901e-01,3.841328248397524181e-01,3.200000000000000000e+01,4294967296,1.017318328794968085e+00,256,64,65,9.999605026216772385e-01,3.949737832276145610e-05,4.571213618208731511e-01,2.846881830110366344e+09,-2.290964126586914062e+00,8.047275100625090501e-10,1.630729675292968750e+00,1.552093982696533203e+00,2.487767557435626442e-01,subcritical,5.836673941585129107e-05,6.767103785145607286e-01,2.287059430727822473e-14,4294967296,30,6.1.1-I-900
phase_regimes,3,4,2,9.250000000000000444e-01,4.152787295564890901e-01,3.841328248397524181e-01,3.200000000000000000e+01,4294967296,1.017318328794968085e+00,512,128,129,9.999605092545326146e-01,3.949074546738540192e-05,4.571289335189345771e-01,2.846881813021028996e+09,-6.586313247680664062e-01,2.313518326456783214e-10,1.601384162902832031e+00,1.585798740386962891e+00,2.487763239018283556e-01,subcritical,5.836668875757167050e-05,6.765973247413736846e-01,1.598721155460225418e-14,4294967296,30,6.1.1-I-900
phase_regimes,3,4,2,9.499999999999999556e-01,4.152787295564890901e-01,3.945147930786646051e-01,1.600000000000000000e+01,65536,1.035572783470745328e+00,128,32,33,9.911587737599896197e-01,8.841226240010380266e-03,4.263461128486109586e-01,4.319553408404819493e+04,1.725002221064642072e-04,3.993473532954123845e-09,8.180223885574378073e-03,8.255549735622480512e-03,2.532563082479397099e-01,subcritical,1.848804912319580371e-02,4.782130435232262999e-01,3.330669073875469621e-15,65536,30,6.1.1-I-900
phase_regimes,3,4,2,9.499999999999999556e-01,4.152787295564890901e-01,3.945147930786646051e-01,1.600000000000000000e+01,65536,1.035572783470745328e+00,256,64,65,9.911582229186993720e-01,8.841777081300628005e-03,4.263404951943048915e-01,4.319553162490817340e+04,1.070262442226521671e-03,2.477715638553150697e-08,8.162418518622871488e-03,8.273677041870541871e-03,2.532530381016199761e-01,subcritical,1.848792976028361401e-02,4.782459256360237498e-01,9.325873406851314940e-15,65536,30,6.1.1-I-900
phase_regimes,3,4,2,9.499999999999999556e-01,4.152787295564890901e-01,3.945147930786646051e-01,1.600000000000000000e+01,65536,1.035572783470745328e+00,512,128,129,9.911585734580365958e-01,8.841426541963404162e-03,4.263440700652267878e-01,4.319553139707304217e+04,-5.309757398208603263e-04,1.229237661043891288e-08,8.194259753508958966e-03,8.241464485763572156e-03,2.532526407390571221e-01,subcritical,1.848791525618508763e-02,4.782273403706524539e-01,3.708144902248022845e-14,65536,30,6.1.1-I-900
phase_regimes,3,4,2,9.499999999999999556e-01,4.152787295564890901e-01,3.945147930786646051e-01,2.400000000000000000e+01,16777216,1.023715188980496960e+00,128,32,33,9.993774679818984152e-01,6.225320181015847609e-04,4.437318474870190488e-01,1.109735237308067456e+07,1.238984987139701843e-01,1.116468996825910608e-08,1.059205811470746994e-01,1.116328556090593338e-01,2.503483232895691302e-01,subcritical,1.148849954467790792e-03,5.418740851932880576e-01,4.996003610813204432e-15,16777216,30,6.1.1-I-900
phase_regimes,3,4,2,9.499999999999999556e-01,4.152787295564890901e-01,3.945147930786646051e-01,2.400000000000000000e+01,16777216,1.023715188980496960e+00,256,64,65,9.993778352489183225e-01,6.221647510816774584e-04,4.437673216105698648e-01,1.109735208828117326e+07,-2.045556902885437012e-02,1.843283773113362149e-09,1.087781079113483429e-01,1.087172124534845352e-01,2.503449051735593400e-01,subcritical,1.148842111563602936e-03,5.415580999506499627e-01,1.687538997430237941e-14,16777216,30,6.1.1-I-900
phase_regimes,3,4,2,9.499999999999999556e-01,4.152787295564890901e-01,3.945147930786646051e-01,2.400000000000000000e+01,16777216,1.023715188980496960e+00,512,128,129,9.993778105817202606e-01,6.221894182797393924e-04,4.437649383632866762e-01,1.109735207520237565e+07,6.511341780424118042e-03,5.867473372295773330e-10,1.082359105348587036e-01,1.092534773051738739e-01,2.503444857255129885e-01,subcritical,1.148841149131831505e-03,5.415800250103525171e-01,2.686739719592878828e-14,16777216,30,6.1.1-I-900
phase_regimes,3,4,2,9.499999999999999556e-01,4.152787295564890901e-01,3.945147930786646051e-01,3.200000000000000000e+01,4294967296,1.017786391735372664e+00,128,32,33,9.999580650316597374e-01,4.193496834026255726e-05,4.544214596114632410e-01,2.846439908078783989e+09,1.184940338134765625e-01,4.162885486433984704e-11,1.545144557952880859e+00,1.555977344512939453e+00,2.488949761442836861e-01,subcritical,7.159439945285865452e-05,5.857297311066160805e-01,9.547918011776346248e-15,4294967296,30,6.1.1-I-900
phase_regimes,3,4,2,9.499999999999999556e-01,4.152787295564890901e-01,3.945147930786646051e-01,3.200000000000000000e+01,4294967296,1.017786391735372664e+00,256,64,65,9.999580982202675994e-01,4.190177973240061249e-05,4.544571547597562322e-01,2.846439777142994881e+09,-2.136588096618652344e+00,7.506177062924447382e-10,1.589684486389160156e+00,1.510868549346923828e+00,2.488914817144882163e-01,subcritical,7.159389686641708767e-05,5.852702753501841659e-01,1.953992523340275511e-14,4294967296,30,6.1.1-I-900
phase_regimes,3,4,2,9.499999999999999556e-01,4.152787295564890901e-01,3.945147930786646051e-01,3.200000000000000000e+01,4294967296,1.017786391735372664e+00,512,128,129,9.999581106316088874e-01,4.188936839111256916e-05,4.544705107205729289e-01,2.846439760282210827e+09,-1.312851905822753906e+00,4.612259581747097731e-10,1.571456432342529297e+00,1.526239395141601562e+00,2.488910507922942883e-01,subcritical,7.159383488877877483e-05,5.850974243269384534e-01,6.972200594645983074e-14,4294967296,30,6.1.1-I-900
phase_regimes,3,4,2,9.749999999999999778e-01,4.152787295564890901e-01,4.048967613175768476e-01,1.600000000000000000e+01,65536,1.036508909351554486e+00,128,32,33,9.908350947221856719e-01,9.164905277814328066e-03,4.231040196579994861e-01,4.318051553116004652e+04,-8.018494554562494159e-03,1.856970546999645050e-07,8.296948501083534211e-03,8.048909257922787219e-03,2.534859604063434135e-01,subcritical,2.619191417081202095e-02,3.499135350721176985e-01,3.774758283725532237e-15,65536,30,6.1.1-I-900
phase_regimes,3,4,2,9.749999999999999778e-01,4.152787295564890901e-01,4.048967613175768476e-01,1.600000000000000000e+01,65536,1.036508909351554486e+00,256,64,65,9.908326756509064914e-01,9.167324349093508573e-03,4.230802228924852026e-01,4.318051300643538707e+04,1.077987690223380923e-03,2.496468001810732386e-08,8.116303550195880234e-03,8.232181811763439327e-03,2.534827016821716850e-01,subcritical,2.619174581336533580e-02,3.500081443374244983e-01,2.398081733190338127e-14,65536,30,6.1.1-I-900
phase_regimes,3,4,2,9.749999999999999778e-01,4.152787295564890901e-01,4.048967613175768476e-01,1.600000000000000000e+01,65536,1.036508909351554486e+00,512,128,129,9.908330390968259627e-01,9.166960903174037334e-03,4.230837977634066549e-01,4.318051277924981696e+04,-5.107631295686587691e-04,1.182855637170903384e-08,8.147886037477292120e-03,8.200204625609330833e-03,2.534823060148501117e-01,subcritical,2.619172537169044482e-02,3.499945411416930385e-01,1.454392162258955068e-14,65536,30,6.1.1-I-900
phase_regimes,3,4,2,9.749999999999999778e-01,4.152787295564890901e-01,4.048967613175768476e-01,2.400000000000000000e+01,16777216,1.024339272901036324e+00,128,32,33,9.993448383305789662e-01,6.551616694210338210e-04,4.406608927389872310e-01,1.109503199463902414e+07,-2.740882337093353271e-03,2.470369024999397833e-10,1.066199094057083130e-01,1.073264125734567642e-01,2.505013319998877219e-01,subcritical,1.627328838404735545e-03,4.025994340905839075e-01,5.884182030513329664e-15,16777216,30,6.1.1-I-900
phase_regimes,3,4,2,9.749999999999999778e-01,4.152787295564890901e-01,4.048967613175768476e-01,2.400000000000000000e+01,16777216,1.024339272901036324e+00,256,64,65,9.993450112144780517e-01,6.549887855219482802e-04,4.406767572493294760e-01,1.109503171946291998e+07,3.275042399764060974e-02,2.951809857396781716e-09,1.058971378952264786e-01,1.080220844596624374e-01,2.504979218256789264e-01,subcritical,1.627317761629860395e-03,4.024959359295237626e-01,1.199040866595169064e-14,16777216,30,6.1.1-I-900
phase_regimes,3,4,2,9.749999999999999778e-01,4.152787295564890901e-01,4.048967613175768476e-01,2.400000000000000000e+01,16777216,1.024339272901036324e+00,512,128,129,9.993450371820332689e-01,6.549628179667310590e-04,4.406791404966087788e-01,1.109503170661241934e+07,1.547718420624732971e-02,1.394965297577584560e-09,1.062342226505279541e-01,1.076698116958141327e-01,2.504975035679548045e-01,subcritical,1.627316403058694455e-03,4.024803146675512977e-01,1.443289932012703503e-13,16777216,30,6.1.1-I-900
phase_regimes,3,4,2,9.749999999999999778e-01,4.152787295564890901e-01,4.048967613175768476e-01,3.200000000000000000e+01,4294967296,1.018254454675777243e+00,128,32,33,9.999553153745616152e-01,4.468462543838480627e-05,4.515581857260747567e-01,2.845997964580554485e+09,-4.033088684082031250e+00,1.417108773187907532e-09,1.577736854553222656e+00,1.438580036163330078e+00,2.490096986534439394e-01,subcritical,1.014047852664545026e-04,4.406559840442443865e-01,8.437694987151189707e-15,4294967296,30,6.1.1-I-900
phase_regimes,3,4,2,9.749999999999999778e-01,4.152787295564890901e-01,4.048967613175768476e-01,3.200000000000000000e+01,4294967296,1.018254454675777243e+00,256,64,65,9.999553271659294973e-01,4.467283407050270938e-05,4.515700841088182149e-01,2.845997834226371288e+09,-1.181602478027343750e+00,4.151803855284869508e-10,1.532940387725830078e+00,1.484317779541015625e+00,2.490062103060045606e-01,subcritical,1.014040749801407555e-04,4.405427896191702053e-01,1.931788062847772380e-14,4294967296,30,6.1.1-I-900
phase_regimes,3,4,2,9.749999999999999778e-01,4.152787295564890901e-01,4.048967613175768476e-01,3.200000000000000000e+01,4294967296,1.018254454675777243e+00,512,128,129,9.999553289370197717e-01,4.467106298022827104e-05,4.515718715442506581e-01,2.845997817615451336e+09,1.628398895263671875e+00,5.721715193120009511e-10,1.474289894104003906e+00,1.545506954193115234e+00,2.490057802997702463e-01,subcritical,1.014039874232818298e-04,4.405257043173435028e-01,6.927791673660976812e-14,4294967296,30,6.1.1-I-900
phase_regimes,3,4,2,1.000000000000000000e+00,4.152787295564890901e-01,4.152787295564890901e-01,1.600000000000000000e+01,65536,1.037445035232363422e+00,128,32,33,9.904828794132312098e-01,9.517120586768790247e-03,4.197036958606119028e-01,4.316545762523633312e+04,9.322538971900939941e-03,2.159722028859157447e-07,7.918692186649423093e-03,8.369003633561078459e-03,2.537156235707206386e-01,critical,9.839733879852700926e-03,9.672132095214002190e-01,5.995204332975845318e-15,65536,30,6.1.1-I-900
phase_regimes,3,4,2,1.000000000000000000e+00,4.152787295564890901e-01,4.152787295564890901e-01,1.600000000000000000e+01,65536,1.037445035232363422e+00,256,64,65,9.904853907886549402e-01,9.514609211345059769e-03,4.197274926261259642e-01,4.316545503277856187e+04,-3.133907739538699389e-03,7.260221714699643717e-08,8.166177212842740119e-03,8.118197460134979337e-03,2.537123762313619468e-01,critical,9.839691887315461793e-03,9.669621081947218366e-01,4.418687638008123031e-14,65536,30,6.1.1-I-900
phase_regimes,3,4,2,1.000000000000000000e+00,4.152787295564890901e-01,4.152787295564890901e-01,1.600000000000000000e+01,65536,1.037445035232363422e+00,512,128,129,9.904850135593932237e-01,9.514986440606776341e-03,4.197239177552039568e-01,4.316545480633414263e+04,-1.484446329413913190e-03,3.438968351136390876e-08,8.133439238008577377e-03,8.151444424584042281e-03,2.537119822536818003e-01,critical,9.839686792625153278e-03,9.670009463856370502e-01,1.798561299892753595e-14,65536,30,6.1.1-I-900
phase_regimes,3,4,2,1.000000000000000000e+00,4.152787295564890901e-01,4.152787295564890901e-01,2.400000000000000000e+01,16777216,1.024963356821575688e+00,128,32,33,9.993083073940322025e-01,6.916926059677974692e-04,4.373992227132215138e-01,1.109271120774072967e+07,-7.482152432203292847e-02,6.745107027560663285e-09,1.064560096710920334e-01,1.043468136340379715e-01,2.506543454614779676e-01,critical,7.018589461861931720e-04,9.855151234109955638e-01,7.105427357601001859e-15,16777216,30,6.1.1-I-900
phase_regimes,3,4,2,1.000000000000000000e+00,4.152787295564890901e-01,4.152787295564890901e-01,2.400000000000000000e+01,16777216,1.024963356821575688e+00,256,64,65,9.993084899177058222e-01,6.915100822941777636e-04,4.374150872235676446e-01,1.109271094264608622e+07,-3.776792436838150024e-02,3.404751513282670562e-09,1.056991536170244217e-01,1.050691548734903336e-01,2.506509432119079506e-01,critical,7.018556413160640913e-04,9.852597052543637934e-01,1.287858708565181587e-14,16777216,30,6.1.1-I-900
phase_regimes,3,4,2,1.000000000000000000e+00,4.152787295564890901e-01,4.152787295564890901e-01,2.400000000000000000e+01,16777216,1.024963356821575688e+00,512,128,129,9.993084625011475763e-01,6.915374988524236599e-04,4.374127039762879532e-01,1.109271092995538563e+07,-1.442898064851760864e-02,1.300762342012606784e-09,1.052291188389062881e-01,1.055330950766801834e-01,2.506505261417271702e-01,critical,7.018552361815706469e-04,9.852993369611653396e-01,2.198241588757809950e-14,16777216,30,6.1.1-I-900
phase_regimes,3,4,2,1.000000000000000000e+00,4.152787295564890901e-01,4.152787295564890901e-01,3.200000000000000000e+01,4294967296,1.018722517616181822e+00,128,32,33,9.999520426965794462e-01,4.795730342055382067e-05,4.483715604484231343e-01,2.845556126913171768e+09,4.919052124023437500e+00,1.728678650018255519e-09,1.362463474273681641e+00,1.579936027526855469e+00,2.491244237958578078e-01,critical,4.838396708000321662e-05,9.911817140015843908e-01,5.440092820663267048e-15,4294967296,30,6.1.1-I-900
phase_regimes,3,4,2,1.000000000000000000e+00,4.152787295564890901e-01,4.152787295564890901e-01,3.200000000000000000e+01,4294967296,1.018722517616181822e+00,256,64,65,9.999520962809719249e-01,4.790371902807510907e-05,4.484219628065551078e-01,2.845555997181132317e+09,1.522421836853027344e+00,5.350173527989505417e-10,1.437557220458984375e+00,1.508829593658447266e+00,2.491209415205816735e-01,critical,4.838372659938639208e-05,9.900791525364363022e-01,2.708944180085381959e-14,4294967296,30,6.1.1-I-900
phase_regimes,3,4,2,1.000000000000000000e+00,4.152787295564890901e-01,4.152787295564890901e-01,3.200000000000000000e+01,4294967296,1.018722517616181822e+00,512,128,129,9.999521242069289162e-01,4.787579307108380533e-05,4.484482527718632872e-01,2.845555980852564335e+09,6.355047225952148438e-01,2.233323564433301464e-10,1.452084541320800781e+00,1.493188381195068359e+00,2.491205124291802075e-01,critical,4.838369696685847465e-05,9.895025819105437437e-01,1.565414464721470722e-14,4294967296,30,6.1.1-I-900
phase_regimes,3,4,2,1.024999999999999911e+00,4.152787295564890901e-01,4.256606977954012772e-01,1.600000000000000000e+01,65536,1.038381161113172579e+00,128,32,33,9.901131220269308031e-01,9.886877973069196912e-03,4.162668286565598397e-01,4.315035727053606388e+04,-3.261638994445092976e-03,7.558776336417973995e-08,8.148360015184152871e-03,8.100250932329799980e-03,2.539452977655687893e-01,supercritical,4.140386786655846606e-03,2.387911681327420155e+00,1.032507412901395583e-14,65536,30,6.1.1-I-900
phase_regimes,3,4,2,1.024999999999999911e+00,4.152787295564890901e-01,4.256606977954012772e-01,1.600000000000000000e+01,65536,1.038381161113172579e+00,256,64,65,9.901125060376471110e-01,9.887493962352889021e-03,4.162612110022544942e-01,4.315035460873913689e+04,-2.458724338794127107e-03,5.698039705787649952e-08,8.132606861181557178e-03,8.116629032883793116e-03,2.539420617737277452e-01,supercritical,4.140386786655846606e-03,2.388060457109836499e+00,1.021405182655144017e-14,65536,30,6.1.1-I-900
phase_regimes,3,4,2,1.024999999999999911e+00,4.152787295564890901e-01,4.256606977954012772e-01,1.600000000000000000e+01,65536,1.038381161113172579e+00,512,128,129,9.901121140244845131e-01,9.887885975515486869e-03,4.162576361313323203e-01,4.315035438334216451e+04,-8.085407898761332035e-04,1.873775549311047414e-08,8.099869832221884280e-03,8.149908586347009987e-03,2.539416694779562111e-01,supercritical,4.140386786655846606e-03,2.388155137433873421e+00,6.672440377997190808e-14,65536,30,6.1.1-I-900
phase_regimes,3,4,2,1.024999999999999911e+00,4.152787295564890901e-01,4.256606977954012772e-01,2.400000000000000000e+01,16777216,1.025587440742115053e+00,128,32,33,9.992669895227781485e-01,7.330104772218515308e-04,4.339116066669255756e-01,1.109038985570557974e+07,9.381771087646484375e-02,8.459369967792361640e-09,1.017860472202301025e-01,1.064969282597303391e-01,2.508073636817649832e-01,supercritical,2.768893195376080684e-04,2.647304989755271176e+00,7.216449660063517513e-15,16777216,30,6.1.1-I-900
phase_regimes,3,4,2,1.024999999999999911e+00,4.152787295564890901e-01,4.256606977954012772e-01,2.400000000000000000e+01,16777216,1.025587440742115053e+00,256,64,65,9.992673306798023347e-01,7.326693201976652858e-04,4.339395905847359125e-01,1.109038960116863064e+07,2.629961818456649780e-02,2.371388123442951031e-09,1.031019650399684906e-01,1.051085218787193298e-01,2.508039693391280744e-01,supercritical,2.768893195376080684e-04,2.646072883638805884e+00,4.751754545395669993e-14,16777216,30,6.1.1-I-900
phase_regimes,3,4,2,1.024999999999999911e+00,4.152787295564890901e-01,4.256606977954012772e-01,2.400000000000000000e+01,16777216,1.025587440742115053e+00,512,128,129,9.992673597270645969e-01,7.326402729354031251e-04,4.339419738320156594e-01,1.109038958855662122e+07,6.549526005983352661e-03,5.905586953177316056e-10,1.034890711307525635e-01,1.047055535018444061e-01,2.508035534531081745e-01,supercritical,2.768893195376080684e-04,2.645967977959125861e+00,1.573186025893846818e-13,16777216,30,6.1.1-I-900
phase_regimes,3,4,2,1.024999999999999911e+00,4.152787295564890901e-01,4.256606977954012772e-01,3.200000000000000000e+01,4294967296,1.019190580556586179e+00,128,32,33,9.999483169392652249e-01,5.168306073477513252e-05,4.449984051153262343e-01,2.845114389977092266e+09,-8.949041366577148438e-01,3.145406524990090817e-10,1.453968048095703125e+00,1.428020477294921875e+00,2.492391515744833974e-01,supercritical,1.851668504571487713e-05,2.791161625700146587e+00,1.032507412901395583e-14,4294967296,30,6.1.1-I-900
phase_regimes,3,4,2,1.024999999999999911e+00,4.152787295564890901e-01,4.256606977954012772e-01,3.200000000000000000e+01,4294967296,1.019190580556586179e+00,256,64,65,9.999483409935451261e-01,5.165900645487386811e-05,4.450193930536703313e-01,2.845114260927404404e+09,9.752511978149414062e-01,3.427810303467548022e-10,1.420582294464111328e+00,1.460869312286376953e+00,2.492356753616050691e-01,supercritical,1.851668504571487713e-05,2.789862565968781460e+00,1.809663530139005161e-14,4294967296,30,6.1.1-I-900
phase_regimes,3,4,2,1.024999999999999911e+00,4.152787295564890901e-01,4.256606977954012772e-01,3.200000000000000000e+01,4294967296,1.019190580556586179e+00,512,128,129,9.999483843548607753e-01,5.161564513922467512e-05,4.450572515442122179e-01,2.845114244915355206e+09,-1.503944396972656250e+00,5.286059776546512563e-10,1.468267917633056641e+00,1.414925098419189453e+00,2.492352471828335470e-01,supercritical,1.851668504571487713e-05,2.787520823073541543e+00,4.596323321948148077e-14,4294967296,30,6.1.1-I-900
phase_regimes,3,4,2,1.050000000000000044e+00,4.152787295564890901e-01,4.360426660343135752e-01,1.600000000000000000e+01,65536,1.039317286993981737e+00,128,32,33,9.897133335784986663e-01,1.028666642150133370e-02,4.126925414357146549e-01,4.313521118019229471e+04,-2.656051947269588709e-04,6.157503057477202394e-09,8.083919259661342949e-03,8.161052748619113117e-03,2.541749830150727418e-01,supercritical,4.709558975914418695e-03,2.184210129676537715e+00,6.772360450213454897e-15,65536,30,6.1.1-I-900
phase_regimes,3,4,2,1.050000000000000044e+00,4.152787295564890901e-01,4.360426660343135752e-01,1.600000000000000000e+01,65536,1.039317286993981737e+00,256,64,65,9.897126926809071135e-01,1.028730731909288654e-02,4.126869237814089764e-01,4.313520844575687806e+04,5.232031980995088816e-04,1.212937683510777854e-08,8.068481467489618808e-03,8.177186791726853698e-03,2.541717583333191754e-01,supercritical,4.709558975914418695e-03,2.184346214094384564e+00,8.770761894538736669e-15,65536,30,6.1.1-I-900
phase_regimes,3,4,2,1.050000000000000044e+00,4.152787295564890901e-01,4.360426660343135752e-01,1.600000000000000000e+01,65536,1.039317286993981737e+00,512,128,129,9.897131005294489414e-01,1.028689947055105858e-02,4.126904986523312058e-01,4.313520822168575251e+04,-1.041949872160330415e-03,2.415543856437214427e-08,8.099554070213343948e-03,8.145642997988034040e-03,2.541713677125651549e-01,supercritical,4.709558975914418695e-03,2.184259613938422273e+00,1.225686219186172821e-13,65536,30,6.1.1-I-900
phase_regimes,3,4,2,1.050000000000000044e+00,4.152787295564890901e-01,4.360426660343135752e-01,2.400000000000000000e+01,16777216,1.026211524662654417e+00,128,32,33,9.992208855231174969e-01,7.791144768825031264e-04,4.302448773981975005e-01,1.108806775878795609e+07,-1.581432297825813293e-02,1.426246964059570851e-09,1.029834803193807602e-01,1.033928375691175461e-01,2.509603866678778439e-01,supercritical,3.359047925188677394e-04,2.319450315192333356e+00,4.884981308350688778e-15,16777216,30,6.1.1-I-900
phase_regimes,3,4,2,1.050000000000000044e+00,4.152787295564890901e-01,4.360426660343135752e-01,2.400000000000000000e+01,16777216,1.026211524662654417e+00,256,64,65,9.992210911156527153e-01,7.789088843472846690e-04,4.302607419085393570e-01,1.108806751527151838e+07,2.068048343062400818e-02,1.865111607783856084e-09,1.022293716669082642e-01,1.040940135717391968e-01,2.509570002151776946e-01,supercritical,3.359047925188677394e-04,2.318838259217553155e+00,8.770761894538736669e-15,16777216,30,6.1.1-I-900
phase_regimes,3,4,2,1.050000000000000044e+00,4.152787295564890901e-01,4.360426660343135752e-01,2.400000000000000000e+01,16777216,1.026211524662654417e+00,512,128,129,9.992211219961195656e-01,7.788780038804343775e-04,4.302631251558204917e-01,1.108806750264303572e+07,-5.266629159450531006e-04,4.749817006611059550e-11,1.026450470089912415e-01,1.036620028316974640e-01,2.509565855113684019e-01,supercritical,3.359047925188677394e-04,2.318746327016709241e+00,1.598721155460225418e-14,16777216,30,6.1.1-I-900
phase_regimes,3,4,2,1.050000000000000044e+00,4.152787295564890901e-01,4.360426660343135752e-01,3.200000000000000000e+01,4294967296,1.019658643496990758e+00,128,32,33,9.999438435678403847e-01,5.615643215961529933e-05,4.412559123752618495e-01,2.844672747543802261e+09,2.050638198852539062e+00,7.208696327629030004e-10,1.364245414733886719e+00,1.472065448760986328e+00,2.493538819924599192e-01,supercritical,2.395762175345421082e-05,2.343990264873376361e+00,3.441691376337985275e-15,4294967296,30,6.1.1-I-900
phase_regimes,3,4,2,1.050000000000000044e+00,4.152787295564890901e-01,4.360426660343135752e-01,3.200000000000000000e+01,4294967296,1.019658643496990758e+00,256,64,65,9.999438950030645756e-01,5.610499693542436717e-05,4.412972251778078947e-01,2.844672619240499496e+09,1.504778861999511719e+00,5.289813850007363296e-10,1.384189128875732422e+00,1.450392723083496094e+00,2.493504118322906471e-01,supercritical,2.395762175345421082e-05,2.341843339576690219e+00,7.327471962526033167e-14,4294967296,30,6.1.1-I-900
phase_regimes,3,4,2,1.050000000000000044e+00,4.152787295564890901e-01,4.360426660343135752e-01,3.200000000000000000e+01,4294967296,1.019658643496990758e+00,512,128,129,9.999439465410696615e-01,5.605345893033852889e-05,4.413386585393263561e-01,2.844672603589751244e+09,-1.065850257873535156e+00,3.746829271419553425e-10,1.433776378631591797e+00,1.400822639465332031e+00,2.493499845645967550e-01,supercritical,2.395762175345421082e-05,2.339692124167405574e+00,2.353672812205331866e-14,4294967296,30,6.1.1-I-900
phase_regimes,3,4,2,1.074999999999999956e+00,4.152787295564890901e-01,4.464246342732257622e-01,1.600000000000000000e+01,65536,1.040253412874790673e+00,128,32,33,9.892880004781170467e-01,1.071199952188295335e-02,4.090392742745498911e-01,4.312001587260271481e+04,-7.668910257052630186e-03,1.778503579337791191e-07,8.242619318480137736e-03,8.029399628867395222e-03,2.544046793433834552e-01,supercritical,5.324976312306569856e-03,2.011652051320194090e+00,4.884981308350688778e-15,65536,30,6.1.1-I-900
phase_regimes,3,4,2,1.074999999999999956e+00,4.152787295564890901e-01,4.464246342732257622e-01,1.600000000000000000e+01,65536,1.040253412874790673e+00,256,64,65,9.892851730522354003e-01,1.071482694776459965e-02,4.090154775090361072e-01,4.312001306237814424e+04,1.317472197115421295e-03,3.055361312645113586e-08,8.064697118243202567e-03,8.211000196752138436e-03,2.544014659343923346e-01,supercritical,5.324976312306569856e-03,2.012183025678730086e+00,7.882583474838611437e-15,65536,30,6.1.1-I-900
phase_regimes,3,4,2,1.074999999999999956e+00,4.152787295564890901e-01,4.464246342732257622e-01,1.600000000000000000e+01,65536,1.040253412874790673e+00,512,128,129,9.892855978501353675e-01,1.071440214986463246e-02,4.090190523799574485e-01,4.312001283978204447e+04,-2.464694262016564608e-04,5.715894081883632711e-09,8.095714212686289102e-03,8.179448646842502058e-03,2.544010769822132589e-01,supercritical,5.324976312306569856e-03,2.012103251070346044e+00,4.485301019485632423e-14,65536,30,6.1.1-I-900
phase_regimes,3,4,2,1.074999999999999956e+00,4.152787295564890901e-01,4.464246342732257622e-01,2.400000000000000000e+01,16777216,1.026835608583193782e+00,128,32,33,9.991685440019015818e-01,8.314559980984181919e-04,4.263363526503118339e-01,1.108574471102388948e+07,4.112534224987030029e-02,3.709750072899876890e-09,1.012902706861495972e-01,1.040697805583477020e-01,2.511134144270029678e-01,supercritical,4.038530511610127337e-04,2.058808261341880552e+00,8.437694987151189707e-15,16777216,30,6.1.1-I-900
phase_regimes,3,4,2,1.074999999999999956e+00,4.152787295564890901e-01,4.464246342732257622e-01,2.400000000000000000e+01,16777216,1.026835608583193782e+00,256,64,65,9.991689309773444938e-01,8.310690226555061955e-04,4.263643365681250019e-01,1.108574447891878895e+07,-2.858182415366172791e-02,2.578250311290718359e-09,1.026371587067842484e-01,1.026244629174470901e-01,2.511100358468842386e-01,supercritical,4.038530511610127337e-04,2.057850052800928697e+00,2.509104035652853781e-14,16777216,30,6.1.1-I-900
phase_regimes,3,4,2,1.074999999999999956e+00,4.152787295564890901e-01,4.464246342732257622e-01,2.400000000000000000e+01,16777216,1.026835608583193782e+00,512,128,129,9.991688980276408616e-01,8.311019723591384079e-04,4.263619533208449219e-01,1.108574446616307646e+07,-1.068599522113800049e-02,9.639402435943542402e-10,1.022768039256334305e-01,1.029813978821039200e-01,2.511096223207592293e-01,supercritical,4.038530511610127337e-04,2.057931641149803426e+00,1.509903313490212895e-14,16777216,30,6.1.1-I-900
phase_regimes,3,4,2,1.074999999999999956e+00,4.152787295564890901e-01,4.464246342732257622e-01,3.200000000000000000e+01,4294967296,1.020126706437395336e+00,128,32,33,9.999385620332226221e-01,6.143796677737789480e-05,4.372034375627947833e-01,2.844231191947494984e+09,3.867149353027343750e-01,1.359646629281017957e-10,1.386319637298583984e+00,1.420754432678222656e+00,2.494686150527449797e-01,supercritical,3.062812406687146025e-05,2.005933064762249973e+00,2.120525977034048992e-14,4294967296,30,6.1.1-I-900
phase_regimes,3,4,2,1.074999999999999956e+00,4.152787295564890901e-01,4.464246342732257622e-01,3.200000000000000000e+01,4294967296,1.020126706437395336e+00,256,64,65,9.999386306800374102e-01,6.136931996258976341e-05,4.372538399209383031e-01,2.844231064476480484e+09,-1.430869102478027344e+00,5.030776579122267421e-10,1.422180652618408203e+00,1.383274555206298828e+00,2.494651509351961394e-01,supercritical,3.062812406687146025e-05,2.003691764751898141e+00,3.530509218307997799e-14,4294967296,30,6.1.1-I-900
phase_regimes,3,4,2,1.074999999999999956e+00,4.152787295564890901e-01,4.464246342732257622e-01,3.200000000000000000e+01,4294967296,1.020126706437395336e+00,512,128,129,9.999386537222139104e-01,6.134627778608958693e-05,4.372707707526585219e-01,2.844231049238251209e+09,3.793239593505859375e-01,1.333660848165543291e-10,1.390002250671386719e+00,1.416720867156982422e+00,2.494647245765711230e-01,supercritical,3.062812406687146025e-05,2.002939443896404104e+00,8.315570454442422488e-14,4294967296,30,6.1.1-I-900
phase_regimes,3,4,2,1.100000000000000089e+00,4.152787295564890901e-01,4.568066025121380602e-01,1.600000000000000000e+01,65536,1.041189538755599830e+00,128,32,33,9.888257386051758635e-01,1.117426139482413650e-02,4.052297947258500233e-01,4.310476767688925611e+04,1.029141094477381557e-02,2.387534256516033620e-07,7.917182578239589930e-03,8.428769629972521216e-03,2.546343867748728784e-01,supercritical,5.987294720210241047e-03,1.866328937692874668e+00,1.376676550535194110e-14,65536,30,6.1.1-I-900
phase_regimes,3,4,2,1.100000000000000089e+00,4.152787295564890901e-01,4.568066025121380602e-01,1.600000000000000000e+01,65536,1.041189538755599830e+00,256,64,65,9.888286872665056348e-01,1.117131273349436515e-02,4.052535914913638071e-01,4.310476478895366017e+04,-2.244401912321336567e-03,5.206853403121929014e-08,8.165918872691690922e-03,8.176019051461480558e-03,2.546311846020306024e-01,supercritical,5.987294720210241047e-03,1.865836451274957453e+00,1.321165399303936283e-14,65536,30,6.1.1-I-900
phase_regimes,3,4,2,1.100000000000000089e+00,4.152787295564890901e-01,4.568066025121380602e-01,1.600000000000000000e+01,65536,1.041189538755599830e+00,512,128,129,9.888282443533011890e-01,1.117175564669881105e-02,4.052500166204417997e-01,4.310476456801174936e+04,-5.726578820031136274e-04,1.328525715758312658e-08,8.132795563142281026e-03,8.209773004637099802e-03,2.546307973114960710e-01,supercritical,5.987294720210241047e-03,1.865910426788965459e+00,3.652633751016765018e-14,65536,30,6.1.1-I-900
phase_regimes,3,4,2,1.100000000000000089e+00,4.152787295564890901e-01,4.568066025121380602e-01,2.400000000000000000e+01,16777216,1.027459692503733146e+00,128,32,33,9.991094093501668993e-01,8.905906498331006560e-04,4.222062464296061912e-01,1.108342047697514482e+07,1.568812876939773560e-02,1.415459135741396569e-09,1.017353292554616928e-01,1.036013923585414886e-01,2.512664469662760913e-01,supercritical,4.814972493984051951e-04,1.849627699734166963e+00,3.996802888650563546e-15,16777216,30,6.1.1-I-900
phase_regimes,3,4,2,1.100000000000000089e+00,4.152787295564890901e-01,4.568066025121380602e-01,2.400000000000000000e+01,16777216,1.027459692503733146e+00,256,64,65,9.991096443590070653e-01,8.903556409929347382e-04,4.222221109399504346e-01,1.108342025659528002e+07,4.457915201783180237e-02,4.022147584930257619e-09,1.011196449398994446e-01,1.041410025209188461e-01,2.512630762420083319e-01,supercritical,4.814972493984051951e-04,1.849139620434732567e+00,4.729550084903166862e-14,16777216,30,6.1.1-I-900
phase_regimes,3,4,2,1.100000000000000089e+00,4.152787295564890901e-01,4.568066025121380602e-01,2.400000000000000000e+01,16777216,1.027459692503733146e+00,512,128,129,9.991096796578698980e-01,8.903203421301020271e-04,4.222244941872325130e-01,1.108342024358522892e+07,2.005370333790779114e-02,1.809342504134886509e-09,1.016013622283935547e-01,1.036425214260816574e-01,2.512626638905349763e-01,supercritical,4.814972493984051951e-04,1.849066309812757325e+00,8.948397578478761716e-14,16777216,30,6.1.1-I-900
phase_regimes,3,4,2,1.100000000000000089e+00,4.152787295564890901e-01,4.568066025121380602e-01,3.200000000000000000e+01,4294967296,1.020594769377799915e+00,128,32,33,9.999322155840854043e-01,6.778441591459571924e-05,4.327714640025507875e-01,2.843789713766379833e+09,-5.159378051757812500e-01,1.814261450761285384e-10,1.399268627166748047e+00,1.406735420227050781e+00,2.495833507582264632e-01,supercritical,3.872113895738813497e-05,1.750579082634711625e+00,1.332267629550187849e-14,4294967296,30,6.1.1-I-900
phase_regimes,3,4,2,1.100000000000000089e+00,4.152787295564890901e-01,4.568066025121380602e-01,3.200000000000000000e+01,4294967296,1.020594769377799915e+00,256,64,65,9.999322692307313076e-01,6.773076926869237013e-05,4.328071591508212412e-01,2.843789587234807968e+09,1.175284385681152344e+00,4.132810637456317126e-10,1.375102996826171875e+00,1.431564331054687500e+00,2.495798926738452550e-01,supercritical,3.872113895738813497e-05,1.749193621169789825e+00,8.437694987151189707e-15,4294967296,30,6.1.1-I-900
phase_regimes,3,4,2,1.100000000000000089e+00,4.152787295564890901e-01,4.568066025121380602e-01,3.200000000000000000e+01,4294967296,1.020594769377799915e+00,512,128,129,9.999323087150675526e-01,6.769128493244735978e-05,4.328334491161280329e-01,2.843789572472217083e+09,1.439929008483886719e+00,5.063416162793298281e-10,1.364572048187255859e+00,1.440141201019287109e+00,2.495794672222407529e-01,supercritical,3.872113895738813497e-05,1.748173911075816100e+00,3.796962744218035368e-14,4294967296,30,6.1.1-I-900
phase_regimes,3,4,2,1.149999999999999911e+00,4.152787295564890901e-01,4.775705389899624342e-01,1.600000000000000000e+01,65536,1.043061790517217924e+00,128,32,33,9.878141031548615114e-01,1.218589684513848859e-02,3.974152348010036584e-01,4.307409706026629283e+04,5.281553967506624758e-03,1.226155468823186310e-07,8.141421618347521871e-03,8.466764804325066507e-03,2.550938350438488045e-01,supercritical,7.454449394565912206e-03,1.634714544312511064e+00,3.108624468950438313e-15,65536,30,6.1.1-I-900
phase_regimes,3,4,2,1.149999999999999911e+00,4.152787295564890901e-01,4.775705389899624342e-01,1.600000000000000000e+01,65536,1.043061790517217924e+00,256,64,65,9.878148623342751788e-01,1.218513766572482115e-02,3.974208524553091704e-01,4.307409401362499193e+04,9.497725841356441379e-04,2.204974024143645687e-08,8.227548030845355242e-03,8.379611572308931500e-03,2.550906552321444143e-01,supercritical,7.454449394565912206e-03,1.634612701859301742e+00,8.659739592076221015e-15,65536,30,6.1.1-I-900
phase_regimes,3,4,2,1.149999999999999911e+00,4.152787295564890901e-01,4.775705389899624342e-01,1.600000000000000000e+01,65536,1.043061790517217924e+00,512,128,129,9.878153454238217668e-01,1.218465457617823322e-02,3.974244273262310667e-01,4.307409379661423736e+04,-6.413920345949009061e-04,1.489043594563831351e-08,8.259031565103214234e-03,8.347434013558086008e-03,2.550902712451846299e-01,supercritical,7.454449394565912206e-03,1.634547896328937489e+00,1.003641614261141513e-13,65536,30,6.1.1-I-900
phase_regimes,3,4,2,1.149999999999999911e+00,4.152787295564890901e-01,4.775705389899624342e-01,2.400000000000000000e+01,16777216,1.028707860344812097e+00,128,32,33,9.989661194607389882e-01,1.033880539261011755e-03,4.132381161245889389e-01,1.107876734385033138e+07,-3.625499084591865540e-02,3.272475151853720810e-09,1.045735720545053482e-01,1.046260520815849304e-01,2.515725264142280038e-01,supercritical,6.689185315944725513e-04,1.545600084955928599e+00,4.551914400963141816e-15,16777216,30,6.1.1-I-900
phase_regimes,3,4,2,1.149999999999999911e+00,4.152787295564890901e-01,4.775705389899624342e-01,2.400000000000000000e+01,16777216,1.028707860344812097e+00,256,64,65,9.989663922808796892e-01,1.033607719120310797e-03,4.132539806349327383e-01,1.107876714723605663e+07,-2.509541809558868408e-02,2.265181473901590053e-09,1.042984537780284882e-01,1.047961749136447906e-01,2.515691713500630700e-01,supercritical,6.689185315944725513e-04,1.545192232388216569e+00,1.076916333886401844e-14,16777216,30,6.1.1-I-900
phase_regimes,3,4,2,1.149999999999999911e+00,4.152787295564890901e-01,4.775705389899624342e-01,2.400000000000000000e+01,16777216,1.028707860344812097e+00,512,128,129,9.989663513010487161e-01,1.033648698951283862e-03,4.132515973876486060e-01,1.107876713327768072e+07,-1.202011480927467346e-02,1.084968630956185969e-09,1.040375903248786926e-01,1.050575114786624908e-01,2.515687613384575139e-01,supercritical,6.689185315944725513e-04,1.545253495201305949e+00,2.331468351712828735e-14,16777216,30,6.1.1-I-900
phase_regimes,3,4,2,1.149999999999999911e+00,4.152787295564890901e-01,4.775705389899624342e-01,3.200000000000000000e+01,4294967296,1.021530895258609073e+00,128,32,33,9.999153214661345990e-01,8.467853386540102889e-05,4.227388807461024411e-01,2.842906940999531269e+09,-3.572583198547363281e+00,1.256665544349927515e-09,1.514652252197265625e+00,1.397717475891113281e+00,2.498128301176420485e-01,supercritical,6.002354187079483470e-05,1.410755367413637718e+00,1.221245327087672194e-14,4294967296,30,6.1.1-I-900
phase_regimes,3,4,2,1.149999999999999911e+00,4.152787295564890901e-01,4.775705389899624342e-01,3.200000000000000000e+01,4294967296,1.021530895258609073e+00,256,64,65,9.999153884832986394e-01,8.461151670136057845e-05,4.227745758943637355e-01,2.842906816793963432e+09,-4.832744598388671875e-01,1.699930708189272120e-10,1.455312728881835938e+00,1.457987308502197266e+00,2.498093840690281953e-01,supercritical,6.002354187079483470e-05,1.409638852760358496e+00,2.964295475749167963e-14,4294967296,30,6.1.1-I-900
phase_regimes,3,4,2,1.149999999999999911e+00,4.152787295564890901e-01,4.775705389899624342e-01,3.200000000000000000e+01,4294967296,1.021530895258609073e+00,512,128,129,9.999154486569901135e-01,8.455134300988653706e-05,4.228066501223042284e-01,2.842906803200320721e+09,-4.140138626098632812e-01,1.456304730579979242e-10,1.453686714172363281e+00,1.457894325256347656e+00,2.498089604271952480e-01,supercritical,6.002354187079483470e-05,1.408636351248475638e+00,1.046940312221522618e-13,4294967296,30,6.1.1-I-900
phase_regimes,3,4,2,1.199999999999999956e+00,4.152787295564890901e-01,4.983344754677868638e-01,1.600000000000000000e+01,65536,1.044934042278836239e+00,128,32,33,9.866572653368580470e-01,1.334273466314195300e-02,3.892376128165400684e-01,4.304316669626205839e+04,8.718889148440212011e-03,2.025615171385002953e-07,8.296585205243900418e-03,8.776026807026937604e-03,2.555533280158067688e-01,supercritical,9.113143847335455905e-03,1.464119834676280707e+00,1.065814103640150279e-14,65536,30,6.1.1-I-900
phase_regimes,3,4,2,1.199999999999999956e+00,4.152787295564890901e-01,4.983344754677868638e-01,1.600000000000000000e+01,65536,1.044934042278836239e+00,256,64,65,9.866607862143769170e-01,1.333921378562308302e-02,3.892614095820540188e-01,4.304316348477284919e+04,-4.259201887180097401e-03,9.895187858780065026e-08,8.553669635148253292e-03,8.513936860254034400e-03,2.555501704183356093e-01,supercritical,9.113143847335455905e-03,1.463733483096864019e+00,1.276756478318930021e-14,65536,30,6.1.1-I-900
phase_regimes,3,4,2,1.199999999999999956e+00,4.152787295564890901e-01,4.983344754677868638e-01,1.600000000000000000e+01,65536,1.044934042278836239e+00,512,128,129,9.866602573495905082e-01,1.333974265040949181e-02,3.892578347111319559e-01,4.304316327162167727e+04,-2.517925167921930552e-03,5.849767945800574183e-08,8.519208837242331356e-03,8.549135462089907378e-03,2.555497897077602110e-01,supercritical,9.113143847335455905e-03,1.463791516284451921e+00,1.443289932012703503e-14,65536,30,6.1.1-I-900
phase_regimes,3,4,2,1.199999999999999956e+00,4.152787295564890901e-01,4.983344754677868638e-01,2.400000000000000000e+01,16777216,1.029956028185890826e+00,128,32,33,9.987812016062287412e-01,1.218798393771258759e-03,4.033468658675506968e-01,1.107410579134964384e+07,4.883017390966415405e-02,4.409401068554631854e-09,1.081102900207042694e-01,1.119104158133268356e-01,2.518786250692455764e-01,supercritical,9.041786040721105314e-04,1.347961993661659807e+00,4.440892098500626162e-15,16777216,30,6.1.1-I-900
phase_regimes,3,4,2,1.199999999999999956e+00,4.152787295564890901e-01,4.983344754677868638e-01,2.400000000000000000e+01,16777216,1.029956028185890826e+00,256,64,65,9.987815232224470652e-01,1.218476777552934820e-03,4.033627303778926088e-01,1.107410561729176901e+07,2.778787165880203247e-02,2.509265544245161571e-09,1.084615252912044525e-01,1.114176809787750244e-01,2.518752855970204929e-01,supercritical,9.041786040721105314e-04,1.347606293784583187e+00,4.685141163918160601e-14,16777216,30,6.1.1-I-900
phase_regimes,3,4,2,1.199999999999999956e+00,4.152787295564890901e-01,4.983344754677868638e-01,2.400000000000000000e+01,16777216,1.029956028185890826e+00,512,128,129,9.987815715299352970e-01,1.218428470064703006e-03,4.033651136251754643e-01,1.107410560170939006e+07,-5.097594112157821655e-03,4.603165524600886035e-10,1.091104131191968918e-01,1.107499729841947556e-01,2.518748779139108329e-01,supercritical,9.041786040721105314e-04,1.347552866853206632e+00,2.109423746787797427e-14,16777216,30,6.1.1-I-900
phase_regimes,3,4,2,1.199999999999999956e+00,4.152787295564890901e-01,4.983344754677868638e-01,3.200000000000000000e+01,4294967296,1.022467021139418009e+00,128,32,33,9.998905184369759613e-01,1.094815630240386639e-04,4.111570138378983219e-01,2.842024305574511051e+09,2.012610435485839844e+00,7.081608807983060682e-10,1.568717956542968750e+00,1.677113533020019531e+00,2.500423200948630464e-01,supercritical,8.970787217971446425e-05,1.220423139729710282e+00,4.773959005888173124e-15,4294967296,30,6.1.1-I-900
phase_regimes,3,4,2,1.199999999999999956e+00,4.152787295564890901e-01,4.983344754677868638e-01,3.200000000000000000e+01,4294967296,1.022467021139418009e+00,256,64,65,9.998907120908733237e-01,1.092879091266762970e-04,4.112368306159202014e-01,2.842024184548450947e+09,-7.413625717163085938e-01,2.608572353982618785e-10,1.622700691223144531e+00,1.621572017669677734e+00,2.500388860436329463e-01,supercritical,8.970787217971446425e-05,1.218264422856185414e+00,1.554312234475219157e-14,4294967296,30,6.1.1-I-900
phase_regimes,3,4,2,1.199999999999999956e+00,4.152787295564890901e-01,4.983344754677868638e-01,3.200000000000000000e+01,4294967296,1.022467021139418009e+00,512,128,129,9.998907898138261752e-01,1.092101861738248303e-04,4.112689048438492034e-01,2.842024172452801228e+09,-5.973577499389648438e-01,2.101874275838466375e-10,1.618709564208984375e+00,1.622933864593505859e+00,2.500384642040301975e-01,supercritical,8.970787217971446425e-05,1.217398022272123459e+00,3.586020369539255626e-14,4294967296,30,6.1.1-I-900
phase_regimes,3,4,2,1.250000000000000000e+00,4.152787295564890901e-01,5.190984119456113488e-01,1.600000000000000000e+01,65536,1.046806294040454333e+00,128,32,33,9.853488512909364117e-01,1.465114870906358835e-02,3.808026504744572160e-01,4.301194207510312845e+04,3.981294867116957903e-04,9.256254600560051298e-09,8.798536087851971388e-03,8.964495507825631648e-03,2.560128658844415539e-01,supercritical,1.096327919088532429e-02,1.336383800318092119e+00,4.551914400963141816e-15,65536,30,6.1.1-I-900
phase_regimes,3,4,2,1.250000000000000000e+00,4.152787295564890901e-01,5.190984119456113488e-01,1.600000000000000000e+01,65536,1.046806294040454333e+00,256,64,65,9.853479384698594634e-01,1.465206153014053658e-02,3.807970328201515375e-01,4.301193869967749924e+04,1.527514541521668434e-03,3.551373380742592536e-08,8.776863272942136973e-03,8.988037465314846486e-03,2.560097303551339687e-01,supercritical,1.096327919088532429e-02,1.336467062001120976e+00,1.310063169057684718e-14,65536,30,6.1.1-I-900
phase_regimes,3,4,2,1.250000000000000000e+00,4.152787295564890901e-01,5.190984119456113488e-01,1.600000000000000000e+01,65536,1.046806294040454333e+00,512,128,129,9.853485193625793892e-01,1.465148063742061080e-02,3.808006076910734339e-01,4.301193848997967871e+04,-1.967418938875198364e-04,4.574122924809678171e-09,8.810862098471261561e-03,8.953053998993709683e-03,2.560093528941007057e-01,supercritical,1.096327919088532429e-02,1.336414076693549058e+00,3.086420008457935182e-14,65536,30,6.1.1-I-900
phase_regimes,3,4,2,1.250000000000000000e+00,4.152787295564890901e-01,5.190984119456113488e-01,2.400000000000000000e+01,16777216,1.031204196026969555e+00,128,32,33,9.985456611261359638e-01,1.454338873864036152e-03,3.927258673119440324e-01,1.106943268230961077e+07,-1.709810458123683929e-01,1.544623385131726601e-08,1.221751831471920013e-01,1.176305804401636124e-01,2.521847429890387016e-01,supercritical,1.193066401200861167e-03,1.218992398411518074e+00,4.996003610813204432e-15,16777216,30,6.1.1-I-900
phase_regimes,3,4,2,1.250000000000000000e+00,4.152787295564890901e-01,5.190984119456113488e-01,2.400000000000000000e+01,16777216,1.031204196026969555e+00,256,64,65,9.985455705154129280e-01,1.454429484587071997e-03,3.927221222090714892e-01,1.106943252670008689e+07,-4.670163616538047791e-02,4.218972928624257590e-09,1.196553967893123627e-01,1.200803425163030624e-01,2.521814190403370293e-01,supercritical,1.193066401200861167e-03,1.219068346173473705e+00,5.040412531798210694e-14,16777216,30,6.1.1-I-900
phase_regimes,3,4,2,1.250000000000000000e+00,4.152787295564890901e-01,5.190984119456113488e-01,2.400000000000000000e+01,16777216,1.031204196026969555e+00,512,128,129,9.985455128511044887e-01,1.454487148895511339e-03,3.927197389617920753e-01,1.106943250877562352e+07,-3.727991133928298950e-02,3.367824981969782474e-09,1.194700822234153748e-01,1.202730610966682434e-01,2.521810136719968565e-01,supercritical,1.193066401200861167e-03,1.219116679031042594e+00,1.854072451124011423e-14,16777216,30,6.1.1-I-900
phase_regimes,3,4,2,1.250000000000000000e+00,4.152787295564890901e-01,5.190984119456113488e-01,3.200000000000000000e+01,4294967296,1.023403147020227166e+00,128,32,33,9.998551526503146603e-01,1.448473496853397435e-04,3.985368466286289268e-01,2.841141638559505939e+09,-2.474546432495117188e+00,8.709690495225514014e-10,1.979330539703369141e+00,1.922379016876220703e+00,2.502718207141409468e-01,supercritical,1.298310833333248167e-04,1.115660025060890570e+00,2.053912595556539600e-14,4294967296,30,6.1.1-I-900
phase_regimes,3,4,2,1.250000000000000000e+00,4.152787295564890901e-01,5.190984119456113488e-01,3.200000000000000000e+01,4294967296,1.023403147020227166e+00,256,64,65,9.998553144933852721e-01,1.446855066147278990e-04,3.985872489868181878e-01,2.841141521902956963e+09,2.257943153381347656e+00,7.947309685119130214e-10,1.883228778839111328e+00,2.017817497253417969e+00,2.502683986206779010e-01,supercritical,1.298310833333248167e-04,1.114413458626592801e+00,9.992007221626408864e-15,4294967296,30,6.1.1-I-900
phase_regimes,3,4,2,1.250000000000000000e+00,4.152787295564890901e-01,5.190984119456113488e-01,3.200000000000000000e+01,4294967296,1.023403147020227166e+00,512,128,129,9.998554359388864832e-01,1.445640611135168285e-04,3.986251074774131431e-01,2.841141511594150066e+09,5.348920822143554688e-01,1.882666104562423826e-10,1.916660308837890625e+00,1.978780269622802734e+00,2.502679785753529340e-01,supercritical,1.298310833333248167e-04,1.113478047027975260e+00,1.709743457922741072e-14,4294967296,30,6.1.1-I-900
phase_regimes,3,4,2,1.300000000000000044e+00,4.152787295564890901e-01,5.398623484234358338e-01,1.600000000000000000e+01,65536,1.048678545802072648e+00,128,32,33,9.838726986874598568e-01,1.612730131254014321e-02,3.721469466712455376e-01,4.298038785948319128e+04,1.936472472152672708e-03,4.505479286235453116e-08,9.235731522494461387e-03,9.485849172051530331e-03,2.564724488435689009e-01,supercritical,1.300282590337562862e-02,1.240292028239290412e+00,1.532107773982716026e-14,65536,30,6.1.1-I-900
phase_regimes,3,4,2,1.300000000000000044e+00,4.152787295564890901e-01,5.398623484234358338e-01,1.600000000000000000e+01,65536,1.048678545802072648e+00,256,64,65,9.838737034157380990e-01,1.612629658426190105e-02,3.721525643255517712e-01,4.298038432677195669e+04,-2.473634594934992492e-03,5.755264020275862786e-08,9.323459606093820184e-03,9.397163114044815302e-03,2.564693352368155876e-01,supercritical,1.300282590337562862e-02,1.240214758245390181e+00,8.659739592076221015e-15,65536,30,6.1.1-I-900
phase_regimes,3,4,2,1.300000000000000044e+00,4.152787295564890901e-01,5.398623484234358338e-01,1.600000000000000000e+01,65536,1.048678545802072648e+00,512,128,129,9.838730640504400604e-01,1.612693594955993959e-02,3.721489894546300969e-01,4.298038411881428328e+04,-6.034624675521627069e-04,1.404041587632071309e-08,9.286516018619295210e-03,9.435039064555894583e-03,2.564689609996755881e-01,supercritical,1.300282590337562862e-02,1.240263929502683604e+00,3.219646771412953967e-14,65536,30,6.1.1-I-900
phase_regimes,3,4,2,1.300000000000000044e+00,4.152787295564890901e-01,5.398623484234358338e-01,2.400000000000000000e+01,16777216,1.032452363868048284e+00,128,32,33,9.982485131866672967e-01,1.751486813332703285e-03,3.815501732626703224e-01,1.106474438798858039e+07,5.984958261251449585e-02,5.409034363006584669e-09,1.329775489866733551e-01,1.382492110133171082e-01,2.524908802310529277e-01,supercritical,1.541035144471869208e-03,1.136565132609586470e+00,4.218847493575594854e-15,16777216,30,6.1.1-I-900
phase_regimes,3,4,2,1.300000000000000044e+00,4.152787295564890901e-01,5.398623484234358338e-01,2.400000000000000000e+01,16777216,1.032452363868048284e+00,256,64,65,9.982486223040141216e-01,1.751377695985878447e-03,3.815539183655418665e-01,1.106474424337808788e+07,5.465839058160781860e-02,4.939869316393752361e-09,1.330110467970371246e-01,1.380735784769058228e-01,2.524875717388492813e-01,supercritical,1.541035144471869208e-03,1.136494324784588894e+00,9.658940314238861902e-15,16777216,30,6.1.1-I-900
phase_regimes,3,4,2,1.300000000000000044e+00,4.152787295564890901e-01,5.398623484234358338e-01,2.400000000000000000e+01,16777216,1.032452363868048284e+00,512,128,129,9.982486917387862757e-01,1.751308261213724293e-03,3.815563016128243334e-01,1.106474422244084999e+07,1.069717109203338623e-02,9.667797896618365099e-10,1.338786296546459198e-01,1.371834315359592438e-01,2.524871686734791454e-01,supercritical,1.541035144471869208e-03,1.136449267556398413e+00,1.376676550535194110e-14,16777216,30,6.1.1-I-900
phase_regimes,3,4,2,1.300000000000000044e+00,4.152787295564890901e-01,5.398623484234358338e-01,3.200000000000000000e+01,4294967296,1.024339272901036324e+00,128,32,33,9.998062087855008606e-01,1.937912144991393859e-04,3.854127878661276485e-01,2.840258729211875916e+09,5.404949188232421875e-01,1.902977757851026777e-10,2.451553344726562500e+00,2.533185958862304688e+00,2.505013319998877219e-01,supercritical,1.826319926632983149e-04,1.061102228985774110e+00,5.773159728050814010e-15,4294967296,30,6.1.1-I-900
phase_regimes,3,4,2,1.300000000000000044e+00,4.152787295564890901e-01,5.398623484234358338e-01,3.200000000000000000e+01,4294967296,1.024339272901036324e+00,256,64,65,9.998065515685495841e-01,1.934484314504159030e-04,3.854926046441283227e-01,2.840258618387619019e+09,-6.004571914672851562e-01,2.114093370159924210e-10,2.469670772552490234e+00,2.507069587707519531e+00,2.504979218256789264e-01,supercritical,1.826319926632983149e-04,1.059225323172478639e+00,3.663735981263016583e-14,4294967296,30,6.1.1-I-900
phase_regimes,3,4,2,1.300000000000000044e+00,4.152787295564890901e-01,5.398623484234358338e-01,3.200000000000000000e+01,4294967296,1.024339272901036324e+00,512,128,129,9.998066242021211858e-01,1.933757978788142040e-04,3.855095354758276138e-01,2.840258609993553162e+09,1.147747039794921875e+00,4.040994843767156465e-10,2.433365821838378906e+00,2.539772987365722656e+00,2.504975035679548045e-01,supercritical,1.826319926632983149e-04,1.058827618638116919e+00,1.987299214079030207e-14,4294967296,30,6.1.1-I-900
phase_regimes,3,4,2,1.399999999999999911e+00,4.152787295564890901e-01,5.813902213790846929e-01,1.600000000000000000e+01,65536,1.052423049325308835e+00,128,32,33,9.804167359623079392e-01,1.958326403769206081e-02,3.546396839878048213e-01,4.291615267301660060e+04,-9.489256626693531871e-03,2.211115404261266062e-07,1.083967359591042623e-02,1.068893649062374607e-02,2.573917508069699656e-01,supercritical,1.763411986963854192e-02,1.110532546135713172e+00,4.218847493575594854e-15,65536,30,6.1.1-I-900
phase_regimes,3,4,2,1.399999999999999911e+00,4.152787295564890901e-01,5.813902213790846929e-01,1.600000000000000000e+01,65536,1.052423049325308835e+00,256,64,65,9.804115669714510428e-01,1.958843302854895718e-02,3.546158872222909264e-01,4.291614887498631288e+04,3.642529918579384685e-03,8.487550756685985613e-08,1.058209442271618173e-02,1.095675833494169638e-02,2.573886806138913075e-01,supercritical,1.763411986963854192e-02,1.110825670538581500e+00,7.327471962526033167e-15,65536,30,6.1.1-I-900
phase_regimes,3,4,2,1.399999999999999911e+00,4.152787295564890901e-01,5.813902213790846929e-01,1.600000000000000000e+01,65536,1.052423049325308835e+00,512,128,129,9.804123435705744960e-01,1.958765642942550400e-02,3.546194620932128228e-01,4.291614866366793285e+04,1.471555151510983706e-03,3.428907759276117879e-08,1.062478303356328979e-02,1.091258959786500782e-02,2.573883127454791309e-01,supercritical,1.763411986963854192e-02,1.110781630964778444e+00,1.432187701766451937e-14,65536,30,6.1.1-I-900
phase_regimes,3,4,2,1.399999999999999911e+00,4.152787295564890901e-01,5.813902213790846929e-01,2.400000000000000000e+01,16777216,1.034948699550205964e+00,128,32,33,9.974469166395201203e-01,2.553083360479879715e-03,3.588976517021102430e-01,1.105530630920773745e+07,1.325015909969806671e-01,1.198533874060303707e-08,1.829039771109819412e-01,1.927444618195295334e-01,2.531032129115768359e-01,supercritical,2.433832243860256130e-03,1.048997262206733616e+00,6.661338147750939243e-15,16777216,30,6.1.1-I-900
phase_regimes,3,4,2,1.399999999999999911e+00,4.152787295564890901e-01,5.813902213790846929e-01,2.400000000000000000e+01,16777216,1.034948699550205964e+00,256,64,65,9.974470756962029450e-01,2.552924303797055039e-03,3.589013968049820646e-01,1.105530615295864083e+07,-1.809233799576759338e-02,1.636529802562336985e-09,1.858205422759056091e-01,1.896360963582992554e-01,2.530999351296059352e-01,supercritical,2.433832243860256130e-03,1.048931909845975730e+00,5.939693181744587491e-14,16777216,30,6.1.1-I-900
phase_regimes,3,4,2,1.399999999999999911e+00,4.152787295564890901e-01,5.813902213790846929e-01,2.400000000000000000e+01,16777216,1.034948699550205964e+00,512,128,129,9.974469744794605131e-01,2.553025520539486948e-03,3.588990135577018736e-01,1.105530612460523099e+07,-1.693610101938247681e-03,1.531943197998711236e-10,1.855047438293695450e-01,1.899765096604824066e-01,2.530995366323156026e-01,supercritical,2.433832243860256130e-03,1.048973497240787811e+00,9.392486788328824332e-14,16777216,30,6.1.1-I-900
phase_regimes,3,4,2,1.399999999999999911e+00,4.152787295564890901e-01,5.813902213790846929e-01,3.200000000000000000e+01,4294967296,1.026211524662654417e+00,128,32,33,9.996582641757860710e-01,3.417358242139290070e-04,3.598384651854062977e-01,2.838491190013592720e+09,2.290606498718261719e+00,8.069803093901068866e-10,4.290878772735595703e+00,4.497769832611083984e+00,2.509603866678778439e-01,supercritical,3.359047925188677394e-04,1.017359179817994841e+00,1.465494392505206633e-14,4294967296,30,6.1.1-I-900
phase_regimes,3,4,2,1.399999999999999911e+00,4.152787295564890901e-01,5.813902213790846929e-01,3.200000000000000000e+01,4294967296,1.026211524662654417e+00,256,64,65,9.996588261383616558e-01,3.411738616383441780e-04,3.599126643090932443e-01,2.838491095391126633e+09,-6.532669067382812500e-01,2.301458362152321903e-10,4.340698719024658203e+00,4.428571224212646484e+00,2.509570002151776946e-01,supercritical,3.359047925188677394e-04,1.015686198103828763e+00,1.199040866595169064e-14,4294967296,30,6.1.1-I-900
phase_regimes,3,4,2,1.399999999999999911e+00,4.152787295564890901e-01,5.813902213790846929e-01,3.200000000000000000e+01,4294967296,1.026211524662654417e+00,512,128,129,9.996588834322124306e-01,3.411165677875693802e-04,3.599202360072124574e-01,2.838491090323891640e+09,4.384517669677734375e-01,1.544664939983105769e-10,4.316717624664306641e+00,4.447717189788818359e+00,2.509565855113684019e-01,supercritical,3.359047925188677394e-04,1.015515632360050047e+00,1.465494392505206633e-14,4294967296,30,6.1.1-I-900
phase_regimes,3,4,2,1.500000000000000000e+00,4.152787295564890901e-01,6.229180943347336630e-01,1.600000000000000000e+01,65536,1.056167552848545244e+00,128,32,33,9.762962015795166870e-01,2.370379842048331298e-02,3.374211204460207947e-01,4.285020884384973760e+04,-3.372682840563356876e-03,7.870866750857004622e-08,1.275421281752642244e-02,1.292131424270337448e-02,2.583112354542672628e-01,supercritical,2.296291636284122223e-02,1.032264284115104402e+00,7.993605777301127091e-15,65536,30,6.1.1-I-900
phase_regimes,3,4,2,1.500000000000000000e+00,4.152787295564890901e-01,6.229180943347336630e-01,1.600000000000000000e+01,65536,1.056167552848545244e+00,256,64,65,9.762947247446805976e-01,2.370527525531940238e-02,3.374155027917150607e-01,4.285020488558703073e+04,9.233735909219831228e-05,2.154887224897648946e-09,1.268671950674615800e-02,1.299246356938965619e-02,2.583082081027377463e-01,supercritical,2.296291636284122223e-02,1.032328598020740618e+00,7.327471962526033167e-15,65536,30,6.1.1-I-900
phase_regimes,3,4,2,1.500000000000000000e+00,4.152787295564890901e-01,6.229180943347336630e-01,1.600000000000000000e+01,65536,1.056167552848545244e+00,512,128,129,9.762937848927870643e-01,2.370621510721293568e-02,3.374119279207929978e-01,4.285020466253812629e+04,2.563712769187986851e-03,5.982965050874815941e-08,1.263816026767017320e-02,1.304278301540762186e-02,2.583078464994214563e-01,supercritical,2.296291636284122223e-02,1.032369527137873666e+00,2.242650509742816212e-14,65536,30,6.1.1-I-900
phase_regimes,3,4,2,1.500000000000000000e+00,4.152787295564890901e-01,6.229180943347336630e-01,2.400000000000000000e+01,16777216,1.037445035232363422e+00,128,32,33,9.963444392705123054e-01,3.655560729487694616e-03,3.373204818884636969e-01,1.104575937257743813e+07,-9.491806849837303162e-02,8.593168228344690605e-09,2.711119484156370163e-01,2.743378449231386185e-01,2.537156235707206386e-01,supercritical,3.616634004474932659e-03,1.010763246976220664e+00,6.217248937900876626e-15,16777216,30,6.1.1-I-900
phase_regimes,3,4,2,1.500000000000000000e+00,4.152787295564890901e-01,6.229180943347336630e-01,2.400000000000000000e+01,16777216,1.037445035232363422e+00,256,64,65,9.963434743874390875e-01,3.656525612560912464e-03,3.373046173781204526e-01,1.104575915493629314e+07,3.064377233386039734e-02,2.774256789780343287e-09,2.686607595533132553e-01,2.769115809351205826e-01,2.537123762313619468e-01,supercritical,3.616634004474932659e-03,1.011030037332121934e+00,2.564615186884111608e-14,16777216,30,6.1.1-I-900
phase_regimes,3,4,2,1.500000000000000000e+00,4.152787295564890901e-01,6.229180943347336630e-01,2.400000000000000000e+01,16777216,1.037445035232363422e+00,512,128,129,9.963436193533269369e-01,3.656380646673063062e-03,3.373070006254016984e-01,1.104575911857942678e+07,-4.544202238321304321e-02,4.113979120437061663e-09,2.701617628335952759e-01,2.753688730299472809e-01,2.537119822536818003e-01,supercritical,3.616634004474932659e-03,1.010989954236162891e+00,1.543210004228967591e-14,16777216,30,6.1.1-I-900
phase_regimes,3,4,2,1.500000000000000000e+00,4.152787295564890901e-01,6.229180943347336630e-01,3.200000000000000000e+01,4294967296,1.028083776424272511e+00,128,32,33,9.994282092489742420e-01,5.717907510257580483e-04,3.366320342386588949e-01,2.836719491231632233e+09,4.581451416015625000e+00,1.615052679751029665e-09,7.524714469909667969e+00,7.911534786224365234e+00,2.514194842929426410e-01,supercritical,5.695999926052018689e-04,1.003846134917481647e+00,4.884981308350688778e-15,4294967296,30,6.1.1-I-900
phase_regimes,3,4,2,1.500000000000000000e+00,4.152787295564890901e-01,6.229180943347336630e-01,3.200000000000000000e+01,4294967296,1.028083776424272511e+00,256,64,65,9.994288481310185102e-01,5.711518689814898408e-04,3.366824365968373867e-01,2.836719416817722797e+09,3.260016441345214844e+00,1.149220618020217608e-09,7.535922527313232422e+00,7.869941234588623047e+00,2.514161214069827732e-01,supercritical,5.695999926052018689e-04,1.002724502100482917e+00,8.881784197001252323e-15,4294967296,30,6.1.1-I-900
phase_regimes,3,4,2,1.500000000000000000e+00,4.152787295564890901e-01,6.229180943347336630e-01,3.200000000000000000e+01,4294967296,1.028083776424272511e+00,512,128,129,9.994289440454293683e-01,5.710559545706317408e-04,3.366900082949539352e-01,2.836719413466967106e+09,-1.532435417175292969e+00,5.402139562694319807e-10,7.627389907836914062e+00,7.770628452301025391e+00,2.514157102276225464e-01,supercritical,5.695999926052018689e-04,1.002556113034290375e+00,7.216449660063517513e-14,4294967296,30,6.1.1-I-900
phase_regimes,3,4,2,1.600000000000000089e+00,4.152787295564890901e-01,6.644459672903826331e-01,1.600000000000000000e+01,65536,1.059912056371781652e+00,128,32,33,9.715958503842214711e-01,2.840414961577852893e-02,3.211096549130423861e-01,4.278236050131939555e+04,-1.355107997369486839e-02,3.167445604895260031e-07,1.568610557296779007e-02,1.553783939016284421e-02,2.592309043324863005e-01,supercritical,2.893113926204838801e-02,9.817846908309912912e-01,6.217248937900876626e-15,65536,30,6.1.1-I-900
phase_regimes,3,4,2,1.600000000000000089e+00,4.152787295564890901e-01,6.644459672903826331e-01,1.600000000000000000e+01,65536,1.059912056371781652e+00,256,64,65,9.715883531258799888e-01,2.841164687412001122e-02,3.210858581475287687e-01,4.278235647288409382e+04,6.828164259786717594e-03,1.596023413089571153e-07,1.528634117858018726e-02,1.595347792317625135e-02,2.592279192582084835e-01,supercritical,2.893113926204838801e-02,9.820438323142759440e-01,6.883382752675970551e-15,65536,30,6.1.1-I-900
phase_regimes,3,4,2,1.600000000000000089e+00,4.152787295564890901e-01,6.644459672903826331e-01,1.600000000000000000e+01,65536,1.059912056371781652e+00,512,128,129,9.715894795283862573e-01,2.841052047161374272e-02,3.210894330184505541e-01,4.278235623393639253e+04,3.639152055257000029e-03,8.506198292019978410e-08,1.534891955816419795e-02,1.588847385573899373e-02,2.592275638194923570e-01,supercritical,2.893113926204838801e-02,9.820048983996427783e-01,7.327471962526033167e-15,65536,30,6.1.1-I-900
phase_regimes,3,4,2,1.600000000000000089e+00,4.152787295564890901e-01,6.644459672903826331e-01,2.400000000000000000e+01,16777216,1.039941370914521102e+00,128,32,33,9.949272214954902882e-01,5.072778504509711794e-03,3.176253381665429254e-01,1.103607331608848646e+07,3.789174370467662811e-01,3.433444361903405196e-08,3.828358184546232224e-01,4.084972180426120758e-01,2.543281126680932425e-01,supercritical,5.114654933874077623e-03,9.918124624425744829e-01,2.386979502944086562e-14,16777216,30,6.1.1-I-900
phase_regimes,3,4,2,1.600000000000000089e+00,4.152787295564890901e-01,6.644459672903826331e-01,2.400000000000000000e+01,16777216,1.039941370914521102e+00,256,64,65,9.949275375287752743e-01,5.072462471224725711e-03,3.176290832694130817e-01,1.103607299765572883e+07,-1.021525822579860687e-01,9.256243799736121371e-09,3.923381920903921127e-01,3.987563103437423706e-01,2.543248955057571536e-01,supercritical,5.114654933874077623e-03,9.917506726856755161e-01,1.043609643147647148e-14,16777216,30,6.1.1-I-900
phase_regimes,3,4,2,1.600000000000000089e+00,4.152787295564890901e-01,6.644459672903826331e-01,2.400000000000000000e+01,16777216,1.039941370914521102e+00,512,128,129,9.949273364189629154e-01,5.072663581037084590e-03,3.176267000221316139e-01,1.103607295406059921e+07,-4.353653639554977417e-02,3.944930101203344279e-09,3.912001457065343857e-01,3.999635614454746246e-01,2.543245059982529588e-01,supercritical,5.114654933874077623e-03,9.917899929946619730e-01,6.372680161348398542e-14,16777216,30,6.1.1-I-900
phase_regimes,3,4,2,1.600000000000000089e+00,4.152787295564890901e-01,6.644459672903826331e-01,3.200000000000000000e+01,4294967296,1.029956028185890826e+00,128,32,33,9.990979015528549390e-01,9.020984471450610442e-04,3.160758591981803756e-01,2.834941153732265949e+09,-1.844787597656250000e+01,6.507322366206946586e-09,1.311966419219970703e+01,1.272725248336791992e+01,2.518786250692455764e-01,supercritical,9.041786040721105314e-04,9.976993959847300086e-01,1.176836406102665933e-14,4294967296,30,6.1.1-I-900
phase_regimes,3,4,2,1.600000000000000089e+00,4.152787295564890901e-01,6.644459672903826331e-01,3.200000000000000000e+01,4294967296,1.029956028185890826e+00,256,64,65,9.990981395983697944e-01,9.018604016302056436e-04,3.160877575809377671e-01,2.834941098810307503e+09,4.607200622558593750e+00,1.625148622838062029e-09,1.264839124679565430e+01,1.317789220809936523e+01,2.518752855970204929e-01,supercritical,9.041786040721105314e-04,9.974361233151675110e-01,1.088018564132653410e-14,4294967296,30,6.1.1-I-900
phase_regimes,3,4,2,1.600000000000000089e+00,4.152787295564890901e-01,6.644459672903826331e-01,3.200000000000000000e+01,4294967296,1.029956028185890826e+00,512,128,129,9.990981753533481058e-01,9.018246466518942128e-04,3.160895450164005194e-01,2.834941095530067921e+09,7.666349411010742188e-01,2.704235873929970935e-10,1.272287702560424805e+01,1.309886026382446289e+01,2.518748779139108329e-01,supercritical,9.041786040721105314e-04,9.973965791607820597e-01,1.181277298201166559e-13,4294967296,30,6.1.1-I-900
phase_regimes,3,4,2,1.750000000000000000e+00,4.152787295564890901e-01,7.267377767238558661e-01,1.600000000000000000e+01,65536,1.065528811656636154e+00,128,32,33,9.636541095361113030e-01,3.634589046388869704e-02,2.988789961385457383e-01,4.267675329077507922e+04,4.888812327408231795e-03,1.145544576481404375e-07,2.075206099834758788e-02,2.151720082474639639e-02,2.606107564655231745e-01,supercritical,3.893777466217719641e-02,9.334352252850709464e-01,1.110223024625156540e-14,65536,30,6.1.1-I-900
phase_regimes,3,4,2,1.750000000000000000e+00,4.152787295564890901e-01,7.267377767238558661e-01,1.600000000000000000e+01,65536,1.065528811656636154e+00,256,64,65,9.636563738792420786e-01,3.634362612075792143e-02,2.988846137928516944e-01,4.267674918232714845e+04,-2.227572622359730303e-03,5.219639885978451292e-08,2.089120898745022714e-02,2.137193326052511111e-02,2.606078337624571084e-01,supercritical,3.893777466217719641e-02,9.333770724206501557e-01,8.659739592076221015e-15,65536,30,6.1.1-I-900
phase_regimes,3,4,2,1.750000000000000000e+00,4.152787295564890901e-01,7.267377767238558661e-01,1.600000000000000000e+01,65536,1.065528811656636154e+00,512,128,129,9.636549329499358718e-01,3.634506705006412819e-02,2.988810389219296870e-01,4.267674891622146242e+04,1.828262611525133252e-03,4.283978180048783644e-08,2.081174038175959140e-02,2.145474814460612833e-02,2.606074873820279358e-01,supercritical,3.893777466217719641e-02,9.334140783697242316e-01,2.975397705995419528e-14,65536,30,6.1.1-I-900
phase_regimes,3,4,2,1.750000000000000000e+00,4.152787295564890901e-01,7.267377767238558661e-01,2.400000000000000000e+01,16777216,1.043685874437757510e+00,128,32,33,9.922176629351475707e-01,7.782337064852429265e-03,2.918992007367528507e-01,1.102122556927363388e+07,2.987077459692955017e-02,2.710295185338287086e-09,6.513918545097112656e-01,6.705401539802551270e-01,2.552469943913385220e-01,supercritical,7.986027287066179564e-03,9.744941740252205387e-01,4.662936703425657470e-15,16777216,30,6.1.1-I-900
phase_regimes,3,4,2,1.750000000000000000e+00,4.152787295564890901e-01,7.267377767238558661e-01,2.400000000000000000e+01,16777216,1.043685874437757510e+00,256,64,65,9.922171780665927088e-01,7.782821933407291226e-03,2.918954556338819173e-01,1.102122506469745003e+07,-2.429131418466567993e-01,2.204048464854802072e-08,6.568881236016750336e-01,6.651286594569683075e-01,2.552438220005023295e-01,supercritical,7.986027287066179564e-03,9.745548886380602793e-01,2.142730437526552123e-14,16777216,30,6.1.1-I-900
phase_regimes,3,4,2,1.750000000000000000e+00,4.152787295564890901e-01,7.267377767238558661e-01,2.400000000000000000e+01,16777216,1.043685874437757510e+00,512,128,129,9.922168694981473580e-01,7.783130501852641991e-03,2.918930723866002275e-01,1.102122501440066844e+07,-1.193583011627197266e-01,1.082985793382881945e-08,6.544784288853406906e-01,6.676622461527585983e-01,2.552434391085812715e-01,supercritical,7.986027287066179564e-03,9.745935271793848553e-01,5.928590951498335926e-14,16777216,30,6.1.1-I-900
phase_regimes,3,4,2,1.750000000000000000e+00,4.152787295564890901e-01,7.267377767238558661e-01,3.200000000000000000e+01,4294967296,1.032764405828318077e+00,128,32,33,9.983740094400247456e-01,1.625990559975254435e-03,2.895145438465470122e-01,2.832255233136970997e+09,1.016473770141601562e+01,3.588920088306334293e-09,2.497810411453247070e+01,2.607150411605834961e+01,2.525674175674316180e-01,supercritical,1.637858264258579060e-03,9.927541323066212398e-01,5.995204332975845318e-15,4294967296,30,6.1.1-I-900
phase_regimes,3,4,2,1.750000000000000000e+00,4.152787295564890901e-01,7.267377767238558661e-01,3.200000000000000000e+01,4294967296,1.032764405828318077e+00,256,64,65,9.983744385060110416e-01,1.625561493988958439e-03,2.895264422293031825e-01,2.832255195582478523e+09,-9.271860122680664062e+00,3.273666912904655490e-09,2.533987283706665039e+01,2.565537500381469727e+01,2.525641129285048914e-01,supercritical,1.637858264258579060e-03,9.924921645920399271e-01,9.547918011776346248e-15,4294967296,30,6.1.1-I-900
phase_regimes,3,4,2,1.750000000000000000e+00,4.152787295564890901e-01,7.267377767238558661e-01,3.200000000000000000e+01,4294967296,1.032764405828318077e+00,512,128,129,9.983741654771216556e-01,1.625834522878344401e-03,2.895188705311845245e-01,2.832255190584057808e+09,7.969260215759277344e+00,2.813750767322588871e-09,2.500285863876342773e+01,2.600842952728271484e+01,2.525637104362131735e-01,supercritical,1.637858264258579060e-03,9.926588633200946754e-01,5.373479439185757656e-14,4294967296,30,6.1.1-I-900
phase_regimes,3,4,2,2.000000000000000000e+00,4.152787295564890901e-01,8.305574591129781803e-01,1.600000000000000000e+01,65536,1.074890070464727065e+00,128,32,33,9.488874336688359890e-01,5.111256633116401105e-02,2.681361349855717613e-01,4.249021301181695890e+04,2.279988621012307703e-03,5.365914782254021019e-08,3.333844849839806557e-02,3.440013598446967080e-02,2.629114530702571506e-01,supercritical,5.785969666311364251e-02,8.833880797676041396e-01,3.219646771412953967e-15,65536,30,6.1.1-I-900
phase_regimes,3,4,2,2.000000000000000000e+00,4.152787295564890901e-01,8.305574591129781803e-01,1.600000000000000000e+01,65536,1.074890070464727065e+00,256,64,65,9.488906179734984958e-01,5.110938202650150419e-02,2.681417526398776618e-01,4.249020857701006753e+04,-9.822679203352890909e-03,2.311751232180957373e-07,3.357495749514782801e-02,3.415283909998834133e-02,2.629086315872787294e-01,supercritical,5.785969666311364251e-02,8.833330448323011286e-01,5.773159728050814010e-15,65536,30,6.1.1-I-900
phase_regimes,3,4,2,2.000000000000000000e+00,4.152787295564890901e-01,8.305574591129781803e-01,1.600000000000000000e+01,65536,1.074890070464727065e+00,512,128,129,9.488885916207582261e-01,5.111140837924177394e-02,2.681381777689557655e-01,4.249020825820609753e+04,-3.310777174192480743e-03,7.791859136282470653e-08,3.344752588600385934e-02,3.428595480363583192e-02,2.629082998165351293e-01,supercritical,5.785969666311364251e-02,8.833680666671382964e-01,1.010302952408892452e-14,65536,30,6.1.1-I-900
phase_regimes,3,4,2,2.000000000000000000e+00,4.152787295564890901e-01,8.305574591129781803e-01,2.400000000000000000e+01,16777216,1.049926713643151377e+00,128,32,33,9.862177739064277304e-01,1.378222609357226958e-02,2.575436358342290122e-01,1.099545450794608332e+07,-9.484160691499710083e-01,8.625528562412580005e-08,1.358651390299201012e+00,1.358383698388934135e+00,2.567788626286872655e-01,supercritical,1.446599940421850437e-02,9.527323836024190751e-01,3.663735981263016583e-15,16777216,30,6.1.1-I-900
phase_regimes,3,4,2,2.000000000000000000e+00,4.152787295564890901e-01,8.305574591129781803e-01,2.400000000000000000e+01,16777216,1.049926713643151377e+00,256,64,65,9.862141360960745562e-01,1.378586390392544381e-02,2.575277713238864341e-01,1.099545371048389375e+07,3.642980009317398071e-01,3.313169338200120502e-08,1.333185989409685135e+00,1.385448481887578964e+00,2.567757635569845043e-01,supercritical,1.446599940421850437e-02,9.529838567465499510e-01,8.104628079763642745e-15,16777216,30,6.1.1-I-900
phase_regimes,3,4,2,2.000000000000000000e+00,4.152787295564890901e-01,8.305574591129781803e-01,2.400000000000000000e+01,16777216,1.049926713643151377e+00,512,128,129,9.862146826476955175e-01,1.378531735230448252e-02,2.575301545711677353e-01,1.099545366053143889e+07,1.006000675261020660e-01,9.149242098778470112e-09,1.338343176990747452e+00,1.380054781213402748e+00,2.567753914542750815e-01,supercritical,1.446599940421850437e-02,9.529460749379317086e-01,5.151434834260726348e-14,16777216,30,6.1.1-I-900
phase_regimes,3,4,2,2.000000000000000000e+00,4.152787295564890901e-01,8.305574591129781803e-01,3.200000000000000000e+01,4294967296,1.037445035232363422e+00,128,32,33,9.964396137623745542e-01,3.560386237625445816e-03,2.541797040192526058e-01,2.827705443204591274e+09,8.608651161193847656e+01,3.044394592754260519e-08,6.188552427291870117e+01,6.707717418670654297e+01,2.537156235707206386e-01,supercritical,3.616634004474932659e-03,9.844474816141499662e-01,6.439293542825907934e-15,4294967296,30,6.1.1-I-900
phase_regimes,3,4,2,2.000000000000000000e+00,4.152787295564890901e-01,8.305574591129781803e-01,3.200000000000000000e+01,4294967296,1.037445035232363422e+00,256,64,65,9.964398355738646185e-01,3.560164426135381532e-03,2.541825128464060279e-01,2.827705389231546402e+09,8.518934249877929688e+00,3.012666836622971131e-09,6.340839481353759766e+01,6.549721574783325195e+01,2.537123762313619468e-01,supercritical,3.616634004474932659e-03,9.843861506943527573e-01,7.549516567451064475e-15,4294967296,30,6.1.1-I-900
phase_regimes,3,4,2,2.000000000000000000e+00,4.152787295564890901e-01,8.305574591129781803e-01,3.200000000000000000e+01,4294967296,1.037445035232363422e+00,512,128,129,9.964399767194360713e-01,3.560023280563928694e-03,2.541843002818676700e-01,2.827705380097337723e+09,-9.922981262207031250e+00,3.509199130874608142e-09,6.377201509475708008e+01,6.512314748764038086e+01,2.537119822536818003e-01,supercritical,3.616634004474932659e-03,9.843471239166146081e-01,2.975397705995419528e-14,4294967296,30,6.1.1-I-900
