alpha,dimension,gamma,scaled_difference
2,2,0.0,-2.0
2,2,0.001,-1.9980019980019983
2,2,0.002,-1.996007984031936
2,2,0.003,-1.9940179461615157
2,2,0.004,-1.9920318725099602
2,2,0.005,-1.9900497512437814
2,2,0.006,-1.9880715705765408
2,2,0.007,-1.98609731876862
2,2,0.008,-1.9841269841269842
2,2,0.009000000000000001,-1.9821605550049557
2,2,0.01,-1.9801980198019802
2,2,0.011,-1.9782393669634029
2,2,0.012,-1.976284584980237
2,2,0.013000000000000001,-1.974333662388944
2,2,0.014,-1.9723865877712032
2,2,0.015,-1.9704433497536948
2,2,0.016,-1.968503937007874
2,2,0.017,-1.9665683382497543
2,2,0.018000000000000002,-1.9646365422396856
2,2,0.019,-1.9627085377821396
2,2,0.02,-1.9607843137254901
2,2,0.021,-1.9588638589618024
2,2,0.022,-1.9569471624266144
2,2,0.023,-1.9550342130987295
2,2,0.024,-1.953125
2,2,0.025,-1.9512195121951221
2,2,0.026000000000000002,-1.949317738791423
2,2,0.027,-1.9474196689386565
2,2,0.028,-1.9455252918287937
2,2,0.029,-1.9436345966958213
2,2,0.03,-1.941747572815534
2,2,0.031,-1.939864209505335
2,2,0.032,-1.937984496124031
2,2,0.033,-1.9361084220716362
2,2,0.034,-1.9342359767891681
2,2,0.035,-1.9323671497584543
2,2,0.036000000000000004,-1.9305019305019304
2,2,0.037,-1.9286403085824495
2,2,0.038,-1.9267822736030829
2,2,0.039,-1.9249278152069298
2,2,0.04,-1.923076923076923
2,2,0.041,-1.921229586935639
2,2,0.042,-1.9193857965451055
2,2,0.043000000000000003,-1.9175455417066156
2,2,0.044,-1.9157088122605364
2,2,0.045,-1.9138755980861246
2,2,0.046,-1.9120458891013383
2,2,0.047,-1.9102196752626552
2,2,0.048,-1.9083969465648853
2,2,0.049,-1.9065776930409915
2,2,0.05,-1.9047619047619047
2,2,0.051000000000000004,-1.9029495718363465
2,2,0.052000000000000005,-1.9011406844106462
2,2,0.053,-1.8993352326685662
2,2,0.054,-1.8975332068311195
2,2,0.055,-1.8957345971563981
2,2,0.056,-1.8939393939393938
2,2,0.057,-1.892147587511826
2,2,0.058,-1.8903591682419658
2,2,0.059000000000000004,-1.8885741265344667
2,2,0.06,-1.8867924528301885
2,2,0.061,-1.885014137606032
2,2,0.062,-1.8832391713747645
2,2,0.063,-1.8814675446848543
2,2,0.064,-1.8796992481203008
2,2,0.065,-1.8779342723004695
2,2,0.066,-1.8761726078799248
2,2,0.067,-1.8744142455482662
2,2,0.068,-1.8726591760299625
2,2,0.069,-1.8709073900841908
2,2,0.07,-1.8691588785046729
2,2,0.07100000000000001,-1.8674136321195145
2,2,0.07200000000000001,-1.8656716417910446
2,2,0.073,-1.8639328984156571
2,2,0.074,-1.8621973929236497
2,2,0.075,-1.8604651162790697
2,2,0.076,-1.858736059479554
2,2,0.077,-1.8570102135561746
2,2,0.078,-1.8552875695732838
2,2,0.079,-1.8535681186283597
2,2,0.08,-1.8518518518518516
2,2,0.081,-1.8501387604070305
2,2,0.082,-1.8484288354898335
2,2,0.083,-1.8467220683287167
2,2,0.084,-1.8450184501845017
2,2,0.085,-1.8433179723502304
2,2,0.08600000000000001,-1.8416206261510129
2,2,0.08700000000000001,-1.8399264029438822
2,2,0.088,-1.838235294117647
2,2,0.089,-1.8365472910927456
2,2,0.09,-1.8348623853211008
2,2,0.091,-1.8331805682859763
2,2,0.092,-1.8315018315018314
2,2,0.093,-1.8298261665141813
2,2,0.094,-1.8281535648994514
2,2,0.095,-1.8264840182648403
2,2,0.096,-1.824817518248175
2,2,0.097,-1.8231540565177757
2,2,0.098,-1.8214936247723132
2,2,0.099,-1.8198362147406735
2,2,0.1,-1.8181818181818181
2,2,0.101,-1.8165304268846503
2,2,0.10200000000000001,-1.8148820326678765
2,2,0.10300000000000001,-1.813236627379873
2,2,0.10400000000000001,-1.8115942028985506
2,2,0.105,-1.8099547511312217
2,2,0.106,-1.8083182640144664
2,2,0.107,-1.806684733514002
2,2,0.108,-1.8050541516245486
2,2,0.109,-1.8034265103697025
2,2,0.11,-1.8018018018018016
2,2,0.111,-1.8001800180018002
2,2,0.112,-1.7985611510791366
2,2,0.113,-1.7969451931716083
2,2,0.114,-1.7953321364452421
2,2,0.115,-1.7937219730941705
2,2,0.116,-1.7921146953405016
2,2,0.117,-1.7905102954341987
2,2,0.11800000000000001,-1.7889087656529514
2,2,0.11900000000000001,-1.7873100983020553
2,2,0.12,-1.7857142857142856
2,2,0.121,-1.784121320249777
2,2,0.122,-1.7825311942959003
2,2,0.123,-1.7809439002671417
2,2,0.124,-1.779359430604982
2,2,0.125,-1.7777777777777777
2,2,0.126,-1.7761989342806397
2,2,0.127,-1.774622892635315
2,2,0.128,-1.7730496453900708
2,2,0.129,-1.7714791851195748
2,2,0.13,-1.7699115044247788
2,2,0.131,-1.7683465959328029
2,2,0.132,-1.7667844522968197
2,2,0.133,-1.7652250661959399
2,2,0.134,-1.7636684303350971
2,2,0.135,-1.7621145374449338
2,2,0.136,-1.76056338028169
2,2,0.137,-1.7590149516270888
2,2,0.138,-1.7574692442882252
2,2,0.139,-1.7559262510974538
2,2,0.14,-1.7543859649122806
2,2,0.14100000000000001,-1.7528483786152498
2,2,0.14200000000000002,-1.7513134851138354
2,2,0.14300000000000002,-1.7497812773403325
2,2,0.14400000000000002,-1.7482517482517481
2,2,0.145,-1.7467248908296944
2,2,0.146,-1.7452006980802794
2,2,0.147,-1.7436791630340016
2,2,0.148,-1.7421602787456447
2,2,0.149,-1.7406440382941688
2,2,0.15,-1.7391304347826089
2,2,0.151,-1.737619461337967
2,2,0.152,-1.7361111111111112
2,2,0.153,-1.7346053772766694
2,2,0.154,-1.733102253032929
2,2,0.155,-1.7316017316017316
2,2,0.156,-1.7301038062283738
2,2,0.157,-1.7286084701815039
2,2,0.158,-1.7271157167530227
2,2,0.159,-1.725625539257981
2,2,0.16,-1.7241379310344829
2,2,0.161,-1.722652885443583
2,2,0.162,-1.721170395869191
2,2,0.163,-1.7196904557179706
2,2,0.164,-1.718213058419244
2,2,0.165,-1.7167381974248928
2,2,0.166,-1.7152658662092626
2,2,0.167,-1.713796058269066
2,2,0.168,-1.7123287671232879
2,2,0.169,-1.7108639863130881
2,2,0.17,-1.7094017094017095
2,2,0.171,-1.7079419299743808
2,2,0.17200000000000001,-1.7064846416382253
2,2,0.17300000000000001,-1.7050298380221653
2,2,0.17400000000000002,-1.7035775127768313
2,2,0.17500000000000002,-1.702127659574468
2,2,0.176,-1.7006802721088436
2,2,0.177,-1.699235344095157
2,2,0.178,-1.697792869269949
2,2,0.179,-1.6963528413910092
2,2,0.18,-1.6949152542372883
2,2,0.181,-1.6934801016088061
2,2,0.182,-1.6920473773265652
2,2,0.183,-1.6906170752324599
2,2,0.184,-1.6891891891891893
2,2,0.185,-1.6877637130801686
2,2,0.186,-1.6863406408094437
2,2,0.187,-1.6849199663016006
2,2,0.188,-1.6835016835016836
2,2,0.189,-1.682085786375105
2,2,0.19,-1.680672268907563
2,2,0.191,-1.6792611251049538
2,2,0.192,-1.6778523489932886
2,2,0.193,-1.6764459346186085
2,2,0.194,-1.6750418760469012
2,2,0.195,-1.6736401673640167
2,2,0.196,-1.6722408026755853
2,2,0.197,-1.670843776106934
2,2,0.198,-1.669449081803005
2,2,0.199,-1.6680567139282734
2,2,0.2,-1.6666666666666667
2,2,0.201,-1.665278934221482
2,2,0.202,-1.663893510815308
2,2,0.203,-1.6625103906899417
2,2,0.20400000000000001,-1.6611295681063123
2,2,0.20500000000000002,-1.6597510373443982
2,2,0.20600000000000002,-1.658374792703151
2,2,0.20700000000000002,-1.657000828500414
2,2,0.20800000000000002,-1.6556291390728477
2,2,0.209,-1.6542597187758477
2,2,0.21,-1.6528925619834711
2,2,0.211,-1.6515276630883566
2,2,0.212,-1.6501650165016502
2,2,0.213,-1.6488046166529264
2,2,0.214,-1.6474464579901154
2,2,0.215,-1.6460905349794237
2,2,0.216,-1.6447368421052633
2,2,0.217,-1.6433853738701725
2,2,0.218,-1.6420361247947455
2,2,0.219,-1.6406890894175552
2,2,0.22,-1.639344262295082
2,2,0.221,-1.6380016380016378
2,2,0.222,-1.6366612111292962
2,2,0.223,-1.6353229762878168
2,2,0.224,-1.6339869281045751
2,2,0.225,-1.6326530612244896
2,2,0.226,-1.6313213703099512
2,2,0.227,-1.6299918500407498
2,2,0.228,-1.6286644951140066
2,2,0.229,-1.6273393002441008
2,2,0.23,-1.6260162601626016
2,2,0.231,-1.6246953696181965
2,2,0.232,-1.6233766233766234
2,2,0.233,-1.6220600162206
2,2,0.234,-1.6207455429497568
2,2,0.23500000000000001,-1.6194331983805668
2,2,0.23600000000000002,-1.6181229773462784
2,2,0.23700000000000002,-1.6168148746968471
2,2,0.23800000000000002,-1.6155088852988693
2,2,0.23900000000000002,-1.6142050040355125
2,2,0.24,-1.6129032258064517
2,2,0.241,-1.6116035455278
2,2,0.242,-1.6103059581320451
2,2,0.243,-1.6090104585679808
2,2,0.244,-1.607717041800643
2,2,0.245,-1.6064257028112447
2,2,0.246,-1.6051364365971108
2,2,0.247,-1.603849238171612
2,2,0.248,-1.6025641025641026
2,2,0.249,-1.6012810248198557
2,2,0.25,-1.6
2,2,0.251,-1.598721023181455
2,2,0.252,-1.597444089456869
2,2,0.253,-1.596169193934557
2,2,0.254,-1.594896331738437
2,2,0.255,-1.5936254980079683
2,2,0.256,-1.5923566878980893
2,2,0.257,-1.5910898965791567
2,2,0.258,-1.589825119236884
2,2,0.259,-1.5885623510722797
2,2,0.26,-1.5873015873015872
2,2,0.261,-1.5860428231562251
2,2,0.262,-1.5847860538827259
2,2,0.263,-1.5835312747426762
2,2,0.264,-1.5822784810126582
2,2,0.265,-1.5810276679841895
2,2,0.266,-1.5797788309636651
2,2,0.267,-1.5785319652722969
2,2,0.268,-1.5772870662460567
2,2,0.269,-1.5760441292356184
2,2,0.27,-1.574803149606299
2,2,0.271,-1.5735641227380017
2,2,0.272,-1.572327044025157
2,2,0.273,-1.571091908876669
2,2,0.274,-1.5698587127158556
2,2,0.275,-1.5686274509803924
2,2,0.276,-1.567398119122257
2,2,0.277,-1.566170712607674
2,2,0.278,-1.5649452269170578
2,2,0.279,-1.563721657544957
2,2,0.28,-1.5625
2,2,0.281,-1.5612802498048397
2,2,0.28200000000000003,-1.5600624024960998
2,2,0.28300000000000003,-1.558846453624318
2,2,0.28400000000000003,-1.557632398753894
2,2,0.28500000000000003,-1.5564202334630348
2,2,0.28600000000000003,-1.5552099533437014
2,2,0.28700000000000003,-1.5540015540015542
2,2,0.28800000000000003,-1.5527950310559007
2,2,0.289,-1.5515903801396431
2,2,0.29,-1.5503875968992247
2,2,0.291,-1.549186676994578
2,2,0.292,-1.547987616099071
2,2,0.293,-1.5467904098994587
2,2,0.294,-1.5455950540958268
2,2,0.295,-1.5444015444015444
2,2,0.296,-1.5432098765432098
2,2,0.297,-1.5420200462606015
2,2,0.298,-1.5408320493066254
2,2,0.299,-1.539645881447267
2,2,0.3,-1.5384615384615383
2,2,0.301,-1.5372790161414298
2,2,0.302,-1.5360983102918586
2,2,0.303,-1.5349194167306217
2,2,0.304,-1.5337423312883436
2,2,0.305,-1.5325670498084292
2,2,0.306,-1.5313935681470137
2,2,0.307,-1.5302218821729152
2,2,0.308,-1.529051987767584
2,2,0.309,-1.5278838808250574
2,2,0.31,-1.5267175572519083
2,2,0.311,-1.5255530129672006
2,2,0.312,-1.524390243902439
2,2,0.313,-1.5232292460015233
2,2,0.314,-1.5220700152207
2,2,0.315,-1.5209125475285172
2,2,0.316,-1.519756838905775
2,2,0.317,-1.5186028853454823
2,2,0.318,-1.5174506828528072
2,2,0.319,-1.5163002274450341
2,2,0.32,-1.5151515151515151
2,2,0.321,-1.514004542013626
2,2,0.322,-1.51285930408472
2,2,0.323,-1.5117157974300832
2,2,0.324,-1.510574018126888
2,2,0.325,-1.509433962264151
2,2,0.326,-1.5082956259426847
2,2,0.327,-1.5071590052750565
2,2,0.328,-1.506024096385542
2,2,0.329,-1.5048908954100828
2,2,0.33,-1.5037593984962405
2,2,0.331,-1.5026296018031555
2,2,0.332,-1.5015015015015014
2,2,0.333,-1.5003750937734435
2,2,0.334,-1.4992503748125936
2,2,0.335,-1.4981273408239701
2,2,0.336,-1.497005988023952
2,2,0.337,-1.4958863126402393
2,2,0.338,-1.4947683109118086
2,2,0.339,-1.4936519790888723
2,2,0.34,-1.4925373134328357
2,2,0.341,-1.4914243102162565
2,2,0.342,-1.4903129657228018
2,2,0.343,-1.4892032762472078
2,2,0.34400000000000003,-1.488095238095238
2,2,0.34500000000000003,-1.4869888475836432
2,2,0.34600000000000003,-1.4858841010401187
2,2,0.34700000000000003,-1.4847809948032666
2,2,0.34800000000000003,-1.4836795252225519
2,2,0.34900000000000003,-1.4825796886582654
2,2,0.35000000000000003,-1.4814814814814814
2,2,0.35100000000000003,-1.4803849000740192
2,2,0.352,-1.4792899408284026
2,2,0.353,-1.4781966001478197
2,2,0.354,-1.4771048744460855
2,2,0.355,-1.4760147601476015
2,2,0.356,-1.4749262536873158
2,2,0.357,-1.4738393515106853
2,2,0.358,-1.4727540500736376
2,2,0.359,-1.4716703458425313
2,2,0.36,-1.4705882352941178
2,2,0.361,-1.4695077149155034
2,2,0.362,-1.4684287812041115
2,2,0.363,-1.467351430667645
2,2,0.364,-1.466275659824047
2,2,0.365,-1.465201465201465
2,2,0.366,-1.4641288433382136
2,2,0.367,-1.463057790782736
2,2,0.368,-1.4619883040935673
2,2,0.369,-1.4609203798392987
2,2,0.37,-1.4598540145985401
2,2,0.371,-1.4587892049598834
2,2,0.372,-1.457725947521866
2,2,0.373,-1.4566642388929352
2,2,0.374,-1.455604075691412
2,2,0.375,-1.4545454545454546
2,2,0.376,-1.4534883720930234
2,2,0.377,-1.4524328249818446
2,2,0.378,-1.4513788098693758
2,2,0.379,-1.4503263234227701
2,2,0.38,-1.4492753623188408
2,2,0.381,-1.448225923244026
2,2,0.382,-1.447178002894356
2,2,0.383,-1.4461315979754157
2,2,0.384,-1.4450867052023122
2,2,0.385,-1.444043321299639
2,2,0.386,-1.4430014430014428
2,2,0.387,-1.4419610670511895
2,2,0.388,-1.4409221902017293
2,2,0.389,-1.4398848092152627
2,2,0.39,-1.4388489208633093
2,2,0.391,-1.4378145219266714
2,2,0.392,-1.4367816091954024
2,2,0.393,-1.4357501794687724
2,2,0.394,-1.4347202295552366
2,2,0.395,-1.4336917562724014
2,2,0.396,-1.4326647564469914
2,2,0.397,-1.4316392269148175
2,2,0.398,-1.4306151645207439
2,2,0.399,-1.4295925661186561
2,2,0.4,-1.4285714285714286
2,2,0.401,-1.4275517487508922
2,2,0.402,-1.426533523537803
2,2,0.403,-1.4255167498218104
2,2,0.404,-1.4245014245014247
2,2,0.405,-1.4234875444839858
2,2,0.406,-1.422475106685633
2,2,0.40700000000000003,-1.4214641080312722
2,2,0.40800000000000003,-1.4204545454545456
2,2,0.40900000000000003,-1.4194464158977997
2,2,0.41000000000000003,-1.4184397163120566
2,2,0.41100000000000003,-1.4174344436569808
2,2,0.41200000000000003,-1.41643059490085
2,2,0.41300000000000003,-1.4154281670205238
2,2,0.41400000000000003,-1.4144271570014142
2,2,0.41500000000000004,-1.4134275618374559
2,2,0.41600000000000004,-1.4124293785310735
2,2,0.417,-1.4114326040931544
2,2,0.418,-1.4104372355430184
2,2,0.419,-1.409443269908386
2,2,0.42,-1.4084507042253522
2,2,0.421,-1.4074595355383532
2,2,0.422,-1.4064697609001406
2,2,0.423,-1.4054813773717498
2,2,0.424,-1.404494382022472
2,2,0.425,-1.4035087719298245
2,2,0.426,-1.402524544179523
2,2,0.427,-1.4015416958654519
2,2,0.428,-1.400560224089636
2,2,0.429,-1.3995801259622114
2,2,0.43,-1.3986013986013988
2,2,0.431,-1.397624039133473
2,2,0.432,-1.3966480446927374
2,2,0.433,-1.3956734124214933
2,2,0.434,-1.394700139470014
2,2,0.435,-1.3937282229965156
2,2,0.436,-1.392757660167131
2,2,0.437,-1.3917884481558802
2,2,0.438,-1.3908205841446455
2,2,0.439,-1.389854065323141
2,2,0.44,-1.3888888888888888
2,2,0.441,-1.3879250520471893
2,2,0.442,-1.3869625520110958
2,2,0.443,-1.386001386001386
2,2,0.444,-1.3850415512465375
2,2,0.445,-1.3840830449826989
2,2,0.446,-1.3831258644536653
2,2,0.447,-1.38217000691085
2,2,0.448,-1.3812154696132597
2,2,0.449,-1.3802622498274673
2,2,0.45,-1.3793103448275863
2,2,0.451,-1.3783597518952446
2,2,0.452,-1.3774104683195594
2,2,0.453,-1.3764624913971093
2,2,0.454,-1.375515818431912
2,2,0.455,-1.3745704467353952
2,2,0.456,-1.3736263736263736
2,2,0.457,-1.3726835964310227
2,2,0.458,-1.3717421124828533
2,2,0.459,-1.3708019191226868
2,2,0.46,-1.36986301369863
2,2,0.461,-1.3689253935660506
2,2,0.462,-1.3679890560875514
2,2,0.463,-1.367053998632946
2,2,0.464,-1.366120218579235
2,2,0.465,-1.36518771331058
2,2,0.466,-1.364256480218281
2,2,0.467,-1.3633265167007498
2,2,0.468,-1.3623978201634879
2,2,0.46900000000000003,-1.3614703880190606
2,2,0.47000000000000003,-1.3605442176870748
2,2,0.47100000000000003,-1.3596193065941535
2,2,0.47200000000000003,-1.358695652173913
2,2,0.47300000000000003,-1.357773251866938
2,2,0.47400000000000003,-1.3568521031207599
2,2,0.47500000000000003,-1.3559322033898304
2,2,0.47600000000000003,-1.3550135501355014
2,2,0.47700000000000004,-1.3540961408259986
2,2,0.47800000000000004,-1.3531799729364005
2,2,0.47900000000000004,-1.352265043948614
2,2,0.48,-1.3513513513513513
2,2,0.481,-1.350438892640108
2,2,0.482,-1.349527665317139
2,2,0.483,-1.3486176668914363
2,2,0.484,-1.3477088948787062
2,2,0.485,-1.3468013468013469
2,2,0.486,-1.3458950201884252
2,2,0.487,-1.3449899125756557
2,2,0.488,-1.3440860215053763
2,2,0.489,-1.343183344526528
2,2,0.49,-1.342281879194631
2,2,0.491,-1.341381623071764
2,2,0.492,-1.3404825737265416
2,2,0.493,-1.3395847287340925
2,2,0.494,-1.3386880856760375
2,2,0.495,-1.3377926421404682
2,2,0.496,-1.3368983957219251
2,2,0.497,-1.3360053440213762
2,2,0.498,-1.335113484646195
2,2,0.499,-1.33422281521014
2,2,0.5,-1.3333333333333333
2,2,0.501,-1.3324450366422387
2,2,0.502,-1.3315579227696406
2,2,0.503,-1.330671989354624
2,2,0.504,-1.3297872340425532
2,2,0.505,-1.3289036544850499
2,2,0.506,-1.3280212483399734
2,2,0.507,-1.3271400132714
2,2,0.508,-1.3262599469496021
2,2,0.509,-1.3253810470510272
2,2,0.51,-1.3245033112582782
2,2,0.511,-1.3236267372600925
2,2,0.512,-1.3227513227513228
2,2,0.513,-1.3218770654329148
2,2,0.514,-1.321003963011889
2,2,0.515,-1.3201320132013201
2,2,0.516,-1.3192612137203166
2,2,0.517,-1.3183915622940015
2,2,0.518,-1.3175230566534915
2,2,0.519,-1.3166556945358787
2,2,0.52,-1.3157894736842106
2,2,0.521,-1.314924391847469
2,2,0.522,-1.314060446780552
2,2,0.523,-1.3131976362442546
2,2,0.524,-1.3123359580052494
2,2,0.525,-1.3114754098360657
2,2,0.526,-1.310615989515072
2,2,0.527,-1.309757694826457
2,2,0.528,-1.3089005235602094
2,2,0.529,-1.3080444735120995
2,2,0.53,-1.3071895424836601
2,2,0.531,-1.3063357282821684
2,2,0.532,-1.3054830287206267
2,2,0.533,-1.3046314416177431
2,2,0.534,-1.303780964797914
2,2,0.535,-1.3029315960912051
2,2,0.536,-1.3020833333333333
2,2,0.537,-1.3012361743656475
2,2,0.538,-1.3003901170351104
2,2,0.539,-1.299545159194282
2,2,0.54,-1.2987012987012987
2,2,0.541,-1.2978585334198574
2,2,0.542,-1.297016861219196
2,2,0.543,-1.2961762799740764
2,2,0.544,-1.2953367875647668
2,2,0.545,-1.2944983818770228
2,2,0.546,-1.2936610608020698
2,2,0.547,-1.2928248222365868
2,2,0.548,-1.2919896640826873
2,2,0.549,-1.2911555842479019
2,2,0.55,-1.2903225806451613
2,2,0.551,-1.2894906511927786
2,2,0.552,-1.2886597938144329
2,2,0.553,-1.2878300064391501
2,2,0.554,-1.287001287001287
2,2,0.555,-1.2861736334405143
2,2,0.556,-1.2853470437017995
2,2,0.557,-1.2845215157353886
2,2,0.558,-1.2836970474967908
2,2,0.559,-1.2828736369467606
2,2,0.56,-1.282051282051282
2,2,0.561,-1.2812299807815504
2,2,0.562,-1.2804097311139564
2,2,0.5630000000000001,-1.2795905310300701
2,2,0.5640000000000001,-1.278772378516624
2,2,0.5650000000000001,-1.2779552715654952
2,2,0.5660000000000001,-1.277139208173691
2,2,0.5670000000000001,-1.276324186343331
2,2,0.5680000000000001,-1.2755102040816326
2,2,0.5690000000000001,-1.2746972594008923
2,2,0.5700000000000001,-1.2738853503184713
2,2,0.5710000000000001,-1.273074474856779
2,2,0.5720000000000001,-1.272264631043257
2,2,0.5730000000000001,-1.2714558169103625
2,2,0.5740000000000001,-1.2706480304955527
2,2,0.5750000000000001,-1.2698412698412698
2,2,0.5760000000000001,-1.2690355329949239
2,2,0.577,-1.2682308180088777
2,2,0.578,-1.267427122940431
2,2,0.579,-1.266624445851805
2,2,0.58,-1.2658227848101264
2,2,0.581,-1.2650221378874131
2,2,0.582,-1.2642225031605563
2,2,0.583,-1.2634238787113077
2,2,0.584,-1.2626262626262625
2,2,0.585,-1.2618296529968454
2,2,0.586,-1.2610340479192939
2,2,0.587,-1.260239445494644
2,2,0.588,-1.2594458438287153
2,2,0.589,-1.2586532410320956
2,2,0.59,-1.257861635220126
2,2,0.591,-1.257071024512885
2,2,0.592,-1.2562814070351758
2,2,0.593,-1.2554927809165097
2,2,0.594,-1.2547051442910917
2,2,0.595,-1.2539184952978057
2,2,0.596,-1.2531328320802004
2,2,0.597,-1.2523481527864746
2,2,0.598,-1.2515644555694618
2,2,0.599,-1.2507817385866167
2,2,0.6,-1.25
2,2,0.601,-1.2492192379762648
2,2,0.602,-1.2484394506866419
2,2,0.603,-1.2476606363069245
2,2,0.604,-1.2468827930174562
2,2,0.605,-1.2461059190031152
2,2,0.606,-1.2453300124533002
2,2,0.607,-1.2445550715619167
2,2,0.608,-1.243781094527363
2,2,0.609,-1.2430080795525171
2,2,0.61,-1.2422360248447206
2,2,0.611,-1.2414649286157666
2,2,0.612,-1.2406947890818858
2,2,0.613,-1.2399256044637321
2,2,0.614,-1.2391573729863694
2,2,0.615,-1.238390092879257
2,2,0.616,-1.2376237623762376
2,2,0.617,-1.2368583797155226
2,2,0.618,-1.2360939431396787
2,2,0.619,-1.2353304508956147
2,2,0.62,-1.2345679012345678
2,2,0.621,-1.2338062924120914
2,2,0.622,-1.2330456226880395
2,2,0.623,-1.2322858903265557
2,2,0.624,-1.231527093596059
2,2,0.625,-1.2307692307692308
2,2,0.626,-1.2300123001230012
2,2,0.627,-1.2292562999385372
2,2,0.628,-1.2285012285012284
2,2,0.629,-1.2277470841006752
2,2,0.63,-1.2269938650306749
2,2,0.631,-1.226241569589209
2,2,0.632,-1.2254901960784312
2,2,0.633,-1.224739742804654
2,2,0.634,-1.2239902080783354
2,2,0.635,-1.2232415902140672
2,2,0.636,-1.2224938875305622
2,2,0.637,-1.2217470983506413
2,2,0.638,-1.221001221001221
2,2,0.639,-1.2202562538133008
2,2,0.64,-1.2195121951219512
2,2,0.641,-1.218769043266301
2,2,0.642,-1.218026796589525
2,2,0.643,-1.2172854534388313
2,2,0.644,-1.21654501216545
2,2,0.645,-1.21580547112462
2,2,0.646,-1.2150668286755772
2,2,0.647,-1.214329083181542
2,2,0.648,-1.2135922330097086
2,2,0.649,-1.212856276531231
2,2,0.65,-1.2121212121212122
2,2,0.651,-1.2113870381586918
2,2,0.652,-1.2106537530266344
2,2,0.653,-1.2099213551119177
2,2,0.654,-1.2091898428053205
2,2,0.655,-1.2084592145015105
2,2,0.656,-1.2077294685990336
2,2,0.657,-1.2070006035003018
2,2,0.658,-1.2062726176115803
2,2,0.659,-1.2055455093429777
2,2,0.66,-1.2048192771084336
2,2,0.661,-1.2040939193257074
2,2,0.662,-1.203369434416366
2,2,0.663,-1.2026458208057726
2,2,0.664,-1.2019230769230769
2,2,0.665,-1.2012012012012012
2,2,0.666,-1.2004801920768309
2,2,0.667,-1.1997600479904018
2,2,0.668,-1.199040767386091
2,2,0.669,-1.1983223487118035
2,2,0.67,-1.1976047904191618
2,2,0.671,-1.196888090963495
2,2,0.672,-1.1961722488038276
2,2,0.673,-1.195457262402869
2,2,0.674,-1.1947431302270013
2,2,0.675,-1.1940298507462686
2,2,0.676,-1.1933174224343674
2,2,0.677,-1.1926058437686344
2,2,0.678,-1.1918951132300357
2,2,0.679,-1.1911852293031566
2,2,0.68,-1.1904761904761905
2,2,0.681,-1.189767995240928
2,2,0.682,-1.1890606420927468
2,2,0.683,-1.1883541295306002
2,2,0.684,-1.187648456057007
2,2,0.685,-1.1869436201780414
2,2,0.686,-1.1862396204033214
2,2,0.687,-1.1855364552459988
2,2,0.6880000000000001,-1.1848341232227486
2,2,0.6890000000000001,-1.1841326228537596
2,2,0.6900000000000001,-1.183431952662722
2,2,0.6910000000000001,-1.1827321111768183
2,2,0.6920000000000001,-1.1820330969267139
2,2,0.6930000000000001,-1.1813349084465445
2,2,0.6940000000000001,-1.1806375442739079
2,2,0.6950000000000001,-1.1799410029498525
2,2,0.6960000000000001,-1.1792452830188678
2,2,0.6970000000000001,-1.1785503830288744
2,2,0.6980000000000001,-1.1778563015312131
2,2,0.6990000000000001,-1.1771630370806356
2,2,0.7000000000000001,-1.176470588235294
2,2,0.7010000000000001,-1.1757789535567313
2,2,0.7020000000000001,-1.1750881316098707
2,2,0.7030000000000001,-1.1743981209630063
2,2,0.704,-1.1737089201877935
2,2,0.705,-1.1730205278592374
2,2,0.706,-1.1723329425556859
2,2,0.707,-1.1716461628588168
2,2,0.708,-1.17096018735363
2,2,0.709,-1.1702750146284375
2,2,0.71,-1.1695906432748537
2,2,0.711,-1.168907071887785
2,2,0.712,-1.1682242990654206
2,2,0.713,-1.1675423234092235
2,2,0.714,-1.1668611435239207
2,2,0.715,-1.1661807580174928
2,2,0.716,-1.1655011655011656
2,2,0.717,-1.1648223645894
2,2,0.718,-1.1641443538998837
2,2,0.719,-1.1634671320535195
2,2,0.72,-1.1627906976744187
2,2,0.721,-1.1621150493898895
2,2,0.722,-1.1614401858304297
2,2,0.723,-1.1607661056297156
2,2,0.724,-1.160092807424594
2,2,0.725,-1.1594202898550725
2,2,0.726,-1.1587485515643106
2,2,0.727,-1.1580775911986103
2,2,0.728,-1.1574074074074074
2,2,0.729,-1.156737998843262
2,2,0.73,-1.1560693641618498
2,2,0.731,-1.1554015020219528
2,2,0.732,-1.1547344110854503
2,2,0.733,-1.154068090017311
2,2,0.734,-1.1534025374855825
2,2,0.735,-1.1527377521613833
2,2,0.736,-1.1520737327188941
2,2,0.737,-1.1514104778353482
2,2,0.738,-1.1507479861910241
2,2,0.739,-1.1500862564692353
2,2,0.74,-1.1494252873563218
2,2,0.741,-1.1487650775416427
2,2,0.742,-1.148105625717566
2,2,0.743,-1.1474469305794608
2,2,0.744,-1.146788990825688
2,2,0.745,-1.146131805157593
2,2,0.746,-1.145475372279496
2,2,0.747,-1.1448196908986836
2,2,0.748,-1.1441647597254005
2,2,0.749,-1.1435105774728416
2,2,0.75,-1.1428571428571428
2,2,0.751,-1.142204454597373
2,2,0.752,-1.1415525114155252
2,2,0.753,-1.1409013120365088
2,2,0.754,-1.1402508551881414
2,2,0.755,-1.1396011396011396
2,2,0.756,-1.1389521640091116
2,2,0.757,-1.1383039271485487
2,2,0.758,-1.1376564277588168
2,2,0.759,-1.137009664582149
2,2,0.76,-1.1363636363636365
2,2,0.761,-1.135718341851221
2,2,0.762,-1.1350737797956867
2,2,0.763,-1.1344299489506524
2,2,0.764,-1.1337868480725624
2,2,0.765,-1.13314447592068
2,2,0.766,-1.1325028312570782
2,2,0.767,-1.1318619128466327
2,2,0.768,-1.1312217194570136
2,2,0.769,-1.130582249858677
2,2,0.77,-1.1299435028248588
2,2,0.771,-1.129305477131564
2,2,0.772,-1.1286681715575622
2,2,0.773,-1.1280315848843767
2,2,0.774,-1.1273957158962795
2,2,0.775,-1.1267605633802817
2,2,0.776,-1.1261261261261262
2,2,0.777,-1.12549240292628
2,2,0.778,-1.124859392575928
2,2,0.779,-1.1242270938729624
2,2,0.78,-1.1235955056179776
2,2,0.781,-1.1229646266142617
2,2,0.782,-1.122334455667789
2,2,0.783,-1.1217049915872126
2,2,0.784,-1.1210762331838564
2,2,0.785,-1.1204481792717087
2,2,0.786,-1.1198208286674132
2,2,0.787,-1.119194180190263
2,2,0.788,-1.1185682326621924
2,2,0.789,-1.1179429849077696
2,2,0.79,-1.1173184357541899
2,2,0.791,-1.1166945840312674
2,2,0.792,-1.1160714285714286
2,2,0.793,-1.1154489682097044
2,2,0.794,-1.1148272017837235
2,2,0.795,-1.1142061281337048
2,2,0.796,-1.1135857461024499
2,2,0.797,-1.1129660545353366
2,2,0.798,-1.1123470522803114
2,2,0.799,-1.1117287381878822
2,2,0.8,-1.1111111111111112
2,2,0.801,-1.110494169905608
2,2,0.802,-1.1098779134295227
2,2,0.803,-1.1092623405435387
2,2,0.804,-1.1086474501108647
2,2,0.805,-1.1080332409972298
2,2,0.806,-1.1074197120708749
2,2,0.807,-1.1068068622025458
2,2,0.808,-1.1061946902654867
2,2,0.809,-1.1055831951354338
2,2,0.81,-1.1049723756906078
2,2,0.811,-1.1043622308117063
2,2,0.812,-1.1037527593818983
2,2,0.8130000000000001,-1.1031439602868174
2,2,0.8140000000000001,-1.1025358324145533
2,2,0.8150000000000001,-1.1019283746556474
2,2,0.8160000000000001,-1.1013215859030836
2,2,0.8170000000000001,-1.100715465052284
2,2,0.8180000000000001,-1.1001100110011002
2,2,0.8190000000000001,-1.0995052226498077
2,2,0.8200000000000001,-1.0989010989010988
2,2,0.8210000000000001,-1.0982976386600767
2,2,0.8220000000000001,-1.097694840834248
2,2,0.8230000000000001,-1.0970927043335161
2,2,0.8240000000000001,-1.0964912280701753
2,2,0.8250000000000001,-1.095890410958904
2,2,0.8260000000000001,-1.095290251916758
2,2,0.8270000000000001,-1.0946907498631637
2,2,0.8280000000000001,-1.0940919037199124
2,2,0.8290000000000001,-1.0934937124111535
2,2,0.8300000000000001,-1.0928961748633879
2,2,0.8310000000000001,-1.0922992900054616
2,2,0.8320000000000001,-1.0917030567685588
2,2,0.833,-1.0911074740861975
2,2,0.834,-1.0905125408942202
2,2,0.835,-1.0899182561307903
2,2,0.836,-1.0893246187363834
2,2,0.837,-1.0887316276537833
2,2,0.838,-1.088139281828074
2,2,0.839,-1.0875475802066341
2,2,0.84,-1.0869565217391306
2,2,0.841,-1.0863661053775122
2,2,0.842,-1.0857763300760044
2,2,0.843,-1.0851871947911014
2,2,0.844,-1.0845986984815619
2,2,0.845,-1.0840108401084012
2,2,0.846,-1.0834236186348862
2,2,0.847,-1.0828370330265296
2,2,0.848,-1.0822510822510822
2,2,0.849,-1.0816657652785289
2,2,0.85,-1.081081081081081
2,2,0.851,-1.0804970286331712
2,2,0.852,-1.0799136069114472
2,2,0.853,-1.0793308148947653
2,2,0.854,-1.0787486515641855
2,2,0.855,-1.0781671159029649
2,2,0.856,-1.0775862068965518
2,2,0.857,-1.0770059235325795
2,2,0.858,-1.0764262648008611
2,2,0.859,-1.0758472296933836
2,2,0.86,-1.0752688172043012
2,2,0.861,-1.07469102632993
2,2,0.862,-1.0741138560687433
2,2,0.863,-1.0735373054213635
2,2,0.864,-1.072961373390558
2,2,0.865,-1.0723860589812333
2,2,0.866,-1.0718113612004287
2,2,0.867,-1.0712372790573113
2,2,0.868,-1.0706638115631693
2,2,0.869,-1.0700909577314073
2,2,0.87,-1.06951871657754
2,2,0.871,-1.0689470871191875
2,2,0.872,-1.0683760683760684
2,2,0.873,-1.0678056593699947
2,2,0.874,-1.0672358591248665
2,2,0.875,-1.0666666666666667
2,2,0.876,-1.0660980810234542
2,2,0.877,-1.0655301012253595
2,2,0.878,-1.0649627263045793
2,2,0.879,-1.06439595529537
2,2,0.88,-1.0638297872340425
2,2,0.881,-1.063264221158958
2,2,0.882,-1.0626992561105206
2,2,0.883,-1.0621348911311737
2,2,0.884,-1.0615711252653928
2,2,0.885,-1.0610079575596818
2,2,0.886,-1.0604453870625663
2,2,0.887,-1.0598834128245893
2,2,0.888,-1.0593220338983051
2,2,0.889,-1.0587612493382743
2,2,0.89,-1.0582010582010581
2,2,0.891,-1.0576414595452142
2,2,0.892,-1.0570824524312896
2,2,0.893,-1.0565240359218173
2,2,0.894,-1.0559662090813093
2,2,0.895,-1.0554089709762533
2,2,0.896,-1.0548523206751055
2,2,0.897,-1.0542962572482868
2,2,0.898,-1.053740779768177
2,2,0.899,-1.05318588730911
2,2,0.9,-1.0526315789473684
2,2,0.901,-1.0520778537611783
2,2,0.902,-1.0515247108307044
2,2,0.903,-1.0509721492380453
2,2,0.904,-1.050420168067227
2,2,0.905,-1.0498687664041995
2,2,0.906,-1.049317943336831
2,2,0.907,-1.048767697954903
2,2,0.908,-1.0482180293501049
2,2,0.909,-1.0476689366160292
2,2,0.91,-1.0471204188481675
2,2,0.911,-1.0465724751439036
2,2,0.912,-1.0460251046025104
2,2,0.913,-1.0454783063251438
2,2,0.914,-1.044932079414838
2,2,0.915,-1.0443864229765012
2,2,0.916,-1.0438413361169103
2,2,0.917,-1.0432968179447053
2,2,0.918,-1.0427528675703857
2,2,0.919,-1.0422094841063054
2,2,0.92,-1.0416666666666667
2,2,0.921,-1.041124414367517
2,2,0.922,-1.0405827263267429
2,2,0.923,-1.0400416016640666
2,2,0.924,-1.0395010395010396
2,2,0.925,-1.0389610389610389
2,2,0.926,-1.0384215991692627
2,2,0.927,-1.0378827192527245
2,2,0.928,-1.037344398340249
2,2,0.929,-1.0368066355624677
2,2,0.93,-1.0362694300518134
2,2,0.931,-1.0357327809425168
2,2,0.932,-1.0351966873706004
2,2,0.933,-1.0346611484738748
2,2,0.934,-1.0341261633919336
2,2,0.935,-1.0335917312661498
2,2,0.936,-1.0330578512396695
2,2,0.937,-1.0325245224574084
2,2,0.9380000000000001,-1.0319917440660473
2,2,0.9390000000000001,-1.0314595152140278
2,2,0.9400000000000001,-1.0309278350515465
2,2,0.9410000000000001,-1.0303967027305512
2,2,0.9420000000000001,-1.0298661174047372
2,2,0.9430000000000001,-1.029336078229542
2,2,0.9440000000000001,-1.02880658436214
2,2,0.9450000000000001,-1.0282776349614395
2,2,0.9460000000000001,-1.027749229188078
2,2,0.9470000000000001,-1.027221366204417
2,2,0.9480000000000001,-1.026694045174538
2,2,0.9490000000000001,-1.026167265264238
2,2,0.9500000000000001,-1.0256410256410255
2,2,0.9510000000000001,-1.0251153254741159
2,2,0.9520000000000001,-1.0245901639344261
2,2,0.9530000000000001,-1.0240655401945724
2,2,0.9540000000000001,-1.0235414534288638
2,2,0.9550000000000001,-1.0230179028132993
2,2,0.9560000000000001,-1.0224948875255624
2,2,0.9570000000000001,-1.0219724067450178
2,2,0.9580000000000001,-1.0214504596527068
2,2,0.9590000000000001,-1.0209290454313424
2,2,0.96,-1.0204081632653061
2,2,0.961,-1.0198878123406425
2,2,0.962,-1.019367991845056
2,2,0.963,-1.0188487009679061
2,2,0.964,-1.0183299389002036
2,2,0.965,-1.0178117048346056
2,2,0.966,-1.017293997965412
2,2,0.967,-1.0167768174885612
2,2,0.968,-1.016260162601626
2,2,0.969,-1.0157440325038092
2,2,0.97,-1.015228426395939
2,2,0.971,-1.0147133434804667
2,2,0.972,-1.0141987829614605
2,2,0.973,-1.0136847440446022
2,2,0.974,-1.0131712259371835
2,2,0.975,-1.0126582278481011
2,2,0.976,-1.0121457489878543
2,2,0.977,-1.0116337885685383
2,2,0.978,-1.0111223458038423
2,2,0.979,-1.010611419909045
2,2,0.98,-1.0101010101010102
2,2,0.981,-1.0095911155981827
2,2,0.982,-1.0090817356205852
2,2,0.983,-1.0085728693898133
2,2,0.984,-1.0080645161290323
2,2,0.985,-1.0075566750629723
2,2,0.986,-1.0070493454179255
2,2,0.987,-1.0065425264217414
2,2,0.988,-1.0060362173038229
2,2,0.989,-1.0055304172951232
2,2,0.99,-1.0050251256281406
2,2,0.991,-1.0045203415369162
2,2,0.992,-1.0040160642570282
2,2,0.993,-1.0035122930255895
2,2,0.994,-1.0030090270812437
2,2,0.995,-1.0025062656641603
2,2,0.996,-1.002004008016032
2,2,0.997,-1.0015022533800702
2,2,0.998,-1.001001001001001
2,2,0.999,-1.0005002501250624
2,2,1.0,-1.0
2,5,0.0,-2.8571428571428568
2,5,0.001,-2.8542885685742836
2,5,0.002,-2.8514399771884804
2,5,0.003,-2.848597065945022
2,5,0.004,-2.8457598178713717
2,5,0.005,-2.8429282160625444
2,5,0.006,-2.8401022436807724
2,5,0.007,-2.8372818839551717
2,5,0.008,-2.8344671201814062
2,5,0.009000000000000001,-2.8316579357213656
2,5,0.01,-2.828854314002829
2,5,0.011,-2.826056238519147
2,5,0.012,-2.8232636928289088
2,5,0.013000000000000001,-2.8204766605556344
2,5,0.014,-2.817695125387434
2,5,0.015,-2.814919071076707
2,5,0.016,-2.81214848143982
2,5,0.017,-2.8093833403567925
2,5,0.018000000000000002,-2.8066236317709805
2,5,0.019,-2.80386933968877
2,5,0.02,-2.8011204481792715
2,5,0.021,-2.7983769413740034
2,5,0.022,-2.7956388034665913
2,5,0.023,-2.792906018712471
2,5,0.024,-2.790178571428572
2,5,0.025,-2.7874564459930307
2,5,0.026000000000000002,-2.78473962684489
2,5,0.027,-2.7820280984837953
2,5,0.028,-2.7793218454697053
2,5,0.029,-2.776620852422602
2,5,0.03,-2.773925104022191
2,5,0.031,-2.7712345850076217
2,5,0.032,-2.7685492801771874
2,5,0.033,-2.765869174388053
2,5,0.034,-2.763194252555955
2,5,0.035,-2.760524499654935
2,5,0.036000000000000004,-2.7578599007170435
2,5,0.037,-2.7552004408320707
2,5,0.038,-2.7525461051472613
2,5,0.039,-2.749896878867042
2,5,0.04,-2.7472527472527464
2,5,0.041,-2.7446136956223413
2,5,0.042,-2.741979709350151
2,5,0.043000000000000003,-2.7393507738665934
2,5,0.044,-2.7367268746579088
2,5,0.045,-2.734107997265892
2,5,0.046,-2.731494127287626
2,5,0.047,-2.7288852503752214
2,5,0.048,-2.7262813522355502
2,5,0.049,-2.7236824186299877
2,5,0.05,-2.721088435374149
2,5,0.051000000000000004,-2.718499388337637
2,5,0.052000000000000005,-2.71591526344378
2,5,0.053,-2.7133360466693803
2,5,0.054,-2.710761724044456
2,5,0.055,-2.7081922816519977
2,5,0.056,-2.7056277056277054
2,5,0.057,-2.7030679821597516
2,5,0.058,-2.700513097488523
2,5,0.059000000000000004,-2.6979630379063813
2,5,0.06,-2.6954177897574114
2,5,0.061,-2.6928773394371888
2,5,0.062,-2.69034167339252
2,5,0.063,-2.6878107781212215
2,5,0.064,-2.685284640171859
2,5,0.065,-2.6827632461435282
2,5,0.066,-2.680246582685607
2,5,0.067,-2.677734636497523
2,5,0.068,-2.6752273943285187
2,5,0.069,-2.6727248429774155
2,5,0.07,-2.67022696929239
2,5,0.07100000000000001,-2.6677337601707354
2,5,0.07200000000000001,-2.665245202558635
2,5,0.073,-2.6627612834509384
2,5,0.074,-2.660281989890928
2,5,0.075,-2.6578073089700993
2,5,0.076,-2.655337227827934
2,5,0.077,-2.6528717336516783
2,5,0.078,-2.6504108136761193
2,5,0.079,-2.6479544551833714
2,5,0.08,-2.6455026455026456
2,5,0.081,-2.6430553720100436
2,5,0.082,-2.6406126221283333
2,5,0.083,-2.6381743833267377
2,5,0.084,-2.6357406431207178
2,5,0.085,-2.6333113890717574
2,5,0.08600000000000001,-2.630886608787162
2,5,0.08700000000000001,-2.6284662899198317
2,5,0.088,-2.626050420168067
2,5,0.089,-2.623638987275351
2,5,0.09,-2.621231979030144
2,5,0.091,-2.6188293832656804
2,5,0.092,-2.6164311878597593
2,5,0.093,-2.614037380734545
2,5,0.094,-2.6116479498563585
2,5,0.095,-2.6092628832354867
2,5,0.096,-2.6068821689259636
2,5,0.097,-2.6045057950253936
2,5,0.098,-2.602133749674733
2,5,0.099,-2.5997660210581053
2,5,0.1,-2.5974025974025983
2,5,0.101,-2.5950434669780718
2,5,0.10200000000000001,-2.5926886180969664
2,5,0.10300000000000001,-2.590338039114104
2,5,0.10400000000000001,-2.587991718426501
2,5,0.105,-2.5856496444731736
2,5,0.106,-2.5833118057349527
2,5,0.107,-2.580978190734289
2,5,0.108,-2.5786487880350695
2,5,0.109,-2.576323586242432
2,5,0.11,-2.5740025740025727
2,5,0.111,-2.5716857400025717
2,5,0.112,-2.569373072970196
2,5,0.113,-2.5670645616737264
2,5,0.114,-2.5647601949217744
2,5,0.115,-2.5624599615631007
2,5,0.116,-2.560163850486431
2,5,0.117,-2.5578718506202835
2,5,0.11800000000000001,-2.555583950932787
2,5,0.11900000000000001,-2.553300140431507
2,5,0.12,-2.551020408163265
2,5,0.121,-2.5487447432139665
2,5,0.122,-2.546473134708429
2,5,0.123,-2.544205571810203
2,5,0.124,-2.541942043721402
2,5,0.125,-2.5396825396825395
2,5,0.126,-2.5374270489723427
2,5,0.127,-2.535175560907592
2,5,0.128,-2.5329280648429586
2,5,0.129,-2.530684550170821
2,5,0.13,-2.528445006321113
2,5,0.131,-2.5262094227611467
2,5,0.132,-2.5239777889954573
2,5,0.133,-2.521750094565628
2,5,0.134,-2.519526329050138
2,5,0.135,-2.517306482064191
2,5,0.136,-2.515090543259557
2,5,0.137,-2.5128785023244116
2,5,0.138,-2.5106703489831794
2,5,0.139,-2.5084660729963626
2,5,0.14,-2.506265664160401
2,5,0.14100000000000001,-2.5040691123074996
2,5,0.14200000000000002,-2.501876407305479
2,5,0.14300000000000002,-2.499687539057618
2,5,0.14400000000000002,-2.4975024975024973
2,5,0.145,-2.4953212726138494
2,5,0.146,-2.493143854400399
2,5,0.147,-2.490970232905716
2,5,0.148,-2.488800398208064
2,5,0.149,-2.486634340420241
2,5,0.15,-2.4844720496894412
2,5,0.151,-2.4823135161970953
2,5,0.152,-2.4801587301587302
2,5,0.153,-2.478007681823813
2,5,0.154,-2.4758603614756125
2,5,0.155,-2.473716759431046
2,5,0.156,-2.4715768660405333
2,5,0.157,-2.4694406716878623
2,5,0.158,-2.4673081667900334
2,5,0.159,-2.4651793417971146
2,5,0.16,-2.4630541871921183
2,5,0.161,-2.4609326934908324
2,5,0.162,-2.458814851241702
2,5,0.163,-2.4567006510256717
2,5,0.164,-2.454590083456063
2,5,0.165,-2.45248313917842
2,5,0.166,-2.4503798088703754
2,5,0.167,-2.448280083241523
2,5,0.168,-2.4461839530332696
2,5,0.169,-2.4440914090186974
2,5,0.17,-2.442002442002442
2,5,0.171,-2.439917042820544
2,5,0.17200000000000001,-2.4378352023403216
2,5,0.17300000000000001,-2.435756911460236
2,5,0.17400000000000002,-2.4336821611097594
2,5,0.17500000000000002,-2.4316109422492405
2,5,0.176,-2.4295432458697763
2,5,0.177,-2.427479062993082
2,5,0.178,-2.425418384671355
2,5,0.179,-2.4233612019871553
2,5,0.18,-2.4213075060532696
2,5,0.181,-2.4192572880125796
2,5,0.182,-2.4172105390379492
2,5,0.183,-2.4151672503320865
2,5,0.184,-2.413127413127414
2,5,0.185,-2.411091018685955
2,5,0.186,-2.4090580582992063
2,5,0.187,-2.407028523288001
2,5,0.188,-2.4050024050024046
2,5,0.189,-2.4029796948215787
2,5,0.19,-2.400960384153662
2,5,0.191,-2.3989444644356483
2,5,0.192,-2.396931927133269
2,5,0.193,-2.39492276374087
2,5,0.194,-2.3929169657812874
2,5,0.195,-2.3909145248057384
2,5,0.196,-2.388915432393693
2,5,0.197,-2.3869196801527637
2,5,0.198,-2.3849272597185776
2,5,0.199,-2.3829381627546766
2,5,0.2,-2.3809523809523814
2,5,0.201,-2.378969906030688
2,5,0.202,-2.3769907297361534
2,5,0.203,-2.3750148438427745
2,5,0.20400000000000001,-2.3730422401518734
2,5,0.20500000000000002,-2.371072910491997
2,5,0.20600000000000002,-2.369106846718787
2,5,0.20700000000000002,-2.367144040714877
2,5,0.20800000000000002,-2.365184484389782
2,5,0.209,-2.363228169679783
2,5,0.21,-2.3612750885478153
2,5,0.211,-2.359325232983367
2,5,0.212,-2.3573785950023574
2,5,0.213,-2.3554351666470366
2,5,0.214,-2.3534949399858784
2,5,0.215,-2.351557907113463
2,5,0.216,-2.349624060150377
2,5,0.217,-2.3476933912431033
2,5,0.218,-2.3457658925639224
2,5,0.219,-2.343841556310794
2,5,0.22,-2.341920374707259
2,5,0.221,-2.3400023400023393
2,5,0.222,-2.338087444470424
2,5,0.223,-2.3361756804111664
2,5,0.224,-2.334267040149393
2,5,0.225,-2.332361516034985
2,5,0.226,-2.3304591004427886
2,5,0.227,-2.3285597857724993
2,5,0.228,-2.326663564448581
2,5,0.229,-2.3247704289201443
2,5,0.23,-2.322880371660859
2,5,0.231,-2.3209933851688525
2,5,0.232,-2.3191094619666055
2,5,0.233,-2.3172285946008566
2,5,0.234,-2.31535077564251
2,5,0.23500000000000001,-2.313475997686525
2,5,0.23600000000000002,-2.3116042533518266
2,5,0.23700000000000002,-2.3097355352812112
2,5,0.23800000000000002,-2.3078698361412417
2,5,0.23900000000000002,-2.306007148622161
2,5,0.24,-2.3041474654377883
2,5,0.241,-2.302290779325429
2,5,0.242,-2.3004370830457788
2,5,0.243,-2.298586369382829
2,5,0.244,-2.2967386311437754
2,5,0.245,-2.29489386115892
2,5,0.246,-2.2930520522815865
2,5,0.247,-2.291213197388018
2,5,0.248,-2.28937728937729
2,5,0.249,-2.287544321171222
2,5,0.25,-2.2857142857142865
2,5,0.251,-2.2838871759735078
2,5,0.252,-2.2820629849383844
2,5,0.253,-2.2802417056207958
2,5,0.254,-2.2784233310549107
2,5,0.255,-2.276607854297098
2,5,0.256,-2.274795268425842
2,5,0.257,-2.272985566541653
2,5,0.258,-2.2711787417669784
2,5,0.259,-2.2693747872461136
2,5,0.26,-2.2675736961451243
2,5,0.261,-2.265775461651751
2,5,0.262,-2.2639800769753227
2,5,0.263,-2.2621875353466803
2,5,0.264,-2.260397830018084
2,5,0.265,-2.258610954263127
2,5,0.266,-2.256826901376665
2,5,0.267,-2.25504566467471
2,5,0.268,-2.2532672374943665
2,5,0.269,-2.25149161319374
2,5,0.27,-2.249718785151855
2,5,0.271,-2.2479487467685733
2,5,0.272,-2.2461814914645095
2,5,0.273,-2.244417012680956
2,5,0.274,-2.2426553038797934
2,5,0.275,-2.2408963585434174
2,5,0.276,-2.239140170174653
2,5,0.277,-2.2373867322966765
2,5,0.278,-2.2356360384529395
2,5,0.279,-2.2338880822070815
2,5,0.28,-2.232142857142858
2,5,0.281,-2.230400356864056
2,5,0.28200000000000003,-2.2286605749944286
2,5,0.28300000000000003,-2.226923505177597
2,5,0.28400000000000003,-2.225189141076991
2,5,0.28500000000000003,-2.2234574763757644
2,5,0.28600000000000003,-2.2217285047767166
2,5,0.28700000000000003,-2.220002220002221
2,5,0.28800000000000003,-2.2182786157941434
2,5,0.289,-2.216557685913776
2,5,0.29,-2.21483942414175
2,5,0.291,-2.213123824277968
2,5,0.292,-2.21141088014153
2,5,0.293,-2.2097005855706553
2,5,0.294,-2.207992934422609
2,5,0.295,-2.206287920573635
2,5,0.296,-2.204585537918872
2,5,0.297,-2.202885780372288
2,5,0.298,-2.201188641866607
2,5,0.299,-2.1994941163532387
2,5,0.3,-2.1978021978021967
2,5,0.301,-2.196112880202042
2,5,0.302,-2.194426157559798
2,5,0.303,-2.1927420239008875
2,5,0.304,-2.191060473269062
2,5,0.305,-2.189381499726327
2,5,0.306,-2.1877050973528753
2,5,0.307,-2.186031260247022
2,5,0.308,-2.1843599825251205
2,5,0.309,-2.182691258321511
2,5,0.31,-2.18102508178844
2,5,0.311,-2.179361447096001
2,5,0.312,-2.1777003484320567
2,5,0.313,-2.176041780002176
2,5,0.314,-2.1743857360295715
2,5,0.315,-2.172732210755025
2,5,0.316,-2.171081198436821
2,5,0.317,-2.1694326933506893
2,5,0.318,-2.1677866897897244
2,5,0.319,-2.166143182064335
2,5,0.32,-2.1645021645021645
2,5,0.321,-2.1628636314480376
2,5,0.322,-2.1612275772638867
2,5,0.323,-2.1595939963286903
2,5,0.324,-2.157962883038411
2,5,0.325,-2.156334231805931
2,5,0.326,-2.1547080370609786
2,5,0.327,-2.1530842932500804
2,5,0.328,-2.1514629948364883
2,5,0.329,-2.1498441363001177
2,5,0.33,-2.148227712137486
2,5,0.331,-2.1466137168616504
2,5,0.332,-2.145002145002144
2,5,0.333,-2.14339299110492
2,5,0.334,-2.1417862497322773
2,5,0.335,-2.140181915462814
2,5,0.336,-2.13857998289136
2,5,0.337,-2.1369804466289133
2,5,0.338,-2.135383301302584
2,5,0.339,-2.133788541555531
2,5,0.34,-2.132196162046908
2,5,0.341,-2.1306061574517954
2,5,0.342,-2.1290185224611458
2,5,0.343,-2.127433251781725
2,5,0.34400000000000003,-2.1258503401360542
2,5,0.34500000000000003,-2.124269782262348
2,5,0.34600000000000003,-2.1226915729144546
2,5,0.34700000000000003,-2.1211157068618105
2,5,0.34800000000000003,-2.11954217888936
2,5,0.34900000000000003,-2.1179709837975214
2,5,0.35000000000000003,-2.1164021164021163
2,5,0.35100000000000003,-2.1148355715343135
2,5,0.352,-2.113271344040575
2,5,0.353,-2.1117094287826
2,5,0.354,-2.1101498206372646
2,5,0.355,-2.108592514496573
2,5,0.356,-2.107037505267594
2,5,0.357,-2.105484787872408
2,5,0.358,-2.103934357248053
2,5,0.359,-2.102386208346474
2,5,0.36,-2.1008403361344543
2,5,0.361,-2.0992967355935765
2,5,0.362,-2.0977554017201596
2,5,0.363,-2.096216329525208
2,5,0.364,-2.094679514034352
2,5,0.365,-2.0931449502878063
2,5,0.366,-2.091612633340305
2,5,0.367,-2.0900825582610514
2,5,0.368,-2.0885547201336676
2,5,0.369,-2.0870291140561403
2,5,0.37,-2.0855057351407713
2,5,0.371,-2.08398457851412
2,5,0.372,-2.0824656393169514
2,5,0.373,-2.0809489127041934
2,5,0.374,-2.0794343938448745
2,5,0.375,-2.0779220779220786
2,5,0.376,-2.076411960132891
2,5,0.377,-2.0749040356883484
2,5,0.378,-2.0733982998133937
2,5,0.379,-2.071894747746815
2,5,0.38,-2.0703933747412018
2,5,0.381,-2.0688941760628943
2,5,0.382,-2.0673971469919374
2,5,0.383,-2.065902282822023
2,5,0.384,-2.0644095788604453
2,5,0.385,-2.0629190304280565
2,5,0.386,-2.0614306328592047
2,5,0.387,-2.0599443815016993
2,5,0.388,-2.058460271716757
2,5,0.389,-2.0569782988789473
2,5,0.39,-2.0554984583761557
2,5,0.391,-2.0540207456095305
2,5,0.392,-2.0525451559934327
2,5,0.393,-2.0510716849553887
2,5,0.394,-2.049600327936052
2,5,0.395,-2.048131080389145
2,5,0.396,-2.0466639377814158
2,5,0.397,-2.0451988955925957
2,5,0.398,-2.0437359493153497
2,5,0.399,-2.0422750944552224
2,5,0.4,-2.0408163265306123
2,5,0.401,-2.0393596410727035
2,5,0.402,-2.0379050336254325
2,5,0.403,-2.036452499745444
2,5,0.404,-2.035002035002036
2,5,0.405,-2.0335536349771233
2,5,0.406,-2.03210729526519
2,5,0.40700000000000003,-2.030663011473246
2,5,0.40800000000000003,-2.029220779220781
2,5,0.40900000000000003,-2.0277805941397133
2,5,0.41000000000000003,-2.026342451874367
2,5,0.41100000000000003,-2.024906348081401
2,5,0.41200000000000003,-2.0234722784297867
2,5,0.41300000000000003,-2.0220402386007486
2,5,0.41400000000000003,-2.0206102242877346
2,5,0.41500000000000004,-2.019182231196366
2,5,0.41600000000000004,-2.0177562550443904
2,5,0.417,-2.016332291561649
2,5,0.418,-2.0149103364900265
2,5,0.419,-2.0134903855834088
2,5,0.42,-2.0120724346076457
2,5,0.421,-2.0106564793405046
2,5,0.422,-2.0092425155716285
2,5,0.423,-2.0078305391024998
2,5,0.424,-2.006420545746389
2,5,0.425,-2.0050125313283207
2,5,0.426,-2.0036064916850327
2,5,0.427,-2.0022024226649315
2,5,0.428,-2.000800320128051
2,5,0.429,-1.9994001799460164
2,5,0.43,-1.9980019980019987
2,5,0.431,-1.9966057701906759
2,5,0.432,-1.9952114924181958
2,5,0.433,-1.9938191606021332
2,5,0.434,-1.9924287706714487
2,5,0.435,-1.9910403185664505
2,5,0.436,-1.9896538002387587
2,5,0.437,-1.9882692116512573
2,5,0.438,-1.9868865487780651
2,5,0.439,-1.9855058076044874
2,5,0.44,-1.9841269841269837
2,5,0.441,-1.9827500743531268
2,5,0.442,-1.9813750743015652
2,5,0.443,-1.9800019800019801
2,5,0.444,-1.9786307874950544
2,5,0.445,-1.9772614928324268
2,5,0.446,-1.9758940920766643
2,5,0.447,-1.9745285813012148
2,5,0.448,-1.9731649565903708
2,5,0.449,-1.9718032140392394
2,5,0.45,-1.9704433497536948
2,5,0.451,-1.9690853598503493
2,5,0.452,-1.9677292404565139
2,5,0.453,-1.966374987710156
2,5,0.454,-1.9650225977598745
2,5,0.455,-1.9636720667648504
2,5,0.456,-1.9623233908948197
2,5,0.457,-1.9609765663300323
2,5,0.458,-1.9596315892612188
2,5,0.459,-1.958288455889553
2,5,0.46,-1.956947162426614
2,5,0.461,-1.9556077050943577
2,5,0.462,-1.9542700801250739
2,5,0.463,-1.9529342837613513
2,5,0.464,-1.9516003122560495
2,5,0.465,-1.9502681618722573
2,5,0.466,-1.9489378288832588
2,5,0.467,-1.9476093095724996
2,5,0.468,-1.9462826002335543
2,5,0.46900000000000003,-1.944957697170087
2,5,0.47000000000000003,-1.9436345966958206
2,5,0.47100000000000003,-1.9423132951345052
2,5,0.47200000000000003,-1.9409937888198758
2,5,0.47300000000000003,-1.9396760740956254
2,5,0.47400000000000003,-1.938360147315371
2,5,0.47500000000000003,-1.9370460048426152
2,5,0.47600000000000003,-1.9357336430507166
2,5,0.47700000000000004,-1.934423058322855
2,5,0.47800000000000004,-1.9331142470520002
2,5,0.47900000000000004,-1.9318072056408775
2,5,0.48,-1.93050193050193
2,5,0.481,-1.9291984180572967
2,5,0.482,-1.9278966647387707
2,5,0.483,-1.9265966669877659
2,5,0.484,-1.9252984212552944
2,5,0.485,-1.924001924001924
2,5,0.486,-1.9227071716977495
2,5,0.487,-1.9214141608223656
2,5,0.488,-1.920122887864823
2,5,0.489,-1.918833349323611
2,5,0.49,-1.9175455417066156
2,5,0.491,-1.9162594615310917
2,5,0.492,-1.9149751053236304
2,5,0.493,-1.9136924696201318
2,5,0.494,-1.912411550965768
2,5,0.495,-1.9111323459149543
2,5,0.496,-1.9098548510313211
2,5,0.497,-1.9085790628876804
2,5,0.498,-1.9073049780659934
2,5,0.499,-1.906032593157343
2,5,0.5,-1.9047619047619047
2,5,0.501,-1.903492909488913
2,5,0.502,-1.9022256039566292
2,5,0.503,-1.9009599847923198
2,5,0.504,-1.899696048632219
2,5,0.505,-1.8984337921215
2,5,0.506,-1.8971732119142475
2,5,0.507,-1.8959143046734284
2,5,0.508,-1.8946570670708607
2,5,0.509,-1.8934014957871814
2,5,0.51,-1.8921475875118265
2,5,0.511,-1.8908953389429894
2,5,0.512,-1.8896447467876039
2,5,0.513,-1.8883958077613068
2,5,0.514,-1.8871485185884134
2,5,0.515,-1.8859028760018859
2,5,0.516,-1.8846588767433092
2,5,0.517,-1.8834165175628597
2,5,0.518,-1.8821757952192737
2,5,0.519,-1.8809367064798266
2,5,0.52,-1.8796992481203012
2,5,0.521,-1.8784634169249554
2,5,0.522,-1.8772292096865029
2,5,0.523,-1.8759966232060776
2,5,0.524,-1.8747656542932134
2,5,0.525,-1.8735362997658083
2,5,0.526,-1.8723085564501023
2,5,0.527,-1.8710824211806532
2,5,0.528,-1.869857890800299
2,5,0.529,-1.8686349621601424
2,5,0.53,-1.867413632119515
2,5,0.531,-1.8661938975459547
2,5,0.532,-1.8649757553151813
2,5,0.533,-1.863759202311062
2,5,0.534,-1.8625442354255912
2,5,0.535,-1.8613308515588645
2,5,0.536,-1.8601190476190477
2,5,0.537,-1.858908820522354
2,5,0.538,-1.8577001671930145
2,5,0.539,-1.8564930845632603
2,5,0.54,-1.8552875695732847
2,5,0.541,-1.8540836191712247
2,5,0.542,-1.8528812303131375
2,5,0.543,-1.8516803999629667
2,5,0.544,-1.8504811250925235
2,5,0.545,-1.8492834026814613
2,5,0.546,-1.8480872297172424
2,5,0.547,-1.8468926031951238
2,5,0.548,-1.8456995201181248
2,5,0.549,-1.844507977497003
2,5,0.55,-1.8433179723502302
2,5,0.551,-1.842129501703969
2,5,0.552,-1.8409425625920468
2,5,0.553,-1.8397571520559286
2,5,0.554,-1.838573267144696
2,5,0.555,-1.8373909049150206
2,5,0.556,-1.8362100624311424
2,5,0.557,-1.835030736764841
2,5,0.558,-1.833852924995416
2,5,0.559,-1.8326766242096575
2,5,0.56,-1.8315018315018312
2,5,0.561,-1.8303285439736432
2,5,0.562,-1.8291567587342232
2,5,0.5630000000000001,-1.8279864729000994
2,5,0.5640000000000001,-1.8268176835951777
2,5,0.5650000000000001,-1.8256503879507076
2,5,0.5660000000000001,-1.824484583105273
2,5,0.5670000000000001,-1.823320266204758
2,5,0.5680000000000001,-1.8221574344023328
2,5,0.5690000000000001,-1.8209960848584177
2,5,0.5700000000000001,-1.8198362147406733
2,5,0.5710000000000001,-1.8186778212239707
2,5,0.5720000000000001,-1.8175209014903682
2,5,0.5730000000000001,-1.8163654527290896
2,5,0.5740000000000001,-1.8152114721365042
2,5,0.5750000000000001,-1.8140589569161003
2,5,0.5760000000000001,-1.8129079042784628
2,5,0.577,-1.8117583114412539
2,5,0.578,-1.810610175629187
2,5,0.579,-1.8094634940740066
2,5,0.58,-1.8083182640144662
2,5,0.581,-1.807174482696305
2,5,0.582,-1.8060321473722225
2,5,0.583,-1.8048912553018681
2,5,0.584,-1.8037518037518034
2,5,0.585,-1.8026137899954926
2,5,0.586,-1.8014772113132764
2,5,0.587,-1.8003420649923485
2,5,0.588,-1.7992083483267356
2,5,0.589,-1.798076058617279
2,5,0.59,-1.7969451931716085
2,5,0.591,-1.795815749304122
2,5,0.592,-1.794687724335965
2,5,0.593,-1.7935611155950137
2,5,0.594,-1.792435920415845
2,5,0.595,-1.7913121361397226
2,5,0.596,-1.7901897601145722
2,5,0.597,-1.7890687896949635
2,5,0.598,-1.7879492222420885
2,5,0.599,-1.7868310551237383
2,5,0.6,-1.785714285714286
2,5,0.601,-1.784598911394664
2,5,0.602,-1.7834849295523454
2,5,0.603,-1.7823723375813205
2,5,0.604,-1.7812611328820804
2,5,0.605,-1.7801513128615927
2,5,0.606,-1.7790428749332858
2,5,0.607,-1.7779358165170245
2,5,0.608,-1.7768301350390896
2,5,0.609,-1.7757258279321675
2,5,0.61,-1.7746228926353154
2,5,0.611,-1.773521326593952
2,5,0.612,-1.7724211272598367
2,5,0.613,-1.771322292091046
2,5,0.614,-1.7702248185519558
2,5,0.615,-1.7691287041132249
2,5,0.616,-1.7680339462517685
2,5,0.617,-1.766940542450746
2,5,0.618,-1.7658484901995408
2,5,0.619,-1.7647577869937359
2,5,0.62,-1.7636684303350965
2,5,0.621,-1.762580417731559
2,5,0.622,-1.7614937466971992
2,5,0.623,-1.7604084147522225
2,5,0.624,-1.7593244194229407
2,5,0.625,-1.7582417582417587
2,5,0.626,-1.7571604287471443
2,5,0.627,-1.7560804284836244
2,5,0.628,-1.755001755001755
2,5,0.629,-1.7539244058581076
2,5,0.63,-1.75284837861525
2,5,0.631,-1.751773670841727
2,5,0.632,-1.7507002801120448
2,5,0.633,-1.749628204006649
2,5,0.634,-1.7485574401119068
2,5,0.635,-1.7474879860200958
2,5,0.636,-1.7464198393293744
2,5,0.637,-1.7453529976437725
2,5,0.638,-1.7442874585731731
2,5,0.639,-1.7432232197332875
2,5,0.64,-1.7421602787456447
2,5,0.641,-1.7410986332375726
2,5,0.642,-1.7400382808421788
2,5,0.643,-1.73897921919833
2,5,0.644,-1.7379214459506427
2,5,0.645,-1.7368649587494573
2,5,0.646,-1.7358097552508245
2,5,0.647,-1.734755833116488
2,5,0.648,-1.7337031900138693
2,5,0.649,-1.7326518236160438
2,5,0.65,-1.7316017316017311
2,5,0.651,-1.7305529116552743
2,5,0.652,-1.7295053614666207
2,5,0.653,-1.7284590787313108
2,5,0.654,-1.727414061150458
2,5,0.655,-1.7263703064307294
2,5,0.656,-1.7253278122843336
2,5,0.657,-1.7242865764290027
2,5,0.658,-1.7232465965879724
2,5,0.659,-1.722207870489968
2,5,0.66,-1.721170395869191
2,5,0.661,-1.7201341704652968
2,5,0.662,-1.71909919202338
2,5,0.663,-1.7180654582939607
2,5,0.664,-1.7170329670329672
2,5,0.665,-1.7160017160017165
2,5,0.666,-1.7149717029669014
2,5,0.667,-1.7139429257005738
2,5,0.668,-1.7129153819801302
2,5,0.669,-1.711889069588291
2,5,0.67,-1.7108639863130888
2,5,0.671,-1.70984012994785
2,5,0.672,-1.708817498291182
2,5,0.673,-1.7077960891469552
2,5,0.674,-1.7067759003242877
2,5,0.675,-1.7057569296375257
2,5,0.676,-1.704739174906239
2,5,0.677,-1.7037226339551919
2,5,0.678,-1.702707304614336
2,5,0.679,-1.701693184718795
2,5,0.68,-1.7006802721088443
2,5,0.681,-1.6996685646298966
2,5,0.682,-1.6986580601324952
2,5,0.683,-1.6976487564722864
2,5,0.684,-1.6966406515100103
2,5,0.685,-1.6956337431114876
2,5,0.686,-1.694628029147602
2,5,0.687,-1.6936235074942845
2,5,0.6880000000000001,-1.6926201760324977
2,5,0.6890000000000001,-1.6916180326482282
2,5,0.6900000000000001,-1.69061707523246
2,5,0.6910000000000001,-1.6896173016811682
2,5,0.6920000000000001,-1.688618709895306
2,5,0.6930000000000001,-1.687621297780778
2,5,0.6940000000000001,-1.6866250632484396
2,5,0.6950000000000001,-1.6856300042140748
2,5,0.6960000000000001,-1.6846361185983827
2,5,0.6970000000000001,-1.6836434043269632
2,5,0.6980000000000001,-1.6826518593303041
2,5,0.6990000000000001,-1.6816614815437654
2,5,0.7000000000000001,-1.6806722689075626
2,5,0.7010000000000001,-1.6796842193667594
2,5,0.7020000000000001,-1.6786973308712434
2,5,0.7030000000000001,-1.6777116013757232
2,5,0.704,-1.6767270288397051
2,5,0.705,-1.6757436112274815
2,5,0.706,-1.6747613465081228
2,5,0.707,-1.673780232655453
2,5,0.708,-1.6728002676480425
2,5,0.709,-1.6718214494691963
2,5,0.71,-1.6708437761069335
2,5,0.711,-1.669867245553978
2,5,0.712,-1.6688918558077437
2,5,0.713,-1.6679176048703188
2,5,0.714,-1.6669444907484583
2,5,0.715,-1.6659725114535613
2,5,0.716,-1.6650016650016652
2,5,0.717,-1.6640319494134281
2,5,0.718,-1.66306336271412
2,5,0.719,-1.662095902933599
2,5,0.72,-1.661129568106312
2,5,0.721,-1.660164356271271
2,5,0.722,-1.6592002654720428
2,5,0.723,-1.6582372937567365
2,5,0.724,-1.6572754391779916
2,5,0.725,-1.6563146997929612
2,5,0.726,-1.655355073663301
2,5,0.727,-1.6543965588551575
2,5,0.728,-1.6534391534391535
2,5,0.729,-1.6524828554903748
2,5,0.73,-1.6515276630883569
2,5,0.731,-1.6505735743170757
2,5,0.732,-1.6496205872649288
2,5,0.733,-1.6486687000247302
2,5,0.734,-1.6477179106936894
2,5,0.735,-1.6467682173734044
2,5,0.736,-1.6458196181698486
2,5,0.737,-1.6448721111933544
2,5,0.738,-1.643925694558606
2,5,0.739,-1.642980366384622
2,5,0.74,-1.6420361247947453
2,5,0.741,-1.6410929679166326
2,5,0.742,-1.6401508938822362
2,5,0.743,-1.639209900827801
2,5,0.744,-1.63826998689384
2,5,0.745,-1.6373311502251324
2,5,0.746,-1.6363933889707083
2,5,0.747,-1.635456701283834
2,5,0.748,-1.6345210853220016
2,5,0.749,-1.6335865392469162
2,5,0.75,-1.6326530612244894
2,5,0.751,-1.6317206494248193
2,5,0.752,-1.6307893020221786
2,5,0.753,-1.6298590171950127
2,5,0.754,-1.6289297931259168
2,5,0.755,-1.6280016280016278
2,5,0.756,-1.6270745200130166
2,5,0.757,-1.6261484673550697
2,5,0.758,-1.6252234682268814
2,5,0.759,-1.6242995208316413
2,5,0.76,-1.623376623376624
2,5,0.761,-1.6224547740731732
2,5,0.762,-1.621533971136695
2,5,0.763,-1.6206142127866463
2,5,0.764,-1.6196954972465178
2,5,0.765,-1.6187778227438288
2,5,0.766,-1.6178611875101119
2,5,0.767,-1.6169455897809037
2,5,0.768,-1.6160310277957335
2,5,0.769,-1.61511749979811
2,5,0.77,-1.6142050040355127
2,5,0.771,-1.6132935387593768
2,5,0.772,-1.612383102225089
2,5,0.773,-1.611473692691967
2,5,0.774,-1.6105653084232556
2,5,0.775,-1.6096579476861166
2,5,0.776,-1.608751608751609
2,5,0.777,-1.607846289894685
2,5,0.778,-1.6069419893941828
2,5,0.779,-1.6060387055328036
2,5,0.78,-1.6051364365971117
2,5,0.781,-1.6042351808775168
2,5,0.782,-1.6033349366682703
2,5,0.783,-1.6024357022674467
2,5,0.784,-1.6015374759769374
2,5,0.785,-1.6006402561024413
2,5,0.786,-1.5997440409534476
2,5,0.787,-1.598848828843233
2,5,0.788,-1.5979546180888464
2,5,0.789,-1.5970614070110996
2,5,0.79,-1.5961691939345568
2,5,0.791,-1.5952779771875247
2,5,0.792,-1.5943877551020413
2,5,0.793,-1.5934985260138639
2,5,0.794,-1.592610288262462
2,5,0.795,-1.591723040191007
2,5,0.796,-1.5908367801463574
2,5,0.797,-1.5899515064790521
2,5,0.798,-1.5890672175433018
2,5,0.799,-1.5881839116969747
2,5,0.8,-1.5873015873015872
2,5,0.801,-1.5864202427222969
2,5,0.802,-1.5855398763278894
2,5,0.803,-1.5846604864907694
2,5,0.804,-1.5837820715869495
2,5,0.805,-1.5829046299960425
2,5,0.806,-1.5820281601012498
2,5,0.807,-1.581152660289351
2,5,0.808,-1.580278128950695
2,5,0.809,-1.5794045644791903
2,5,0.81,-1.5785319652722973
2,5,0.811,-1.5776603297310088
2,5,0.812,-1.5767896562598542
2,5,0.8130000000000001,-1.5759199432668818
2,5,0.8140000000000001,-1.5750511891636472
2,5,0.8150000000000001,-1.574183392365211
2,5,0.8160000000000001,-1.5733165512901186
2,5,0.8170000000000001,-1.5724506643604057
2,5,0.8180000000000001,-1.5715857300015723
2,5,0.8190000000000001,-1.5707217466425827
2,5,0.8200000000000001,-1.5698587127158548
2,5,0.8210000000000001,-1.568996626657252
2,5,0.8220000000000001,-1.5681354869060686
2,5,0.8230000000000001,-1.5672752919050226
2,5,0.8240000000000001,-1.5664160401002503
2,5,0.8250000000000001,-1.565557729941292
2,5,0.8260000000000001,-1.5647003598810834
2,5,0.8270000000000001,-1.563843928375948
2,5,0.8280000000000001,-1.5629884338855893
2,5,0.8290000000000001,-1.5621338748730762
2,5,0.8300000000000001,-1.5612802498048395
2,5,0.8310000000000001,-1.5604275571506598
2,5,0.8320000000000001,-1.5595757953836547
2,5,0.833,-1.558724962980282
2,5,0.834,-1.557875058420315
2,5,0.835,-1.5570260801868434
2,5,0.836,-1.5561780267662617
2,5,0.837,-1.5553308966482615
2,5,0.838,-1.5544846883258194
2,5,0.839,-1.5536394002951914
2,5,0.84,-1.5527950310559013
2,5,0.841,-1.551951579110732
2,5,0.842,-1.551109042965721
2,5,0.843,-1.5502674211301444
2,5,0.844,-1.5494267121165168
2,5,0.845,-1.5485869144405733
2,5,0.846,-1.5477480266212662
2,5,0.847,-1.5469100471807566
2,5,0.848,-1.546072974644403
2,5,0.849,-1.5452368075407552
2,5,0.85,-1.544401544401544
2,5,0.851,-1.5435671837616733
2,5,0.852,-1.5427337241592105
2,5,0.853,-1.5419011641353797
2,5,0.854,-1.541069502234551
2,5,0.855,-1.5402387370042354
2,5,0.856,-1.5394088669950738
2,5,0.857,-1.5385798907608284
2,5,0.858,-1.5377518068583729
2,5,0.859,-1.536924613847691
2,5,0.86,-1.536098310291859
2,5,0.861,-1.5352728947570426
2,5,0.862,-1.5344483658124908
2,5,0.863,-1.53362472203052
2,5,0.864,-1.5328019619865114
2,5,0.865,-1.5319800842589049
2,5,0.866,-1.531159087429184
2,5,0.867,-1.530338970081873
2,5,0.868,-1.5295197308045272
2,5,0.869,-1.5287013681877255
2,5,0.87,-1.5278838808250566
2,5,0.871,-1.5270672673131247
2,5,0.872,-1.5262515262515257
2,5,0.873,-1.52543665624285
2,5,0.874,-1.5246226558926663
2,5,0.875,-1.523809523809524
2,5,0.876,-1.5229972586049345
2,5,0.877,-1.52218585889337
2,5,0.878,-1.5213753232922567
2,5,0.879,-1.5205656504219571
2,5,0.88,-1.5197568389057752
2,5,0.881,-1.5189488873699402
2,5,0.882,-1.518141794443601
2,5,0.883,-1.51733555875882
2,5,0.884,-1.516530178950561
2,5,0.885,-1.5157256536566888
2,5,0.886,-1.5149219815179527
2,5,0.887,-1.5141191611779847
2,5,0.888,-1.5133171912832932
2,5,0.889,-1.5125160704832497
2,5,0.89,-1.5117157974300832
2,5,0.891,-1.5109163707788775
2,5,0.892,-1.5101177891875568
2,5,0.893,-1.509320051316882
2,5,0.894,-1.5085231558304417
2,5,0.895,-1.5077271013946474
2,5,0.896,-1.5069318866787218
2,5,0.897,-1.5061375103546952
2,5,0.898,-1.505343971097396
2,5,0.899,-1.5045512675844424
2,5,0.9,-1.50375939849624
2,5,0.901,-1.5029683625159689
2,5,0.902,-1.5021781583295772
2,5,0.903,-1.501388784625779
2,5,0.904,-1.5006002400960383
2,5,0.905,-1.4998125234345712
2,5,0.906,-1.4990256333383294
2,5,0.907,-1.4982395685070045
2,5,0.908,-1.4974543276430068
2,5,0.909,-1.4966699094514695
2,5,0.91,-1.4958863126402395
2,5,0.911,-1.4951035359198621
2,5,0.912,-1.4943215780035861
2,5,0.913,-1.4935404376073484
2,5,0.914,-1.4927601134497688
2,5,0.915,-1.4919806042521444
2,5,0.916,-1.4912019087384432
2,5,0.917,-1.4904240256352934
2,5,0.918,-1.4896469536719792
2,5,0.919,-1.4888706915804368
2,5,0.92,-1.4880952380952384
2,5,0.921,-1.487320591953596
2,5,0.922,-1.4865467518953468
2,5,0.923,-1.4857737166629525
2,5,0.924,-1.4850014850014852
2,5,0.925,-1.4842300556586263
2,5,0.926,-1.4834594273846613
2,5,0.927,-1.482689598932464
2,5,0.928,-1.4819205690574988
2,5,0.929,-1.4811523365178114
2,5,0.93,-1.4803849000740192
2,5,0.931,-1.4796182584893092
2,5,0.932,-1.4788524105294294
2,5,0.933,-1.4780873549626783
2,5,0.934,-1.4773230905599044
2,5,0.935,-1.4765596160944994
2,5,0.936,-1.4757969303423852
2,5,0.937,-1.4750350320820127
2,5,0.9380000000000001,-1.4742739200943529
2,5,0.9390000000000001,-1.4735135931628967
2,5,0.9400000000000001,-1.472754050073638
2,5,0.9410000000000001,-1.471995289615073
2,5,0.9420000000000001,-1.4712373105781955
2,5,0.9430000000000001,-1.4704801117564892
2,5,0.9440000000000001,-1.4697236919459145
2,5,0.9450000000000001,-1.4689680499449138
2,5,0.9460000000000001,-1.4682131845543978
2,5,0.9470000000000001,-1.4674590945777384
2,5,0.9480000000000001,-1.466705778820769
2,5,0.9490000000000001,-1.4659532360917682
2,5,0.9500000000000001,-1.4652014652014655
2,5,0.9510000000000001,-1.464450464963023
2,5,0.9520000000000001,-1.4637002341920369
2,5,0.9530000000000001,-1.4629507717065322
2,5,0.9540000000000001,-1.4622020763269483
2,5,0.9550000000000001,-1.4614541468761422
2,5,0.9560000000000001,-1.460706982179375
2,5,0.9570000000000001,-1.4599605810643106
2,5,0.9580000000000001,-1.4592149423610095
2,5,0.9590000000000001,-1.4584700649019178
2,5,0.96,-1.4577259475218658
2,5,0.961,-1.45698258905806
2,5,0.962,-1.4562399883500798
2,5,0.963,-1.4554981442398651
2,5,0.964,-1.4547570555717193
2,5,0.965,-1.4540167211922932
2,5,0.966,-1.4532771399505888
2,5,0.967,-1.4525383106979444
2,5,0.968,-1.4518002322880375
2,5,0.969,-1.4510629035768707
2,5,0.97,-1.45032632342277
2,5,0.971,-1.449590490686381
2,5,0.972,-1.4488554042306578
2,5,0.973,-1.44812106292086
2,5,0.974,-1.4473874656245478
2,5,0.975,-1.446654611211573
2,5,0.976,-1.4459224985540775
2,5,0.977,-1.4451911265264834
2,5,0.978,-1.4444604940054888
2,5,0.979,-1.4437305998700651
2,5,0.98,-1.4430014430014433
2,5,0.981,-1.4422730222831177
2,5,0.982,-1.4415453366008362
2,5,0.983,-1.44081838484259
2,5,0.984,-1.4400921658986177
2,5,0.985,-1.439366678661389
2,5,0.986,-1.4386419220256075
2,5,0.987,-1.437917894888202
2,5,0.988,-1.4371945961483186
2,5,0.989,-1.4364720247073182
2,5,0.99,-1.4357501794687721
2,5,0.991,-1.4350290593384525
2,5,0.992,-1.4343086632243258
2,5,0.993,-1.4335889900365562
2,5,0.994,-1.4328700386874909
2,5,0.995,-1.4321518080916573
2,5,0.996,-1.4314342971657594
2,5,0.997,-1.4307175048286713
2,5,0.998,-1.4300014300014308
2,5,0.999,-1.4292860716072315
2,5,1.0,-1.4285714285714284
2,10,0.0,-3.3333333333333326
2,10,0.001,-3.3300033300033305
2,10,0.002,-3.3266799733865615
2,10,0.003,-3.323363243602526
2,10,0.004,-3.320053120849933
2,10,0.005,-3.3167495854063023
2,10,0.006,-3.313452617627568
2,10,0.007,-3.3101621979477014
2,10,0.008,-3.306878306878307
2,10,0.009000000000000001,-3.303600925008261
2,10,0.01,-3.3003300330033025
2,10,0.011,-3.297065611605672
2,10,0.012,-3.293807641633728
2,10,0.013000000000000001,-3.2905561039815745
2,10,0.014,-3.2873109796186717
2,10,0.015,-3.2840722495894936
2,10,0.016,-3.2808398950131235
2,10,0.017,-3.2776138970829227
2,10,0.018000000000000002,-3.274394237066145
2,10,0.019,-3.271180896303565
2,10,0.02,-3.26797385620915
2,10,0.021,-3.264773098269671
2,10,0.022,-3.261578604044355
2,10,0.023,-3.258390355164551
2,10,0.024,-3.2552083333333326
2,10,0.025,-3.252032520325203
2,10,0.026000000000000002,-3.248862897985705
2,10,0.027,-3.245699448231094
2,10,0.028,-3.242542153047989
2,10,0.029,-3.2393909944930344
2,10,0.03,-3.236245954692556
2,10,0.031,-3.233107015842227
2,10,0.032,-3.2299741602067167
2,10,0.033,-3.2268473701193945
2,10,0.034,-3.2237266279819465
2,10,0.035,-3.220611916264089
2,10,0.036000000000000004,-3.217503217503217
2,10,0.037,-3.2144005143040832
2,10,0.038,-3.211303789338471
2,10,0.039,-3.2082130253448837
2,10,0.04,-3.205128205128205
2,10,0.041,-3.2020493115593984
2,10,0.042,-3.198976327575178
2,10,0.043000000000000003,-3.195909236177692
2,10,0.044,-3.192848020434227
2,10,0.045,-3.189792663476876
2,10,0.046,-3.186743148502229
2,10,0.047,-3.183699458771092
2,10,0.048,-3.1806615776081415
2,10,0.049,-3.177629488401652
2,10,0.05,-3.1746031746031744
2,10,0.051000000000000004,-3.1715826197272423
2,10,0.052000000000000005,-3.168567807351077
2,10,0.053,-3.1655587211142766
2,10,0.054,-3.1625553447185317
2,10,0.055,-3.1595576619273302
2,10,0.056,-3.1565656565656552
2,10,0.057,-3.15357931251971
2,10,0.058,-3.1505986137366104
2,10,0.059000000000000004,-3.1476235442241096
2,10,0.06,-3.1446540880503138
2,10,0.061,-3.1416902293433857
2,10,0.062,-3.1387319522912738
2,10,0.063,-3.1357792411414254
2,10,0.064,-3.1328320802005027
2,10,0.065,-3.1298904538341143
2,10,0.066,-3.1269543464665417
2,10,0.067,-3.124023742580442
2,10,0.068,-3.121098626716605
2,10,0.069,-3.1181789834736495
2,10,0.07,-3.1152647975077885
2,10,0.07100000000000001,-3.1123560535325256
2,10,0.07200000000000001,-3.1094527363184077
2,10,0.073,-3.1065548306927626
2,10,0.074,-3.1036623215394177
2,10,0.075,-3.1007751937984485
2,10,0.076,-3.0978934324659235
2,10,0.077,-3.0950170225936247
2,10,0.078,-3.092145949288805
2,10,0.079,-3.089280197713935
2,10,0.08,-3.086419753086418
2,10,0.081,-3.0835646006783834
2,10,0.082,-3.080714725816389
2,10,0.083,-3.0778701138811937
2,10,0.084,-3.0750307503075036
2,10,0.085,-3.072196620583716
2,10,0.08600000000000001,-3.069367710251687
2,10,0.08700000000000001,-3.0665440049064707
2,10,0.088,-3.0637254901960786
2,10,0.089,-3.0609121518212423
2,10,0.09,-3.058103975535169
2,10,0.091,-3.0553009471432935
2,10,0.092,-3.0525030525030528
2,10,0.093,-3.049710277523636
2,10,0.094,-3.0469226081657497
2,10,0.095,-3.0441400304414024
2,10,0.096,-3.041362530413625
2,10,0.097,-3.038590094196292
2,10,0.098,-3.035822707953857
2,10,0.099,-3.033060357901123
2,10,0.1,-3.03030303030303
2,10,0.101,-3.027550711474416
2,10,0.10200000000000001,-3.024803387779793
2,10,0.10300000000000001,-3.022061045633122
2,10,0.10400000000000001,-3.0193236714975846
2,10,0.105,-3.01659125188537
2,10,0.106,-3.013863773357446
2,10,0.107,-3.011141222523337
2,10,0.108,-3.008423586040916
2,10,0.109,-3.00571085061617
2,10,0.11,-3.003003003003002
2,10,0.111,-3.0003000300030003
2,10,0.112,-2.997601918465229
2,10,0.113,-2.9949086552860127
2,10,0.114,-2.9922202274087373
2,10,0.115,-2.9895366218236163
2,10,0.116,-2.9868578255675016
2,10,0.117,-2.984183825723663
2,10,0.11800000000000001,-2.9815146094215828
2,10,0.11900000000000001,-2.9788501638367593
2,10,0.12,-2.9761904761904767
2,10,0.121,-2.973535533749627
2,10,0.122,-2.9708853238265
2,10,0.123,-2.96823983377857
2,10,0.124,-2.965599051008303
2,10,0.125,-2.962962962962963
2,10,0.126,-2.960331557134399
2,10,0.127,-2.9577048210588575
2,10,0.128,-2.955082742316786
2,10,0.129,-2.9524653085326236
2,10,0.13,-2.9498525073746307
2,10,0.131,-2.94724432655467
2,10,0.132,-2.944640753828034
2,10,0.133,-2.9420417769932317
2,10,0.134,-2.939447383891829
2,10,0.135,-2.936857562408224
2,10,0.136,-2.934272300469485
2,10,0.137,-2.9316915860451465
2,10,0.138,-2.9291154071470427
2,10,0.139,-2.926543751829087
2,10,0.14,-2.9239766081871355
2,10,0.14100000000000001,-2.92141396435875
2,10,0.14200000000000002,-2.9188558085230576
2,10,0.14300000000000002,-2.9163021289005564
2,10,0.14400000000000002,-2.913752913752914
2,10,0.145,-2.9112081513828247
2,10,0.146,-2.9086678301338
2,10,0.147,-2.906131938390002
2,10,0.148,-2.903600464576075
2,10,0.149,-2.901073397156948
2,10,0.15,-2.8985507246376807
2,10,0.151,-2.8960324355632783
2,10,0.152,-2.8935185185185164
2,10,0.153,-2.8910089621277812
2,10,0.154,-2.888503755054881
2,10,0.155,-2.8860028860028852
2,10,0.156,-2.8835063437139574
2,10,0.157,-2.881014116969174
2,10,0.158,-2.878526194588371
2,10,0.159,-2.876042565429968
2,10,0.16,-2.8735632183908044
2,10,0.161,-2.871088142405971
2,10,0.162,-2.8686173264486503
2,10,0.163,-2.8661507595299485
2,10,0.164,-2.863688430698741
2,10,0.165,-2.8612303290414887
2,10,0.166,-2.858776443682105
2,10,0.167,-2.856326763781778
2,10,0.168,-2.8538812785388123
2,10,0.169,-2.8514399771884813
2,10,0.17,-2.8490028490028485
2,10,0.171,-2.8465698832906328
2,10,0.17200000000000001,-2.8441410693970437
2,10,0.17300000000000001,-2.8417163967036085
2,10,0.17400000000000002,-2.8392958546280522
2,10,0.17500000000000002,-2.8368794326241153
2,10,0.176,-2.8344671201814053
2,10,0.177,-2.832058906825261
2,10,0.178,-2.829654782116582
2,10,0.179,-2.827254735651681
2,10,0.18,-2.8248587570621475
2,10,0.181,-2.8224668360146787
2,10,0.182,-2.8200789622109412
2,10,0.183,-2.817695125387434
2,10,0.184,-2.8153153153153143
2,10,0.185,-2.8129395218002795
2,10,0.186,-2.8105677346824076
2,10,0.187,-2.8081999438360006
2,10,0.188,-2.805836139169473
2,10,0.189,-2.8034763106251748
2,10,0.19,-2.8011204481792706
2,10,0.191,-2.798768541841592
2,10,0.192,-2.796420581655479
2,10,0.193,-2.79407655769768
2,10,0.194,-2.791736460078169
2,10,0.195,-2.7894002789400263
2,10,0.196,-2.78706800445931
2,10,0.197,-2.78473962684489
2,10,0.198,-2.782415136338341
2,10,0.199,-2.7800945232137897
2,10,0.2,-2.777777777777777
2,10,0.201,-2.775464890369137
2,10,0.202,-2.773155851358846
2,10,0.203,-2.770850651149901
2,10,0.20400000000000001,-2.7685492801771883
2,10,0.20500000000000002,-2.7662517289073296
2,10,0.20600000000000002,-2.7639579878385834
2,10,0.20700000000000002,-2.7616680475006894
2,10,0.20800000000000002,-2.7593818984547447
2,10,0.209,-2.757099531293079
2,10,0.21,-2.7548209366391174
2,10,0.211,-2.75254610514726
2,10,0.212,-2.750275027502751
2,10,0.213,-2.7480076944215437
2,10,0.214,-2.745744096650191
2,10,0.215,-2.7434842249657065
2,10,0.216,-2.741228070175439
2,10,0.217,-2.738975623116955
2,10,0.218,-2.7367268746579088
2,10,0.219,-2.734481815695924
2,10,0.22,-2.7322404371584708
2,10,0.221,-2.7300027300027296
2,10,0.222,-2.7277686852154925
2,10,0.223,-2.725538293813028
2,10,0.224,-2.7233115468409563
2,10,0.225,-2.7210884353741482
2,10,0.226,-2.7188689505165864
2,10,0.227,-2.7166530834012503
2,10,0.228,-2.714440825190012
2,10,0.229,-2.7122321670735006
2,10,0.23,-2.710027100271002
2,10,0.231,-2.7078256160303282
2,10,0.232,-2.7056277056277045
2,10,0.233,-2.7034333603676663
2,10,0.234,-2.701242571582927
2,10,0.23500000000000001,-2.699055330634277
2,10,0.23600000000000002,-2.6968716289104644
2,10,0.23700000000000002,-2.69469145782808
2,10,0.23800000000000002,-2.69251480883145
2,10,0.23900000000000002,-2.6903416733925223
2,10,0.24,-2.6881720430107525
2,10,0.241,-2.6860059092129984
2,10,0.242,-2.6838432635534093
2,10,0.243,-2.6816840976132994
2,10,0.244,-2.6795284030010724
2,10,0.245,-2.6773761713520727
2,10,0.246,-2.6752273943285187
2,10,0.247,-2.673082063619354
2,10,0.248,-2.6709401709401703
2,10,0.249,-2.668801708033093
2,10,0.25,-2.6666666666666683
2,10,0.251,-2.664535038635758
2,10,0.252,-2.662406815761451
2,10,0.253,-2.660281989890929
2,10,0.254,-2.658160552897395
2,10,0.255,-2.6560424966799467
2,10,0.256,-2.6539278131634814
2,10,0.257,-2.6518164942985956
2,10,0.258,-2.6497085320614744
2,10,0.259,-2.6476039184538003
2,10,0.26,-2.6455026455026465
2,10,0.261,-2.643404705260375
2,10,0.262,-2.6413100898045427
2,10,0.263,-2.639218791237792
2,10,0.264,-2.6371308016877637
2,10,0.265,-2.6350461133069825
2,10,0.266,-2.6329647182727767
2,10,0.267,-2.630886608787162
2,10,0.268,-2.6288117770767627
2,10,0.269,-2.6267402153926978
2,10,0.27,-2.624671916010497
2,10,0.271,-2.622606871230002
2,10,0.272,-2.62054507337526
2,10,0.273,-2.618486514794447
2,10,0.274,-2.61643118785976
2,10,0.275,-2.614379084967322
2,10,0.276,-2.612330198537096
2,10,0.277,-2.610284521012789
2,10,0.278,-2.608242044861764
2,10,0.279,-2.6062027625749273
2,10,0.28,-2.604166666666665
2,10,0.281,-2.602133749674731
2,10,0.28200000000000003,-2.6001040041601664
2,10,0.28300000000000003,-2.5980774227071968
2,10,0.28400000000000003,-2.596053997923158
2,10,0.28500000000000003,-2.5940337224383914
2,10,0.28600000000000003,-2.5920165889061697
2,10,0.28700000000000003,-2.5900025900025914
2,10,0.28800000000000003,-2.587991718426501
2,10,0.289,-2.5859839668994056
2,10,0.29,-2.5839793281653733
2,10,0.291,-2.581977794990964
2,10,0.292,-2.579979360165119
2,10,0.293,-2.5779840164990975
2,10,0.294,-2.575991756826377
2,10,0.295,-2.574002574002574
2,10,0.296,-2.5720164609053486
2,10,0.297,-2.570033410434338
2,10,0.298,-2.5680534155110424
2,10,0.299,-2.5660764690787774
2,10,0.3,-2.564102564102564
2,10,0.301,-2.5621316935690497
2,10,0.302,-2.56016385048643
2,10,0.303,-2.558199027884369
2,10,0.304,-2.556237218813906
2,10,0.305,-2.554278416347382
2,10,0.306,-2.552322613578355
2,10,0.307,-2.550369803621526
2,10,0.308,-2.5484199796126417
2,10,0.309,-2.546473134708429
2,10,0.31,-2.5445292620865123
2,10,0.311,-2.5425883549453343
2,10,0.312,-2.540650406504066
2,10,0.313,-2.538715410002539
2,10,0.314,-2.536783358701167
2,10,0.315,-2.534854245880862
2,10,0.316,-2.5329280648429586
2,10,0.317,-2.5310048089091364
2,10,0.318,-2.5290844714213456
2,10,0.319,-2.527167045741723
2,10,0.32,-2.525252525252526
2,10,0.321,-2.523340903356044
2,10,0.322,-2.5214321734745337
2,10,0.323,-2.519526329050139
2,10,0.324,-2.517623363544814
2,10,0.325,-2.515723270440251
2,10,0.326,-2.513826043237808
2,10,0.327,-2.5119316754584275
2,10,0.328,-2.510040160642568
2,10,0.329,-2.508151492350139
2,10,0.33,-2.506265664160401
2,10,0.331,-2.504382669671925
2,10,0.332,-2.502502502502504
2,10,0.333,-2.5006251562890713
2,10,0.334,-2.498750624687658
2,10,0.335,-2.496878901373285
2,10,0.336,-2.4950099800399173
2,10,0.337,-2.493143854400399
2,10,0.338,-2.4912805181863473
2,10,0.339,-2.4894199651481186
2,10,0.34,-2.487562189054726
2,10,0.341,-2.4857071836937594
2,10,0.342,-2.4838549428713352
2,10,0.343,-2.4820054604120134
2,10,0.34400000000000003,-2.480158730158728
2,10,0.34500000000000003,-2.4783147459727406
2,10,0.34600000000000003,-2.4764735017335315
2,10,0.34700000000000003,-2.47463499133878
2,10,0.34800000000000003,-2.472799208704255
2,10,0.34900000000000003,-2.4709661477637757
2,10,0.35000000000000003,-2.469135802469138
2,10,0.35100000000000003,-2.467308166790032
2,10,0.352,-2.465483234714003
2,10,0.353,-2.4636610002463666
2,10,0.354,-2.461841457410141
2,10,0.355,-2.4600246002460002
2,10,0.356,-2.4582104228121926
2,10,0.357,-2.456398919184475
2,10,0.358,-2.454590083456061
2,10,0.359,-2.4527839097375526
2,10,0.36,-2.450980392156863
2,10,0.361,-2.449179524859173
2,10,0.362,-2.4473813020068524
2,10,0.363,-2.4455857177794105
2,10,0.364,-2.4437927663734116
2,10,0.365,-2.44200244200244
2,10,0.366,-2.440214738897024
2,10,0.367,-2.438429651304561
2,10,0.368,-2.436647173489277
2,10,0.369,-2.434867299732164
2,10,0.37,-2.4330900243309017
2,10,0.371,-2.4313153415998046
2,10,0.372,-2.4295432458697763
2,10,0.373,-2.4277737314882253
2,10,0.374,-2.42600679281902
2,10,0.375,-2.4242424242424243
2,10,0.376,-2.422480620155041
2,10,0.377,-2.420721374969741
2,10,0.378,-2.4189646831156275
2,10,0.379,-2.4172105390379506
2,10,0.38,-2.4154589371980695
2,10,0.381,-2.413709872073375
2,10,0.382,-2.4119633381572614
2,10,0.383,-2.4102193299590247
2,10,0.384,-2.408477842003851
2,10,0.385,-2.406738868832734
2,10,0.386,-2.4050024050024055
2,10,0.387,-2.4032684450853137
2,10,0.388,-2.40153698366955
2,10,0.389,-2.399808015358771
2,10,0.39,-2.3980815347721807
2,10,0.391,-2.396357536544451
2,10,0.392,-2.394636015325673
2,10,0.393,-2.3929169657812865
2,10,0.394,-2.3912003825920602
2,10,0.395,-2.3894862604540035
2,10,0.396,-2.387774594078318
2,10,0.397,-2.386065378191362
2,10,0.398,-2.3843586075345757
2,10,0.399,-2.3826542768644265
2,10,0.4,-2.380952380952379
2,10,0.401,-2.379252914584822
2,10,0.402,-2.377555872563004
2,10,0.403,-2.3758612497030174
2,10,0.404,-2.3741690408357097
2,10,0.405,-2.372479240806644
2,10,0.406,-2.3707918444760545
2,10,0.40700000000000003,-2.369106846718787
2,10,0.40800000000000003,-2.3674242424242453
2,10,0.40900000000000003,-2.3657440264963325
2,10,0.41000000000000003,-2.364066193853427
2,10,0.41100000000000003,-2.3623907394283017
2,10,0.41200000000000003,-2.3607176581680833
2,10,0.41300000000000003,-2.3590469450342066
2,10,0.41400000000000003,-2.3573785950023574
2,10,0.41500000000000004,-2.3557126030624276
2,10,0.41600000000000004,-2.3540489642184537
2,10,0.417,-2.3523876734885896
2,10,0.418,-2.350728725905029
2,10,0.419,-2.349072116513975
2,10,0.42,-2.3474178403755874
2,10,0.421,-2.3457658925639224
2,10,0.422,-2.3441162681669003
2,10,0.423,-2.3424689622862505
2,10,0.424,-2.3408239700374556
2,10,0.425,-2.3391812865497075
2,10,0.426,-2.3375409069658715
2,10,0.427,-2.3359028264424198
2,10,0.428,-2.3342670401493937
2,10,0.429,-2.3326335432703527
2,10,0.43,-2.331002331002332
2,10,0.431,-2.3293733985557896
2,10,0.432,-2.3277467411545594
2,10,0.433,-2.3261223540358222
2,10,0.434,-2.324500232450024
2,10,0.435,-2.322880371660858
2,10,0.436,-2.321262766945218
2,10,0.437,-2.3196474135931333
2,10,0.438,-2.3180343069077436
2,10,0.439,-2.3164234422052354
2,10,0.44,-2.314814814814814
2,10,0.441,-2.3132084200786496
2,10,0.442,-2.3116042533518266
2,10,0.443,-2.3100023100023126
2,10,0.444,-2.308402585410896
2,10,0.445,-2.3068050749711633
2,10,0.446,-2.305209774089443
2,10,0.447,-2.30361667818475
2,10,0.448,-2.302025782688766
2,10,0.449,-2.300437083045781
2,10,0.45,-2.298850574712643
2,10,0.451,-2.2972662531587407
2,10,0.452,-2.2956841138659323
2,10,0.453,-2.2941041523285155
2,10,0.454,-2.2925263640531868
2,10,0.455,-2.2909507445589927
2,10,0.456,-2.28937728937729
2,10,0.457,-2.287805994051706
2,10,0.458,-2.2862368541380884
2,10,0.459,-2.2846698652044806
2,10,0.46,-2.283105022831049
2,10,0.461,-2.281542322610084
2,10,0.462,-2.2799817601459194
2,10,0.463,-2.2784233310549107
2,10,0.464,-2.2768670309653904
2,10,0.465,-2.2753128555176327
2,10,0.466,-2.273760800363802
2,10,0.467,-2.272210861167916
2,10,0.468,-2.270663033605813
2,10,0.46900000000000003,-2.269117313365101
2,10,0.47000000000000003,-2.2675736961451243
2,10,0.47100000000000003,-2.2660321776569226
2,10,0.47200000000000003,-2.2644927536231907
2,10,0.47300000000000003,-2.26295541977823
2,10,0.47400000000000003,-2.2614201718679316
2,10,0.47500000000000003,-2.259887005649719
2,10,0.47600000000000003,-2.2583559168925027
2,10,0.47700000000000004,-2.256826901376665
2,10,0.47800000000000004,-2.255299954894001
2,10,0.47900000000000004,-2.25377507324769
2,10,0.48,-2.2522522522522515
2,10,0.481,-2.2507314877335127
2,10,0.482,-2.249212775528564
2,10,0.483,-2.2476961114857263
2,10,0.484,-2.2461814914645095
2,10,0.485,-2.244668911335579
2,10,0.486,-2.2431583669807087
2,10,0.487,-2.24164985429276
2,10,0.488,-2.2401433691756267
2,10,0.489,-2.2386389075442126
2,10,0.49,-2.2371364653243853
2,10,0.491,-2.2356360384529417
2,10,0.492,-2.23413762287757
2,10,0.493,-2.2326412145568186
2,10,0.494,-2.231146809460063
2,10,0.495,-2.229654403567447
2,10,0.496,-2.2281639928698738
2,10,0.497,-2.226675573368959
2,10,0.498,-2.225189141076991
2,10,0.499,-2.223704692016899
2,10,0.5,-2.222222222222221
2,10,0.501,-2.2207417277370656
2,10,0.502,-2.2192632046160687
2,10,0.503,-2.2177866489243736
2,10,0.504,-2.2163120567375905
2,10,0.505,-2.21483942414175
2,10,0.506,-2.2133687472332886
2,10,0.507,-2.211900022119
2,10,0.508,-2.2104332449160036
2,10,0.509,-2.2089684117517105
2,10,0.51,-2.2075055187637993
2,10,0.511,-2.2060445621001534
2,10,0.512,-2.2045855379188706
2,10,0.513,-2.2031284423881914
2,10,0.514,-2.2016732716864817
2,10,0.515,-2.2002200220021995
2,10,0.516,-2.198768689533861
2,10,0.517,-2.1973192704900035
2,10,0.518,-2.1958717610891543
2,10,0.519,-2.1944261575597968
2,10,0.52,-2.1929824561403533
2,10,0.521,-2.191540653079116
2,10,0.522,-2.1901007446342535
2,10,0.523,-2.188662727073758
2,10,0.524,-2.1872265966754156
2,10,0.525,-2.185792349726776
2,10,0.526,-2.184359982525119
2,10,0.527,-2.18292949137743
2,10,0.528,-2.181500872600348
2,10,0.529,-2.180074122520166
2,10,0.53,-2.1786492374727673
2,10,0.531,-2.1772262138036136
2,10,0.532,-2.1758050478677116
2,10,0.533,-2.1743857360295737
2,10,0.534,-2.1729682746631895
2,10,0.535,-2.1715526601520097
2,10,0.536,-2.1701388888888884
2,10,0.537,-2.1687269572760792
2,10,0.538,-2.1673168617251837
2,10,0.539,-2.165908598657138
2,10,0.54,-2.1645021645021645
2,10,0.541,-2.1630975556997623
2,10,0.542,-2.161694768698661
2,10,0.543,-2.160293799956794
2,10,0.544,-2.158894645941276
2,10,0.545,-2.157497303128373
2,10,0.546,-2.156101768003449
2,10,0.547,-2.1547080370609772
2,10,0.548,-2.1533161068044793
2,10,0.549,-2.1519259737465046
2,10,0.55,-2.1505376344086025
2,10,0.551,-2.149151085321297
2,10,0.552,-2.147766323024054
2,10,0.553,-2.14638334406525
2,10,0.554,-2.145002145002144
2,10,0.555,-2.1436227224008575
2,10,0.556,-2.142245072836333
2,10,0.557,-2.140869192892314
2,10,0.558,-2.13949507916132
2,10,0.559,-2.1381227282446003
2,10,0.56,-2.136752136752136
2,10,0.561,-2.1353833013025847
2,10,0.562,-2.1340162185232603
2,10,0.5630000000000001,-2.132650885050116
2,10,0.5640000000000001,-2.1312872975277064
2,10,0.5650000000000001,-2.129925452609158
2,10,0.5660000000000001,-2.1285653469561527
2,10,0.5670000000000001,-2.1272069772388846
2,10,0.5680000000000001,-2.125850340136055
2,10,0.5690000000000001,-2.124495432334821
2,10,0.5700000000000001,-2.123142250530785
2,10,0.5710000000000001,-2.1217907914279666
2,10,0.5720000000000001,-2.1204410517387617
2,10,0.5730000000000001,-2.119093028183936
2,10,0.5740000000000001,-2.117746717492588
2,10,0.5750000000000001,-2.1164021164021163
2,10,0.5760000000000001,-2.1150592216582065
2,10,0.577,-2.1137180300147973
2,10,0.578,-2.112378538234052
2,10,0.579,-2.111040743086343
2,10,0.58,-2.1097046413502096
2,10,0.581,-2.1083702298123574
2,10,0.582,-2.1070375052675927
2,10,0.583,-2.105706464518846
2,10,0.584,-2.1043771043771042
2,10,0.585,-2.103049421661407
2,10,0.586,-2.1017234131988216
2,10,0.587,-2.100399075824406
2,10,0.588,-2.099076406381193
2,10,0.589,-2.0977554017201583
2,10,0.59,-2.0964360587002107
2,10,0.591,-2.095118374188143
2,10,0.592,-2.093802345058624
2,10,0.593,-2.0924879681941833
2,10,0.594,-2.0911752404851547
2,10,0.595,-2.0898641588296774
2,10,0.596,-2.0885547201336663
2,10,0.597,-2.0872469213107925
2,10,0.598,-2.0859407592824364
2,10,0.599,-2.0846362309776945
2,10,0.6,-2.083333333333335
2,10,0.601,-2.082032063293775
2,10,0.602,-2.0807324178110687
2,10,0.603,-2.0794343938448745
2,10,0.604,-2.078137988362425
2,10,0.605,-2.0768431983385227
2,10,0.606,-2.075550020755501
2,10,0.607,-2.074258452603195
2,10,0.608,-2.072968490878937
2,10,0.609,-2.071680132587528
2,10,0.61,-2.0703933747412018
2,10,0.611,-2.069108214359612
2,10,0.612,-2.0678246484698093
2,10,0.613,-2.06654267410622
2,10,0.614,-2.0652622883106164
2,10,0.615,-2.063983488132095
2,10,0.616,-2.062706270627064
2,10,0.617,-2.0614306328592047
2,10,0.618,-2.060156571899463
2,10,0.619,-2.058884084826025
2,10,0.62,-2.0576131687242794
2,10,0.621,-2.056343820686819
2,10,0.622,-2.055076037813399
2,10,0.623,-2.0538098172109254
2,10,0.624,-2.0525451559934305
2,10,0.625,-2.051282051282053
2,10,0.626,-2.050020500205003
2,10,0.627,-2.048760499897564
2,10,0.628,-2.047502047502048
2,10,0.629,-2.046245140167793
2,10,0.63,-2.044989775051125
2,10,0.631,-2.0437359493153484
2,10,0.632,-2.0424836601307184
2,10,0.633,-2.0412329046744238
2,10,0.634,-2.039983680130557
2,10,0.635,-2.038735983690112
2,10,0.636,-2.0374898125509366
2,10,0.637,-2.0362451639177337
2,10,0.638,-2.035002035002036
2,10,0.639,-2.0337604230221684
2,10,0.64,-2.032520325203251
2,10,0.641,-2.0312817387771687
2,10,0.642,-2.0300446609825418
2,10,0.643,-2.028809089064718
2,10,0.644,-2.027575020275749
2,10,0.645,-2.026342451874368
2,10,0.646,-2.0251113811259613
2,10,0.647,-2.02388180530257
2,10,0.648,-2.0226537216828477
2,10,0.649,-2.0214271275520512
2,10,0.65,-2.02020202020202
2,10,0.651,-2.0189783969311548
2,10,0.652,-2.0177562550443917
2,10,0.653,-2.0165355918531946
2,10,0.654,-2.0153164046755334
2,10,0.655,-2.0140986908358505
2,10,0.656,-2.012882447665054
2,10,0.657,-2.0116676725005034
2,10,0.658,-2.0104543626859694
2,10,0.659,-2.00924251557163
2,10,0.66,-2.0080321285140568
2,10,0.661,-2.0068231988761798
2,10,0.662,-2.0056157240272765
2,10,0.663,-2.004409701342953
2,10,0.664,-2.00320512820513
2,10,0.665,-2.0020020020020013
2,10,0.666,-2.000800320128051
2,10,0.667,-1.999600079984003
2,10,0.668,-1.998401278976818
2,10,0.669,-1.997203914519673
2,10,0.67,-1.9960079840319367
2,10,0.671,-1.9948134849391574
2,10,0.672,-1.993620414673044
2,10,0.673,-1.9924287706714472
2,10,0.674,-1.991238550378337
2,10,0.675,-1.990049751243781
2,10,0.676,-1.9888623707239461
2,10,0.677,-1.9876764062810581
2,10,0.678,-1.9864918553833921
2,10,0.679,-1.9853087155052607
2,10,0.68,-1.984126984126986
2,10,0.681,-1.9829466587348787
2,10,0.682,-1.9817677368212439
2,10,0.683,-1.9805902158843347
2,10,0.684,-1.9794140934283455
2,10,0.685,-1.9782393669634013
2,10,0.686,-1.9770660340055346
2,10,0.687,-1.9758940920766643
2,10,0.6880000000000001,-1.9747235387045792
2,10,0.6890000000000001,-1.973554371422933
2,10,0.6900000000000001,-1.9723865877712043
2,10,0.6910000000000001,-1.9712201852946964
2,10,0.6920000000000001,-1.9700551615445239
2,10,0.6930000000000001,-1.9688915140775753
2,10,0.6940000000000001,-1.9677292404565128
2,10,0.6950000000000001,-1.9665683382497534
2,10,0.6960000000000001,-1.9654088050314467
2,10,0.6970000000000001,-1.9642506383814573
2,10,0.6980000000000001,-1.9630938358853534
2,10,0.6990000000000001,-1.9619383951343927
2,10,0.7000000000000001,-1.96078431372549
2,10,0.7010000000000001,-1.9596315892612182
2,10,0.7020000000000001,-1.9584802193497841
2,10,0.7030000000000001,-1.9573302016050098
2,10,0.704,-1.9561815336463229
2,10,0.705,-1.9550342130987286
2,10,0.706,-1.9538882375928113
2,10,0.707,-1.952743604764695
2,10,0.708,-1.9516003122560488
2,10,0.709,-1.9504583577140622
2,10,0.71,-1.9493177387914218
2,10,0.711,-1.9481784531463076
2,10,0.712,-1.9470404984423684
2,10,0.713,-1.9459038723487054
2,10,0.714,-1.9447685725398667
2,10,0.715,-1.9436345966958213
2,10,0.716,-1.942501942501943
2,10,0.717,-1.941370607648999
2,10,0.718,-1.9402405898331399
2,10,0.719,-1.9391118867558654
2,10,0.72,-1.9379844961240322
2,10,0.721,-1.9368584156498159
2,10,0.722,-1.9357336430507166
2,10,0.723,-1.934610176049525
2,10,0.724,-1.9334880123743226
2,10,0.725,-1.932367149758456
2,10,0.726,-1.9312475859405176
2,10,0.727,-1.9301293186643487
2,10,0.728,-1.9290123456790131
2,10,0.729,-1.9278966647387707
2,10,0.73,-1.9267822736030826
2,10,0.731,-1.925669170036589
2,10,0.732,-1.924557351809083
2,10,0.733,-1.9234468166955176
2,10,0.734,-1.9223375624759709
2,10,0.735,-1.9212295869356388
2,10,0.736,-1.9201228878648247
2,10,0.737,-1.919017463058914
2,10,0.738,-1.9179133103183743
2,10,0.739,-1.9168104274487263
2,10,0.74,-1.9157088122605348
2,10,0.741,-1.914608462569406
2,10,0.742,-1.913509376195942
2,10,0.743,-1.9124115509657669
2,10,0.744,-1.9113149847094801
2,10,0.745,-1.9102196752626555
2,10,0.746,-1.9091256204658247
2,10,0.747,-1.9080328181644735
2,10,0.748,-1.9069412662090013
2,10,0.749,-1.9058509624547348
2,10,0.75,-1.9047619047619047
2,10,0.751,-1.903674090995623
2,10,0.752,-1.9025875190258756
2,10,0.753,-1.901502186727515
2,10,0.754,-1.900418091980236
2,10,0.755,-1.8993352326685653
2,10,0.756,-1.8982536066818523
2,10,0.757,-1.8971732119142493
2,10,0.758,-1.8960940462646947
2,10,0.759,-1.8950161076369143
2,10,0.76,-1.8939393939393956
2,10,0.761,-1.892863903085369
2,10,0.762,-1.8917896329928097
2,10,0.763,-1.8907165815844207
2,10,0.764,-1.8896447467876032
2,10,0.765,-1.8885741265344669
2,10,0.766,-1.8875047187617977
2,10,0.767,-1.8864365214110546
2,10,0.768,-1.885369532428356
2,10,0.769,-1.884303749764461
2,10,0.77,-1.8832391713747654
2,10,0.771,-1.882175795219273
2,10,0.772,-1.8811136192626043
2,10,0.773,-1.8800526414739627
2,10,0.774,-1.8789928598271322
2,10,0.775,-1.8779342723004688
2,10,0.776,-1.8768768768768773
2,10,0.777,-1.8758206715437997
2,10,0.778,-1.8747656542932134
2,10,0.779,-1.8737118231216043
2,10,0.78,-1.8726591760299627
2,10,0.781,-1.8716077110237694
2,10,0.782,-1.870557426112982
2,10,0.783,-1.869508319312022
2,10,0.784,-1.86846038863976
2,10,0.785,-1.8674136321195156
2,10,0.786,-1.8663680477790223
2,10,0.787,-1.8653236336504375
2,10,0.788,-1.8642803877703207
2,10,0.789,-1.8632383081796167
2,10,0.79,-1.862197392923649
2,10,0.791,-1.8611576400521113
2,10,0.792,-1.8601190476190488
2,10,0.793,-1.8590816136828414
2,10,0.794,-1.8580453363062055
2,10,0.795,-1.857010213556175
2,10,0.796,-1.8559762435040827
2,10,0.797,-1.8549434242255602
2,10,0.798,-1.853911753800519
2,10,0.799,-1.8528812303131381
2,10,0.8,-1.8518518518518534
2,10,0.801,-1.8508236165093461
2,10,0.802,-1.8497965223825386
2,10,0.803,-1.8487705675725652
2,10,0.804,-1.847745750184775
2,10,0.805,-1.8467220683287167
2,10,0.806,-1.8456995201181248
2,10,0.807,-1.8446781036709092
2,10,0.808,-1.8436578171091444
2,10,0.809,-1.842638658559056
2,10,0.81,-1.8416206261510126
2,10,0.811,-1.84060371801951
2,10,0.812,-1.8395879323031628
2,10,0.8130000000000001,-1.8385732671446953
2,10,0.8140000000000001,-1.837559720690921
2,10,0.8150000000000001,-1.836547291092746
2,10,0.8160000000000001,-1.8355359765051393
2,10,0.8170000000000001,-1.8345257750871402
2,10,0.8180000000000001,-1.8335166850018347
2,10,0.8190000000000001,-1.8325087044163468
2,10,0.8200000000000001,-1.8315018315018305
2,10,0.8210000000000001,-1.8304960644334611
2,10,0.8220000000000001,-1.8294914013904129
2,10,0.8230000000000001,-1.8284878405558591
2,10,0.8240000000000001,-1.8274853801169588
2,10,0.8250000000000001,-1.82648401826484
2,10,0.8260000000000001,-1.8254837531945967
2,10,0.8270000000000001,-1.8244845831052736
2,10,0.8280000000000001,-1.8234865061998529
2,10,0.8290000000000001,-1.8224895206852543
2,10,0.8300000000000001,-1.8214936247723124
2,10,0.8310000000000001,-1.8204988166757707
2,10,0.8320000000000001,-1.8195050946142644
2,10,0.833,-1.8185124568103284
2,10,0.834,-1.8175209014903682
2,10,0.835,-1.8165304268846516
2,10,0.836,-1.8155410312273046
2,10,0.837,-1.8145527127563055
2,10,0.838,-1.8135654697134562
2,10,0.839,-1.8125793003443902
2,10,0.84,-1.811594202898552
2,10,0.841,-1.810610175629186
2,10,0.842,-1.8096272167933403
2,10,0.843,-1.8086453246518353
2,10,0.844,-1.8076644974692702
2,10,0.845,-1.8066847335140035
2,10,0.846,-1.805706031058144
2,10,0.847,-1.80472838837755
2,10,0.848,-1.803751803751803
2,10,0.849,-1.802776275464214
2,10,0.85,-1.8018018018018012
2,10,0.851,-1.800828381055285
2,10,0.852,-1.7998560115190787
2,10,0.853,-1.798884691491277
2,10,0.854,-1.797914419273643
2,10,0.855,-1.7969451931716063
2,10,0.856,-1.795977011494253
2,10,0.857,-1.7950098725542996
2,10,0.858,-1.7940437746681015
2,10,0.859,-1.7930787161556405
2,10,0.86,-1.7921146953405032
2,10,0.861,-1.791151710549883
2,10,0.862,-1.7901897601145733
2,10,0.863,-1.7892288423689406
2,10,0.864,-1.7882689556509312
2,10,0.865,-1.7873100983020551
2,10,0.866,-1.7863522686673827
2,10,0.867,-1.7853954650955195
2,10,0.868,-1.7844396859386147
2,10,0.869,-1.783484929552347
2,10,0.87,-1.7825311942958988
2,10,0.871,-1.7815784785319777
2,10,0.872,-1.7806267806267795
2,10,0.873,-1.7796760989499916
2,10,0.874,-1.7787264318747764
2,10,0.875,-1.7777777777777781
2,10,0.876,-1.7768301350390903
2,10,0.877,-1.7758835020422659
2,10,0.878,-1.7749378771742996
2,10,0.879,-1.7739932588256169
2,10,0.88,-1.7730496453900702
2,10,0.881,-1.7721070352649304
2,10,0.882,-1.771165426850868
2,10,0.883,-1.7702248185519565
2,10,0.884,-1.7692852087756539
2,10,0.885,-1.7683465959328037
2,10,0.886,-1.7674089784376112
2,10,0.887,-1.7664723547076489
2,10,0.888,-1.765536723163842
2,10,0.889,-1.7646020822304576
2,10,0.89,-1.7636684303350958
2,10,0.891,-1.7627357659086906
2,10,0.892,-1.7618040873854823
2,10,0.893,-1.7608733932030296
2,10,0.894,-1.7599436818021819
2,10,0.895,-1.7590149516270892
2,10,0.896,-1.7580872011251758
2,10,0.897,-1.7571604287471443
2,10,0.898,-1.7562346329469636
2,10,0.899,-1.75530981218185
2,10,0.9,-1.7543859649122795
2,10,0.901,-1.7534630896019643
2,10,0.902,-1.7525411847178407
2,10,0.903,-1.7516202487300758
2,10,0.904,-1.7507002801120453
2,10,0.905,-1.749781277340332
2,10,0.906,-1.7488632388947167
2,10,0.907,-1.7479461632581716
2,10,0.908,-1.7470300489168422
2,10,0.909,-1.746114894360048
2,10,0.91,-1.7452006980802803
2,10,0.911,-1.7442874585731727
2,10,0.912,-1.743375174337517
2,10,0.913,-1.7424638438752404
2,10,0.914,-1.7415534656913978
2,10,0.915,-1.740644038294168
2,10,0.916,-1.7397355601948505
2,10,0.917,-1.738828029907843
2,10,0.918,-1.737921445950642
2,10,0.919,-1.7370158068438424
2,10,0.92,-1.7361111111111116
2,10,0.921,-1.7352073572791948
2,10,0.922,-1.7343045438779037
2,10,0.923,-1.7334026694401106
2,10,0.924,-1.7325017325017333
2,10,0.925,-1.7316017316017307
2,10,0.926,-1.7307026652821045
2,10,0.927,-1.7298045320878752
2,10,0.928,-1.7289073305670821
2,10,0.929,-1.7280110592707798
2,10,0.93,-1.7271157167530227
2,10,0.931,-1.7262213015708605
2,10,0.932,-1.725327812284333
2,10,0.933,-1.7244352474564584
2,10,0.934,-1.7235436056532216
2,10,0.935,-1.7226528854435819
2,10,0.936,-1.7217630853994503
2,10,0.937,-1.7208742040956815
2,10,0.9380000000000001,-1.7199862401100774
2,10,0.9390000000000001,-1.719099192023379
2,10,0.9400000000000001,-1.7182130584192457
2,10,0.9410000000000001,-1.7173278378842516
2,10,0.9420000000000001,-1.716443529007895
2,10,0.9430000000000001,-1.7155601303825707
2,10,0.9440000000000001,-1.7146776406035658
2,10,0.9450000000000001,-1.713796058269066
2,10,0.9460000000000001,-1.7129153819801313
2,10,0.9470000000000001,-1.7120356103406942
2,10,0.9480000000000001,-1.7111567419575635
2,10,0.9490000000000001,-1.7102787754403959
2,10,0.9500000000000001,-1.7094017094017089
2,10,0.9510000000000001,-1.7085255424568602
2,10,0.9520000000000001,-1.7076502732240428
2,10,0.9530000000000001,-1.7067759003242866
2,10,0.9540000000000001,-1.705902422381439
2,10,0.9550000000000001,-1.7050298380221662
2,10,0.9560000000000001,-1.704158145875938
2,10,0.9570000000000001,-1.7032873445750296
2,10,0.9580000000000001,-1.7024174327545116
2,10,0.9590000000000001,-1.7015484090522381
2,10,0.96,-1.7006802721088432
2,10,0.961,-1.6998130205677364
2,10,0.962,-1.698946653075093
2,10,0.963,-1.6980811682798425
2,10,0.964,-1.6972165648336712
2,10,0.965,-1.696352841391009
2,10,0.966,-1.6954899966090209
2,10,0.967,-1.6946280291476012
2,10,0.968,-1.6937669376693776
2,10,0.969,-1.692906720839683
2,10,0.97,-1.6920473773265643
2,10,0.971,-1.6911889058007779
2,10,0.972,-1.6903313049357682
2,10,0.973,-1.68947457340767
2,10,0.974,-1.6886187098953054
2,10,0.975,-1.6877637130801681
2,10,0.976,-1.6869095816464241
2,10,0.977,-1.686056314280896
2,10,0.978,-1.6852039096730709
2,10,0.979,-1.6843523665150761
2,10,0.98,-1.6835016835016836
2,10,0.981,-1.6826518593303041
2,10,0.982,-1.6818028927009743
2,10,0.983,-1.680954782316354
2,10,0.984,-1.68010752688172
2,10,0.985,-1.6792611251049538
2,10,0.986,-1.6784155756965424
2,10,0.987,-1.6775708773695697
2,10,0.988,-1.6767270288397051
2,10,0.989,-1.6758840288252042
2,10,0.99,-1.6750418760469
2,10,0.991,-1.6742005692281947
2,10,0.992,-1.6733601070950477
2,10,0.993,-1.6725204883759814
2,10,0.994,-1.6716817118020733
2,10,0.995,-1.670843776106934
2,10,0.996,-1.6700066800267188
2,10,0.997,-1.669170422300117
2,10,0.998,-1.6683350016683351
2,10,0.999,-1.6675004168751029
2,10,1.0,-1.6666666666666663
2,25,0.0,-3.7037037037037033
2,25,0.001,-3.700003700003701
2,25,0.002,-3.6963110815406153
2,25,0.003,-3.6926258262250267
2,25,0.004,-3.6889479120554847
2,25,0.005,-3.6852773171181186
2,25,0.006,-3.681614019586188
2,25,0.007,-3.677957997719666
2,25,0.008,-3.674309229864786
2,25,0.009000000000000001,-3.670667694453628
2,25,0.01,-3.667033370003664
2,25,0.011,-3.663406235117417
2,25,0.012,-3.659786268481924
2,25,0.013000000000000001,-3.6561734488684214
2,25,0.014,-3.652567755131858
2,25,0.015,-3.6489691662105472
2,25,0.016,-3.645377661125698
2,25,0.017,-3.6417932189810207
2,25,0.018000000000000002,-3.638215818962381
2,25,0.019,-3.634645440337297
2,25,0.02,-3.6310820624546105
2,25,0.021,-3.62752566474408
2,25,0.022,-3.6239762267159525
2,25,0.023,-3.6204337279606147
2,25,0.024,-3.6168981481481453
2,25,0.025,-3.6133694670280048
2,25,0.026000000000000002,-3.6098476644285613
2,25,0.027,-3.6063327202567717
2,25,0.028,-3.6028246144977683
2,25,0.029,-3.5993233272144822
2,25,0.03,-3.595828838547288
2,25,0.031,-3.592341128713583
2,25,0.032,-3.5888601780074634
2,25,0.033,-3.5853859667993317
2,25,0.034,-3.581918475535495
2,25,0.035,-3.578457684737879
2,25,0.036000000000000004,-3.575003575003577
2,25,0.037,-3.571556127004538
2,25,0.038,-3.568115321487192
2,25,0.039,-3.564681139272091
2,25,0.04,-3.561253561253558
2,25,0.041,-3.5578325683993386
2,25,0.042,-3.554418141750193
2,25,0.043000000000000003,-3.5510102624196573
2,25,0.044,-3.547608911593586
2,25,0.045,-3.544214070529861
2,25,0.046,-3.5408257205580327
2,25,0.047,-3.537443843078991
2,25,0.048,-3.5340684195645955
2,25,0.049,-3.5306994315573883
2,25,0.05,-3.527336860670194
2,25,0.051000000000000004,-3.523980688585832
2,25,0.052000000000000005,-3.5206308970567477
2,25,0.053,-3.5172874679047506
2,25,0.054,-3.513950383020592
2,25,0.055,-3.510619624363698
2,25,0.056,-3.5072951739618388
2,25,0.057,-3.5039770139107915
2,25,0.058,-3.5006651263740087
2,25,0.059000000000000004,-3.497359493582347
2,25,0.06,-3.494060097833679
2,25,0.061,-3.4907669214926496
2,25,0.062,-3.487479946990307
2,25,0.063,-3.484199156823803
2,25,0.064,-3.480924533556112
2,25,0.065,-3.4776560598156814
2,25,0.066,-3.4743937182961537
2,25,0.067,-3.4711374917560436
2,25,0.068,-3.4678873630184515
2,25,0.069,-3.464643314970722
2,25,0.07,-3.46140533056421
2,25,0.07100000000000001,-3.4581733928139125
2,25,0.07200000000000001,-3.454947484798232
2,25,0.073,-3.4517275896586264
2,25,0.074,-3.4485136905993476
2,25,0.075,-3.4453057708871637
2,25,0.076,-3.442103813851033
2,25,0.077,-3.4389078028818076
2,25,0.078,-3.435717721432008
2,25,0.079,-3.432533553015482
2,25,0.08,-3.4293552812071306
2,25,0.081,-3.426182889642643
2,25,0.082,-3.4230163620182106
2,25,0.083,-3.4198556820902173
2,25,0.084,-3.4167008336750015
2,25,0.085,-3.413551800648573
2,25,0.08600000000000001,-3.4104085669463213
2,25,0.08700000000000001,-3.407271116562743
2,25,0.088,-3.4041394335511956
2,25,0.089,-3.401013502023603
2,25,0.09,-3.3978933061501904
2,25,0.091,-3.3947788301592174
2,25,0.092,-3.3916700583367265
2,25,0.093,-3.3885669750262637
2,25,0.094,-3.385469564628613
2,25,0.095,-3.3823778116015557
2,25,0.096,-3.3792917004595804
2,25,0.097,-3.3762112157736555
2,25,0.098,-3.3731363421709517
2,25,0.099,-3.370067064334581
2,25,0.1,-3.3670033670033686
2,25,0.101,-3.3639452349715713
2,25,0.10200000000000001,-3.3608926530886594
2,25,0.10300000000000001,-3.357845606259019
2,25,0.10400000000000001,-3.3548040794417586
2,25,0.105,-3.3517680576504114
2,25,0.106,-3.3487375259527163
2,25,0.107,-3.3457124694703744
2,25,0.108,-3.342692873378794
2,25,0.109,-3.3396787229068527
2,25,0.11,-3.3366700033366667
2,25,0.111,-3.333666700003335
2,25,0.112,-3.3306687982946945
2,25,0.113,-3.3276762836511264
2,25,0.114,-3.3246891415652624
2,25,0.115,-3.321707357581799
2,25,0.116,-3.3187309172972244
2,25,0.117,-3.315759806359625
2,25,0.11800000000000001,-3.312794010468428
2,25,0.11900000000000001,-3.3098335153741774
2,25,0.12,-3.306878306878308
2,25,0.121,-3.3039283708329203
2,25,0.122,-3.300983693140558
2,25,0.123,-3.2980442597539685
2,25,0.124,-3.2951100566758926
2,25,0.125,-3.292181069958844
2,25,0.126,-3.2892572857048883
2,25,0.127,-3.2863386900653935
2,25,0.128,-3.283425269240875
2,25,0.129,-3.2805170094806932
2,25,0.13,-3.2776138970829205
2,25,0.131,-3.2747159183940777
2,25,0.132,-3.271823059808926
2,25,0.133,-3.26893530777026
2,25,0.134,-3.2660526487686967
2,25,0.135,-3.2631750693424664
2,25,0.136,-3.260302556077205
2,25,0.137,-3.2574350956057208
2,25,0.138,-3.254572674607825
2,25,0.139,-3.251715279810097
2,25,0.14,-3.2488628979857106
2,25,0.14100000000000001,-3.2460155159541704
2,25,0.14200000000000002,-3.2431731205811722
2,25,0.14300000000000002,-3.240335698778396
2,25,0.14400000000000002,-3.237503237503242
2,25,0.145,-3.2346757237586954
2,25,0.146,-3.231853144593111
2,25,0.147,-3.2290354871000018
2,25,0.148,-3.226222738417861
2,25,0.149,-3.223414885729942
2,25,0.15,-3.2206119162640934
2,25,0.151,-3.217813817292531
2,25,0.152,-3.2150205761316886
2,25,0.153,-3.212232180141977
2,25,0.154,-3.209448616727645
2,25,0.155,-3.206669873336543
2,25,0.156,-3.20389593745995
2,25,0.157,-3.201126796632414
2,25,0.158,-3.1983624384315235
2,25,0.159,-3.195602850477741
2,25,0.16,-3.1928480204342247
2,25,0.161,-3.1900979360066364
2,25,0.162,-3.1873525849429427
2,25,0.163,-3.184611955033273
2,25,0.164,-3.1818760341097097
2,25,0.165,-3.179144810046103
2,25,0.166,-3.176418270757897
2,25,0.167,-3.17369640420197
2,25,0.168,-3.170979198376461
2,25,0.169,-3.1682666413205385
2,25,0.17,-3.1655587211142757
2,25,0.171,-3.1628554258784805
2,25,0.17200000000000001,-3.1601567437744893
2,25,0.17300000000000001,-3.157462663004007
2,25,0.17400000000000002,-3.1547731718089445
2,25,0.17500000000000002,-3.1520882584712417
2,25,0.176,-3.149407911312674
2,25,0.177,-3.146732118694734
2,25,0.178,-3.144060869018422
2,25,0.179,-3.141394150724092
2,25,0.18,-3.1387319522912795
2,25,0.181,-3.1360742622385307
2,25,0.182,-3.1334210691232656
2,25,0.183,-3.130772361541595
2,25,0.184,-3.128128128128127
2,25,0.185,-3.1254883575558665
2,25,0.186,-3.122853038536011
2,25,0.187,-3.120222159817776
2,25,0.188,-3.1175957101883034
2,25,0.189,-3.114973678472416
2,25,0.19,-3.1123560535325168
2,25,0.191,-3.1097428242684355
2,25,0.192,-3.107133979617199
2,25,0.193,-3.1045295085529725
2,25,0.194,-3.101929400086856
2,25,0.195,-3.099333643266694
2,25,0.196,-3.096742227177013
2,25,0.197,-3.09415514093877
2,25,0.198,-3.0915723737092615
2,25,0.199,-3.0889939146819865
2,25,0.2,-3.0864197530864224
2,25,0.201,-3.0838498781879276
2,25,0.202,-3.0812842792876105
2,25,0.203,-3.078722945722112
2,25,0.20400000000000001,-3.076165866863534
2,25,0.20500000000000002,-3.07361303211926
2,25,0.20600000000000002,-3.071064430931758
2,25,0.20700000000000002,-3.0685200527785392
2,25,0.20800000000000002,-3.065979887171938
2,25,0.209,-3.0634439236589763
2,25,0.21,-3.0609121518212437
2,25,0.211,-3.0583845612747353
2,25,0.212,-3.055861141669719
2,25,0.213,-3.053341882690608
2,25,0.214,-3.0508267740557704
2,25,0.215,-3.048315805517449
2,25,0.216,-3.0458089668616015
2,25,0.217,-3.043306247907729
2,25,0.218,-3.04080763850878
2,25,0.219,-3.038313128551029
2,25,0.22,-3.035822707953856
2,25,0.221,-3.033336366669692
2,25,0.222,-3.0308540946838827
2,25,0.223,-3.0283758820144726
2,25,0.224,-3.025901718712176
2,25,0.225,-3.023431594860165
2,25,0.226,-3.02096550057398
2,25,0.227,-3.0185034260013954
2,25,0.228,-3.0160453613222336
2,25,0.229,-3.0135912967483303
2,25,0.23,-3.011141222523339
2,25,0.231,-3.008695128922584
2,25,0.232,-3.006253006253007
2,25,0.233,-3.0038148448529647
2,25,0.234,-3.001380635092138
2,25,0.23500000000000001,-2.998950367371428
2,25,0.23600000000000002,-2.996524032122738
2,25,0.23700000000000002,-2.9941016198089754
2,25,0.23800000000000002,-2.991683120923838
2,25,0.23900000000000002,-2.989268525991695
2,25,0.24,-2.9868578255675016
2,25,0.241,-2.984451010236666
2,25,0.242,-2.9820480706148955
2,25,0.243,-2.979648997348111
2,25,0.244,-2.977253781112299
2,25,0.245,-2.9748624126134104
2,25,0.246,-2.972474882587245
2,25,0.247,-2.9700911817992837
2,25,0.248,-2.967711301044634
2,25,0.249,-2.965335231147881
2,25,0.25,-2.9629629629629672
2,25,0.251,-2.960594487373064
2,25,0.252,-2.9582297952905012
2,25,0.253,-2.9558688776565925
2,25,0.254,-2.953511725441549
2,25,0.255,-2.9511583296443877
2,25,0.256,-2.9488086812927583
2,25,0.257,-2.9464627714428815
2,25,0.258,-2.9441205911794164
2,25,0.259,-2.9417821316153283
2,25,0.26,-2.93944738389183
2,25,0.261,-2.937116339178197
2,25,0.262,-2.9347889886717162
2,25,0.263,-2.9324653235975493
2,25,0.264,-2.9301453352086284
2,25,0.265,-2.9278290147855324
2,25,0.266,-2.9255163536364206
2,25,0.267,-2.9232073430968453
2,25,0.268,-2.9209019745297327
2,25,0.269,-2.9186002393252197
2,25,0.27,-2.9163021289005497
2,25,0.271,-2.9140076347000052
2,25,0.272,-2.9117167481947313
2,25,0.273,-2.9094294608827176
2,25,0.274,-2.907145764288627
2,25,0.275,-2.904865649963689
2,25,0.276,-2.9025891094856595
2,25,0.277,-2.900316134458658
2,25,0.278,-2.8980467165130697
2,25,0.279,-2.8957808473054794
2,25,0.28,-2.893518518518523
2,25,0.281,-2.891259721860812
2,25,0.28200000000000003,-2.8890044490668565
2,25,0.28300000000000003,-2.8867526918968824
2,25,0.28400000000000003,-2.884504442136837
2,25,0.28500000000000003,-2.8822596915982155
2,25,0.28600000000000003,-2.8800184321179643
2,25,0.28700000000000003,-2.877780655558432
2,25,0.28800000000000003,-2.875546353807229
2,25,0.289,-2.8733155187771144
2,25,0.29,-2.871088142405964
2,25,0.291,-2.8688642166566245
2,25,0.292,-2.866643733516794
2,25,0.293,-2.8644266849989997
2,25,0.294,-2.8622130631404175
2,25,0.295,-2.860002860002858
2,25,0.296,-2.8577960676726133
2,25,0.297,-2.855592678260377
2,25,0.298,-2.853392683901151
2,25,0.299,-2.8511960767541975
2,25,0.3,-2.8490028490028463
2,25,0.301,-2.846812992854497
2,25,0.302,-2.8446265005404814
2,25,0.303,-2.842443364315966
2,25,0.304,-2.840263576459895
2,25,0.305,-2.838087129274869
2,25,0.306,-2.83591401508706
2,25,0.307,-2.833744226246143
2,25,0.308,-2.8315777551251586
2,25,0.309,-2.829414594120477
2,25,0.31,-2.8272547356516853
2,25,0.311,-2.825098172161483
2,25,0.312,-2.822944896115626
2,25,0.313,-2.820794900002821
2,25,0.314,-2.818648176334632
2,25,0.315,-2.816504717645402
2,25,0.316,-2.814364516492174
2,25,0.317,-2.8122275654545947
2,25,0.318,-2.810093857134821
2,25,0.319,-2.8079633841574694
2,25,0.32,-2.805836139169471
2,25,0.321,-2.8037121148400512
2,25,0.322,-2.8015913038605955
2,25,0.323,-2.799473698944599
2,25,0.324,-2.7973592928275726
2,25,0.325,-2.7952480782669484
2,25,0.326,-2.7931400480420088
2,25,0.327,-2.7910351949538112
2,25,0.328,-2.7889335118250758
2,25,0.329,-2.7868349915001476
2,25,0.33,-2.78473962684489
2,25,0.331,-2.7826474107465806
2,25,0.332,-2.780558336113886
2,25,0.333,-2.778472395876752
2,25,0.334,-2.776389582986283
2,25,0.335,-2.774309890414761
2,25,0.336,-2.772233311155464
2,25,0.337,-2.7701598382226633
2,25,0.338,-2.768089464651502
2,25,0.339,-2.766022183497907
2,25,0.34,-2.7639579878385834
2,25,0.341,-2.7618968707708467
2,25,0.342,-2.759838825412597
2,25,0.343,-2.7577838449022343
2,25,0.34400000000000003,-2.7557319223985854
2,25,0.34500000000000003,-2.753683051080824
2,25,0.34600000000000003,-2.751637224148362
2,25,0.34700000000000003,-2.749594434820868
2,25,0.34800000000000003,-2.74755467633806
2,25,0.34900000000000003,-2.745517941959752
2,25,0.35000000000000003,-2.7434842249657088
2,25,0.35100000000000003,-2.74145351865559
2,25,0.352,-2.739425816348895
2,25,0.353,-2.7374011113848518
2,25,0.354,-2.7353793971223785
2,25,0.355,-2.733360666940005
2,25,0.356,-2.731344914235767
2,25,0.357,-2.729332132427198
2,25,0.358,-2.7273223149511807
2,25,0.359,-2.7253154552639436
2,25,0.36,-2.7233115468409617
2,25,0.361,-2.7213105831768614
2,25,0.362,-2.7193125577853916
2,25,0.363,-2.717317464199348
2,25,0.364,-2.7153252959704552
2,25,0.365,-2.7133360466693732
2,25,0.366,-2.71134970988558
2,25,0.367,-2.7093662792272877
2,25,0.368,-2.7073857483214225
2,25,0.369,-2.7054081108135177
2,25,0.37,-2.7034333603676686
2,25,0.371,-2.701461490666457
2,25,0.372,-2.6994924954108654
2,25,0.373,-2.6975263683202466
2,25,0.374,-2.695563103132248
2,25,0.375,-2.6936026936026924
2,25,0.376,-2.691645133505599
2,25,0.377,-2.689690416633045
2,25,0.378,-2.687738536795142
2,25,0.379,-2.6857894878199398
2,25,0.38,-2.683843263553415
2,25,0.381,-2.6818998578593045
2,25,0.382,-2.6799592646191748
2,25,0.383,-2.678021477732251
2,25,0.384,-2.676086491115387
2,25,0.385,-2.6741542987030407
2,25,0.386,-2.672224894447117
2,25,0.387,-2.6702982723170123
2,25,0.388,-2.6683744262995024
2,25,0.389,-2.6664533503986343
2,25,0.39,-2.6645350386357567
2,25,0.391,-2.662619485049389
2,25,0.392,-2.660706683695191
2,25,0.393,-2.658796628645871
2,25,0.394,-2.6568893139911784
2,25,0.395,-2.6549847338377788
2,25,0.396,-2.6530828823092434
2,25,0.397,-2.6511837535459604
2,25,0.398,-2.6492873417050813
2,25,0.399,-2.647393640960477
2,25,0.4,-2.6455026455026456
2,25,0.401,-2.6436143495386863
2,25,0.402,-2.641728747292227
2,25,0.403,-2.6398458330033514
2,25,0.404,-2.6379656009285712
2,25,0.405,-2.636088045340718
2,25,0.406,-2.634213160528953
2,25,0.40700000000000003,-2.632340940798655
2,25,0.40800000000000003,-2.6304713804713833
2,25,0.40900000000000003,-2.62860447388481
2,25,0.41000000000000003,-2.6267402153926978
2,25,0.41100000000000003,-2.624878599364777
2,25,0.41200000000000003,-2.6230196201867564
2,25,0.41300000000000003,-2.621163272260235
2,25,0.41400000000000003,-2.619309550002619
2,25,0.41500000000000004,-2.617458447847143
2,25,0.41600000000000004,-2.6156099602427316
2,25,0.417,-2.6137640816539855
2,25,0.418,-2.6119208065611463
2,25,0.419,-2.6100801294599743
2,25,0.42,-2.608242044861764
2,25,0.421,-2.6064065472932496
2,25,0.422,-2.604573631296553
2,25,0.423,-2.602743291429166
2,25,0.424,-2.6009155222638416
2,25,0.425,-2.599090318388564
2,25,0.426,-2.597267674406517
2,25,0.427,-2.5954475849360223
2,25,0.428,-2.59363004461044
2,25,0.429,-2.5918150480781668
2,25,0.43,-2.5900025900025936
2,25,0.431,-2.588192665061989
2,25,0.432,-2.586385267949515
2,25,0.433,-2.584580393373137
2,25,0.434,-2.5827780360555828
2,25,0.435,-2.5809781907342897
2,25,0.436,-2.5791808521613557
2,25,0.437,-2.5773860151034778
2,25,0.438,-2.575593674341942
2,25,0.439,-2.5738038246724826
2,25,0.44,-2.5720164609053464
2,25,0.441,-2.5702315778651674
2,25,0.442,-2.5684491703909185
2,25,0.443,-2.5666692333359
2,25,0.444,-2.5648917615676616
2,25,0.445,-2.563116749967959
2,25,0.446,-2.561344193432713
2,25,0.447,-2.5595740868719465
2,25,0.448,-2.5578064252097352
2,25,0.449,-2.5560412033842015
2,25,0.45,-2.5542784163473833
2,25,0.451,-2.5525180590652674
2,25,0.452,-2.550760126517704
2,25,0.453,-2.549004613698347
2,25,0.454,-2.5472515156146516
2,25,0.455,-2.545500827287772
2,25,0.456,-2.543752543752542
2,25,0.457,-2.54200666005745
2,25,0.458,-2.540263171264545
2,25,0.459,-2.538522072449423
2,25,0.46,-2.536783358701167
2,25,0.461,-2.5350470251223167
2,25,0.462,-2.5333130668287964
2,25,0.463,-2.531581478949901
2,25,0.464,-2.529852256628212
2,25,0.465,-2.5281253950195923
2,25,0.466,-2.5264008892931122
2,25,0.467,-2.5246787346310198
2,25,0.468,-2.52295892622868
2,25,0.46900000000000003,-2.5212414592945596
2,25,0.47000000000000003,-2.519526329050137
2,25,0.47100000000000003,-2.517813530729912
2,25,0.47200000000000003,-2.5161030595813205
2,25,0.47300000000000003,-2.5143949108646977
2,25,0.47400000000000003,-2.5126890798532644
2,25,0.47500000000000003,-2.510985561833018
2,25,0.47600000000000003,-2.509284352102781
2,25,0.47700000000000004,-2.507585445974075
2,25,0.47800000000000004,-2.5058888387711087
2,25,0.47900000000000004,-2.5041945258307665
2,25,0.48,-2.5025025025025016
2,25,0.481,-2.500812764148347
2,25,0.482,-2.4991253061428518
2,25,0.483,-2.4974401238730346
2,25,0.484,-2.495757212738342
2,25,0.485,-2.4940765681506436
2,25,0.486,-2.492398185534117
2,25,0.487,-2.49072206032529
2,25,0.488,-2.48904818797292
2,25,0.489,-2.487376563938015
2,25,0.49,-2.4857071836937585
2,25,0.491,-2.4840400427254936
2,25,0.492,-2.482375136530629
2,25,0.493,-2.4807124606186894
2,25,0.494,-2.479052010511179
2,25,0.495,-2.4773937817416103
2,25,0.496,-2.475737769855418
2,25,0.497,-2.474083970409957
2,25,0.498,-2.472432378974432
2,25,0.499,-2.470782991129894
2,25,0.5,-2.4691358024691357
2,25,0.501,-2.4674908085967395
2,25,0.502,-2.4658480051289677
2,25,0.503,-2.4642073876937456
2,25,0.504,-2.462568951930649
2,25,0.505,-2.4609326934908307
2,25,0.506,-2.459298608036986
2,25,0.507,-2.457666691243332
2,25,0.508,-2.4560369387955583
2,25,0.509,-2.45440934639079
2,25,0.51,-2.452783909737555
2,25,0.511,-2.451160624555726
2,25,0.512,-2.449539486576524
2,25,0.513,-2.4479204915424377
2,25,0.514,-2.446303635207203
2,25,0.515,-2.4446889133357796
2,25,0.516,-2.4430763217042903
2,25,0.517,-2.4414658561
2,25,0.518,-2.4398575123212805
2,25,0.519,-2.4382512861775565
2,25,0.52,-2.4366471734892814
2,25,0.521,-2.435045170087907
2,25,0.522,-2.4334452718158373
2,25,0.523,-2.431847474526394
2,25,0.524,-2.4302517740837972
2,25,0.525,-2.4286581663630846
2,25,0.526,-2.427066647250131
2,25,0.527,-2.4254772126415913
2,25,0.528,-2.4238898584448334
2,25,0.529,-2.4223045805779666
2,25,0.53,-2.420721374969742
2,25,0.531,-2.4191402375595694
2,25,0.532,-2.41756116429746
2,25,0.533,-2.4159841511439684
2,25,0.534,-2.4144091940702106
2,25,0.535,-2.4128362890577906
2,25,0.536,-2.4112654320987637
2,25,0.537,-2.409696619195645
2,25,0.538,-2.4081298463613177
2,25,0.539,-2.406565109619041
2,25,0.54,-2.4050024050024046
2,25,0.541,-2.4034417285552943
2,25,0.542,-2.4018830763318455
2,25,0.543,-2.400326444396433
2,25,0.544,-2.3987718288236426
2,25,0.545,-2.397219225698194
2,25,0.546,-2.3956686311149444
2,25,0.547,-2.3941200411788657
2,25,0.548,-2.3925734520049757
2,25,0.549,-2.391028859718336
2,25,0.55,-2.389486260454005
2,25,0.551,-2.387945650356993
2,25,0.552,-2.3864070255822822
2,25,0.553,-2.3848703822947237
2,25,0.554,-2.383335716669049
2,25,0.555,-2.381803024889839
2,25,0.556,-2.3802723031514814
2,25,0.557,-2.3787435476581296
2,25,0.558,-2.37721675462369
2,25,0.559,-2.3756919202717777
2,25,0.56,-2.3741690408357052
2,25,0.561,-2.3726481125584287
2,25,0.562,-2.371129131692512
2,25,0.5630000000000001,-2.3696120945001287
2,25,0.5640000000000001,-2.368096997253011
2,25,0.5650000000000001,-2.3665838362323943
2,25,0.5660000000000001,-2.365072607729063
2,25,0.5670000000000001,-2.363563308043204
2,25,0.5680000000000001,-2.362055933484503
2,25,0.5690000000000001,-2.3605504803720203
2,25,0.5700000000000001,-2.3590469450342044
2,25,0.5710000000000001,-2.3575453238088517
2,25,0.5720000000000001,-2.356045613043073
2,25,0.5730000000000001,-2.354547809093266
2,25,0.5740000000000001,-2.353051908325099
2,25,0.5750000000000001,-2.3515579071134662
2,25,0.5760000000000001,-2.3500658018424545
2,25,0.577,-2.348575588905333
2,25,0.578,-2.3470872647045002
2,25,0.579,-2.3456008256514895
2,25,0.58,-2.3441162681669017
2,25,0.581,-2.3426335886803926
2,25,0.582,-2.3411527836306623
2,25,0.583,-2.3396738494653846
2,25,0.584,-2.3381967826412273
2,25,0.585,-2.3367215796237852
2,25,0.586,-2.335248236887577
2,25,0.587,-2.3337767509160057
2,25,0.588,-2.3323071182013266
2,25,0.589,-2.3308393352446224
2,25,0.59,-2.3293733985557896
2,25,0.591,-2.327909304653497
2,25,0.592,-2.326447050065139
2,25,0.593,-2.32498663132687
2,25,0.594,-2.3235280449835027
2,25,0.595,-2.3220712875885283
2,25,0.596,-2.320616355704075
2,25,0.597,-2.3191632459008793
2,25,0.598,-2.3177119547582556
2,25,0.599,-2.316262478864106
2,25,0.6,-2.314814814814814
2,25,0.601,-2.3133689592153006
2,25,0.602,-2.3119249086789697
2,25,0.603,-2.310482659827634
2,25,0.604,-2.309042209291584
2,25,0.605,-2.3076035537094697
2,25,0.606,-2.306166689728334
2,25,0.607,-2.3047316140035523
2,25,0.608,-2.3032983231988213
2,25,0.609,-2.301866813986142
2,25,0.61,-2.300437083045781
2,25,0.611,-2.2990091270662374
2,25,0.612,-2.2975829427442305
2,25,0.613,-2.2961585267846916
2,25,0.614,-2.294735875900683
2,25,0.615,-2.2933149868134386
2,25,0.616,-2.291895856252296
2,25,0.617,-2.290478480954672
2,25,0.618,-2.2890628576660745
2,25,0.619,-2.287648983140028
2,25,0.62,-2.2862368541380906
2,25,0.621,-2.2848264674298013
2,25,0.622,-2.283417819792666
2,25,0.623,-2.282010908012139
2,25,0.624,-2.2806057288815906
2,25,0.625,-2.2792022792022806
2,25,0.626,-2.2778005557833323
2,25,0.627,-2.2764005554417377
2,25,0.628,-2.275002275002275
2,25,0.629,-2.273605711297544
2,25,0.63,-2.272210861167917
2,25,0.631,-2.2708177214614986
2,25,0.632,-2.2694262890341266
2,25,0.633,-2.2680365607493593
2,25,0.634,-2.266648533478394
2,25,0.635,-2.265262204100127
2,25,0.636,-2.2638775695010382
2,25,0.637,-2.262494626575257
2,25,0.638,-2.261113372224488
2,25,0.639,-2.259733803357966
2,25,0.64,-2.2583559168925014
2,25,0.641,-2.25697970975241
2,25,0.642,-2.255605178869491
2,25,0.643,-2.2542323211830197
2,25,0.644,-2.2528611336397217
2,25,0.645,-2.25149161319374
2,25,0.646,-2.2501237568066266
2,25,0.647,-2.248757561447301
2,25,0.648,-2.2473930240920534
2,25,0.649,-2.2460301417245034
2,25,0.65,-2.244668911335579
2,25,0.651,-2.243309329923504
2,25,0.652,-2.2419513944937686
2,25,0.653,-2.2405951020591064
2,25,0.654,-2.2392404496394844
2,25,0.655,-2.2378874342620536
2,25,0.656,-2.236536052961169
2,25,0.657,-2.2351863027783416
2,25,0.658,-2.233838180762188
2,25,0.659,-2.232491683968474
2,25,0.66,-2.231146809460066
2,25,0.661,-2.229803554306864
2,25,0.662,-2.2284619155858607
2,25,0.663,-2.2271218903810617
2,25,0.664,-2.2257834757834773
2,25,0.665,-2.2244466688911113
2,25,0.666,-2.223111466808947
2,25,0.667,-2.2217778666488885
2,25,0.668,-2.2204458655297965
2,25,0.669,-2.2191154605774144
2,25,0.67,-2.217786648924375
2,25,0.671,-2.216459427710177
2,25,0.672,-2.215133794081159
2,25,0.673,-2.213809745190493
2,25,0.674,-2.2124872781981555
2,25,0.675,-2.211166390270863
2,25,0.676,-2.209847078582161
2,25,0.677,-2.208529340312287
2,25,0.678,-2.207213172648209
2,25,0.679,-2.205898572783621
2,25,0.68,-2.2045855379188737
2,25,0.681,-2.203274065260974
2,25,0.682,-2.2019641520236055
2,25,0.683,-2.2006557954270423
2,25,0.684,-2.1993489926981633
2,25,0.685,-2.1980437410704488
2,25,0.686,-2.1967400377839286
2,25,0.687,-2.1954378800851826
2,25,0.6880000000000001,-2.194137265227314
2,25,0.6890000000000001,-2.1928381904699257
2,25,0.6900000000000001,-2.1915406530791106
2,25,0.6910000000000001,-2.190244650327439
2,25,0.6920000000000001,-2.188950179493915
2,25,0.6930000000000001,-2.1876572378639714
2,25,0.6940000000000001,-2.1863658227294582
2,25,0.6950000000000001,-2.1850759313886137
2,25,0.6960000000000001,-2.18378756114605
2,25,0.6970000000000001,-2.182500709312729
2,25,0.6980000000000001,-2.181215373205947
2,25,0.6990000000000001,-2.1799315501493277
2,25,0.7000000000000001,-2.1786492374727686
2,25,0.7010000000000001,-2.1773684325124663
2,25,0.7020000000000001,-2.17608913261087
2,25,0.7030000000000001,-2.1748113351166776
2,25,0.704,-2.1735350373847995
2,25,0.705,-2.1722602367763635
2,25,0.706,-2.1709869306586747
2,25,0.707,-2.169715116405219
2,25,0.708,-2.1684447913956073
2,25,0.709,-2.167175953015621
2,25,0.71,-2.1659085986571345
2,25,0.711,-2.164642725718119
2,25,0.712,-2.163378331602628
2,25,0.713,-2.162115413720783
2,25,0.714,-2.1608539694887408
2,25,0.715,-2.1595939963286845
2,25,0.716,-2.158335491668828
2,25,0.717,-2.157078452943334
2,25,0.718,-2.155822877592378
2,25,0.719,-2.1545687630620702
2,25,0.72,-2.1533161068044815
2,25,0.721,-2.152064906277573
2,25,0.722,-2.1508151589452407
2,25,0.723,-2.149566862277247
2,25,0.724,-2.1483200137492497
2,25,0.725,-2.147074610842731
2,25,0.726,-2.1458306510450162
2,25,0.727,-2.1445881318492788
2,25,0.728,-2.143347050754457
2,25,0.729,-2.142107405265298
2,25,0.73,-2.1408691928923194
2,25,0.731,-2.139632411151765
2,25,0.732,-2.1383970575656495
2,25,0.733,-2.13716312966169
2,25,0.734,-2.1359306249733034
2,25,0.735,-2.1346995410395975
2,25,0.736,-2.133469875405364
2,25,0.737,-2.132241625621012
2,25,0.738,-2.1310147892426357
2,25,0.739,-2.129789363831919
2,25,0.74,-2.128565346956146
2,25,0.741,-2.1273427361882313
2,25,0.742,-2.1261215291066007
2,25,0.743,-2.124901723295297
2,25,0.744,-2.1236833163438664
2,25,0.745,-2.1224663058473925
2,25,0.746,-2.121250689406473
2,25,0.747,-2.120036464627195
2,25,0.748,-2.1188236291211138
2,25,0.749,-2.1176121805052626
2,25,0.75,-2.1164021164021163
2,25,0.751,-2.1151934344395773
2,25,0.752,-2.1139861322509725
2,25,0.753,-2.112780207475018
2,25,0.754,-2.1115756577558153
2,25,0.755,-2.1103724807428503
2,25,0.756,-2.109170674090949
2,25,0.757,-2.107970235460277
2,25,0.758,-2.10677116251633
2,25,0.759,-2.105573452929904
2,25,0.76,-2.1043771043771087
2,25,0.761,-2.1031821145392984
2,25,0.762,-2.101988481103123
2,25,0.763,-2.1007962017604687
2,25,0.764,-2.0996052742084492
2,25,0.765,-2.0984156961494085
2,25,0.766,-2.097227465290885
2,25,0.767,-2.096040579345615
2,25,0.768,-2.0948550360315066
2,25,0.769,-2.093670833071626
2,25,0.77,-2.0924879681941846
2,25,0.771,-2.091306439132523
2,25,0.772,-2.090126243625118
2,25,0.773,-2.0889473794155125
2,25,0.774,-2.0877698442523682
2,25,0.775,-2.086593635889411
2,25,0.776,-2.085418752085416
2,25,0.777,-2.0842451906042223
2,25,0.778,-2.0830729492146816
2,25,0.779,-2.081902025690674
2,25,0.78,-2.080732417811071
2,25,0.781,-2.079564123359745
2,25,0.782,-2.0783971401255377
2,25,0.783,-2.077231465902246
2,25,0.784,-2.076067098488621
2,25,0.785,-2.074904035688352
2,25,0.786,-2.0737422753100256
2,25,0.787,-2.0725818151671516
2,25,0.788,-2.0714226530781366
2,25,0.789,-2.0702647868662383
2,25,0.79,-2.069108214359611
2,25,0.791,-2.067952933391237
2,25,0.792,-2.066798941798942
2,25,0.793,-2.065646237425378
2,25,0.794,-2.064494818118007
2,25,0.795,-2.0633446817290846
2,25,0.796,-2.062195826115648
2,25,0.797,-2.061048249139513
2,25,0.798,-2.059901948667242
2,25,0.799,-2.0587569225701543
2,25,0.8,-2.0576131687242816
2,25,0.801,-2.056470685010386
2,25,0.802,-2.055329469313932
2,25,0.803,-2.0541895195250737
2,25,0.804,-2.053050833538639
2,25,0.805,-2.05191340925413
2,25,0.806,-2.0507772445756967
2,25,0.807,-2.0496423374121275
2,25,0.808,-2.0485086856768255
2,25,0.809,-2.0473762872878387
2,25,0.81,-2.0462451401677964
2,25,0.811,-2.0451152422439
2,25,0.812,-2.043986591447955
2,25,0.8130000000000001,-2.042859185716334
2,25,0.8140000000000001,-2.041733022989911
2,25,0.8150000000000001,-2.0406081012141586
2,25,0.8160000000000001,-2.0394844183390437
2,25,0.8170000000000001,-2.038361972319047
2,25,0.8180000000000001,-2.0372407611131518
2,25,0.8190000000000001,-2.03612078268483
2,25,0.8200000000000001,-2.0350020350020315
2,25,0.8210000000000001,-2.0338845160371766
2,25,0.8220000000000001,-2.032768223767123
2,25,0.8230000000000001,-2.0316531561731743
2,25,0.8240000000000001,-2.030539311241064
2,25,0.8250000000000001,-2.0294266869609334
2,25,0.8260000000000001,-2.028315281327331
2,25,0.8270000000000001,-2.027205092339196
2,25,0.8280000000000001,-2.0260961179998374
2,25,0.8290000000000001,-2.024988356316948
2,25,0.8300000000000001,-2.023881805302569
2,25,0.8310000000000001,-2.022776462973075
2,25,0.8320000000000001,-2.0216723273491777
2,25,0.833,-2.020569396455918
2,25,0.834,-2.0194676683226276
2,25,0.835,-2.0183671409829462
2,25,0.836,-2.017267812474782
2,25,0.837,-2.016169680840335
2,25,0.838,-2.015072744126062
2,25,0.839,-2.0139770003826554
2,25,0.84,-2.012882447665054
2,25,0.841,-2.0117890840324284
2,25,0.842,-2.0106969075481596
2,25,0.843,-2.0096059162798108
2,25,0.844,-2.008516108299191
2,25,0.845,-2.007427481682228
2,25,0.846,-2.0063400345090465
2,25,0.847,-2.0052537648639457
2,25,0.848,-2.004168670835332
2,25,0.849,-2.0030847505157934
2,25,0.85,-2.0020020020020013
2,25,0.851,-2.0009204233947586
2,25,0.852,-1.9998400127989786
2,25,0.853,-1.9987607683236401
2,25,0.854,-1.9976826880818255
2,25,0.855,-1.9966057701906736
2,25,0.856,-1.9955300127713933
2,25,0.857,-1.9944554139492254
2,25,0.858,-1.9933819718534473
2,25,0.859,-1.9923096846173771
2,25,0.86,-1.991238550378338
2,25,0.861,-1.9901685672776477
2,25,0.862,-1.9890997334606364
2,25,0.863,-1.9880320470766017
2,25,0.864,-1.9869655062788123
2,25,0.865,-1.9859001092245059
2,25,0.866,-1.9848358540748707
2,25,0.867,-1.983772738995021
2,25,0.868,-1.982710762154019
2,25,0.869,-1.9816499217248318
2,25,0.87,-1.9805902158843314
2,25,0.871,-1.9795316428133092
2,25,0.872,-1.9784742006964202
2,25,0.873,-1.977417887722213
2,25,0.874,-1.9763627020830872
2,25,0.875,-1.9753086419753096
2,25,0.876,-1.9742557055989873
2,25,0.877,-1.9732038911580707
2,25,0.878,-1.9721531968603323
2,25,0.879,-1.9711036209173498
2,25,0.88,-1.9700551615445205
2,25,0.881,-1.9690078169610326
2,25,0.882,-1.967961585389852
2,25,0.883,-1.9669164650577304
2,25,0.884,-1.9658724541951695
2,25,0.885,-1.964829551036451
2,25,0.886,-1.9637877538195707
2,25,0.887,-1.9627470607862767
2,25,0.888,-1.9617074701820476
2,25,0.889,-1.9606689802560666
2,25,0.89,-1.9596315892612182
2,25,0.891,-1.958595295454102
2,25,0.892,-1.9575600970949791
2,25,0.893,-1.9565259924478107
2,25,0.894,-1.9554929797802045
2,25,0.895,-1.9544610573634325
2,25,0.896,-1.9534302234724188
2,25,0.897,-1.9524004763857183
2,25,0.898,-1.9513718143855137
2,25,0.899,-1.9503442357576117
2,25,0.9,-1.9493177387914202
2,25,0.901,-1.9482923217799597
2,25,0.902,-1.9472679830198236
2,25,0.903,-1.9462447208111966
2,25,0.904,-1.94522253345783
2,25,0.905,-1.9442014192670358
2,25,0.906,-1.9431813765496853
2,25,0.907,-1.942162403620193
2,25,0.908,-1.9411444987964903
2,25,0.909,-1.940127660400051
2,25,0.91,-1.9391118867558705
2,25,0.911,-1.938097176192413
2,25,0.912,-1.937083527041683
2,25,0.913,-1.9360709376391587
2,25,0.914,-1.9350594063237747
2,25,0.915,-1.934048931437962
2,25,0.916,-1.933039511327614
2,25,0.917,-1.9320311443420475
2,25,0.918,-1.9310238288340442
2,25,0.919,-1.9300175631598275
2,25,0.92,-1.9290123456790127
2,25,0.921,-1.928008174754664
2,25,0.922,-1.9270050487532275
2,25,0.923,-1.9260029660445683
2,25,0.924,-1.9250019250019261
2,25,0.925,-1.9240019240019224
2,25,0.926,-1.9230029614245607
2,25,0.927,-1.922005035653196
2,25,0.928,-1.9210081450745347
2,25,0.929,-1.9200122880786457
2,25,0.93,-1.919017463058914
2,25,0.931,-1.9180236684120666
2,25,0.932,-1.91703090253815
2,25,0.933,-1.9160391638405105
2,25,0.934,-1.9150484507258008
2,25,0.935,-1.9140587616039817
2,25,0.936,-1.913070094888278
2,25,0.937,-1.912082448995203
2,25,0.9380000000000001,-1.911095822344533
2,25,0.9390000000000001,-1.9101102133593089
2,25,0.9400000000000001,-1.9091256204658262
2,25,0.9410000000000001,-1.9081420420936135
2,25,0.9420000000000001,-1.9071594766754378
2,25,0.9430000000000001,-1.9061779226473008
2,25,0.9440000000000001,-1.9051973784484062
2,25,0.9450000000000001,-1.904217842521183
2,25,0.9460000000000001,-1.9032393133112557
2,25,0.9470000000000001,-1.902261789267437
2,25,0.9480000000000001,-1.9012852688417374
2,25,0.9490000000000001,-1.900309750489329
2,25,0.9500000000000001,-1.8993352326685669
2,25,0.9510000000000001,-1.898361713840957
2,25,0.9520000000000001,-1.8973891924711577
2,25,0.9530000000000001,-1.8964176670269866
2,25,0.9540000000000001,-1.8954471359793779
2,25,0.9550000000000001,-1.8944775978024104
2,25,0.9560000000000001,-1.8935090509732633
2,25,0.9570000000000001,-1.8925414939722525
2,25,0.9580000000000001,-1.8915749252827907
2,25,0.9590000000000001,-1.8906093433913722
2,25,0.96,-1.8896447467876054
2,25,0.961,-1.8886811339641514
2,25,0.962,-1.887718503416766
2,25,0.963,-1.8867568536442696
2,25,0.964,-1.8857961831485248
2,25,0.965,-1.8848364904344521
2,25,0.966,-1.8838777740100259
2,25,0.967,-1.8829200323862234
2,25,0.968,-1.8819632640770856
2,25,0.969,-1.881007467599649
2,25,0.97,-1.880052641473959
2,25,0.971,-1.879098784223085
2,25,0.972,-1.878145894373076
2,25,0.973,-1.8771939704529643
2,25,0.974,-1.8762430109947852
2,25,0.975,-1.875293014533519
2,25,0.976,-1.8743439796071348
2,25,0.977,-1.873395904756553
2,25,0.978,-1.8724487885256353
2,25,0.979,-1.8715026294611943
2,25,0.98,-1.8705574261129843
2,25,0.981,-1.8696131770336688
2,25,0.982,-1.8686698807788615
2,25,0.983,-1.86772753590706
2,25,0.984,-1.866786140979687
2,25,0.985,-1.8658456945610609
2,25,0.986,-1.8649061952183799
2,25,0.987,-1.8639676415217439
2,25,0.988,-1.8630300320441162
2,25,0.989,-1.8620933653613365
2,25,0.99,-1.861157640052108
2,25,0.991,-1.860222854697996
2,25,0.992,-1.8592890078833857
2,25,0.993,-1.858356098195535
2,25,0.994,-1.857424124224527
2,25,0.995,-1.85649308456326
2,25,0.996,-1.8555629778074652
2,25,0.997,-1.8546338025556857
2,25,0.998,-1.8537055574092631
2,25,0.999,-1.852778240972336
2,25,1.0,-1.8518518518518516
2,100,0.0,-3.9215686274509887
2,100,0.001,-3.917650976474518
2,100,0.002,-3.913741145160632
2,100,0.003,-3.9098391101206165
2,100,0.004,-3.905944848058751
2,100,0.005,-3.9020583357721295
2,100,0.006,-3.8981795501500827
2,100,0.007,-3.894308468173757
2,100,0.008,-3.890445066915671
2,100,0.009000000000000001,-3.8865893235391358
2,100,0.01,-3.882741215297991
2,100,0.011,-3.8789007195360936
2,100,0.012,-3.875067813686739
2,100,0.013000000000000001,-3.871242475272463
2,100,0.014,-3.86742468190433
2,100,0.015,-3.863614411281757
2,100,0.016,-3.8598116411919348
2,100,0.017,-3.856016349509317
2,100,0.018000000000000002,-3.852228514195466
2,100,0.019,-3.8484481132983195
2,100,0.02,-3.844675124951946
2,100,0.021,-3.840909527376102
2,100,0.022,-3.837151298875696
2,100,0.023,-3.83340041784066
2,100,0.024,-3.829656862745101
2,100,0.025,-3.8259206121473044
2,100,0.026000000000000002,-3.822191644689066
2,100,0.027,-3.8184699390954036
2,100,0.028,-3.814755474174114
2,100,0.029,-3.81104822881535
2,100,0.03,-3.8073481819912436
2,100,0.031,-3.8036553127555717
2,100,0.032,-3.7999696002432026
2,100,0.033,-3.7962910236698733
2,100,0.034,-3.7926195623317005
2,100,0.035,-3.788955195604804
2,100,0.036000000000000004,-3.7852979029449507
2,100,0.037,-3.7816476638871555
2,100,0.038,-3.7780044580452588
2,100,0.039,-3.774368265111616
2,100,0.04,-3.7707390648566985
2,100,0.041,-3.7671168371287145
2,100,0.042,-3.7635015618531664
2,100,0.043000000000000003,-3.759893219032584
2,100,0.044,-3.7562917887461467
2,100,0.045,-3.752697251149262
2,100,0.046,-3.7491095864732094
2,100,0.047,-3.745528775024809
2,100,0.048,-3.7419547971860423
2,100,0.049,-3.738387633413698
2,100,0.05,-3.734827264239038
2,100,0.051000000000000004,-3.7312736702673543
2,100,0.052000000000000005,-3.7277268321777246
2,100,0.053,-3.7241867307226784
2,100,0.054,-3.720653346727687
2,100,0.055,-3.717126661090986
2,100,0.056,-3.713606654783108
2,100,0.057,-3.710093308846729
2,100,0.058,-3.7065866043960227
2,100,0.059000000000000004,-3.7030865226166165
2,100,0.06,-3.6995930447650593
2,100,0.061,-3.6961061521686878
2,100,0.062,-3.692625826225049
2,100,0.063,-3.689152048401678
2,100,0.064,-3.6856848002359
2,100,0.065,-3.6822240633342496
2,100,0.066,-3.678769819372385
2,100,0.067,-3.6753220500946204
2,100,0.068,-3.6718807373136597
2,100,0.069,-3.6684458629101746
2,100,0.07,-3.6650174088326937
2,100,0.07100000000000001,-3.6615953570970694
2,100,0.07200000000000001,-3.658179689786367
2,100,0.073,-3.6547703890503103
2,100,0.074,-3.6513674371051907
2,100,0.075,-3.647970816233448
2,100,0.076,-3.644580508783446
2,100,0.077,-3.6411964971689637
2,100,0.078,-3.6378187638691717
2,100,0.079,-3.6344472914281445
2,100,0.08,-3.631082062454616
2,100,0.081,-3.6277230596216237
2,100,0.082,-3.6243702656663324
2,100,0.083,-3.621023663389633
2,100,0.084,-3.6176832356558997
2,100,0.085,-3.614348965392611
2,100,0.08600000000000001,-3.6110208355902174
2,100,0.08700000000000001,-3.60769882930172
2,100,0.088,-3.6043829296424468
2,100,0.089,-3.6010731197896995
2,100,0.09,-3.597769382982552
2,100,0.091,-3.59447170252154
2,100,0.092,-3.5911800617683065
2,100,0.093,-3.5878944441454452
2,100,0.094,-3.5846148331361682
2,100,0.095,-3.581341212284017
2,100,0.096,-3.5780735651924855
2,100,0.097,-3.5748118755250413
2,100,0.098,-3.5715561270045493
2,100,0.099,-3.5683063034130935
2,100,0.1,-3.5650623885918
2,100,0.101,-3.5618243664404803
2,100,0.10200000000000001,-3.5585922209174115
2,100,0.10300000000000001,-3.5553659360389567
2,100,0.10400000000000001,-3.5521454958794996
2,100,0.105,-3.548930884571022
2,100,0.106,-3.5457220863028827
2,100,0.107,-3.5425190853215938
2,100,0.108,-3.5393218659304893
2,100,0.109,-3.536130412489613
2,100,0.11,-3.5329447094152977
2,100,0.111,-3.529764741180008
2,100,0.112,-3.5265904923120317
2,100,0.113,-3.5234219473953
2,100,0.114,-3.5202590910691
2,100,0.115,-3.5171019080278088
2,100,0.116,-3.513950383020581
2,100,0.117,-3.510804500851372
2,100,0.11800000000000001,-3.507664246378339
2,100,0.11900000000000001,-3.5045296045138397
2,100,0.12,-3.5014005602240994
2,100,0.121,-3.498277098528968
2,100,0.122,-3.495159204501763
2,100,0.123,-3.492046863268916
2,100,0.124,-3.488940060009771
2,100,0.125,-3.4858387799564072
2,100,0.126,-3.4827430083934185
2,100,0.127,-3.4796527306574676
2,100,0.128,-3.4765679321373977
2,100,0.129,-3.4734885982736774
2,100,0.13,-3.4704147145583786
2,100,0.131,-3.4673462665349097
2,100,0.132,-3.4642832397977052
2,100,0.133,-3.4612256199920255
2,100,0.134,-3.4581733928139125
2,100,0.135,-3.455126544009657
2,100,0.136,-3.4520850593758645
2,100,0.137,-3.4490489247589906
2,100,0.138,-3.4460181260553613
2,100,0.139,-3.4429926492106855
2,100,0.14,-3.439972480220166
2,100,0.14100000000000001,-3.436957605127944
2,100,0.14200000000000002,-3.4339480100271214
2,100,0.14300000000000002,-3.430943681059473
2,100,0.14400000000000002,-3.4279446044152007
2,100,0.145,-3.424950766332757
2,100,0.146,-3.421962153098601
2,100,0.147,-3.4189787510470415
2,100,0.148,-3.416000546560083
2,100,0.149,-3.413027526067003
2,100,0.15,-3.4100596760443525
2,100,0.151,-3.407096983015623
2,100,0.152,-3.4041394335511788
2,100,0.153,-3.40118701426797
2,100,0.154,-3.398239711829265
2,100,0.155,-3.395297512944584
2,100,0.156,-3.3923604043693656
2,100,0.157,-3.3894283729049235
2,100,0.158,-3.38650140539809
2,100,0.159,-3.3835794887411286
2,100,0.16,-3.380662609871532
2,100,0.161,-3.3777507557717135
2,100,0.162,-3.3748439134689834
2,100,0.163,-3.3719420700352387
2,100,0.164,-3.369045212586763
2,100,0.165,-3.366153328284116
2,100,0.166,-3.3632664043318883
2,100,0.167,-3.360384427978569
2,100,0.168,-3.3575073865162564
2,100,0.169,-3.35463526728057
2,100,0.17,-3.351768057650406
2,100,0.171,-3.3489057450478033
2,100,0.17200000000000001,-3.3460483169376998
2,100,0.17300000000000001,-3.3431957608277774
2,100,0.17400000000000002,-3.3403480642682837
2,100,0.17500000000000002,-3.3375052148519213
2,100,0.176,-3.334667200213426
2,100,0.177,-3.3318340080297215
2,100,0.178,-3.329005626019499
2,100,0.179,-3.3261820419431487
2,100,0.18,-3.3233632436025395
2,100,0.181,-3.320549218840796
2,100,0.182,-3.317739955542276
2,100,0.183,-3.314935441632283
2,100,0.184,-3.312135665076843
2,100,0.185,-3.309340613882661
2,100,0.186,-3.3065502760969645
2,100,0.187,-3.303764639807061
2,100,0.188,-3.300983693140558
2,100,0.189,-3.2982074242649206
2,100,0.19,-3.2954358213873824
2,100,0.191,-3.2926688727548115
2,100,0.192,-3.289906566653489
2,100,0.193,-3.287148891409042
2,100,0.194,-3.284395835386089
2,100,0.195,-3.2816473869882623
2,100,0.196,-3.2789035346580064
2,100,0.197,-3.2761642668763358
2,100,0.198,-3.273429572162745
2,100,0.199,-3.270699439075031
2,100,0.2,-3.2679738562091387
2,100,0.201,-3.265252812198982
2,100,0.202,-3.2625362957162896
2,100,0.203,-3.2598242954704704
2,100,0.20400000000000001,-3.257116800208437
2,100,0.20500000000000002,-3.254413798714517
2,100,0.20600000000000002,-3.251715279810097
2,100,0.20700000000000002,-3.2490212323537326
2,100,0.20800000000000002,-3.246331645240863
2,100,0.209,-3.2436465074036303
2,100,0.21,-3.240965807810725
2,100,0.211,-3.2382895354673646
2,100,0.212,-3.2356176794149816
2,100,0.213,-3.232950228731224
2,100,0.214,-3.2302871725296445
2,100,0.215,-3.227628499959656
2,100,0.216,-3.2249742002063986
2,100,0.217,-3.222324262490539
2,100,0.218,-3.219678676068116
2,100,0.219,-3.217037430230496
2,100,0.22,-3.2144005143040832
2,100,0.221,-3.2117679176502545
2,100,0.222,-3.2091396296652697
2,100,0.223,-3.2065156397800276
2,100,0.224,-3.203895937459955
2,100,0.225,-3.2012805122048738
2,100,0.226,-3.198669353548933
2,100,0.227,-3.1960624510602997
2,100,0.228,-3.1934597943412024
2,100,0.229,-3.1908613730276425
2,100,0.23,-3.1882671767893944
2,100,0.231,-3.1856771953298058
2,100,0.232,-3.183091418385531
2,100,0.233,-3.1805098357266637
2,100,0.234,-3.177932437156361
2,100,0.23500000000000001,-3.175359212510931
2,100,0.23600000000000002,-3.172790151659388
2,100,0.23700000000000002,-3.1702252445036327
2,100,0.23800000000000002,-3.167664480978183
2,100,0.23900000000000002,-3.165107851050042
2,100,0.24,-3.162555344718543
2,100,0.241,-3.160006952015282
2,100,0.242,-3.157462663004007
2,100,0.243,-3.1549224677803522
2,100,0.244,-3.152386356471859
2,100,0.245,-3.1498543192377326
2,100,0.246,-3.1473263462688417
2,100,0.247,-3.144802427787474
2,100,0.248,-3.142282554047271
2,100,0.249,-3.1397667153330477
2,100,0.25,-3.1372549019607954
2,100,0.251,-3.134747104277369
2,100,0.252,-3.132243312660532
2,100,0.253,-3.129743517518757
2,100,0.254,-3.127247709291048
2,100,0.255,-3.1247558784470053
2,100,0.256,-3.1222680154864513
2,100,0.257,-3.1197841109395164
2,100,0.258,-3.1173041553664405
2,100,0.259,-3.114828139357395
2,100,0.26,-3.112356053532528
2,100,0.261,-3.1098878885416292
2,100,0.262,-3.107423635064155
2,100,0.263,-3.104963283809159
2,100,0.264,-3.1025068255150057
2,100,0.265,-3.100054250949369
2,100,0.266,-3.097605550909166
2,100,0.267,-3.09516071622018
2,100,0.268,-3.0927197377373705
2,100,0.269,-3.0902826063443634
2,100,0.27,-3.0878493129534945
2,100,0.271,-3.0854198485058992
2,100,0.272,-3.08299420397089
2,100,0.273,-3.0805723703464016
2,100,0.274,-3.0781543386585453
2,100,0.275,-3.0757400999615436
2,100,0.276,-3.0733296453377745
2,100,0.277,-3.0709229658973936
2,100,0.278,-3.068520052778534
2,100,0.279,-3.0661208971469733
2,100,0.28,-3.0637254901960898
2,100,0.281,-3.061333823146728
2,100,0.28200000000000003,-3.0589458872472663
2,100,0.28300000000000003,-3.0565616737731505
2,100,0.28400000000000003,-3.054181174027226
2,100,0.28500000000000003,-3.0518043793392957
2,100,0.28600000000000003,-3.049431281066073
2,100,0.28700000000000003,-3.0470618705912944
2,100,0.28800000000000003,-3.044696139325298
2,100,0.289,-3.0423340787051556
2,100,0.29,-3.039975680194562
2,100,0.291,-3.0376209352834804
2,100,0.292,-3.0352698354883634
2,100,0.293,-3.032922372351887
2,100,0.294,-3.030578537442774
2,100,0.295,-3.0282383223559695
2,100,0.296,-3.025901718712176
2,100,0.297,-3.0235687181580317
2,100,0.298,-3.021239312365931
2,100,0.299,-3.018913493033848
2,100,0.3,-3.016591251885359
2,100,0.301,-3.014272580669486
2,100,0.302,-3.011957471160498
2,100,0.303,-3.009645915158088
2,100,0.304,-3.007337904486973
2,100,0.305,-3.0050334309969173
2,100,0.306,-3.002732486562776
2,100,0.307,-3.0004350630841614
2,100,0.308,-2.9981411524854673
2,100,0.309,-2.9958507467158224
2,100,0.31,-2.993563837748825
2,100,0.311,-2.99128041758272
2,100,0.312,-2.989000478240089
2,100,0.313,-2.986724011767694
2,100,0.314,-2.9844510102366772
2,100,0.315,-2.9821814657422063
2,100,0.316,-2.979915370403474
2,100,0.317,-2.977652716363699
2,100,0.318,-2.975393495789813
2,100,0.319,-2.9731377008725968
2,100,0.32,-2.970885323826522
2,100,0.321,-2.9686363568894647
2,100,0.322,-2.9663907923229704
2,100,0.323,-2.964148622411944
2,100,0.324,-2.9619098394644716
2,100,0.325,-2.9596744358120874
2,100,0.326,-2.957442403809196
2,100,0.327,-2.9552137358334285
2,100,0.328,-2.9529884242853743
2,100,0.329,-2.9507664615883833
2,100,0.33,-2.9485478401886978
2,100,0.331,-2.9463325525552087
2,100,0.332,-2.944120591179411
2,100,0.333,-2.941911948575404
2,100,0.334,-2.9397066172796027
2,100,0.335,-2.9375045898509144
2,100,0.336,-2.935305858870496
2,100,0.337,-2.933110416941642
2,100,0.338,-2.9309182566898073
2,100,0.339,-2.928729370762495
2,100,0.34,-2.9265437518290804
2,100,0.341,-2.9243613925808987
2,100,0.342,-2.922182285731001
2,100,0.343,-2.920006424014132
2,100,0.34400000000000003,-2.917833800186753
2,100,0.34500000000000003,-2.9156644070267523
2,100,0.34600000000000003,-2.913498237333556
2,100,0.34700000000000003,-2.911335283927996
2,100,0.34800000000000003,-2.9091755396520647
2,100,0.34900000000000003,-2.9070189973691374
2,100,0.35000000000000003,-2.904865649963706
2,100,0.35100000000000003,-2.902715490341201
2,100,0.352,-2.9005685114282587
2,100,0.353,-2.898424706172209
2,100,0.354,-2.8962840675413437
2,100,0.355,-2.8941465885247153
2,100,0.356,-2.892012262131982
2,100,0.357,-2.889881081393497
2,100,0.358,-2.887753039360086
2,100,0.359,-2.8856281291030017
2,100,0.36,-2.8835063437139707
2,100,0.361,-2.881387676304925
2,100,0.362,-2.8792721200080473
2,100,0.363,-2.8771596679757927
2,100,0.364,-2.8750503133804672
2,100,0.365,-2.8729440494146274
2,100,0.366,-2.870840869290614
2,100,0.367,-2.8687407662406628
2,100,0.368,-2.866643733516794
2,100,0.369,-2.864549764390789
2,100,0.37,-2.862458852154015
2,100,0.371,-2.8603709901174446
2,100,0.372,-2.8582861716115016
2,100,0.373,-2.856204389986128
2,100,0.374,-2.8541256386106273
2,100,0.375,-2.8520499108734443
2,100,0.376,-2.8499772001823853
2,100,0.377,-2.847907499964397
2,100,0.378,-2.845840803665456
2,100,0.379,-2.8437771047505223
2,100,0.38,-2.8417163967036307
2,100,0.381,-2.8396586730274898
2,100,0.382,-2.837603927243837
2,100,0.383,-2.835552152892973
2,100,0.384,-2.8335033435339385
2,100,0.385,-2.8314574927444047
2,100,0.386,-2.829414594120472
2,100,0.387,-2.8273746412768253
2,100,0.388,-2.825337627846536
2,100,0.389,-2.8233035474809043
2,100,0.39,-2.8212723938496165
2,100,0.391,-2.8192441606405216
2,100,0.392,-2.81721884155961
2,100,0.393,-2.815196430330924
2,100,0.394,-2.8131769206965362
2,100,0.395,-2.8111603064164603
2,100,0.396,-2.8091465812686067
2,100,0.397,-2.8071357390486718
2,100,0.398,-2.805127773570093
2,100,0.399,-2.8031226786640273
2,100,0.4,-2.8011204481792618
2,100,0.401,-2.799121075982147
2,100,0.402,-2.797124555956465
2,100,0.403,-2.795130882003538
2,100,0.404,-2.793140048042031
2,100,0.405,-2.7911520480078167
2,100,0.406,-2.7891668758541766
2,100,0.40700000000000003,-2.7871845255515337
2,100,0.40800000000000003,-2.785204991087342
2,100,0.40900000000000003,-2.783228266466242
2,100,0.41000000000000003,-2.781254345709927
2,100,0.41100000000000003,-2.77928322285681
2,100,0.41200000000000003,-2.777314891962468
2,100,0.41300000000000003,-2.7753493470990653
2,100,0.41400000000000003,-2.773386582355708
2,100,0.41500000000000004,-2.7714265918381553
2,100,0.41600000000000004,-2.7694693696687755
2,100,0.417,-2.767514909986546
2,100,0.418,-2.765563206947097
2,100,0.419,-2.763614254722313
2,100,0.42,-2.7616680475007094
2,100,0.421,-2.7597245794869663
2,100,0.422,-2.7577838449022174
2,100,0.423,-2.755845837983828
2,100,0.424,-2.7539105529852392
2,100,0.425,-2.751977984176124
2,100,0.426,-2.750048125842186
2,100,0.427,-2.748120972285184
2,100,0.428,-2.746196517822841
2,100,0.429,-2.744274756788667
2,100,0.43,-2.7423556835321605
2,100,0.431,-2.740439292418584
2,100,0.432,-2.7385255778288764
2,100,0.433,-2.736614534159787
2,100,0.434,-2.734706155823563
2,100,0.435,-2.732800437248062
2,100,0.436,-2.730897372876706
2,100,0.437,-2.7289969571683947
2,100,0.438,-2.727099184597348
2,100,0.439,-2.7252040496532404
2,100,0.44,-2.7233115468409563
2,100,0.441,-2.721421670680746
2,100,0.442,-2.719534415708047
2,100,0.443,-2.7176497764733076
2,100,0.444,-2.7157677475422304
2,100,0.445,-2.7138883234954836
2,100,0.446,-2.712011498928746
2,100,0.447,-2.7101372684526392
2,100,0.448,-2.708265626692663
2,100,0.449,-2.706396568289149
2,100,0.45,-2.704530087897239
2,100,0.451,-2.7026661801867524
2,100,0.452,-2.7008048398422746
2,100,0.453,-2.698946061562957
2,100,0.454,-2.697089840062583
2,100,0.455,-2.6952361700693928
2,100,0.456,-2.6933850463262132
2,100,0.457,-2.6915364635902383
2,100,0.458,-2.6896904166330504
2,100,0.459,-2.687846900240576
2,100,0.46,-2.686005909212974
2,100,0.461,-2.684167438364815
2,100,0.462,-2.6823314825246136
2,100,0.463,-2.680498036535184
2,100,0.464,-2.6786670952533953
2,100,0.465,-2.676838653550151
2,100,0.466,-2.6750127063103646
2,100,0.467,-2.67318924843285
2,100,0.468,-2.6713682748303658
2,100,0.46900000000000003,-2.6695497804295476
2,100,0.47000000000000003,-2.667733760170732
2,100,0.47100000000000003,-2.6659202090081324
2,100,0.47200000000000003,-2.6641091219096413
2,100,0.47300000000000003,-2.6623004938567396
2,100,0.47400000000000003,-2.6604943198446085
2,100,0.47500000000000003,-2.6586905948820405
2,100,0.47600000000000003,-2.656889313991173
2,100,0.47700000000000004,-2.655090472207844
2,100,0.47800000000000004,-2.6532940645811687
2,100,0.47900000000000004,-2.6515000861737636
2,100,0.48,-2.649708532061479
2,100,0.481,-2.6479193973335313
2,100,0.482,-2.6461326770924165
2,100,0.483,-2.644348366453819
2,100,0.484,-2.6425664605464805
2,100,0.485,-2.640786954512442
2,100,0.486,-2.639009843506712
2,100,0.487,-2.637235122697379
2,100,0.488,-2.6354627872654524
2,100,0.489,-2.6336928324049547
2,100,0.49,-2.631925253322809
2,100,0.491,-2.630160045238772
2,100,0.492,-2.6283972033853686
2,100,0.493,-2.6266367230080245
2,100,0.494,-2.624878599364777
2,100,0.495,-2.6231228277264096
2,100,0.496,-2.621369403376339
2,100,0.497,-2.6196183216105284
2,100,0.498,-2.6178695777376415
2,100,0.499,-2.616123167078732
2,100,0.5,-2.614379084967311
2,100,0.501,-2.6126373267494785
2,100,0.502,-2.610897887783614
2,100,0.503,-2.6091607634404435
2,100,0.504,-2.607425949103037
2,100,0.505,-2.6056934401667675
2,100,0.506,-2.6039632320391526
2,100,0.507,-2.6022353201399895
2,100,0.508,-2.6005096999011768
2,100,0.509,-2.5987863667667144
2,100,0.51,-2.597065316192726
2,100,0.511,-2.5953465436472367
2,100,0.512,-2.59363004461044
2,100,0.513,-2.5919158145743415
2,100,0.514,-2.590203849042916
2,100,0.515,-2.588494143531994
2,100,0.516,-2.586786693569243
2,100,0.517,-2.585081494694119
2,100,0.518,-2.583378542457848
2,100,0.519,-2.5816778324232903
2,100,0.52,-2.579979360165119
2,100,0.521,-2.5782831212695534
2,100,0.522,-2.576589111334404
2,100,0.523,-2.5748973259691166
2,100,0.524,-2.5732077607946158
2,100,0.525,-2.571520411443262
2,100,0.526,-2.5698352735589625
2,100,0.527,-2.568152342796992
2,100,0.528,-2.5664716148239286
2,100,0.529,-2.5647930853178513
2,100,0.53,-2.563116749967964
2,100,0.531,-2.5614426044748395
2,100,0.532,-2.5597706445502633
2,100,0.533,-2.5581008659171456
2,100,0.534,-2.556433264309632
2,100,0.535,-2.554767835472971
2,100,0.536,-2.5531045751633785
2,100,0.537,-2.551443479148352
2,100,0.538,-2.5497845432060906
2,100,0.539,-2.5481277631260513
2,100,0.54,-2.546473134708438
2,100,0.541,-2.5448206537644236
2,100,0.542,-2.5431703161160613
2,100,0.543,-2.54152211759624
2,100,0.544,-2.539876054048551
2,100,0.545,-2.5382321213275105
2,100,0.546,-2.5365903152981817
2,100,0.547,-2.534950631836441
2,100,0.548,-2.5333130668288018
2,100,0.549,-2.5316776161723453
2,100,0.55,-2.530044275774812
2,100,0.551,-2.528413041554467
2,100,0.552,-2.5267839094400557
2,100,0.553,-2.525156875370893
2,100,0.554,-2.523531935296641
2,100,0.555,-2.521909085177465
2,100,0.556,-2.5202883209839433
2,100,0.557,-2.5186696386968466
2,100,0.558,-2.517053034307426
2,100,0.559,-2.515438503817191
2,100,0.56,-2.513826043237799
2,100,0.561,-2.512215648591276
2,100,0.562,-2.5106073159097297
2,100,0.5630000000000001,-2.5090010412354147
2,100,0.5640000000000001,-2.507396820620844
2,100,0.5650000000000001,-2.5057946501284123
2,100,0.5660000000000001,-2.504194525830772
2,100,0.5670000000000001,-2.5025964438104342
2,100,0.5680000000000001,-2.5010004001600583
2,100,0.5690000000000001,-2.4994063909821174
2,100,0.5700000000000001,-2.4978144123891655
2,100,0.5710000000000001,-2.4962244605035044
2,100,0.5720000000000001,-2.4946365314573615
2,100,0.5730000000000001,-2.493050621392867
2,100,0.5740000000000001,-2.4914667264618773
2,100,0.5750000000000001,-2.489884842826018
2,100,0.5760000000000001,-2.488304966656729
2,100,0.577,-2.486727094135044
2,100,0.578,-2.485151221451831
2,100,0.579,-2.483577344807464
2,100,0.58,-2.4820054604119957
2,100,0.581,-2.4804355644851395
2,100,0.582,-2.4788676532559784
2,100,0.583,-2.4773017229633654
2,100,0.584,-2.475737769855413
2,100,0.585,-2.4741757901898698
2,100,0.586,-2.4726157802339
2,100,0.587,-2.471057736263993
2,100,0.588,-2.4695016545660975
2,100,0.589,-2.467947531435488
2,100,0.59,-2.466395363176721
2,100,0.591,-2.4648451461037224
2,100,0.592,-2.463296876539567
2,100,0.593,-2.461750550816677
2,100,0.594,-2.460206165276646
2,100,0.595,-2.458663716270215
2,100,0.596,-2.457123200157252
2,100,0.597,-2.455584613306816
2,100,0.598,-2.4540479520969605
2,100,0.599,-2.4525132129149307
2,100,0.6,-2.4509803921568762
2,100,0.601,-2.4494494862279614
2,100,0.602,-2.4479204915424546
2,100,0.603,-2.4463934045233726
2,100,0.604,-2.444868221602836
2,100,0.605,-2.443344939221803
2,100,0.606,-2.4418235538300026
2,100,0.607,-2.4403040618861116
2,100,0.608,-2.438786459857578
2,100,0.609,-2.437270744220621
2,100,0.61,-2.4357569114602518
2,100,0.611,-2.434244958070142
2,100,0.612,-2.4327348805527116
2,100,0.613,-2.4312266754190848
2,100,0.614,-2.4297203391889566
2,100,0.615,-2.428215868390704
2,100,0.616,-2.426713259561275
2,100,0.617,-2.425212509246122
2,100,0.618,-2.4237136139993787
2,100,0.619,-2.422216570383573
2,100,0.62,-2.4207213749697365
2,100,0.621,-2.4192280243374498
2,100,0.622,-2.4177365150745755
2,100,0.623,-2.4162468437775475
2,100,0.624,-2.414759007051104
2,100,0.625,-2.4132730015083093
2,100,0.626,-2.4117888237705776
2,100,0.627,-2.410306470467738
2,100,0.628,-2.408825938237702
2,100,0.629,-2.4073472237267968
2,100,0.63,-2.405870323589565
2,100,0.631,-2.404395234488632
2,100,0.632,-2.4029219530949497
2,100,0.633,-2.401450476087552
2,100,0.634,-2.3999808001535783
2,100,0.635,-2.3985129219883605
2,100,0.636,-2.397046838295225
2,100,0.637,-2.3955825457855573
2,100,0.638,-2.394120041178871
2,100,0.639,-2.3926593212025615
2,100,0.64,-2.3912003825920625
2,100,0.641,-2.389743222090779
2,100,0.642,-2.3882878364500426
2,100,0.643,-2.3868342224290906
2,100,0.644,-2.3853823767949978
2,100,0.645,-2.383932296322766
2,100,0.646,-2.382483977795258
2,100,0.647,-2.381037418003018
2,100,0.648,-2.379592613744519
2,100,0.649,-2.3781495618259374
2,100,0.65,-2.3767082590612
2,100,0.651,-2.37526870227196
2,100,0.652,-2.3738308882875314
2,100,0.653,-2.3723948139449336
2,100,0.654,-2.370960476088868
2,100,0.655,-2.369527871571586
2,100,0.656,-2.3680969972529997
2,100,0.657,-2.3666678500006144
2,100,0.658,-2.3652404266893745
2,100,0.659,-2.363814724201907
2,100,0.66,-2.3623907394282995
2,100,0.661,-2.3609684692661004
2,100,0.662,-2.359547910620341
2,100,0.663,-2.358129060403469
2,100,0.664,-2.3567119155354366
2,100,0.665,-2.3552964729435466
2,100,0.666,-2.3538827295624287
2,100,0.667,-2.352470682334107
2,100,0.668,-2.351060328208021
2,100,0.669,-2.349651664140806
2,100,0.67,-2.3482446870964013
2,100,0.671,-2.346839394046074
2,100,0.672,-2.345435781968286
2,100,0.673,-2.344033847848759
2,100,0.674,-2.3426335886803873
2,100,0.675,-2.34123500146326
2,100,0.676,-2.3398380832046595
2,100,0.677,-2.3384428309188854
2,100,0.678,-2.33704924162752
2,100,0.679,-2.3356573123591406
2,100,0.68,-2.334267040149407
2,100,0.681,-2.3328784220410403
2,100,0.682,-2.331491455083823
2,100,0.683,-2.330106136334509
2,100,0.684,-2.3287224628568914
2,100,0.685,-2.3273404317216473
2,100,0.686,-2.3259600400064917
2,100,0.687,-2.32458128479609
2,100,0.6880000000000001,-2.323204163181858
2,100,0.6890000000000001,-2.321828672262294
2,100,0.6900000000000001,-2.3204548091426025
2,100,0.6910000000000001,-2.319082570934916
2,100,0.6920000000000001,-2.3177119547582503
2,100,0.6930000000000001,-2.3163429577383265
2,100,0.6940000000000001,-2.3149755770076386
2,100,0.6950000000000001,-2.313609809705608
2,100,0.6960000000000001,-2.312245652978162
2,100,0.6970000000000001,-2.3108831039781785
2,100,0.6980000000000001,-2.3095221598651072
2,100,0.6990000000000001,-2.3081628178051705
2,100,0.7000000000000001,-2.306805074971141
2,100,0.7010000000000001,-2.3054489285426083
2,100,0.7020000000000001,-2.304094375705623
2,100,0.7030000000000001,-2.3027414136529423
2,100,0.704,-2.301390039583917
2,100,0.705,-2.3000402507043605
2,100,0.706,-2.2986920442268355
2,100,0.707,-2.2973454173702335
2,100,0.708,-2.2960003673600626
2,100,0.709,-2.2946568914282928
2,100,0.71,-2.2933149868134217
2,100,0.711,-2.2919746507603644
2,100,0.712,-2.2906358805204308
2,100,0.713,-2.2892986733514142
2,100,0.714,-2.2879630265175033
2,100,0.715,-2.2866289372891924
2,100,0.716,-2.285296402943482
2,100,0.717,-2.283965420763523
2,100,0.718,-2.2826359880389946
2,100,0.719,-2.2813081020657267
2,100,0.72,-2.2799817601459216
2,100,0.721,-2.2786569595880213
2,100,0.722,-2.2773336977067293
2,100,0.723,-2.2760119718229666
2,100,0.724,-2.274691779263893
2,100,0.725,-2.273373117362909
2,100,0.726,-2.272055983459431
2,100,0.727,-2.270740374899227
2,100,0.728,-2.2694262890341266
2,100,0.729,-2.268113723222087
2,100,0.73,-2.266802674827173
2,100,0.731,-2.2654931412195323
2,100,0.732,-2.264185119775375
2,100,0.733,-2.2628786078770835
2,100,0.734,-2.261573602912903
2,100,0.735,-2.2602701022772287
2,100,0.736,-2.2589681033703846
2,100,0.737,-2.257667603598712
2,100,0.738,-2.2563686003745698
2,100,0.739,-2.2550710911161564
2,100,0.74,-2.253775073247666
2,100,0.741,-2.252480544199309
2,100,0.742,-2.2511875014069815
2,100,0.743,-2.249895942312685
2,100,0.744,-2.248605864364106
2,100,0.745,-2.247317265014881
2,100,0.746,-2.2460301417245088
2,100,0.747,-2.244744491958217
2,100,0.748,-2.2434603131870734
2,100,0.749,-2.2421776028879403
2,100,0.75,-2.2408963585434094
2,100,0.751,-2.239616577641912
2,100,0.752,-2.238338257677519
2,100,0.753,-2.2370613961500307
2,100,0.754,-2.2357859905649757
2,100,0.755,-2.2345120384336115
2,100,0.756,-2.2332395372727687
2,100,0.757,-2.231968484605007
2,100,0.758,-2.230698877958459
2,100,0.759,-2.2294307148669423
2,100,0.76,-2.2281639928698915
2,100,0.761,-2.226898709512204
2,100,0.762,-2.2256348623444833
2,100,0.763,-2.2243724489228622
2,100,0.764,-2.223111466808936
2,100,0.765,-2.221851913569961
2,100,0.766,-2.2205937867785908
2,100,0.767,-2.2193370840130067
2,100,0.768,-2.218081802856897
2,100,0.769,-2.2168279408993685
2,100,0.77,-2.2155754957350116
2,100,0.771,-2.214324464963835
2,100,0.772,-2.2130748461913097
2,100,0.773,-2.2118266370281914
2,100,0.774,-2.2105798350907424
2,100,0.775,-2.209334438000554
2,100,0.776,-2.2080904433845694
2,100,0.777,-2.20684784887506
2,100,0.778,-2.2056066521096707
2,100,0.779,-2.2043668507313097
2,100,0.78,-2.2031284423881914
2,100,0.781,-2.2018914247338595
2,100,0.782,-2.2006557954270534
2,100,0.783,-2.199421552131775
2,100,0.784,-2.1981886925173555
2,100,0.785,-2.196957214258277
2,100,0.786,-2.1957271150341295
2,100,0.787,-2.19449839252992
2,100,0.788,-2.193271044435674
2,100,0.789,-2.192045068446591
2,100,0.79,-2.19082046226311
2,100,0.791,-2.1895972235907113
2,100,0.792,-2.1883753501400482
2,100,0.793,-2.1871548396268814
2,100,0.794,-2.1859356897720117
2,100,0.795,-2.1847178983013915
2,100,0.796,-2.1835014629459915
2,100,0.797,-2.1822863814418447
2,100,0.798,-2.181072651530025
2,100,0.799,-2.179860270956624
2,100,0.8,-2.178649237472774
2,100,0.801,-2.1774395488345366
2,100,0.802,-2.1762312028029696
2,100,0.803,-2.1750241971442152
2,100,0.804,-2.1738185296291457
2,100,0.805,-2.1726141980337843
2,100,0.806,-2.171411200138973
2,100,0.807,-2.1702095337304828
2,100,0.808,-2.169009196598992
2,100,0.809,-2.1678101865400645
2,100,0.81,-2.166612501354148
2,100,0.811,-2.1654161388464654
2,100,0.812,-2.1642210968272346
2,100,0.8130000000000001,-2.1630273731114036
2,100,0.8140000000000001,-2.1618349655187385
2,100,0.8150000000000001,-2.160643871873824
2,100,0.8160000000000001,-2.159454090006041
2,100,0.8170000000000001,-2.1582656177495663
2,100,0.8180000000000001,-2.1570784529433507
2,100,0.8190000000000001,-2.155892593430986
2,100,0.8200000000000001,-2.1547080370609706
2,100,0.8210000000000001,-2.1535247816864223
2,100,0.8220000000000001,-2.1523428251651655
2,100,0.8230000000000001,-2.151162165359821
2,100,0.8240000000000001,-2.1499828001375842
2,100,0.8250000000000001,-2.1488047273704014
2,100,0.8260000000000001,-2.147627944934838
2,100,0.8270000000000001,-2.1464524507120775
2,100,0.8280000000000001,-2.1452782425880557
2,100,0.8290000000000001,-2.1441053184532377
2,100,0.8300000000000001,-2.1429336762027074
2,100,0.8310000000000001,-2.1417633137362113
2,100,0.8320000000000001,-2.1405942289579594
2,100,0.833,-2.1394264197768686
2,100,0.834,-2.1382598841063194
2,100,0.835,-2.137094619864288
2,100,0.836,-2.1359306249733034
2,100,0.837,-2.1347678973603568
2,100,0.838,-2.133606434957014
2,100,0.839,-2.1324462356992813
2,100,0.84,-2.1312872975277175
2,100,0.841,-2.1301296183872775
2,100,0.842,-2.1289731962274683
2,100,0.843,-2.1278180290021487
2,100,0.844,-2.1266641146697296
2,100,0.845,-2.125511451192952
2,100,0.846,-2.124360036538997
2,100,0.847,-2.1232098686794876
2,100,0.848,-2.122060945590354
2,100,0.849,-2.1209132652520113
2,100,0.85,-2.119766825649183
2,100,0.851,-2.118621624770922
2,100,0.852,-2.1174776606107004
2,100,0.853,-2.1163349311662083
2,100,0.854,-2.1151934344395773
2,100,0.855,-2.11405316843718
2,100,0.856,-2.1129141311697186
2,100,0.857,-2.1117763206521145
2,100,0.858,-2.110639734903663
2,100,0.859,-2.1095043719478124
2,100,0.86,-2.108370229812362
2,100,0.861,-2.1072373065292638
2,100,0.862,-2.1061056001348
2,100,0.863,-2.10497510866936
2,100,0.864,-2.1038458301775753
2,100,0.865,-2.102717762708295
2,100,0.866,-2.1015909043145875
2,100,0.867,-2.100465253053563
2,100,0.868,-2.099340806986616
2,100,0.869,-2.09821756417925
2,100,0.87,-2.0970955227010535
2,100,0.871,-2.095974680625856
2,100,0.872,-2.0948550360315066
2,100,0.873,-2.0937365869999836
2,100,0.874,-2.0926193316173958
2,100,0.875,-2.091503267973849
2,100,0.876,-2.0903883941636225
2,100,0.877,-2.089274708285016
2,100,0.878,-2.0881622084403473
2,100,0.879,-2.08705089273602
2,100,0.88,-2.085940759282434
2,100,0.881,-2.084831806194032
2,100,0.882,-2.0837240315892513
2,100,0.883,-2.082617433590528
2,100,0.884,-2.0815120103242934
2,100,0.885,-2.0804077599209547
2,100,0.886,-2.0793046805148485
2,100,0.887,-2.0782027702442862
2,100,0.888,-2.077102027251576
2,100,0.889,-2.07600244968289
2,100,0.89,-2.074904035688352
2,100,0.891,-2.073806783421994
2,100,0.892,-2.0727106910417348
2,100,0.893,-2.071615756709466
2,100,0.894,-2.0705219785908113
2,100,0.895,-2.06942935485539
2,100,0.896,-2.0683378836766853
2,100,0.897,-2.067247563231933
2,100,0.898,-2.066158391702322
2,100,0.899,-2.06507036727277
2,100,0.9,-2.0639834881320818
2,100,0.901,-2.062897752472903
2,100,0.902,-2.0618131584915877
2,100,0.903,-2.060729704388331
2,100,0.904,-2.059647388367125
2,100,0.905,-2.0585662086356926
2,100,0.906,-2.057486163405531
2,100,0.907,-2.0564072508919784
2,100,0.908,-2.055329469313927
2,100,0.909,-2.054252816894153
2,100,0.91,-2.053177291859165
2,100,0.911,-2.0521028924390228
2,100,0.912,-2.0510296168676723
2,100,0.913,-2.0499574633826345
2,100,0.914,-2.048886430225183
2,100,0.915,-2.0478165156401884
2,100,0.916,-2.046747717876296
2,100,0.917,-2.045680035185704
2,100,0.918,-2.0446134658242743
2,100,0.919,-2.0435480080515767
2,100,0.92,-2.042483660130734
2,100,0.921,-2.041420420328466
2,100,0.922,-2.040358286915178
2,100,0.923,-2.0392972581648516
2,100,0.924,-2.038237332354975
2,100,0.925,-2.0371785077667237
2,100,0.926,-2.036120782684847
2,100,0.927,-2.0350641553974924
2,100,0.928,-2.0340086241965816
2,100,0.929,-2.0329541873773893
2,100,0.93,-2.031900843238854
2,100,0.931,-2.0308485900833784
2,100,0.932,-2.0297974262168728
2,100,0.933,-2.0287473499487785
2,100,0.934,-2.027698359592023
2,100,0.935,-2.0266504534630414
2,100,0.936,-2.0256036298817115
2,100,0.937,-2.0245578871713965
2,100,0.9380000000000001,-2.0235132236589015
2,100,0.9390000000000001,-2.022469637674562
2,100,0.9400000000000001,-2.0214271275520668
2,100,0.9410000000000001,-2.0203856916285234
2,100,0.9420000000000001,-2.0193453282445706
2,100,0.9430000000000001,-2.0183060357441995
2,100,0.9440000000000001,-2.0172678124747767
2,100,0.9450000000000001,-2.0162306567871324
2,100,0.9460000000000001,-2.01519456703545
2,100,0.9470000000000001,-2.014159541577265
2,100,0.9480000000000001,-2.0131255787736224
2,100,0.9490000000000001,-2.012092676988697
2,100,0.9500000000000001,-2.011060834590239
2,100,0.9510000000000001,-2.010030049949263
2,100,0.9520000000000001,-2.0090003214400465
2,100,0.9530000000000001,-2.007971647440332
2,100,0.9540000000000001,-2.0069440263311034
2,100,0.9550000000000001,-2.0059174564966753
2,100,0.9560000000000001,-2.0048919363246265
2,100,0.9570000000000001,-2.0038674642059107
2,100,0.9580000000000001,-2.0028440385347235
2,100,0.9590000000000001,-2.0018216577085024
2,100,0.96,-2.0008003201280378
2,100,0.961,-1.9997800241973285
2,100,0.962,-1.9987607683236264
2,100,0.963,-1.9977425509174473
2,100,0.964,-1.9967253703925492
2,100,0.965,-1.995709225165887
2,100,0.966,-1.9946941136576801
2,100,0.967,-1.9936800342913008
2,100,0.968,-1.9926669854933854
2,100,0.969,-1.9916549656937566
2,100,0.97,-1.9906439733253678
2,100,0.971,-1.9896340068244367
2,100,0.972,-1.9886250646303227
2,100,0.973,-1.987617145185494
2,100,0.974,-1.9866102469356495
2,100,0.975,-1.9856043683296076
2,100,0.976,-1.984599507819318
2,100,0.977,-1.9835956638598828
2,100,0.978,-1.9825928349095023
2,100,0.979,-1.9815910194295072
2,100,0.98,-1.980590215884348
2,100,0.981,-1.9795904227415284
2,100,0.982,-1.9785916384717273
2,100,0.983,-1.9775938615486544
2,100,0.984,-1.9765970904490837
2,100,0.985,-1.9756013236528869
2,100,0.986,-1.9746065596429885
2,100,0.987,-1.9736127969053774
2,100,0.988,-1.9726200339290623
2,100,0.989,-1.971628269206116
2,100,0.99,-1.9706375012316313
2,100,0.991,-1.9696477285037761
2,100,0.992,-1.968658949523583
2,100,0.993,-1.9676711627952703
2,100,0.994,-1.966684366825966
2,100,0.995,-1.965698560125806
2,100,0.996,-1.9647137412079019
2,100,0.997,-1.9637299085883742
2,100,0.998,-1.9627470607862851
2,100,0.999,-1.9617651963236504
2,100,1.0,-1.9607843137254943
4,2,0.0,-4.666666666666666
4,2,0.001,-4.657347316020642
4,2,0.002,-4.64805586166319
4,2,0.003,-4.638792200334533
4,2,0.004,-4.629556229264847
4,2,0.005,-4.620347846171301
4,2,0.006,-4.611166949255066
4,2,0.007,-4.6020134371983925
4,2,0.008,-4.592887209161674
4,2,0.009000000000000001,-4.583788164780545
4,2,0.01,-4.574716204163003
4,2,0.011,-4.565671227886548
4,2,0.012,-4.5566531369953225
4,2,0.013000000000000001,-4.5476618329973215
4,2,0.014,-4.538697217861552
4,2,0.015,-4.529759194015282
4,2,0.016,-4.520847664341265
4,2,0.017,-4.51196253217499
4,2,0.018000000000000002,-4.503103701301966
4,2,0.019,-4.494271075955016
4,2,0.02,-4.485464560811584
4,2,0.021,-4.476684060991078
4,2,0.022,-4.467929482052204
4,2,0.023,-4.459200729990361
4,2,0.024,-4.450497711234995
4,2,0.025,-4.441820332647044
4,2,0.026000000000000002,-4.433168501516326
4,2,0.027,-4.424542125559009
4,2,0.028,-4.41594111291505
4,2,0.029,-4.407365372145691
4,2,0.03,-4.3988148122309365
4,2,0.031,-4.390289342567083
4,2,0.032,-4.381788872964229
4,2,0.033,-4.373313313643854
4,2,0.034,-4.364862575236339
4,2,0.035,-4.356436568778593
4,2,0.036000000000000004,-4.34803520571161
4,2,0.037,-4.339658397878118
4,2,0.038,-4.331306057520184
4,2,0.039,-4.322978097276875
4,2,0.04,-4.314674430181925
4,2,0.041,-4.306394969661402
4,2,0.042,-4.298139629531404
4,2,0.043000000000000003,-4.2899083239957925
4,2,0.044,-4.281700967643895
4,2,0.045,-4.273517475448261
4,2,0.046,-4.265357762762415
4,2,0.047,-4.257221745318638
4,2,0.048,-4.249109339225752
4,2,0.049,-4.241020460966926
4,2,0.05,-4.232955027397493
4,2,0.051000000000000004,-4.224912955742791
4,2,0.052000000000000005,-4.216894163596008
4,2,0.053,-4.208898568916052
4,2,0.054,-4.200926090025417
4,2,0.055,-4.192976645608102
4,2,0.056,-4.18505015470749
4,2,0.057,-4.177146536724294
4,2,0.058,-4.169265711414473
4,2,0.059000000000000004,-4.161407598887211
4,2,0.06,-4.153572119602845
4,2,0.061,-4.145759194370886
4,2,0.062,-4.1379687443479725
4,2,0.063,-4.13020069103591
4,2,0.064,-4.122454956279658
4,2,0.065,-4.1147314622653965
4,2,0.066,-4.107030131518554
4,2,0.067,-4.099350886901873
4,2,0.068,-4.091693651613475
4,2,0.069,-4.084058349184964
4,2,0.07,-4.076444903479516
4,2,0.07100000000000001,-4.068853238689988
4,2,0.07200000000000001,-4.061283279337048
4,2,0.073,-4.053734950267325
4,2,0.074,-4.0462081766515325
4,2,0.075,-4.038702883982662
4,2,0.076,-4.03121899807414
4,2,0.077,-4.023756445058017
4,2,0.078,-4.01631515138318
4,2,0.079,-4.008895043813554
4,2,0.08,-4.001496049426331
4,2,0.081,-3.9941180956102142
4,2,0.082,-3.986761110063646
4,2,0.083,-3.9794250207930983
4,2,0.084,-3.972109756111315
4,2,0.085,-3.964815244635622
4,2,0.08600000000000001,-3.9575414152862063
4,2,0.08700000000000001,-3.950288197284427
4,2,0.088,-3.9430555201511424
4,2,0.089,-3.9358433137050253
4,2,0.09,-3.9286515080609177
4,2,0.091,-3.9214800336281788
4,2,0.092,-3.9143288211090423
4,2,0.093,-3.9071978014970035
4,2,0.094,-3.900086906075194
4,2,0.095,-3.892996066414788
4,2,0.096,-3.8859252143733913
4,2,0.097,-3.878874282093489
4,2,0.098,-3.8718432020008438
4,2,0.099,-3.8648319068029537
4,2,0.1,-3.857840329487494
4,2,0.101,-3.8508684033207827
4,2,0.10200000000000001,-3.843916061846248
4,2,0.10300000000000001,-3.836983238882903
4,2,0.10400000000000001,-3.8300698685238475
4,2,0.105,-3.8231758851347633
4,2,0.106,-3.816301223352422
4,2,0.107,-3.809445818083214
4,2,0.108,-3.802609604501668
4,2,0.109,-3.7957925180490055
4,2,0.11,-3.7889944944316767
4,2,0.111,-3.7822154696199353
4,2,0.112,-3.775455379846394
4,2,0.113,-3.7687141616046125
4,2,0.114,-3.761991751647683
4,2,0.115,-3.755288086986833
4,2,0.116,-3.7486031048900204
4,2,0.117,-3.741936742880567
4,2,0.11800000000000001,-3.735288938735772
4,2,0.11900000000000001,-3.7286596304855517
4,2,0.12,-3.7220487564110813
4,2,0.121,-3.715456255043451
4,2,0.122,-3.7088820651623267
4,2,0.123,-3.70232612579462
4,2,0.124,-3.6957883762131667
4,2,0.125,-3.6892687559354225
4,2,0.126,-3.6827672047221527
4,2,0.127,-3.6762836625761346
4,2,0.128,-3.6698180697408884
4,2,0.129,-3.663370366699381
4,2,0.13,-3.656940494172771
4,2,0.131,-3.650528393119138
4,2,0.132,-3.64413400473224
4,2,0.133,-3.6377572704402636
4,2,0.134,-3.631398131904593
4,2,0.135,-3.625056531018576
4,2,0.136,-3.6187324099063147
4,2,0.137,-3.612425710921445
4,2,0.138,-3.606136376645938
4,2,0.139,-3.5998643498889034
4,2,0.14,-3.5936095736854052
4,2,0.14100000000000001,-3.5873719912952797
4,2,0.14200000000000002,-3.5811515462019585
4,2,0.14300000000000002,-3.574948182111317
4,2,0.14400000000000002,-3.5687618429505044
4,2,0.145,-3.562592472866806
4,2,0.146,-3.5564400162264937
4,2,0.147,-3.5503044176136935
4,2,0.148,-3.544185621829271
4,2,0.149,-3.538083573889688
4,2,0.15,-3.5319982190259185
4,2,0.151,-3.5259295026823216
4,2,0.152,-3.519877370515559
4,2,0.153,-3.513841768393497
4,2,0.154,-3.507822642394132
4,2,0.155,-3.5018199388045006
4,2,0.156,-3.4958336041196274
4,2,0.157,-3.489863585041448
4,2,0.158,-3.4839098284777688
4,2,0.159,-3.4779722815412026
4,2,0.16,-3.4720508915481476
4,2,0.161,-3.466145606017731
4,2,0.162,-3.4602563726708
4,2,0.163,-3.4543831394288884
4,2,0.164,-3.4485258544132096
4,2,0.165,-3.4426844659436444
4,2,0.166,-3.43685892253774
4,2,0.167,-3.43104917290972
4,2,0.168,-3.425255165969494
4,2,0.169,-3.4194768508216686
4,2,0.17,-3.413714176764584
4,2,0.171,-3.4079670932893364
4,2,0.17200000000000001,-3.4022355500788186
4,2,0.17300000000000001,-3.3965194970067603
4,2,0.17400000000000002,-3.3908188841367806
4,2,0.17500000000000002,-3.3851336617214454
4,2,0.176,-3.3794637802013217
4,2,0.177,-3.3738091902040517
4,2,0.178,-3.3681698425434288
4,2,0.179,-3.362545688218468
4,2,0.18,-3.3569366784125028
4,2,0.181,-3.351342764492264
4,2,0.182,-3.3457638980069913
4,2,0.183,-3.3402000306875266
4,2,0.184,-3.334651114445426
4,2,0.185,-3.329117101372072
4,2,0.186,-3.3235979437378074
4,2,0.187,-3.318093593991033
4,2,0.188,-3.312604004757372
4,2,0.189,-3.3071291288387807
4,2,0.19,-3.301668919212711
4,2,0.191,-3.296223329031245
4,2,0.192,-3.290792311620254
4,2,0.193,-3.285375820478558
4,2,0.194,-3.2799738092770885
4,2,0.195,-3.2745862318580596
4,2,0.196,-3.2692130422341434
4,2,0.197,-3.2638541945876463
4,2,0.198,-3.2585096432697007
4,2,0.199,-3.2531793427994486
4,2,0.2,-3.2478632478632488
4,2,0.201,-3.2425613133138578
4,2,0.202,-3.237273494169663
4,2,0.203,-3.231999745613866
4,2,0.20400000000000001,-3.22674002299372
4,2,0.20500000000000002,-3.221494281819742
4,2,0.20600000000000002,-3.2162624777649356
4,2,0.20700000000000002,-3.211044566664026
4,2,0.20800000000000002,-3.2058405045127
4,2,0.209,-3.2006502474668337
4,2,0.21,-3.1954737518417544
4,2,0.211,-3.1903109741114752
4,2,0.212,-3.185161870907961
4,2,0.213,-3.18002639902038
4,2,0.214,-3.1749045153943785
4,2,0.215,-3.1697961771313308
4,2,0.216,-3.1647013414876386
4,2,0.217,-3.15961996587398
4,2,0.218,-3.1545520078546185
4,2,0.219,-3.149497425146673
4,2,0.22,-3.144456175619415
4,2,0.221,-3.1394282172935615
4,2,0.222,-3.134413508340582
4,2,0.223,-3.129412007081995
4,2,0.224,-3.1244236719886813
4,2,0.225,-3.119448461680195
4,2,0.226,-3.114486334924088
4,2,0.227,-3.1095372506352175
4,2,0.228,-3.104601167875087
4,2,0.229,-3.0996780458511695
4,2,0.23,-3.094767843916239
4,2,0.231,-3.089870521567718
4,2,0.232,-3.0849860384470067
4,2,0.233,-3.080114354338845
4,2,0.234,-3.0752554291706504
4,2,0.23500000000000001,-3.0704092230118816
4,2,0.23600000000000002,-3.0655756960733904
4,2,0.23700000000000002,-3.0607548087067857
4,2,0.23800000000000002,-3.055946521403809
4,2,0.23900000000000002,-3.0511507947956864
4,2,0.24,-3.046367589652526
4,2,0.241,-3.041596866882672
4,2,0.242,-3.03683858753211
4,2,0.243,-3.032092712783832
4,2,0.244,-3.027359203957241
4,2,0.245,-3.022638022507536
4,2,0.246,-3.0179291300251134
4,2,0.247,-3.0132324882349613
4,2,0.248,-3.0085480589960745
4,2,0.249,-3.003875804300849
4,2,0.25,-2.999215686274511
4,2,0.251,-2.994567667174509
4,2,0.252,-2.9899317093899547
4,2,0.253,-2.98530777544103
4,2,0.254,-2.980695827978423
4,2,0.255,-2.9760958297827504
4,2,0.256,-2.971507743763991
4,2,0.257,-2.9669315329609223
4,2,0.258,-2.9623671605405657
4,2,0.259,-2.957814589797618
4,2,0.26,-2.953273784153906
4,2,0.261,-2.948744707157839
4,2,0.262,-2.9442273224838473
4,2,0.263,-2.9397215939318535
4,2,0.264,-2.9352274854267266
4,2,0.265,-2.9307449610177394
4,2,0.266,-2.9262739848780446
4,2,0.267,-2.921814521304131
4,2,0.268,-2.917366534715308
4,2,0.269,-2.9129299896531746
4,2,0.27,-2.9085048507810995
4,2,0.271,-2.904091082883701
4,2,0.272,-2.8996886508663295
4,2,0.273,-2.8952975197545654
4,2,0.274,-2.890917654693701
4,2,0.275,-2.8865490209482307
4,2,0.276,-2.882191583901356
4,2,0.277,-2.877845309054486
4,2,0.278,-2.8735101620267347
4,2,0.279,-2.869186108554425
4,2,0.28,-2.864873114490604
4,2,0.281,-2.860571145804547
4,2,0.28200000000000003,-2.8562801685812818
4,2,0.28300000000000003,-2.852000149021094
4,2,0.28400000000000003,-2.8477310534390554
4,2,0.28500000000000003,-2.843472848264543
4,2,0.28600000000000003,-2.8392255000407642
4,2,0.28700000000000003,-2.8349889754242894
4,2,0.28800000000000003,-2.8307632411845765
4,2,0.289,-2.8265482642035082
4,2,0.29,-2.8223440114749314
4,2,0.291,-2.8181504501041914
4,2,0.292,-2.813967547307672
4,2,0.293,-2.809795270412352
4,2,0.294,-2.8056335868553313
4,2,0.295,-2.8014824641834055
4,2,0.296,-2.797341870052597
4,2,0.297,-2.793211772227723
4,2,0.298,-2.7890921385819447
4,2,0.299,-2.784982937096335
4,2,0.3,-2.780884135859435
4,2,0.301,-2.776795703066822
4,2,0.302,-2.7727176070206703
4,2,0.303,-2.7686498161293356
4,2,0.304,-2.764592298906909
4,2,0.305,-2.760545023972809
4,2,0.306,-2.756507960051346
4,2,0.307,-2.752481075971311
4,2,0.308,-2.748464340665547
4,2,0.309,-2.7444577231705445
4,2,0.31,-2.740461192626018
4,2,0.311,-2.7364747182745095
4,2,0.312,-2.7324982694609634
4,2,0.313,-2.7285318156323264
4,2,0.314,-2.7245753263371464
4,2,0.315,-2.7206287712251713
4,2,0.316,-2.7166921200469396
4,2,0.317,-2.712765342653398
4,2,0.318,-2.7088484089954887
4,2,0.319,-2.7049412891237754
4,2,0.32,-2.701043953188035
4,2,0.321,-2.697156371436882
4,2,0.322,-2.693278514217372
4,2,0.323,-2.6894103519746286
4,2,0.324,-2.685551855251446
4,2,0.325,-2.681702994687927
4,2,0.326,-2.6778637410210875
4,2,0.327,-2.6740340650844923
4,2,0.328,-2.6702139378078753
4,2,0.329,-2.666403330216774
4,2,0.33,-2.662602213432148
4,2,0.331,-2.658810558670025
4,2,0.332,-2.6550283372411236
4,2,0.333,-2.6512555205504986
4,2,0.334,-2.6474920800971686
4,2,0.335,-2.6437379874737688
4,2,0.336,-2.639993214366181
4,2,0.337,-2.6362577325531857
4,2,0.338,-2.6325315139061036
4,2,0.339,-2.6288145303884463
4,2,0.34,-2.6251067540555626
4,2,0.341,-2.6214081570542924
4,2,0.342,-2.6177187116226204
4,2,0.343,-2.614038390089328
4,2,0.34400000000000003,-2.6103671648736557
4,2,0.34500000000000003,-2.6067050084849592
4,2,0.34600000000000003,-2.603051893522363
4,2,0.34700000000000003,-2.5994077926744423
4,2,0.34800000000000003,-2.5957726787188604
4,2,0.34900000000000003,-2.592146524522059
4,2,0.35000000000000003,-2.5885293030389125
4,2,0.35100000000000003,-2.584920987312401
4,2,0.352,-2.581321550473283
4,2,0.353,-2.577730965739761
4,2,0.354,-2.57414920641717
4,2,0.355,-2.5705762458976427
4,2,0.356,-2.5670120576597872
4,2,0.357,-2.5634566152683744
4,2,0.358,-2.5599098923740153
4,2,0.359,-2.5563718627128407
4,2,0.36,-2.552842500106192
4,2,0.361,-2.5493217784603015
4,2,0.362,-2.5458096717659857
4,2,0.363,-2.5423061540983323
4,2,0.364,-2.5388111996163905
4,2,0.365,-2.535324782562862
4,2,0.366,-2.5318468772638036
4,2,0.367,-2.528377458128313
4,2,0.368,-2.5249164996482287
4,2,0.369,-2.5214639763978326
4,2,0.37,-2.5180198630335493
4,2,0.371,-2.514584134293643
4,2,0.372,-2.5111567649979283
4,2,0.373,-2.5077377300474675
4,2,0.374,-2.5043270044242836
4,2,0.375,-2.500924563191064
4,2,0.376,-2.497530381490872
4,2,0.377,-2.4941444345468544
4,2,0.378,-2.4907666976619574
4,2,0.379,-2.4873971462186404
4,2,0.38,-2.484035755678585
4,2,0.381,-2.4806825015824145
4,2,0.382,-2.4773373595494212
4,2,0.383,-2.474000305277266
4,2,0.384,-2.470671314541719
4,2,0.385,-2.4673503631963665
4,2,0.386,-2.4640374271723413
4,2,0.387,-2.4607324824780497
4,2,0.388,-2.4574355051988914
4,2,0.389,-2.4541464714969843
4,2,0.39,-2.450865357610909
4,2,0.391,-2.4475921398554186
4,2,0.392,-2.444326794621184
4,2,0.393,-2.4410692983745186
4,2,0.394,-2.4378196276571167
4,2,0.395,-2.4345777590857884
4,2,0.396,-2.4313436693521906
4,2,0.397,-2.428117335222572
4,2,0.398,-2.4248987335375056
4,2,0.399,-2.421687841211633
4,2,0.4,-2.4184846352334035
4,2,0.401,-2.4152890926648194
4,2,0.402,-2.4121011906411747
4,2,0.403,-2.4089209063708057
4,2,0.404,-2.405748217134832
4,2,0.405,-2.4025831002869067
4,2,0.406,-2.3994255332529657
4,2,0.40700000000000003,-2.3962754935309754
4,2,0.40800000000000003,-2.3931329586906855
4,2,0.40900000000000003,-2.3899979063733747
4,2,0.41000000000000003,-2.386870314291617
4,2,0.41100000000000003,-2.383750160229021
4,2,0.41200000000000003,-2.380637422039995
4,2,0.41300000000000003,-2.377532077649499
4,2,0.41400000000000003,-2.3744341050528046
4,2,0.41500000000000004,-2.3713434823152566
4,2,0.41600000000000004,-2.368260187572022
4,2,0.417,-2.365184199027864
4,2,0.418,-2.3621154949568988
4,2,0.419,-2.3590540537023523
4,2,0.42,-2.355999853676337
4,2,0.421,-2.3529528733596026
4,2,0.422,-2.3499130913013184
4,2,0.423,-2.3468804861188275
4,2,0.424,-2.3438550364974198
4,2,0.425,-2.340836721190101
4,2,0.426,-2.3378255190173673
4,2,0.427,-2.3348214088669694
4,2,0.428,-2.331824369693692
4,2,0.429,-2.328834380519117
4,2,0.43,-2.3258514204314125
4,2,0.431,-2.3228754685850967
4,2,0.432,-2.31990650420082
4,2,0.433,-2.316944506565138
4,2,0.434,-2.3139894550302964
4,2,0.435,-2.3110413290140004
4,2,0.436,-2.3081001079992096
4,2,0.437,-2.3051657715339013
4,2,0.438,-2.302238299230871
4,2,0.439,-2.2993176707674987
4,2,0.44,-2.2964038658855457
4,2,0.441,-2.293496864390934
4,2,0.442,-2.2905966461535354
4,2,0.443,-2.287703191106949
4,2,0.444,-2.2848164792483034
4,2,0.445,-2.281936490638032
4,2,0.446,-2.279063205399675
4,2,0.447,-2.2761966037196575
4,2,0.448,-2.273336665847088
4,2,0.449,-2.270483372093552
4,2,0.45,-2.267636702832898
4,2,0.451,-2.2647966385010383
4,2,0.452,-2.2619631595957426
4,2,0.453,-2.259136246676426
4,2,0.454,-2.256315880363962
4,2,0.455,-2.253502041340459
4,2,0.456,-2.2506947103490753
4,2,0.457,-2.2478938681938114
4,2,0.458,-2.2450994957393062
4,2,0.459,-2.2423115739106487
4,2,0.46,-2.2395300836931655
4,2,0.461,-2.2367550061322357
4,2,0.462,-2.2339863223330862
4,2,0.463,-2.2312240134605963
4,2,0.464,-2.2284680607391065
4,2,0.465,-2.225718445452221
4,2,0.466,-2.2229751489426146
4,2,0.467,-2.220238152611837
4,2,0.468,-2.217507437920128
4,2,0.46900000000000003,-2.2147829863862163
4,2,0.47000000000000003,-2.2120647795871373
4,2,0.47100000000000003,-2.2093527991580393
4,2,0.47200000000000003,-2.206647026791994
4,2,0.47300000000000003,-2.203947444239809
4,2,0.47400000000000003,-2.2012540333098434
4,2,0.47500000000000003,-2.1985667758678114
4,2,0.47600000000000003,-2.1958856538366094
4,2,0.47700000000000004,-2.1932106491961187
4,2,0.47800000000000004,-2.1905417439830286
4,2,0.47900000000000004,-2.18787892029065
4,2,0.48,-2.1852221602687276
4,2,0.481,-2.1825714461232693
4,2,0.482,-2.1799267601163486
4,2,0.483,-2.1772880845659355
4,2,0.484,-2.1746554018457136
4,2,0.485,-2.1720286943848977
4,2,0.486,-2.1694079446680536
4,2,0.487,-2.1667931352349266
4,2,0.488,-2.1641842486802543
4,2,0.489,-2.1615812676536015
4,2,0.49,-2.15898417485917
4,2,0.491,-2.1563929530556365
4,2,0.492,-2.153807585055967
4,2,0.493,-2.15122805372725
4,2,0.494,-2.1486543419905173
4,2,0.495,-2.1460864328205735
4,2,0.496,-2.143524309245826
4,2,0.497,-2.1409679543481093
4,2,0.498,-2.1384173512625155
4,2,0.499,-2.1358724831772244
4,2,0.5,-2.133333333333333
4,2,0.501,-2.130799885024689
4,2,0.502,-2.128272121597715
4,2,0.503,-2.1257500264512497
4,2,0.504,-2.1232335830363773
4,2,0.505,-2.120722774856258
4,2,0.506,-2.1182175854659624
4,2,0.507,-2.115717998472314
4,2,0.508,-2.1132239975337113
4,2,0.509,-2.110735566359973
4,2,0.51,-2.1082526887121755
4,2,0.511,-2.105775348402479
4,2,0.512,-2.1033035292939797
4,2,0.513,-2.100837215300537
4,2,0.514,-2.0983763903866137
4,2,0.515,-2.0959210385671225
4,2,0.516,-2.093471143907257
4,2,0.517,-2.09102669052234
4,2,0.518,-2.0885876625776545
4,2,0.519,-2.086154044288297
4,2,0.52,-2.0837258199190147
4,2,0.521,-2.081302973784041
4,2,0.522,-2.0788854902469516
4,2,0.523,-2.076473353720501
4,2,0.524,-2.074066548666469
4,2,0.525,-2.0716650595955013
4,2,0.526,-2.0692688710669613
4,2,0.527,-2.066877967688775
4,2,0.528,-2.064492334117272
4,2,0.529,-2.0621119550570417
4,2,0.53,-2.059736815260771
4,2,0.531,-2.0573668995290992
4,2,0.532,-2.055002192710469
4,2,0.533,-2.0526426797009654
4,2,0.534,-2.0502883454441756
4,2,0.535,-2.0479391749310345
4,2,0.536,-2.045595153199678
4,2,0.537,-2.043256265335293
4,2,0.538,-2.040922496469963
4,2,0.539,-2.0385938317825367
4,2,0.54,-2.0362702564984643
4,2,0.541,-2.033951755889659
4,2,0.542,-2.0316383152743476
4,2,0.543,-2.029329920016929
4,2,0.544,-2.0270265555278253
4,2,0.545,-2.0247282072633404
4,2,0.546,-2.0224348607255074
4,2,0.547,-2.0201465014619613
4,2,0.548,-2.0178631150657775
4,2,0.549,-2.015584687175342
4,2,0.55,-2.013311203474202
4,2,0.551,-2.011042649690927
4,2,0.552,-2.008779011598972
4,2,0.553,-2.0065202750165274
4,2,0.554,-2.0042664258063816
4,2,0.555,-2.0020174498757877
4,2,0.556,-1.9997733331763186
4,2,0.557,-1.997534061703725
4,2,0.558,-1.995299621497805
4,2,0.559,-1.993069998642258
4,2,0.56,-1.9908451792645547
4,2,0.561,-1.9886251495357947
4,2,0.562,-1.9864098956705691
4,2,0.5630000000000001,-1.9841994039268296
4,2,0.5640000000000001,-1.9819936606057509
4,2,0.5650000000000001,-1.979792652051588
4,2,0.5660000000000001,-1.977596364651555
4,2,0.5670000000000001,-1.9754047848356784
4,2,0.5680000000000001,-1.9732178990766707
4,2,0.5690000000000001,-1.9710356938897924
4,2,0.5700000000000001,-1.9688581558327207
4,2,0.5710000000000001,-1.9666852715054186
4,2,0.5720000000000001,-1.9645170275499992
4,2,0.5730000000000001,-1.9623534106505953
4,2,0.5740000000000001,-1.960194407533229
4,2,0.5750000000000001,-1.9580400049656799
4,2,0.5760000000000001,-1.955890189757355
4,2,0.577,-1.9537449487591567
4,2,0.578,-1.9516042688633557
4,2,0.579,-1.9494681370034606
4,2,0.58,-1.947336540154088
4,2,0.581,-1.9452094653308383
4,2,0.582,-1.9430868995901582
4,2,0.583,-1.940968830029226
4,2,0.584,-1.9388552437858129
4,2,0.585,-1.9367461280381635
4,2,0.586,-1.9346414700048655
4,2,0.587,-1.9325412569447242
4,2,0.588,-1.9304454761566405
4,2,0.589,-1.9283541149794794
4,2,0.59,-1.926267160791951
4,2,0.591,-1.9241846010124821
4,2,0.592,-1.9221064230990927
4,2,0.593,-1.9200326145492772
4,2,0.594,-1.9179631628998741
4,2,0.595,-1.9158980557269465
4,2,0.596,-1.9138372806456578
4,2,0.597,-1.9117808253101567
4,2,0.598,-1.909728677413444
4,2,0.599,-1.9076808246872607
4,2,0.6,-1.9056372549019611
4,2,0.601,-1.9035979558663954
4,2,0.602,-1.9015629154277904
4,2,0.603,-1.8995321214716243
4,2,0.604,-1.8975055619215149
4,2,0.605,-1.8954832247390951
4,2,0.606,-1.8934650979238938
4,2,0.607,-1.8914511695132208
4,2,0.608,-1.889441427582046
4,2,0.609,-1.8874358602428862
4,2,0.61,-1.8854344556456808
4,2,0.611,-1.8834372019776802
4,2,0.612,-1.8814440874633294
4,2,0.613,-1.8794551003641482
4,2,0.614,-1.8774702289786187
4,2,0.615,-1.8754894616420674
4,2,0.616,-1.8735127867265506
4,2,0.617,-1.8715401926407433
4,2,0.618,-1.8695716678298193
4,2,0.619,-1.8676072007753397
4,2,0.62,-1.8656467799951388
4,2,0.621,-1.8636903940432137
4,2,0.622,-1.8617380315096035
4,2,0.623,-1.859789681020286
4,2,0.624,-1.8578453312370593
4,2,0.625,-1.8559049708574344
4,2,0.626,-1.8539685886145139
4,2,0.627,-1.8520361732768946
4,2,0.628,-1.8501077136485444
4,2,0.629,-1.8481831985687007
4,2,0.63,-1.8462626169117533
4,2,0.631,-1.8443459575871373
4,2,0.632,-1.8424332095392246
4,2,0.633,-1.8405243617472133
4,2,0.634,-1.838619403225017
4,2,0.635,-1.83671832302116
4,2,0.636,-1.834821110218665
4,2,0.637,-1.832927753934949
4,2,0.638,-1.831038243321713
4,2,0.639,-1.8291525675648328
4,2,0.64,-1.8272707158842585
4,2,0.641,-1.8253926775339
4,2,0.642,-1.8235184418015287
4,2,0.643,-1.8216479980086617
4,2,0.644,-1.819781335510467
4,2,0.645,-1.817918443695649
4,2,0.646,-1.8160593119863488
4,2,0.647,-1.8142039298380332
4,2,0.648,-1.812352286739403
4,2,0.649,-1.8105043722122725
4,2,0.65,-1.808660175811478
4,2,0.651,-1.8068196871247675
4,2,0.652,-1.8049828957727008
4,2,0.653,-1.8031497914085448
4,2,0.654,-1.8013203637181743
4,2,0.655,-1.799494602419963
4,2,0.656,-1.7976724972646878
4,2,0.657,-1.795854038035427
4,2,0.658,-1.7940392145474513
4,2,0.659,-1.7922280166481313
4,2,0.66,-1.790420434216834
4,2,0.661,-1.7886164571648222
4,2,0.662,-1.7868160754351512
4,2,0.663,-1.7850192790025725
4,2,0.664,-1.7832260578734354
4,2,0.665,-1.7814364020855835
4,2,0.666,-1.7796503017082594
4,2,0.667,-1.7778677468419999
4,2,0.668,-1.7760887276185493
4,2,0.669,-1.7743132342007493
4,2,0.67,-1.772541256782445
4,2,0.671,-1.77077278558839
4,2,0.672,-1.769007810874147
4,2,0.673,-1.7672463229259927
4,2,0.674,-1.7654883120608174
4,2,0.675,-1.7637337686260288
4,2,0.676,-1.7619826829994625
4,2,0.677,-1.760235045589279
4,2,0.678,-1.75849084683387
4,2,0.679,-1.7567500772017648
4,2,0.68,-1.7550127271915332
4,2,0.681,-1.7532787873316922
4,2,0.682,-1.751548248180613
4,2,0.683,-1.7498211003264217
4,2,0.684,-1.748097334386911
4,2,0.685,-1.7463769410094427
4,2,0.686,-1.7446599108708587
4,2,0.687,-1.7429462346773834
4,2,0.6880000000000001,-1.7412359031645306
4,2,0.6890000000000001,-1.7395289070970188
4,2,0.6900000000000001,-1.737825237268668
4,2,0.6910000000000001,-1.736124884502315
4,2,0.6920000000000001,-1.734427839649722
4,2,0.6930000000000001,-1.7327340935914783
4,2,0.6940000000000001,-1.731043637236919
4,2,0.6950000000000001,-1.7293564615240256
4,2,0.6960000000000001,-1.7276725574193386
4,2,0.6970000000000001,-1.7259919159178698
4,2,0.6980000000000001,-1.7243145280430079
4,2,0.6990000000000001,-1.7226403848464322
4,2,0.7000000000000001,-1.7209694774080175
4,2,0.7010000000000001,-1.7193017968357542
4,2,0.7020000000000001,-1.7176373342656492
4,2,0.7030000000000001,-1.7159760808616438
4,2,0.704,-1.7143180278155246
4,2,0.705,-1.7126631663468284
4,2,0.706,-1.7110114877027673
4,2,0.707,-1.7093629831581274
4,2,0.708,-1.7077176440151873
4,2,0.709,-1.7060754616036349
4,2,0.71,-1.7044364272804746
4,2,0.711,-1.7028005324299411
4,2,0.712,-1.7011677684634143
4,2,0.713,-1.6995381268193341
4,2,0.714,-1.6979115989631153
4,2,0.715,-1.696288176387055
4,2,0.716,-1.6946678506102573
4,2,0.717,-1.6930506131785397
4,2,0.718,-1.691436455664355
4,2,0.719,-1.6898253696666983
4,2,0.72,-1.6882173468110333
4,2,0.721,-1.6866123787491971
4,2,0.722,-1.6850104571593254
4,2,0.723,-1.6834115737457618
4,2,0.724,-1.6818157202389803
4,2,0.725,-1.6802228883954977
4,2,0.726,-1.6786330699977916
4,2,0.727,-1.6770462568542197
4,2,0.728,-1.6754624407989362
4,2,0.729,-1.6738816136918087
4,2,0.73,-1.6723037674183365
4,2,0.731,-1.6707288938895704
4,2,0.732,-1.669156985042029
4,2,0.733,-1.6675880328376207
4,2,0.734,-1.6660220292635577
4,2,0.735,-1.6644589663322797
4,2,0.736,-1.6628988360813728
4,2,0.737,-1.6613416305734852
4,2,0.738,-1.6597873418962539
4,2,0.739,-1.6582359621622191
4,2,0.74,-1.6566874835087453
4,2,0.741,-1.6551418980979467
4,2,0.742,-1.653599198116602
4,2,0.743,-1.6520593757760806
4,2,0.744,-1.6505224233122577
4,2,0.745,-1.6489883329854442
4,2,0.746,-1.647457097080302
4,2,0.747,-1.6459287079057692
4,2,0.748,-1.644403157794978
4,2,0.749,-1.6428804391051846
4,2,0.75,-1.6413605442176868
4,2,0.751,-1.639843465537748
4,2,0.752,-1.638329195494519
4,2,0.753,-1.636817726540965
4,2,0.754,-1.635309051153786
4,2,0.755,-1.6338031618333426
4,2,0.756,-1.6323000511035777
4,2,0.757,-1.630799711511945
4,2,0.758,-1.629302135629329
4,2,0.759,-1.6278073160499738
4,2,0.76,-1.6263152453914032
4,2,0.761,-1.6248259162943506
4,2,0.762,-1.6233393214226837
4,2,0.763,-1.621855453463328
4,2,0.764,-1.6203743051261932
4,2,0.765,-1.6188958691441016
4,2,0.766,-1.6174201382727116
4,2,0.767,-1.615947105290445
4,2,0.768,-1.614476762998417
4,2,0.769,-1.6130091042203563
4,2,0.77,-1.6115441218025404
4,2,0.771,-1.6100818086137154
4,2,0.772,-1.6086221575450312
4,2,0.773,-1.6071651615099611
4,2,0.774,-1.605710813444237
4,2,0.775,-1.6042591063057756
4,2,0.776,-1.6028100330746033
4,2,0.777,-1.601363586752789
4,2,0.778,-1.599919760364374
4,2,0.779,-1.5984785469552953
4,2,0.78,-1.597039939593321
4,2,0.781,-1.5956039313679766
4,2,0.782,-1.5941705153904755
4,2,0.783,-1.5927396847936497
4,2,0.784,-1.591311432731879
4,2,0.785,-1.5898857523810221
4,2,0.786,-1.588462636938346
4,2,0.787,-1.5870420796224587
4,2,0.788,-1.5856240736732394
4,2,0.789,-1.5842086123517667
4,2,0.79,-1.582795688940258
4,2,0.791,-1.5813852967419912
4,2,0.792,-1.5799774290812452
4,2,0.793,-1.5785720793032234
4,2,0.794,-1.5771692407739963
4,2,0.795,-1.5757689068804241
4,2,0.796,-1.574371071030095
4,2,0.797,-1.5729757266512578
4,2,0.798,-1.571582867192752
4,2,0.799,-1.5701924861239438
4,2,0.8,-1.5688045769346586
4,2,0.801,-1.5674191331351137
4,2,0.802,-1.5660361482558551
4,2,0.803,-1.5646556158476899
4,2,0.804,-1.5632775294816166
4,2,0.805,-1.5619018827487672
4,2,0.806,-1.5605286692603375
4,2,0.807,-1.5591578826475203
4,2,0.808,-1.5577895165614435
4,2,0.809,-1.5564235646731062
4,2,0.81,-1.5550600206733116
4,2,0.811,-1.5536988782726002
4,2,0.812,-1.5523401312011933
4,2,0.8130000000000001,-1.5509837732089242
4,2,0.8140000000000001,-1.549629798065171
4,2,0.8150000000000001,-1.548278199558802
4,2,0.8160000000000001,-1.5469289714981027
4,2,0.8170000000000001,-1.54558210771072
4,2,0.8180000000000001,-1.5442376020435957
4,2,0.8190000000000001,-1.5428954483629032
4,2,0.8200000000000001,-1.541555640553987
4,2,0.8210000000000001,-1.5402181725212998
4,2,0.8220000000000001,-1.5388830381883385
4,2,0.8230000000000001,-1.537550231497585
4,2,0.8240000000000001,-1.5362197464104397
4,2,0.8250000000000001,-1.5348915769071667
4,2,0.8260000000000001,-1.5335657169868258
4,2,0.8270000000000001,-1.5322421606672147
4,2,0.8280000000000001,-1.5309209019848056
4,2,0.8290000000000001,-1.52960193499469
4,2,0.8300000000000001,-1.5282852537705103
4,2,0.8310000000000001,-1.526970852404403
4,2,0.8320000000000001,-1.5256587250069373
4,2,0.833,-1.5243488657070587
4,2,0.834,-1.523041268652023
4,2,0.835,-1.5217359280073408
4,2,0.836,-1.5204328379567151
4,2,0.837,-1.5191319927019857
4,2,0.838,-1.5178333864630664
4,2,0.839,-1.5165370134778864
4,2,0.84,-1.515242868002332
4,2,0.841,-1.513950944310188
4,2,0.842,-1.5126612366930812
4,2,0.843,-1.5113737394604163
4,2,0.844,-1.5100884469393256
4,2,0.845,-1.5088053534746035
4,2,0.846,-1.5075244534286516
4,2,0.847,-1.506245741181425
4,2,0.848,-1.5049692111303665
4,2,0.849,-1.5036948576903588
4,2,0.85,-1.502422675293659
4,2,0.851,-1.5011526583898478
4,2,0.852,-1.4998848014457689
4,2,0.853,-1.4986190989454728
4,2,0.854,-1.4973555453901632
4,2,0.855,-1.4960941352981392
4,2,0.856,-1.4948348632047384
4,2,0.857,-1.4935777236622796
4,2,0.858,-1.492322711240012
4,2,0.859,-1.4910698205240562
4,2,0.86,-1.4898190461173477
4,2,0.861,-1.4885703826395842
4,2,0.862,-1.4873238247271718
4,2,0.863,-1.4860793670331647
4,2,0.864,-1.484837004227217
4,2,0.865,-1.4835967309955227
4,2,0.866,-1.4823585420407646
4,2,0.867,-1.4811224320820613
4,2,0.868,-1.479888395854908
4,2,0.869,-1.4786564281111279
4,2,0.87,-1.4774265236188149
4,2,0.871,-1.476198677162285
4,2,0.872,-1.474972883542016
4,2,0.873,-1.4737491375746001
4,2,0.874,-1.4725274340926873
4,2,0.875,-1.471307767944936
4,2,0.876,-1.470090133995957
4,2,0.877,-1.4688745271262622
4,2,0.878,-1.4676609422322144
4,2,0.879,-1.466449374225971
4,2,0.88,-1.465239818035435
4,2,0.881,-1.464032268604203
4,2,0.882,-1.4628267208915113
4,2,0.883,-1.4616231698721875
4,2,0.884,-1.460421610536597
4,2,0.885,-1.459222037890592
4,2,0.886,-1.4580244469554602
4,2,0.887,-1.4568288327678767
4,2,0.888,-1.4556351903798497
4,2,0.889,-1.45444351485867
4,2,0.89,-1.4532538012868645
4,2,0.891,-1.4520660447621425
4,2,0.892,-1.4508802403973462
4,2,0.893,-1.4496963833204015
4,2,0.894,-1.448514468674266
4,2,0.895,-1.4473344916168847
4,2,0.896,-1.4461564473211332
4,2,0.897,-1.4449803309747766
4,2,0.898,-1.4438061377804112
4,2,0.899,-1.4426338629554238
4,2,0.9,-1.4414635017319393
4,2,0.901,-1.4402950493567706
4,2,0.902,-1.4391285010913708
4,2,0.903,-1.4379638522117895
4,2,0.904,-1.4368010980086157
4,2,0.905,-1.4356402337869383
4,2,0.906,-1.4344812548662942
4,2,0.907,-1.4333241565806207
4,2,0.908,-1.4321689342782071
4,2,0.909,-1.431015583321649
4,2,0.91,-1.4298640990878018
4,2,0.911,-1.428714476967729
4,2,0.912,-1.427566712366661
4,2,0.913,-1.4264208007039456
4,2,0.914,-1.4252767374129978
4,2,0.915,-1.4241345179412603
4,2,0.916,-1.4229941377501532
4,2,0.917,-1.4218555923150256
4,2,0.918,-1.4207188771251122
4,2,0.919,-1.4195839876834913
4,2,0.92,-1.4184509195070292
4,2,0.921,-1.4173196681263418
4,2,0.922,-1.4161902290857495
4,2,0.923,-1.4150625979432274
4,2,0.924,-1.4139367702703627
4,2,0.925,-1.4128127416523084
4,2,0.926,-1.4116905076877426
4,2,0.927,-1.4105700639888157
4,2,0.928,-1.4094514061811134
4,2,0.929,-1.4083345299036079
4,2,0.93,-1.4072194308086137
4,2,0.931,-1.406106104561748
4,2,0.932,-1.4049945468418805
4,2,0.933,-1.40388475334109
4,2,0.934,-1.4027767197646261
4,2,0.935,-1.4016704418308619
4,2,0.936,-1.4005659152712484
4,2,0.937,-1.3994631358302738
4,2,0.9380000000000001,-1.39836209926542
4,2,0.9390000000000001,-1.3972628013471216
4,2,0.9400000000000001,-1.3961652378587175
4,2,0.9410000000000001,-1.3950694045964116
4,2,0.9420000000000001,-1.3939752973692319
4,2,0.9430000000000001,-1.3928829119989843
4,2,0.9440000000000001,-1.3917922443202104
4,2,0.9450000000000001,-1.3907032901801495
4,2,0.9460000000000001,-1.3896160454386908
4,2,0.9470000000000001,-1.3885305059683355
4,2,0.9480000000000001,-1.387446667654154
4,2,0.9490000000000001,-1.3863645263937399
4,2,0.9500000000000001,-1.3852840780971778
4,2,0.9510000000000001,-1.384205318686994
4,2,0.9520000000000001,-1.3831282440981143
4,2,0.9530000000000001,-1.382052850277831
4,2,0.9540000000000001,-1.3809791331857535
4,2,0.9550000000000001,-1.3799070887937717
4,2,0.9560000000000001,-1.3788367130860135
4,2,0.9570000000000001,-1.3777680020588052
4,2,0.9580000000000001,-1.3767009517206323
4,2,0.9590000000000001,-1.3756355580920947
4,2,0.96,-1.374571817205871
4,2,0.961,-1.3735097251066746
4,2,0.962,-1.372449277851218
4,2,0.963,-1.3713904715081697
4,2,0.964,-1.370333302158114
4,2,0.965,-1.3692777658935156
4,2,0.966,-1.368223858818674
4,2,0.967,-1.3671715770496877
4,2,0.968,-1.3661209167144193
4,2,0.969,-1.365071873952446
4,2,0.97,-1.3640244449150283
4,2,0.971,-1.3629786257650713
4,2,0.972,-1.3619344126770825
4,2,0.973,-1.3608918018371345
4,2,0.974,-1.359850789442826
4,2,0.975,-1.358811371703245
4,2,0.976,-1.3577735448389325
4,2,0.977,-1.3567373050818379
4,2,0.978,-1.3557026486752857
4,2,0.979,-1.354669571873937
4,2,0.98,-1.353638070943754
4,2,0.981,-1.3526081421619562
4,2,0.982,-1.3515797818169903
4,2,0.983,-1.3505529862084868
4,2,0.984,-1.3495277516472282
4,2,0.985,-1.3485040744551062
4,2,0.986,-1.347481950965088
4,2,0.987,-1.3464613775211818
4,2,0.988,-1.3454423504783937
4,2,0.989,-1.3444248662026976
4,2,0.99,-1.343408921070995
4,2,0.991,-1.3423945114710798
4,2,0.992,-1.3413816338015998
4,2,0.993,-1.340370284472025
4,2,0.994,-1.339360459902609
4,2,0.995,-1.3383521565243515
4,2,0.996,-1.3373453707789655
4,2,0.997,-1.3363400991188419
4,2,0.998,-1.3353363380070096
4,2,0.999,-1.334334083917104
4,2,1.0,-1.3333333333333335
4,5,0.0,-7.301587301587302
4,5,0.001,-7.287006005744409
4,5,0.002,-7.272468363655939
4,5,0.003,-7.257974220211567
4,5,0.004,-7.243523421015792
4,5,0.005,-7.2291158123836325
4,5,0.006,-7.214751241336184
4,5,0.007,-7.200429555596268
4,5,0.008,-7.186150603584133
4,5,0.009000000000000001,-7.171914234413153
4,5,0.01,-7.157720297885546
4,5,0.011,-7.143568644488196
4,5,0.012,-7.129459125388376
4,5,0.013000000000000001,-7.1153915924296784
4,5,0.014,-7.101365898127763
4,5,0.015,-7.087381895666331
4,5,0.016,-7.073439438893012
4,5,0.017,-7.059538382315309
4,5,0.018000000000000002,-7.045678581096579
4,5,0.019,-7.0318598910520365
4,5,0.02,-7.01808216864478
4,5,0.021,-7.004345270981878
4,5,0.022,-6.99064905581041
4,5,0.023,-6.976993381513649
4,5,0.024,-6.963378107107133
4,5,0.025,-6.949803092234892
4,5,0.026000000000000002,-6.936268197165627
4,5,0.027,-6.9227732827889294
4,5,0.028,-6.909318210611534
4,5,0.029,-6.895902842753618
4,5,0.03,-6.88252704194507
4,5,0.031,-6.869190671521858
4,5,0.032,-6.855893595422344
4,5,0.033,-6.842635678183726
4,5,0.034,-6.82941678493838
4,5,0.035,-6.8162367814103515
4,5,0.036000000000000004,-6.803095533911758
4,5,0.037,-6.789992909339324
4,5,0.038,-6.77692877517085
4,5,0.039,-6.763902999461777
4,5,0.04,-6.750915450841719
4,5,0.041,-6.737965998511067
4,5,0.042,-6.725054512237545
4,5,0.043000000000000003,-6.7121808623529144
4,5,0.044,-6.699344919749581
4,5,0.045,-6.686546555877264
4,5,0.046,-6.67378564273972
4,5,0.047,-6.661062052891458
4,5,0.048,-6.64837565943448
4,5,0.049,-6.635726336015053
4,5,0.05,-6.623113956820504
4,5,0.051000000000000004,-6.610538396576042
4,5,0.052000000000000005,-6.597999530541561
4,5,0.053,-6.585497234508548
4,5,0.054,-6.5730313847969075
4,5,0.055,-6.560601858251931
4,5,0.056,-6.548208532241149
4,5,0.057,-6.5358512846513435
4,5,0.058,-6.52352999388545
4,5,0.059000000000000004,-6.511244538859618
4,5,0.06,-6.498994799000146
4,5,0.061,-6.486780654240574
4,5,0.062,-6.474601985018689
4,5,0.063,-6.462458672273634
4,5,0.064,-6.450350597442974
4,5,0.065,-6.438277642459809
4,5,0.066,-6.4262396897499325
4,5,0.067,-6.414236622228959
4,5,0.068,-6.402268323299496
4,5,0.069,-6.390334676848354
4,5,0.07,-6.378435567243754
4,5,0.07100000000000001,-6.366570879332542
4,5,0.07200000000000001,-6.3547404984374545
4,5,0.073,-6.342944310354397
4,5,0.074,-6.331182201349705
4,5,0.075,-6.319454058157488
4,5,0.076,-6.3077597679769255
4,5,0.077,-6.296099218469613
4,5,0.078,-6.28447229775696
4,5,0.079,-6.272878894417531
4,5,0.08,-6.261318897484472
4,5,0.081,-6.249792196442925
4,5,0.082,-6.238298681227439
4,5,0.083,-6.226838242219479
4,5,0.084,-6.215410770244825
4,5,0.085,-6.204016156571135
4,5,0.08600000000000001,-6.1926542929054
4,5,0.08700000000000001,-6.181325071391481
4,5,0.088,-6.1700283846076776
4,5,0.089,-6.1587641255642485
4,5,0.09,-6.147532187701001
4,5,0.091,-6.136332464884906
4,5,0.092,-6.125164851407659
4,5,0.093,-6.114029241983358
4,5,0.094,-6.102925531746106
4,5,0.095,-6.091853616247707
4,5,0.096,-6.080813391455287
4,5,0.097,-6.0698047537490485
4,5,0.098,-6.058827599919933
4,5,0.099,-6.047881827167352
4,5,0.1,-6.036967333096945
4,5,0.101,-6.026084015718311
4,5,0.10200000000000001,-6.015231773442798
4,5,0.10300000000000001,-6.004410505081255
4,5,0.10400000000000001,-5.99362010984189
4,5,0.105,-5.982860487328027
4,5,0.106,-5.972131537535965
4,5,0.107,-5.961433160852834
4,5,0.108,-5.950765258054432
4,5,0.109,-5.940127730303113
4,5,0.11,-5.929520479145689
4,5,0.111,-5.918943406511312
4,5,0.112,-5.908396414709407
4,5,0.113,-5.897879406427604
4,5,0.114,-5.887392284729687
4,5,0.115,-5.876934953053561
4,5,0.116,-5.86650731520921
4,5,0.117,-5.856109275376722
4,5,0.11800000000000001,-5.845740738104248
4,5,0.11900000000000001,-5.835401608306072
4,5,0.12,-5.825091791260593
4,5,0.121,-5.814811192608403
4,5,0.122,-5.804559718350331
4,5,0.123,-5.794337274845535
4,5,0.124,-5.784143768809553
4,5,0.125,-5.773979107312439
4,5,0.126,-5.763843197776859
4,5,0.127,-5.753735947976194
4,5,0.128,-5.743657266032727
4,5,0.129,-5.733607060415752
4,5,0.13,-5.723585239939755
4,5,0.131,-5.713591713762586
4,5,0.132,-5.703626391383645
4,5,0.133,-5.693689182642094
4,5,0.134,-5.683779997715064
4,5,0.135,-5.673898747115873
4,5,0.136,-5.664045341692283
4,5,0.137,-5.654219692624727
4,5,0.138,-5.644421711424592
4,5,0.139,-5.634651309932474
4,5,0.14,-5.624908400316495
4,5,0.14100000000000001,-5.615192895070561
4,5,0.14200000000000002,-5.6055047070126935
4,5,0.14300000000000002,-5.595843749283363
4,5,0.14400000000000002,-5.586209935343781
4,5,0.145,-5.576603178974294
4,5,0.146,-5.567023394272704
4,5,0.147,-5.5574704956526455
4,5,0.148,-5.547944397841976
4,5,0.149,-5.538445015881131
4,5,0.15,-5.528972265121571
4,5,0.151,-5.519526061224152
4,5,0.152,-5.51010632015756
4,5,0.153,-5.50071295819677
4,5,0.154,-5.491345891921446
4,5,0.155,-5.482005038214417
4,5,0.156,-5.472690314260154
4,5,0.157,-5.463401637543219
4,5,0.158,-5.454138925846776
4,5,0.159,-5.444902097251054
4,5,0.16,-5.435691070131908
4,5,0.161,-5.426505763159262
4,5,0.162,-5.4173460952957075
4,5,0.163,-5.408211985794989
4,5,0.164,-5.3991033542005855
4,5,0.165,-5.390020120344228
4,5,0.166,-5.380962204344513
4,5,0.167,-5.37192952660544
4,5,0.168,-5.362922007815025
4,5,0.169,-5.353939568943868
4,5,0.17,-5.344982131243786
4,5,0.171,-5.336049616246407
4,5,0.17200000000000001,-5.327141945761814
4,5,0.17300000000000001,-5.31825904187715
4,5,0.17400000000000002,-5.309400826955292
4,5,0.17500000000000002,-5.300567223633484
4,5,0.176,-5.291758154821994
4,5,0.177,-5.282973543702805
4,5,0.178,-5.274213313728274
4,5,0.179,-5.265477388619827
4,5,0.18,-5.256765692366674
4,5,0.181,-5.248078149224464
4,5,0.182,-5.239414683714067
4,5,0.183,-5.230775220620247
4,5,0.184,-5.222159684990412
4,5,0.185,-5.213568002133355
4,5,0.186,-5.205000097618015
4,5,0.187,-5.196455897272187
4,5,0.188,-5.187935327181359
4,5,0.189,-5.1794383136874265
4,5,0.19,-5.170964783387507
4,5,0.191,-5.16251466313272
4,5,0.192,-5.15408788002699
4,5,0.193,-5.145684361425843
4,5,0.194,-5.137304034935236
4,5,0.195,-5.128946828410377
4,5,0.196,-5.120612669954547
4,5,0.197,-5.112301487917943
4,5,0.198,-5.104013210896529
4,5,0.199,-5.095747767730886
4,5,0.2,-5.087505087505089
4,5,0.201,-5.079285099545533
4,5,0.202,-5.071087733419873
4,5,0.203,-5.06291291893585
4,5,0.20400000000000001,-5.054760586140223
4,5,0.20500000000000002,-5.0466306653176645
4,5,0.20600000000000002,-5.0385230869896365
4,5,0.20700000000000002,-5.0304377819133395
4,5,0.20800000000000002,-5.0223746810806205
4,5,0.209,-5.014333715716894
4,5,0.21,-5.006314817280101
4,5,0.211,-4.998317917459618
4,5,0.212,-4.99034294817525
4,5,0.213,-4.98238984157614
4,5,0.214,-4.974458530039781
4,5,0.215,-4.966548946170935
4,5,0.216,-4.958661022800671
4,5,0.217,-4.950794692985278
4,5,0.218,-4.942949890005334
4,5,0.219,-4.935126547364642
4,5,0.22,-4.9273245987892675
4,5,0.221,-4.919543978226527
4,5,0.222,-4.911784619844038
4,5,0.223,-4.90404645802871
4,5,0.224,-4.896329427385789
4,5,0.225,-4.888633462737896
4,5,0.226,-4.8809584991240795
4,5,0.227,-4.873304471798835
4,5,0.228,-4.865671316231198
4,5,0.229,-4.8580589681037765
4,5,0.23,-4.850467363311832
4,5,0.231,-4.842896437962368
4,5,0.232,-4.83534612837317
4,5,0.233,-4.827816371071942
4,5,0.234,-4.820307102795355
4,5,0.23500000000000001,-4.812818260488183
4,5,0.23600000000000002,-4.805349781302373
4,5,0.23700000000000002,-4.797901602596175
4,5,0.23800000000000002,-4.790473661933263
4,5,0.23900000000000002,-4.783065897081835
4,5,0.24,-4.7756782460137694
4,5,0.241,-4.76831064690372
4,5,0.242,-4.760963038128296
4,5,0.243,-4.753635358265176
4,5,0.244,-4.746327546092278
4,5,0.245,-4.73903954058689
4,5,0.246,-4.731771280924869
4,5,0.247,-4.724522706479756
4,5,0.248,-4.717293756821999
4,5,0.249,-4.710084371718089
4,5,0.25,-4.702894491129788
4,5,0.251,-4.695724055213251
4,5,0.252,-4.688573004318286
4,5,0.253,-4.681441278987509
4,5,0.254,-4.674328819955559
4,5,0.255,-4.667235568148317
4,5,0.256,-4.660161464682102
4,5,0.257,-4.653106450862889
4,5,0.258,-4.646070468185563
4,5,0.259,-4.639053458333101
4,5,0.26,-4.632055363175836
4,5,0.261,-4.625076124770694
4,5,0.262,-4.618115685360415
4,5,0.263,-4.61117398737283
4,5,0.264,-4.604250973420086
4,5,0.265,-4.597346586297927
4,5,0.266,-4.590460768984941
4,5,0.267,-4.583593464641816
4,5,0.268,-4.576744616610645
4,5,0.269,-4.5699141684141695
4,5,0.27,-4.563102063755073
4,5,0.271,-4.55630824651527
4,5,0.272,-4.549532660755177
4,5,0.273,-4.542775250713024
4,5,0.274,-4.5360359608041625
4,5,0.275,-4.529314735620319
4,5,0.276,-4.522611519928955
4,5,0.277,-4.5159262586725575
4,5,0.278,-4.509258896967956
4,5,0.279,-4.502609380105635
4,5,0.28,-4.495977653549055
4,5,0.281,-4.489363662934004
4,5,0.28200000000000003,-4.482767354067906
4,5,0.28300000000000003,-4.4761886729291644
4,5,0.28400000000000003,-4.469627565666503
4,5,0.28500000000000003,-4.463083978598313
4,5,0.28600000000000003,-4.456557858211992
4,5,0.28700000000000003,-4.450049151163315
4,5,0.28800000000000003,-4.443557804275758
4,5,0.289,-4.437083764539893
4,5,0.29,-4.4306269791127395
4,5,0.291,-4.424187395317119
4,5,0.292,-4.417764960641044
4,5,0.293,-4.4113596227370895
4,5,0.294,-4.404971329421759
4,5,0.295,-4.398600028674893
4,5,0.296,-4.392245668639032
4,5,0.297,-4.385908197618819
4,5,0.298,-4.379587564080387
4,5,0.299,-4.373283716650768
4,5,0.3,-4.366996604117281
4,5,0.301,-4.360726175426945
4,5,0.302,-4.354472379685879
4,5,0.303,-4.348235166158728
4,5,0.304,-4.3420144842680655
4,5,0.305,-4.335810283593821
4,5,0.306,-4.329622513872687
4,5,0.307,-4.323451124997579
4,5,0.308,-4.317296067017016
4,5,0.309,-4.311157290134592
4,5,0.31,-4.305034744708392
4,5,0.311,-4.29892838125045
4,5,0.312,-4.292838150426163
4,5,0.313,-4.28676400305376
4,5,0.314,-4.280705890103736
4,5,0.315,-4.27466376269833
4,5,0.316,-4.26863757211093
4,5,0.317,-4.262627269765593
4,5,0.318,-4.256632807236449
4,5,0.319,-4.250654136247216
4,5,0.32,-4.244691208670624
4,5,0.321,-4.238743976527919
4,5,0.322,-4.232812391988312
4,5,0.323,-4.226896407368475
4,5,0.324,-4.220995975132001
4,5,0.325,-4.215111047888918
4,5,0.326,-4.209241578395128
4,5,0.327,-4.203387519551935
4,5,0.328,-4.197548824405523
4,5,0.329,-4.191725446146453
4,5,0.33,-4.185917338109136
4,5,0.331,-4.180124453771384
4,5,0.332,-4.174346746753854
4,5,0.333,-4.168584170819597
4,5,0.334,-4.162836679873543
4,5,0.335,-4.157104227962022
4,5,0.336,-4.1513867692722695
4,5,0.337,-4.145684258131954
4,5,0.338,-4.139996649008685
4,5,0.339,-4.134323896509534
4,5,0.34,-4.128665955380571
4,5,0.341,-4.123022780506375
4,5,0.342,-4.11739432690958
4,5,0.343,-4.111780549750383
4,5,0.34400000000000003,-4.106181404326109
4,5,0.34500000000000003,-4.1005968460707285
4,5,0.34600000000000003,-4.095026830554387
4,5,0.34700000000000003,-4.08947131348298
4,5,0.34800000000000003,-4.083930250697652
4,5,0.34900000000000003,-4.07840359817439
4,5,0.35000000000000003,-4.07289131202354
4,5,0.35100000000000003,-4.067393348489371
4,5,0.352,-4.061909663949628
4,5,0.353,-4.056440214915076
4,5,0.354,-4.050984958029083
4,5,0.355,-4.045543850067165
4,5,0.356,-4.040116847936542
4,5,0.357,-4.034703908675715
4,5,0.358,-4.029304989454033
4,5,0.359,-4.023920047571263
4,5,0.36,-4.018549040457156
4,5,0.361,-4.013191925671018
4,5,0.362,-4.007848660901305
4,5,0.363,-4.002519203965188
4,5,0.364,-3.997203512808124
4,5,0.365,-3.9919015455034623
4,5,0.366,-3.986613260252013
4,5,0.367,-3.981338615381641
4,5,0.368,-3.9760775693468453
4,5,0.369,-3.9708300807283603
4,5,0.37,-3.9655961082327593
4,5,0.371,-3.9603756106920187
4,5,0.372,-3.955168547063143
4,5,0.373,-3.9499748764277465
4,5,0.374,-3.9447945579916754
4,5,0.375,-3.939627551084588
4,5,0.376,-3.9344738151595724
4,5,0.377,-3.9293333097927583
4,5,0.378,-3.9242059946829047
4,5,0.379,-3.919091829651038
4,5,0.38,-3.9139907746400526
4,5,0.381,-3.9089027897143094
4,5,0.382,-3.9038278350592917
4,5,0.383,-3.898765870981178
4,5,0.384,-3.8937168579064974
4,5,0.385,-3.888680756381737
4,5,0.386,-3.883657527072959
4,5,0.387,-3.878647130765447
4,5,0.388,-3.8736495283633134
4,5,0.389,-3.868664680889129
4,5,0.39,-3.863692549483584
4,5,0.391,-3.8587330954050705
4,5,0.392,-3.853786280029363
4,5,0.393,-3.848852064849223
4,5,0.394,-3.843930411474059
4,5,0.395,-3.839021281629551
4,5,0.396,-3.8341246371572932
4,5,0.397,-3.829240440014452
4,5,0.398,-3.824368652273381
4,5,0.399,-3.8195092361212932
4,5,0.4,-3.8146621538599024
4,5,0.401,-3.8098273679050654
4,5,0.402,-3.8050048407864354
4,5,0.403,-3.800194535147121
4,5,0.404,-3.795396413743327
4,5,0.405,-3.79061043944402
4,5,0.406,-3.7858365752305834
4,5,0.40700000000000003,-3.781074784196475
4,5,0.40800000000000003,-3.7763250295468898
4,5,0.40900000000000003,-3.771587274598407
4,5,0.41000000000000003,-3.7668614827786784
4,5,0.41100000000000003,-3.7621476176260735
4,5,0.41200000000000003,-3.757445642789344
4,5,0.41300000000000003,-3.7527555220273037
4,5,0.41400000000000003,-3.7480772192084832
4,5,0.41500000000000004,-3.743410698310826
4,5,0.41600000000000004,-3.7387559234213166
4,5,0.417,-3.734112858735692
4,5,0.418,-3.729481468558109
4,5,0.419,-3.724861717300798
4,5,0.42,-3.7202535694837637
4,5,0.421,-3.7156569897344474
4,5,0.422,-3.711071942787425
4,5,0.423,-3.7064983934840754
4,5,0.424,-3.701936306772251
4,5,0.425,-3.6973856477059885
4,5,0.426,-3.6928463814451797
4,5,0.427,-3.6883184732552543
4,5,0.428,-3.6838018885068724
4,5,0.429,-3.6792965926756116
4,5,0.43,-3.6748025513416605
4,5,0.431,-3.670319730189504
4,5,0.432,-3.665848095007622
4,5,0.433,-3.6613876116881814
4,5,0.434,-3.6569382462267264
4,5,0.435,-3.6524999647218825
4,5,0.436,-3.6480727333750504
4,5,0.437,-3.643656518490095
4,5,0.438,-3.6392512864730717
4,5,0.439,-3.6348570038318906
4,5,0.44,-3.630473637176049
4,5,0.441,-3.626101153216327
4,5,0.442,-3.6217395187644827
4,5,0.443,-3.6173887007329606
4,5,0.444,-3.613048666134613
4,5,0.445,-3.6087193820823806
4,5,0.446,-3.6044008157890364
4,5,0.447,-3.600092934566862
4,5,0.448,-3.595795705827376
4,5,0.449,-3.591509097081047
4,5,0.45,-3.587233075937002
4,5,0.451,-3.5829676101027386
4,5,0.452,-3.578712667383855
4,5,0.453,-3.5744682156837406
4,5,0.454,-3.570234223003327
4,5,0.455,-3.5660106574407644
4,5,0.456,-3.561797487191188
4,5,0.457,-3.5575946805464023
4,5,0.458,-3.5534022058946144
4,5,0.459,-3.5492200317201728
4,5,0.46,-3.5450481266032563
4,5,0.461,-3.5408864592196423
4,5,0.462,-3.5367349983403873
4,5,0.463,-3.5325937128315843
4,5,0.464,-3.528462571654086
4,5,0.465,-3.524341543863221
4,5,0.466,-3.520230598608536
4,5,0.467,-3.516129705133517
4,5,0.468,-3.512038832775332
4,5,0.46900000000000003,-3.507957950964542
4,5,0.47000000000000003,-3.503887029224865
4,5,0.47100000000000003,-3.499826037172886
4,5,0.47200000000000003,-3.4957749445178
4,5,0.47300000000000003,-3.4917337210611468
4,5,0.47400000000000003,-3.487702336696553
4,5,0.47500000000000003,-3.4836807614094556
4,5,0.47600000000000003,-3.4796689652768666
4,5,0.47700000000000004,-3.4756669184670796
4,5,0.47800000000000004,-3.4716745912394407
4,5,0.47900000000000004,-3.4676919539440743
4,5,0.48,-3.463718977021614
4,5,0.481,-3.459755631002981
4,5,0.482,-3.455801886509089
4,5,0.483,-3.4518577142506093
4,5,0.484,-3.4479230850277154
4,5,0.485,-3.4439979697298293
4,5,0.486,-3.440082339335363
4,5,0.487,-3.4361761649114717
4,5,0.488,-3.4322794176137936
4,5,0.489,-3.4283920686862226
4,5,0.49,-3.424514089460625
4,5,0.491,-3.420645451356622
4,5,0.492,-3.4167861258813192
4,5,0.493,-3.412936084629079
4,5,0.494,-3.409095299281255
4,5,0.495,-3.4052637416059603
4,5,0.496,-3.401441383457817
4,5,0.497,-3.3976281967777124
4,5,0.498,-3.393824153592555
4,5,0.499,-3.390029226015038
4,5,0.5,-3.386243386243386
4,5,0.501,-3.3824666065611297
4,5,0.502,-3.378698859336846
4,5,0.503,-3.374940117023937
4,5,0.504,-3.371190352160381
4,5,0.505,-3.3674495373684987
4,5,0.506,-3.3637176453547104
4,5,0.507,-3.359994648909307
4,5,0.508,-3.356280520906205
4,5,0.509,-3.3525752343027193
4,5,0.51,-3.3488787621393277
4,5,0.511,-3.345191077539428
4,5,0.512,-3.34151215370912
4,5,0.513,-3.3378419639369583
4,5,0.514,-3.334180481593733
4,5,0.515,-3.3305276801322248
4,5,0.516,-3.3268835330869893
4,5,0.517,-3.3232480140741263
4,5,0.518,-3.3196210967910265
4,5,0.519,-3.3160027550161777
4,5,0.52,-3.3123929626089197
4,5,0.521,-3.3087916935092068
4,5,0.522,-3.3051989217374045
4,5,0.523,-3.3016146213940525
4,5,0.524,-3.2980387666596345
4,5,0.525,-3.294471331794359
4,5,0.526,-3.290912291137935
4,5,0.527,-3.2873616191093555
4,5,0.528,-3.2838192902066563
4,5,0.529,-3.2802852790067227
4,5,0.53,-3.2767595601650337
4,5,0.531,-3.273242108415472
4,5,0.532,-3.269732898570088
4,5,0.533,-3.2662319055188807
4,5,0.534,-3.2627391042295804
4,5,0.535,-3.259254469747439
4,5,0.536,-3.255777977195
4,5,0.537,-3.25230960177189
4,5,0.538,-3.248849318754589
4,5,0.539,-3.245397103496239
4,5,0.54,-3.2419529314264004
4,5,0.541,-3.238516778050861
4,5,0.542,-3.2350886189514028
4,5,0.543,-3.2316684297856058
4,5,0.544,-3.228256186286622
4,5,0.545,-3.2248518642629733
4,5,0.546,-3.2214554395983153
4,5,0.547,-3.2180668882512764
4,5,0.548,-3.2146861862551903
4,5,0.549,-3.211313309717916
4,5,0.55,-3.2079482348216337
4,5,0.551,-3.204590937822611
4,5,0.552,-3.201241395051022
4,5,0.553,-3.19789958291072
4,5,0.554,-3.1945654778790344
4,5,0.555,-3.191239056506566
4,5,0.556,-3.1879202954169914
4,5,0.557,-3.1846091713068314
4,5,0.558,-3.1813056609452706
4,5,0.559,-3.1780097411739394
4,5,0.56,-3.1747213889067147
4,5,0.561,-3.1714405811295188
4,5,0.562,-3.168167294900104
4,5,0.5630000000000001,-3.1649015073478637
4,5,0.5640000000000001,-3.1616431956736313
4,5,0.5650000000000001,-3.158392337149458
4,5,0.5660000000000001,-3.1551489091184424
4,5,0.5670000000000001,-3.1519128889945036
4,5,0.5680000000000001,-3.1486842542621996
4,5,0.5690000000000001,-3.1454629824765097
4,5,0.5700000000000001,-3.142249051262654
4,5,0.5710000000000001,-3.139042438315889
4,5,0.5720000000000001,-3.1358431214012987
4,5,0.5730000000000001,-3.13265107835361
4,5,0.5740000000000001,-3.129466287076995
4,5,0.5750000000000001,-3.1262887255448684
4,5,0.5760000000000001,-3.1231183717996913
4,5,0.577,-3.1199552039527854
4,5,0.578,-3.1167992001841247
4,5,0.579,-3.113650338742151
4,5,0.58,-3.1105085979435776
4,5,0.581,-3.1073739561731943
4,5,0.582,-3.1042463918836694
4,5,0.583,-3.101125883595371
4,5,0.584,-3.0980124098961603
4,5,0.585,-3.094905949441209
4,5,0.586,-3.091806480952803
4,5,0.587,-3.088713983220155
4,5,0.588,-3.085628435099215
4,5,0.589,-3.0825498155124764
4,5,0.59,-3.0794781034487895
4,5,0.591,-3.076413277963171
4,5,0.592,-3.0733553181766182
4,5,0.593,-3.0703042032759265
4,5,0.594,-3.0672599125134807
4,5,0.595,-3.0642224252070975
4,5,0.596,-3.061191720739811
4,5,0.597,-3.058167778559711
4,5,0.598,-3.05515057817974
4,5,0.599,-3.0521400991775165
4,5,0.6,-3.049136321195146
4,5,0.601,-3.046139223939037
4,5,0.602,-3.0431487871797245
4,5,0.603,-3.040164990751677
4,5,0.604,-3.0371878145531195
4,5,0.605,-3.034217238545847
4,5,0.606,-3.031253242755045
4,5,0.607,-3.02829580726911
4,5,0.608,-3.0253449122394565
4,5,0.609,-3.022400537880361
4,5,0.61,-3.019462664468751
4,5,0.611,-3.016531272344047
4,5,0.612,-3.013606341907979
4,5,0.613,-3.0106878536243986
4,5,0.614,-3.0077757880191114
4,5,0.615,-3.0048701256796893
4,5,0.616,-3.001970847255299
4,5,0.617,-2.999077933456524
4,5,0.618,-2.9961913650551892
4,5,0.619,-2.9933111228841773
4,5,0.62,-2.990437187837258
4,5,0.621,-2.987569540868917
4,5,0.622,-2.984708162994165
4,5,0.623,-2.981853035288384
4,5,0.624,-2.9790041388871358
4,5,0.625,-2.976161454986002
4,5,0.626,-2.973324964840388
4,5,0.627,-2.9704946497653846
4,5,0.628,-2.9676704911355554
4,5,0.629,-2.964852470384801
4,5,0.63,-2.9620405690061617
4,5,0.631,-2.959234768551654
4,5,0.632,-2.956435050632105
4,5,0.633,-2.953641396916975
4,5,0.634,-2.9508537891341864
4,5,0.635,-2.948072209069962
4,5,0.636,-2.9452966385686437
4,5,0.637,-2.9425270595325337
4,5,0.638,-2.9397634539217234
4,5,0.639,-2.937005803753916
4,5,0.64,-2.9342540911042727
4,5,0.641,-2.9315082981052325
4,5,0.642,-2.928768406946362
4,5,0.643,-2.9260343998741645
4,5,0.644,-2.923306259191936
4,5,0.645,-2.920583967259584
4,5,0.646,-2.917867506493474
4,5,0.647,-2.9151568593662462
4,5,0.648,-2.912452008406683
4,5,0.649,-2.9097529361995047
4,5,0.65,-2.907059625385237
4,5,0.651,-2.90437205866003
4,5,0.652,-2.901690218775501
4,5,0.653,-2.8990140885385736
4,5,0.654,-2.896343650811314
4,5,0.655,-2.8936788885107623
4,5,0.656,-2.8910197846087766
4,5,0.657,-2.8883663221318816
4,5,0.658,-2.885718484161081
4,5,0.659,-2.8830762538317227
4,5,0.66,-2.8804396143333304
4,5,0.661,-2.8778085489094405
4,5,0.662,-2.8751830408574404
4,5,0.663,-2.8725630735284184
4,5,0.664,-2.869948630327002
4,5,0.665,-2.867339694711191
4,5,0.666,-2.8647362501922133
4,5,0.667,-2.862138280334351
4,5,0.668,-2.8595457687548063
4,5,0.669,-2.856958699123524
4,5,0.67,-2.854377055163036
4,5,0.671,-2.8518008206483203
4,5,0.672,-2.8492299794066294
4,5,0.673,-2.8466645153173524
4,5,0.674,-2.8441044123118386
4,5,0.675,-2.8415496543732526
4,5,0.676,-2.839000225536432
4,5,0.677,-2.8364561098877155
4,5,0.678,-2.833917291564794
4,5,0.679,-2.831383754756569
4,5,0.68,-2.8288554837029825
4,5,0.681,-2.8263324626948694
4,5,0.682,-2.8238146760738263
4,5,0.683,-2.821302108232022
4,5,0.684,-2.818794743612081
4,5,0.685,-2.8162925667069065
4,5,0.686,-2.8137955620595534
4,5,0.687,-2.8113037142630577
4,5,0.6880000000000001,-2.8088170079602923
4,5,0.6890000000000001,-2.8063354278438317
4,5,0.6900000000000001,-2.8038589586557796
4,5,0.6910000000000001,-2.8013875851876326
4,5,0.6920000000000001,-2.798921292280139
4,5,0.6930000000000001,-2.7964600648231337
4,5,0.6940000000000001,-2.794003887755403
4,5,0.6950000000000001,-2.791552746064532
4,5,0.6960000000000001,-2.789106624786759
4,5,0.6970000000000001,-2.7866655090068266
4,5,0.6980000000000001,-2.7842293838578396
4,5,0.6990000000000001,-2.781798234521119
4,5,0.7000000000000001,-2.779372046226043
4,5,0.7010000000000001,-2.776950804249927
4,5,0.7020000000000001,-2.7745344939178533
4,5,0.7030000000000001,-2.772123100602543
4,5,0.704,-2.769716609724205
4,5,0.705,-2.767315006750387
4,5,0.706,-2.7649182771958527
4,5,0.707,-2.762526406622409
4,5,0.708,-2.7601393806387815
4,5,0.709,-2.757757184900473
4,5,0.71,-2.7553798051096186
4,5,0.711,-2.7530072270148356
4,5,0.712,-2.750639436411088
4,5,0.713,-2.74827641913955
4,5,0.714,-2.7459181610874634
4,5,0.715,-2.743564648187984
4,5,0.716,-2.741215866420064
4,5,0.717,-2.738871801808293
4,5,0.718,-2.7365324404227716
4,5,0.719,-2.734197768378956
4,5,0.72,-2.7318677718375444
4,5,0.721,-2.729542437004312
4,5,0.722,-2.7272217501299907
4,5,0.723,-2.7249056975101227
4,5,0.724,-2.722594265484928
4,5,0.725,-2.720287440439166
4,5,0.726,-2.7179852088019913
4,5,0.727,-2.7156875570468317
4,5,0.728,-2.713394471691242
4,5,0.729,-2.711105939296769
4,5,0.73,-2.7088219464688175
4,5,0.731,-2.7065424798565156
4,5,0.732,-2.7042675261525817
4,5,0.733,-2.701997072093188
4,5,0.734,-2.6997311044578227
4,5,0.735,-2.697469610069162
4,5,0.736,-2.6952125757929393
4,5,0.737,-2.692959988537797
4,5,0.738,-2.690711835255178
4,5,0.739,-2.68846810293917
4,5,0.74,-2.6862287786263805
4,5,0.741,-2.6839938493958204
4,5,0.742,-2.6817633023687444
4,5,0.743,-2.679537124708548
4,5,0.744,-2.677315303620613
4,5,0.745,-2.6750978263521983
4,5,0.746,-2.6728846801922908
4,5,0.747,-2.6706758524714913
4,5,0.748,-2.6684713305618675
4,5,0.749,-2.6662711018768483
4,5,0.75,-2.664075153871072
4,5,0.751,-2.6618834740402746
4,5,0.752,-2.6596960499211484
4,5,0.753,-2.6575128690912244
4,5,0.754,-2.65533391916874
4,5,0.755,-2.6531591878125145
4,5,0.756,-2.6509886627218155
4,5,0.757,-2.648822331636242
4,5,0.758,-2.6466601823355913
4,5,0.759,-2.644502202639737
4,5,0.76,-2.642348380408497
4,5,0.761,-2.640198703541514
4,5,0.762,-2.638053159978135
4,5,0.763,-2.6359117376972763
4,5,0.764,-2.633774424717303
4,5,0.765,-2.631641209095906
4,5,0.766,-2.6295120789299817
4,5,0.767,-2.6273870223554994
4,5,0.768,-2.6252660275473905
4,5,0.769,-2.6231490827194115
4,5,0.77,-2.621036176124038
4,5,0.771,-2.618927296052322
4,5,0.772,-2.616822430833798
4,5,0.773,-2.6147215688363272
4,5,0.774,-2.612624698466007
4,5,0.775,-2.6105318081670372
4,5,0.776,-2.608442886421593
4,5,0.777,-2.606357921749715
4,5,0.778,-2.60427690270919
4,5,0.779,-2.6021998178954204
4,5,0.78,-2.6001266559413185
4,5,0.781,-2.598057405517174
4,5,0.782,-2.5959920553305493
4,5,0.783,-2.5939305941261477
4,5,0.784,-2.5918730106857075
4,5,0.785,-2.589819293827875
4,5,0.786,-2.5877694324080887
4,5,0.787,-2.5857234153184687
4,5,0.788,-2.583681231487693
4,5,0.789,-2.5816428698808784
4,5,0.79,-2.5796083194994814
4,5,0.791,-2.5775775693811545
4,5,0.792,-2.5755506085996602
4,5,0.793,-2.5735274262647287
4,5,0.794,-2.5715080115219653
4,5,0.795,-2.569492353552723
4,5,0.796,-2.5674804415739887
4,5,0.797,-2.565472264838276
4,5,0.798,-2.5634678126335064
4,5,0.799,-2.5614670742828944
4,5,0.8,-2.5594700391448373
4,5,0.801,-2.557476696612799
4,5,0.802,-2.5554870361152067
4,5,0.803,-2.553501047115329
4,5,0.804,-2.551518719111161
4,5,0.805,-2.549540041635327
4,5,0.806,-2.5475650042549565
4,5,0.807,-2.5455935965715764
4,5,0.808,-2.5436258082210035
4,5,0.809,-2.5416616288732294
4,5,0.81,-2.539701048232317
4,5,0.811,-2.5377440560362787
4,5,0.812,-2.535790642056979
4,5,0.8130000000000001,-2.533840796100026
4,5,0.8140000000000001,-2.5318945080046436
4,5,0.8150000000000001,-2.5299517676435883
4,5,0.8160000000000001,-2.5280125649230216
4,5,0.8170000000000001,-2.526076889782413
4,5,0.8180000000000001,-2.524144732194427
4,5,0.8190000000000001,-2.522216082164814
4,5,0.8200000000000001,-2.520290929732309
4,5,0.8210000000000001,-2.5183692649685225
4,5,0.8220000000000001,-2.5164510779778304
4,5,0.8230000000000001,-2.5145363588972702
4,5,0.8240000000000001,-2.5126250978964357
4,5,0.8250000000000001,-2.510717285177373
4,5,0.8260000000000001,-2.508812910974467
4,5,0.8270000000000001,-2.506911965554344
4,5,0.8280000000000001,-2.5050144392157643
4,5,0.8290000000000001,-2.5031203222895226
4,5,0.8300000000000001,-2.5012296051383345
4,5,0.8310000000000001,-2.4993422781567354
4,5,0.8320000000000001,-2.497458331770979
4,5,0.833,-2.4955777564389376
4,5,0.834,-2.4937005426499903
4,5,0.835,-2.4918266809249228
4,5,0.836,-2.489956161815829
4,5,0.837,-2.488088975906007
4,5,0.838,-2.486225113809857
4,5,0.839,-2.4843645661727716
4,5,0.84,-2.482507323671048
4,5,0.841,-2.4806533770117767
4,5,0.842,-2.478802716932749
4,5,0.843,-2.476955334202344
4,5,0.844,-2.4751112196194436
4,5,0.845,-2.473270364013321
4,5,0.846,-2.4714327582435414
4,5,0.847,-2.4695983931998717
4,5,0.848,-2.467767259802169
4,5,0.849,-2.4659393490002968
4,5,0.85,-2.4641146517740076
4,5,0.851,-2.462293159132864
4,5,0.852,-2.4604748621161243
4,5,0.853,-2.4586597517926516
4,5,0.854,-2.456847819260819
4,5,0.855,-2.455039055648409
4,5,0.856,-2.4532334521125216
4,5,0.857,-2.4514309998394612
4,5,0.858,-2.449631690044663
4,5,0.859,-2.4478355139725827
4,5,0.86,-2.446042462896602
4,5,0.861,-2.444252528118934
4,5,0.862,-2.442465700970538
4,5,0.863,-2.4406819728110003
4,5,0.864,-2.438901335028467
4,5,0.865,-2.437123779039529
4,5,0.866,-2.43534929628914
4,5,0.867,-2.4335778782505155
4,5,0.868,-2.431809516425045
4,5,0.869,-2.43004420234219
4,5,0.87,-2.4282819275593988
4,5,0.871,-2.4265226836620157
4,5,0.872,-2.4247664622631753
4,5,0.873,-2.423013255003725
4,5,0.874,-2.4212630535521207
4,5,0.875,-2.419515849604345
4,5,0.876,-2.41777163488381
4,5,0.877,-2.416030401141267
4,5,0.878,-2.4142921401547186
4,5,0.879,-2.412556843729319
4,5,0.88,-2.410824503697295
4,5,0.881,-2.4090951119178494
4,5,0.882,-2.4073686602770703
4,5,0.883,-2.405645140687846
4,5,0.884,-2.4039245450897724
4,5,0.885,-2.4022068654490605
4,5,0.886,-2.4004920937584524
4,5,0.887,-2.3987802220371357
4,5,0.888,-2.397071242330649
4,5,0.889,-2.3953651467107933
4,5,0.89,-2.3936619272755437
4,5,0.891,-2.3919615761489768
4,5,0.892,-2.390264085481158
4,5,0.893,-2.388569447448074
4,5,0.894,-2.3868776542515366
4,5,0.895,-2.385188698119103
4,5,0.896,-2.383502571303979
4,5,0.897,-2.381819266084948
4,5,0.898,-2.380138774766269
4,5,0.899,-2.378461089677603
4,5,0.9,-2.3767862031739218
4,5,0.901,-2.3751141076354276
4,5,0.902,-2.3734447954674573
4,5,0.903,-2.3717782591004166
4,5,0.904,-2.3701144909896743
4,5,0.905,-2.3684534836154953
4,5,0.906,-2.3667952294829506
4,5,0.907,-2.365139721121834
4,5,0.908,-2.363486951086572
4,5,0.909,-2.3618369119561526
4,5,0.91,-2.36018959633404
4,5,0.911,-2.3585449968480816
4,5,0.912,-2.356903106150438
4,5,0.913,-2.3552639169174983
4,5,0.914,-2.3536274218497883
4,5,0.915,-2.3519936136719037
4,5,0.916,-2.3503624851324254
4,5,0.917,-2.3487340290038246
4,5,0.918,-2.3471082380823987
4,5,0.919,-2.345485105188189
4,5,0.92,-2.343864623164884
4,5,0.921,-2.3422467848797615
4,5,0.922,-2.3406315832235967
4,5,0.923,-2.339019011110583
4,5,0.924,-2.3374090614782523
4,5,0.925,-2.3358017272874
4,5,0.926,-2.3341970015220075
4,5,0.927,-2.3325948771891527
4,5,0.928,-2.330995347318943
4,5,0.929,-2.3293984049644347
4,5,0.93,-2.327804043201547
4,5,0.931,-2.3262122551290005
4,5,0.932,-2.324623033868225
4,5,0.933,-2.3230363725632834
4,5,0.934,-2.321452264380805
4,5,0.935,-2.3198707025099026
4,5,0.936,-2.318291680162094
4,5,0.937,-2.316715190571225
4,5,0.9380000000000001,-2.3151412269933975
4,5,0.9390000000000001,-2.3135697827069017
4,5,0.9400000000000001,-2.3120008510121197
4,5,0.9410000000000001,-2.310434425231464
4,5,0.9420000000000001,-2.308870498709306
4,5,0.9430000000000001,-2.307309064811893
4,5,0.9440000000000001,-2.30575011692727
4,5,0.9450000000000001,-2.3041936484652217
4,5,0.9460000000000001,-2.3026396528571795
4,5,0.9470000000000001,-2.3010881235561613
4,5,0.9480000000000001,-2.2995390540366936
4,5,0.9490000000000001,-2.2979924377947283
4,5,0.9500000000000001,-2.29644826834759
4,5,0.9510000000000001,-2.2949065392338888
4,5,0.9520000000000001,-2.2933672440134387
4,5,0.9530000000000001,-2.291830376267216
4,5,0.9540000000000001,-2.2902959295972503
4,5,0.9550000000000001,-2.2887638976265796
4,5,0.9560000000000001,-2.287234273999163
4,5,0.9570000000000001,-2.285707052379818
4,5,0.9580000000000001,-2.2841822264541474
4,5,0.9590000000000001,-2.282659789928462
4,5,0.96,-2.2811397365297164
4,5,0.961,-2.2796220600054333
4,5,0.962,-2.278106754123641
4,5,0.963,-2.276593812672794
4,5,0.964,-2.275083229461708
4,5,0.965,-2.2735749983194875
4,5,0.966,-2.2720691130954602
4,5,0.967,-2.2705655676590975
4,5,0.968,-2.2690643558999675
4,5,0.969,-2.2675654717276332
4,5,0.97,-2.266068909071616
4,5,0.971,-2.264574661881306
4,5,0.972,-2.263082724125904
4,5,0.973,-2.2615930897943484
4,5,0.974,-2.2601057528952473
4,5,0.975,-2.2586207074568154
4,5,0.976,-2.2571379475268074
4,5,0.977,-2.2556574671724388
4,5,0.978,-2.254179260480332
4,5,0.979,-2.252703321556445
4,5,0.98,-2.2512296445260036
4,5,0.981,-2.2497582235334352
4,5,0.982,-2.2482890527423076
4,5,0.983,-2.2468221263352532
4,5,0.984,-2.2453574385139152
4,5,0.985,-2.24389498349887
4,5,0.986,-2.2424347555295694
4,5,0.987,-2.2409767488642784
4,5,0.988,-2.239520957779999
4,5,0.989,-2.2380673765724186
4,5,0.99,-2.2366159995558355
4,5,0.991,-2.2351668210631024
4,5,0.992,-2.233719835445549
4,5,0.993,-2.2322750370729394
4,5,0.994,-2.2308324203333902
4,5,0.995,-2.229391979633313
4,5,0.996,-2.2279537093973536
4,5,0.997,-2.2265176040683303
4,5,0.998,-2.2250836581071596
4,5,0.999,-2.2236518659928075
4,5,1.0,-2.2222222222222223
4,10,0.0,-9.047619047619047
4,10,0.001,-9.02955092098805
4,10,0.002,-9.011536891998562
4,10,0.003,-8.993576773358205
4,10,0.004,-8.975670378621047
4,10,0.005,-8.957817522182383
4,10,0.006,-8.940018019273474
4,10,0.007,-8.922271685956353
4,10,0.008,-8.904578339118657
4,10,0.009000000000000001,-8.886937796468516
4,10,0.01,-8.869349876529423
4,10,0.011,-8.851814398635272
4,10,0.012,-8.834331182925181
4,10,0.013000000000000001,-8.816900050338745
4,10,0.014,-8.799520822610813
4,10,0.015,-8.78219332226685
4,10,0.016,-8.764917372617859
4,10,0.017,-8.747692797755624
4,10,0.018000000000000002,-8.730519422547957
4,10,0.019,-8.713397072633814
4,10,0.02,-8.69632557441863
4,10,0.021,-8.679304755069609
4,10,0.022,-8.66233444251105
4,10,0.023,-8.645414465419737
4,10,0.024,-8.628544653220223
4,10,0.025,-8.61172483608045
4,10,0.026000000000000002,-8.594954844907058
4,10,0.027,-8.578234511340943
4,10,0.028,-8.561563667752772
4,10,0.029,-8.544942147238554
4,10,0.03,-8.528369783615219
4,10,0.031,-8.511846411416242
4,10,0.032,-8.495371865887265
4,10,0.033,-8.478945982981912
4,10,0.034,-8.46256859935731
4,10,0.035,-8.446239552369992
4,10,0.036000000000000004,-8.429958680071596
4,10,0.037,-8.413725821204693
4,10,0.038,-8.397540815198624
4,10,0.039,-8.381403502165368
4,10,0.04,-8.365313722895431
4,10,0.041,-8.349271318853798
4,10,0.042,-8.3332761321758
4,10,0.043000000000000003,-8.317328005663228
4,10,0.044,-8.30142678278024
4,10,0.045,-8.285572307649463
4,10,0.046,-8.269764425047995
4,10,0.047,-8.254002980403584
4,10,0.048,-8.23828781979068
4,10,0.049,-8.222618789926624
4,10,0.05,-8.206995738167805
4,10,0.051000000000000004,-8.191418512505905
4,10,0.052000000000000005,-8.17588696156406
4,10,0.053,-8.16040093459323
4,10,0.054,-8.144960281468316
4,10,0.055,-8.129564852684684
4,10,0.056,-8.11421449935434
4,10,0.057,-8.098909073202343
4,10,0.058,-8.083648426563194
4,10,0.059000000000000004,-8.068432412377327
4,10,0.06,-8.053260884187381
4,10,0.061,-8.038133696134855
4,10,0.062,-8.02305070295645
4,10,0.063,-8.008011759980715
4,10,0.064,-7.993016723124451
4,10,0.065,-7.978065448889384
4,10,0.066,-7.963157794358731
4,10,0.067,-7.948293617193785
4,10,0.068,-7.933472775630568
4,10,0.069,-7.918695128476516
4,10,0.07,-7.903960535107135
4,10,0.07100000000000001,-7.889268855462719
4,10,0.07200000000000001,-7.87461995004509
4,10,0.073,-7.860013679914362
4,10,0.074,-7.84544990668568
4,10,0.075,-7.830928492526095
4,10,0.076,-7.816449300151298
4,10,0.077,-7.8020121928225405
4,10,0.078,-7.787617034343466
4,10,0.079,-7.7732636890570195
4,10,0.08,-7.7589520218423536
4,10,0.081,-7.744681898111785
4,10,0.082,-7.730453183807682
4,10,0.083,-7.716265745399555
4,10,0.084,-7.702119449880942
4,10,0.085,-7.68801416476653
4,10,0.08600000000000001,-7.6739497580891225
4,10,0.08700000000000001,-7.6599260983967365
4,10,0.088,-7.645943054749713
4,10,0.089,-7.632000496717755
4,10,0.09,-7.618098294377105
4,10,0.091,-7.604236318307698
4,10,0.092,-7.590414439590272
4,10,0.093,-7.57663252980362
4,10,0.094,-7.562890461021747
4,10,0.095,-7.549188105811151
4,10,0.096,-7.535525337227962
4,10,0.097,-7.52190202881537
4,10,0.098,-7.508318054600767
4,10,0.099,-7.494773289093097
4,10,0.1,-7.481267607280211
4,10,0.101,-7.467800884626166
4,10,0.10200000000000001,-7.454372997068637
4,10,0.10300000000000001,-7.440983821016198
4,10,0.10400000000000001,-7.427633233345863
4,10,0.105,-7.4143211114003815
4,10,0.106,-7.4010473329857085
4,10,0.107,-7.387811776368509
4,10,0.108,-7.37461432027354
4,10,0.109,-7.3614548438812255
4,10,0.11,-7.348333226825097
4,10,0.111,-7.335249349189361
4,10,0.112,-7.322203091506441
4,10,0.113,-7.309194334754476
4,10,0.114,-7.296222960354983
4,10,0.115,-7.283288850170417
4,10,0.116,-7.2703918865017325
4,10,0.117,-7.257531952086098
4,10,0.11800000000000001,-7.244708930094483
4,10,0.11900000000000001,-7.231922704129343
4,10,0.12,-7.219173158222283
4,10,0.121,-7.206460176831739
4,10,0.122,-7.193783644840743
4,10,0.123,-7.181143447554619
4,10,0.124,-7.168539470698669
4,10,0.125,-7.155971600416042
4,10,0.126,-7.143439723265437
4,10,0.127,-7.130943726218892
4,10,0.128,-7.11848349665964
4,10,0.129,-7.106058922379859
4,10,0.13,-7.093669891578589
4,10,0.131,-7.08131629285953
4,10,0.132,-7.068998015228911
4,10,0.133,-7.056714948093399
4,10,0.134,-7.044466981257993
4,10,0.135,-7.032254004923915
4,10,0.136,-7.020075909686576
4,10,0.137,-7.00793258653345
4,10,0.138,-6.995823926842113
4,10,0.139,-6.983749822378158
4,10,0.14,-6.971710165293223
4,10,0.14100000000000001,-6.9597048481229296
4,10,0.14200000000000002,-6.94773376378496
4,10,0.14300000000000002,-6.935796805577064
4,10,0.14400000000000002,-6.923893867175055
4,10,0.145,-6.912024842630964
4,10,0.146,-6.900189626371009
4,10,0.147,-6.888388113193744
4,10,0.148,-6.8766201982681485
4,10,0.149,-6.864885777131691
4,10,0.15,-6.853184745688474
4,10,0.151,-6.84151700020744
4,10,0.152,-6.8298824373204114
4,10,0.153,-6.818280954020324
4,10,0.154,-6.806712447659402
4,10,0.155,-6.795176815947284
4,10,0.156,-6.783673956949321
4,10,0.157,-6.772203769084717
4,10,0.158,-6.76076615112478
4,10,0.159,-6.749361002191154
4,10,0.16,-6.737988221754114
4,10,0.161,-6.726647709630749
4,10,0.162,-6.715339365983319
4,10,0.163,-6.704063091317498
4,10,0.164,-6.692818786480683
4,10,0.165,-6.681606352660312
4,10,0.166,-6.670425691382196
4,10,0.167,-6.6592767045088275
4,10,0.168,-6.6481592942377965
4,10,0.169,-6.6370733631000345
4,10,0.17,-6.626018813958305
4,10,0.171,-6.614995550005505
4,10,0.17200000000000001,-6.604003474763123
4,10,0.17300000000000001,-6.593042492079588
4,10,0.17400000000000002,-6.582112506128701
4,10,0.17500000000000002,-6.571213421408104
4,10,0.176,-6.560345142737654
4,10,0.177,-6.549507575257927
4,10,0.178,-6.538700624428655
4,10,0.179,-6.527924196027195
4,10,0.18,-6.517178196147033
4,10,0.181,-6.506462531196235
4,10,0.182,-6.495777107895995
4,10,0.183,-6.485121833279153
4,10,0.184,-6.47449661468865
4,10,0.185,-6.463901359776147
4,10,0.186,-6.453335976500547
4,10,0.187,-6.442800373126478
4,10,0.188,-6.432294458222989
4,10,0.189,-6.421818140662019
4,10,0.19,-6.411371329617026
4,10,0.191,-6.400953934561575
4,10,0.192,-6.390565865267965
4,10,0.193,-6.380207031805782
4,10,0.194,-6.3698773445406065
4,10,0.195,-6.3595767141325865
4,10,0.196,-6.349305051535108
4,10,0.197,-6.339062267993447
4,10,0.198,-6.328848275043408
4,10,0.199,-6.318662984510048
4,10,0.2,-6.308506308506314
4,10,0.201,-6.29837815943171
4,10,0.202,-6.288278449971103
4,10,0.203,-6.278207093093284
4,10,0.20400000000000001,-6.2681640020498275
4,10,0.20500000000000002,-6.258149090373735
4,10,0.20600000000000002,-6.248162271878157
4,10,0.20700000000000002,-6.238203460655218
4,10,0.20800000000000002,-6.228272571074691
4,10,0.209,-6.218369517782794
4,10,0.21,-6.208494215700968
4,10,0.211,-6.198646580024625
4,10,0.212,-6.188826526221969
4,10,0.213,-6.1790339700327745
4,10,0.214,-6.169268827467209
4,10,0.215,-6.159531014804567
4,10,0.216,-6.149820448592247
4,10,0.217,-6.1401370456443916
4,10,0.218,-6.130480723040885
4,10,0.219,-6.120851398126104
4,10,0.22,-6.1112489885078025
4,10,0.221,-6.101673412055959
4,10,0.222,-6.0921245869016705
4,10,0.223,-6.082602431435995
4,10,0.224,-6.073106864308855
4,10,0.225,-6.063637804427944
4,10,0.226,-6.054195170957581
4,10,0.227,-6.044778883317652
4,10,0.228,-6.035388861182525
4,10,0.229,-6.026025024479966
4,10,0.23,-6.016687293390044
4,10,0.231,-6.0073755883441216
4,10,0.232,-5.998089830023714
4,10,0.233,-5.988829939359541
4,10,0.234,-5.979595837530409
4,10,0.23500000000000001,-5.97038744596222
4,10,0.23600000000000002,-5.9612046863269
4,10,0.23700000000000002,-5.952047480541416
4,10,0.23800000000000002,-5.942915750766757
4,10,0.23900000000000002,-5.933809419406906
4,10,0.24,-5.924728409107867
4,10,0.241,-5.915672642756635
4,10,0.242,-5.906642043480272
4,10,0.243,-5.897636534644841
4,10,0.244,-5.888656039854505
4,10,0.245,-5.879700482950529
4,10,0.246,-5.870769788010319
4,10,0.247,-5.8618638793464655
4,10,0.248,-5.852982681505809
4,10,0.249,-5.8441261192685
4,10,0.25,-5.835294117647063
4,10,0.251,-5.826486601885423
4,10,0.252,-5.817703497458058
4,10,0.253,-5.808944730069028
4,10,0.254,-5.800210225651088
4,10,0.255,-5.791499910364788
4,10,0.256,-5.782813710597548
4,10,0.257,-5.774151552962776
4,10,0.258,-5.76551336429903
4,10,0.259,-5.756899071669039
4,10,0.26,-5.748308602358925
4,10,0.261,-5.739741883877294
4,10,0.262,-5.731198843954351
4,10,0.263,-5.722679410541069
4,10,0.264,-5.714183511808355
4,10,0.265,-5.705711076146162
4,10,0.266,-5.697262032162684
4,10,0.267,-5.688836308683478
4,10,0.268,-5.680433834750682
4,10,0.269,-5.672054539622183
4,10,0.27,-5.6636983527707425
4,10,0.271,-5.655365203883276
4,10,0.272,-5.647055022859959
4,10,0.273,-5.638767739813478
4,10,0.274,-5.630503285068203
4,10,0.275,-5.622261589159409
4,10,0.276,-5.614042582832484
4,10,0.277,-5.6058461970421565
4,10,0.278,-5.5976723629517
4,10,0.279,-5.58952101193219
4,10,0.28,-5.581392075561682
4,10,0.281,-5.573285485624499
4,10,0.28200000000000003,-5.5652011741104745
4,10,0.28300000000000003,-5.557139073214168
4,10,0.28400000000000003,-5.549099115334133
4,10,0.28500000000000003,-5.54108123307217
4,10,0.28600000000000003,-5.533085359232597
4,10,0.28700000000000003,-5.525111426821521
4,10,0.28800000000000003,-5.517159369046068
4,10,0.289,-5.509229119313703
4,10,0.29,-5.501320611231508
4,10,0.291,-5.493433778605437
4,10,0.292,-5.485568555439619
4,10,0.293,-5.477724875935667
4,10,0.294,-5.469902674491934
4,10,0.295,-5.4621018857028725
4,10,0.296,-5.454322444358302
4,10,0.297,-5.446564285442732
4,10,0.298,-5.438827344134651
4,10,0.299,-5.431111555805897
4,10,0.3,-5.423416856020946
4,10,0.301,-5.415743180536241
4,10,0.302,-5.408090465299531
4,10,0.303,-5.4004586464492
4,10,0.304,-5.392847660313622
4,10,0.305,-5.38525744341049
4,10,0.306,-5.377687932446151
4,10,0.307,-5.370139064315024
4,10,0.308,-5.36261077609886
4,10,0.309,-5.35510300506616
4,10,0.31,-5.347615688671521
4,10,0.311,-5.340148764555053
4,10,0.312,-5.332702170541657
4,10,0.313,-5.325275844640465
4,10,0.314,-5.317869725044204
4,10,0.315,-5.310483750128599
4,10,0.316,-5.303117858451696
4,10,0.317,-5.29577198875333
4,10,0.318,-5.288446079954456
4,10,0.319,-5.281140071156603
4,10,0.32,-5.273853901641208
4,10,0.321,-5.2665875108690745
4,10,0.322,-5.259340838479753
4,10,0.323,-5.252113824290962
4,10,0.324,-5.244906408297993
4,10,0.325,-5.237718530673159
4,10,0.326,-5.230550131765148
4,10,0.327,-5.223401152098521
4,10,0.328,-5.2162715323730975
4,10,0.329,-5.209161213463409
4,10,0.33,-5.202070136418097
4,10,0.331,-5.1949982424594054
4,10,0.332,-5.1879454729825625
4,10,0.333,-5.180911769555269
4,10,0.334,-5.173897073917124
4,10,0.335,-5.166901327979081
4,10,0.336,-5.159924473822897
4,10,0.337,-5.152966453700591
4,10,0.338,-5.146027210033914
4,10,0.339,-5.139106685413777
4,10,0.34,-5.132204822599757
4,10,0.341,-5.125321564519545
4,10,0.342,-5.118456854268418
4,10,0.343,-5.111610635108709
4,10,0.34400000000000003,-5.104782850469293
4,10,0.34500000000000003,-5.097973443945083
4,10,0.34600000000000003,-5.091182359296436
4,10,0.34700000000000003,-5.084409540448767
4,10,0.34800000000000003,-5.0776549314918995
4,10,0.34900000000000003,-5.070918476679658
4,10,0.35000000000000003,-5.06420012042933
4,10,0.35100000000000003,-5.0574998073211175
4,10,0.352,-5.050817482097727
4,10,0.353,-5.044153089663769
4,10,0.354,-5.037506575085344
4,10,0.355,-5.030877883589524
4,10,0.356,-5.024266960563812
4,10,0.357,-5.017673751555742
4,10,0.358,-5.0110982022723345
4,10,0.359,-5.0045402585796195
4,10,0.36,-4.997999866502177
4,10,0.361,-4.991476972222633
4,10,0.362,-4.984971522081205
4,10,0.363,-4.978483462575218
4,10,0.364,-4.972012740358642
4,10,0.365,-4.965559302241611
4,10,0.366,-4.959123095189975
4,10,0.367,-4.952704066324813
4,10,0.368,-4.94630216292199
4,10,0.369,-4.939917332411685
4,10,0.37,-4.933549522377962
4,10,0.371,-4.927198680558272
4,10,0.372,-4.920864754843035
4,10,0.373,-4.914547693275175
4,10,0.374,-4.90824744404968
4,10,0.375,-4.901963955513146
4,10,0.376,-4.895697176163347
4,10,0.377,-4.889447054648786
4,10,0.378,-4.883213539768237
4,10,0.379,-4.876996580470365
4,10,0.38,-4.870796125853214
4,10,0.381,-4.864612125163836
4,10,0.382,-4.858444527797843
4,10,0.383,-4.852293283298941
4,10,0.384,-4.8461583413585725
4,10,0.385,-4.840039651815418
4,10,0.386,-4.833937164655035
4,10,0.387,-4.827850830009406
4,10,0.388,-4.821780598156522
4,10,0.389,-4.815726419519947
4,10,0.39,-4.809688244668468
4,10,0.391,-4.803666024315596
4,10,0.392,-4.797659709319218
4,10,0.393,-4.791669250681164
4,10,0.394,-4.7856945995467886
4,10,0.395,-4.779735707204593
4,10,0.396,-4.773792525085789
4,10,0.397,-4.767865004763934
4,10,0.398,-4.761953097954494
4,10,0.399,-4.756056756514453
4,10,0.4,-4.750175932441943
4,10,0.401,-4.744310577875819
4,10,0.402,-4.738460645095279
4,10,0.403,-4.732626086519478
4,10,0.404,-4.7268068547070925
4,10,0.405,-4.721002902356006
4,10,0.406,-4.715214182302874
4,10,0.40700000000000003,-4.70944064752274
4,10,0.40800000000000003,-4.7036822511286775
4,10,0.40900000000000003,-4.697938946371369
4,10,0.41000000000000003,-4.6922106866387665
4,10,0.41100000000000003,-4.686497425455693
4,10,0.41200000000000003,-4.680799116483458
4,10,0.41300000000000003,-4.675115713519487
4,10,0.41400000000000003,-4.6694471704969605
4,10,0.41500000000000004,-4.663793441484438
4,10,0.41600000000000004,-4.658154480685459
4,10,0.417,-4.652530242438213
4,10,0.418,-4.646920681215148
4,10,0.419,-4.641325751622604
4,10,0.42,-4.635745408400458
4,10,0.421,-4.630179606421745
4,10,0.422,-4.624628300692331
4,10,0.423,-4.619091446350499
4,10,0.424,-4.6135689986666195
4,10,0.425,-4.608060913042811
4,10,0.426,-4.602567145012541
4,10,0.427,-4.597087650240308
4,10,0.428,-4.591622384521257
4,10,0.429,-4.586171303780848
4,10,0.43,-4.580734364074496
4,10,0.431,-4.575311521587224
4,10,0.432,-4.5699027326333175
4,10,0.433,-4.5645079536559585
4,10,0.434,-4.559127141226911
4,10,0.435,-4.553760252046144
4,10,0.436,-4.5484072429415185
4,10,0.437,-4.5430680708684035
4,10,0.438,-4.5377426929093945
4,10,0.439,-4.532431066273903
4,10,0.44,-4.52713314829788
4,10,0.441,-4.521848896443446
4,10,0.442,-4.516578268298566
4,10,0.443,-4.511321221576699
4,10,0.444,-4.506077714116483
4,10,0.445,-4.50084770388139
4,10,0.446,-4.495631148959413
4,10,0.447,-4.490428007562704
4,10,0.448,-4.485238238027263
4,10,0.449,-4.480061798812627
4,10,0.45,-4.4748986485015045
4,10,0.451,-4.46974874579948
4,10,0.452,-4.464612049534685
4,10,0.453,-4.459488518657448
4,10,0.454,-4.454378112240032
4,10,0.455,-4.449280789476222
4,10,0.456,-4.444196509681095
4,10,0.457,-4.4391252322906505
4,10,0.458,-4.434066916861483
4,10,0.459,-4.429021523070524
4,10,0.46,-4.423989010714651
4,10,0.461,-4.418969339710433
4,10,0.462,-4.413962470093766
4,10,0.463,-4.408968362019603
4,10,0.464,-4.403986975761615
4,10,0.465,-4.399018271711892
4,10,0.466,-4.394062210380627
4,10,0.467,-4.3891187523958
4,10,0.468,-4.384187858502891
4,10,0.46900000000000003,-4.379269489564543
4,10,0.47000000000000003,-4.374363606560284
4,10,0.47100000000000003,-4.369470170586203
4,10,0.47200000000000003,-4.364589142854653
4,10,0.47300000000000003,-4.35972048469395
4,10,0.47400000000000003,-4.354864157548053
4,10,0.47500000000000003,-4.350020122976275
4,10,0.47600000000000003,-4.345188342653006
4,10,0.47700000000000004,-4.340368778367352
4,10,0.47800000000000004,-4.335561392022895
4,10,0.47900000000000004,-4.3307661456373765
4,10,0.48,-4.325983001342362
4,10,0.481,-4.321211921383021
4,10,0.482,-4.316452868117762
4,10,0.483,-4.311705804017962
4,10,0.484,-4.306970691667673
4,10,0.485,-4.302247493763356
4,10,0.486,-4.297536173113519
4,10,0.487,-4.292836692638513
4,10,0.488,-4.288149015370141
4,10,0.489,-4.28347310445149
4,10,0.49,-4.278808923136528
4,10,0.491,-4.274156434789871
4,10,0.492,-4.269515602886487
4,10,0.493,-4.264886391011434
4,10,0.494,-4.260268762859516
4,10,0.495,-4.255662682235051
4,10,0.496,-4.251068113051555
4,10,0.497,-4.246485019331486
4,10,0.498,-4.241913365205923
4,10,0.499,-4.237353114914333
4,10,0.5,-4.232804232804233
4,10,0.501,-4.228266683330963
4,10,0.502,-4.223740431057362
4,10,0.503,-4.219225440653527
4,10,0.504,-4.214721676896502
4,10,0.505,-4.210229104670022
4,10,0.506,-4.205747688964225
4,10,0.507,-4.20127739487538
4,10,0.508,-4.196818187605611
4,10,0.509,-4.192370032462616
4,10,0.51,-4.187932894859401
4,10,0.511,-4.183506740314
4,10,0.512,-4.179091534449217
4,10,0.513,-4.174687242992327
4,10,0.514,-4.1702938317748295
4,10,0.515,-4.165911266732161
4,10,0.516,-4.161539513903434
4,10,0.517,-4.157178539431181
4,10,0.518,-4.152828309561036
4,10,0.519,-4.148488790641524
4,10,0.52,-4.144159949123775
4,10,0.521,-4.1398417515612245
4,10,0.522,-4.135534164609391
4,10,0.523,-4.131237155025602
4,10,0.524,-4.126950689668711
4,10,0.525,-4.122674735498835
4,10,0.526,-4.118409259577103
4,10,0.527,-4.114154229065409
4,10,0.528,-4.109909611226086
4,10,0.529,-4.105675373421729
4,10,0.53,-4.101451483114868
4,10,0.531,-4.097237907867733
4,10,0.532,-4.093034615341997
4,10,0.533,-4.088841573298517
4,10,0.534,-4.084658749597045
4,10,0.535,-4.080486112196027
4,10,0.536,-4.07632362915229
4,10,0.537,-4.072171268620819
4,10,0.538,-4.068028998854456
4,10,0.539,-4.063896788203745
4,10,0.54,-4.05977460511653
4,10,0.541,-4.0556624181378425
4,10,0.542,-4.051560195909538
4,10,0.543,-4.047467907170111
4,10,0.544,-4.043385520754401
4,10,0.545,-4.0393130055933995
4,10,0.546,-4.035250330713886
4,10,0.547,-4.031197465238316
4,10,0.548,-4.027154378384454
4,10,0.549,-4.02312103946519
4,10,0.55,-4.019097417888267
4,10,0.551,-4.015083483156023
4,10,0.552,-4.011079204865176
4,10,0.553,-4.007084552706526
4,10,0.554,-4.00309949646476
4,10,0.555,-3.9991240060181443
4,10,0.556,-3.9951580513383678
4,10,0.557,-3.991201602490182
4,10,0.558,-3.9872546296312494
4,10,0.559,-3.9833171030118586
4,10,0.56,-3.9793889929746706
4,10,0.561,-3.975470269954522
4,10,0.562,-3.9715609044780997
4,10,0.5630000000000001,-3.967660867163789
4,10,0.5640000000000001,-3.9637701287213734
4,10,0.5650000000000001,-3.959888659951789
4,10,0.5660000000000001,-3.9560164317469426
4,10,0.5670000000000001,-3.9521534150893856
4,10,0.5680000000000001,-3.9482995810521704
4,10,0.5690000000000001,-3.944454900798502
4,10,0.5700000000000001,-3.940619345581593
4,10,0.5710000000000001,-3.9367928867443736
4,10,0.5720000000000001,-3.9329754957192664
4,10,0.5730000000000001,-3.929167144027943
4,10,0.5740000000000001,-3.925367803281099
4,10,0.5750000000000001,-3.921577445178215
4,10,0.5760000000000001,-3.9177960415072954
4,10,0.577,-3.914023564144671
4,10,0.578,-3.9102599850547293
4,10,0.579,-3.906505276289709
4,10,0.58,-3.902759409989429
4,10,0.581,-3.8990223583811057
4,10,0.582,-3.8952940937790537
4,10,0.583,-3.891574588584521
4,10,0.584,-3.8878638152853973
4,10,0.585,-3.884161746456034
4,10,0.586,-3.8804683547569585
4,10,0.587,-3.8767836129346844
4,10,0.588,-3.873107493821477
4,10,0.589,-3.8694399703350935
4,10,0.59,-3.865781015478591
4,10,0.591,-3.8621306023400592
4,10,0.592,-3.858488704092411
4,10,0.593,-3.854855293993187
4,10,0.594,-3.851230345384258
4,10,0.595,-3.847613831691643
4,10,0.596,-3.844005726425268
4,10,0.597,-3.840406003178758
4,10,0.598,-3.836814635629189
4,10,0.599,-3.833231597536866
4,10,0.6,-3.8296568627450966
4,10,0.601,-3.8260904051799827
4,10,0.602,-3.8225321988501793
4,10,0.603,-3.818982217846658
4,10,0.604,-3.81544043634253
4,10,0.605,-3.8119068285927726
4,10,0.606,-3.8083813689340262
4,10,0.607,-3.804864031784385
4,10,0.608,-3.8013547916431456
4,10,0.609,-3.797853623090617
4,10,0.61,-3.794360500787879
4,10,0.611,-3.79087539947657
4,10,0.612,-3.7873982939786632
4,10,0.613,-3.78392915919624
4,10,0.614,-3.7804679701112964
4,10,0.615,-3.7770147017854905
4,10,0.616,-3.7735693293599404
4,10,0.617,-3.7701318280550233
4,10,0.618,-3.7667021731701156
4,10,0.619,-3.763280340083426
4,10,0.62,-3.7598663042517333
4,10,0.621,-3.756460041210199
4,10,0.622,-3.7530615265721345
4,10,0.623,-3.7496707360288095
4,10,0.624,-3.7462876453492
4,10,0.625,-3.74291223037982
4,10,0.626,-3.739544467044451
4,10,0.627,-3.736184331343988
4,10,0.628,-3.73283179935618
4,10,0.629,-3.7294868472354348
4,10,0.63,-3.726149451212617
4,10,0.631,-3.722819587594808
4,10,0.632,-3.719497232765132
4,10,0.633,-3.716182363182503
4,10,0.634,-3.7128749553814444
4,10,0.635,-3.7095749859718774
4,10,0.636,-3.7062824316388743
4,10,0.637,-3.7029972691425095
4,10,0.638,-3.6997194753175977
4,10,0.639,-3.696449027073505
4,10,0.64,-3.6931859013939516
4,10,0.641,-3.689930075336776
4,10,0.642,-3.6866815260337615
4,10,0.643,-3.683440230690398
4,10,0.644,-3.6802061665856955
4,10,0.645,-3.676979311071964
4,10,0.646,-3.6737596415746276
4,10,0.647,-3.670547135591975
4,10,0.648,-3.6673417706950295
4,10,0.649,-3.6641435245272547
4,10,0.65,-3.660952374804427
4,10,0.651,-3.6577682993143834
4,10,0.652,-3.6545912759168364
4,10,0.653,-3.651421282543166
4,10,0.654,-3.6482582971962296
4,10,0.655,-3.6451022979501424
4,10,0.656,-3.641953262950066
4,10,0.657,-3.6388111704120663
4,10,0.658,-3.6356759986228138
4,10,0.659,-3.6325477259394767
4,10,0.66,-3.629426330789476
4,10,0.661,-3.6263117916702847
4,10,0.662,-3.6232040871492277
4,10,0.663,-3.6201031958633
4,10,0.664,-3.617009096518964
4,10,0.665,-3.6139217678919255
4,10,0.666,-3.6108411888269742
4,10,0.667,-3.607767338237746
4,10,0.668,-3.6047001951065782
4,10,0.669,-3.6016397384842525
4,10,0.67,-3.5985859474898274
4,10,0.671,-3.5955388013104628
4,10,0.672,-3.5924982792011795
4,10,0.673,-3.589464360484711
4,10,0.674,-3.5864370245512744
4,10,0.675,-3.5834162508583756
4,10,0.676,-3.580402018930644
4,10,0.677,-3.5773943083596227
4,10,0.678,-3.5743930988035544
4,10,0.679,-3.571398369987231
4,10,0.68,-3.5684101017017555
4,10,0.681,-3.565428273804394
4,10,0.682,-3.562452866218353
4,10,0.683,-3.559483858932593
4,10,0.684,-3.556521232001648
4,10,0.685,-3.5535649655454304
4,10,0.686,-3.5506150397490366
4,10,0.687,-3.5476714348625626
4,10,0.6880000000000001,-3.544734131200906
4,10,0.6890000000000001,-3.541803109143593
4,10,0.6900000000000001,-3.538878349134569
4,10,0.6910000000000001,-3.5359598316820295
4,10,0.6920000000000001,-3.5330475373582293
4,10,0.6930000000000001,-3.530141446799271
4,10,0.6940000000000001,-3.5272415407049484
4,10,0.6950000000000001,-3.5243477998385586
4,10,0.6960000000000001,-3.521460205026685
4,10,0.6970000000000001,-3.518578737159044
4,10,0.6980000000000001,-3.5157033771882906
4,10,0.6990000000000001,-3.5128341061298185
4,10,0.7000000000000001,-3.509970905061588
4,10,0.7010000000000001,-3.507113755123956
4,10,0.7020000000000001,-3.5042626375194574
4,10,0.7030000000000001,-3.5014175335126496
4,10,0.704,-3.49857842442993
4,10,0.705,-3.4957452916593112
4,10,0.706,-3.4929181166503187
4,10,0.707,-3.4900968809137134
4,10,0.708,-3.4872815660213874
4,10,0.709,-3.484472153606144
4,10,0.71,-3.481668625361527
4,10,0.711,-3.478870963041645
4,10,0.712,-3.4760791484609666
4,10,0.713,-3.4732931634941777
4,10,0.714,-3.47051299007598
4,10,0.715,-3.467738610200901
4,10,0.716,-3.464970005923156
4,10,0.717,-3.4622071593564185
4,10,0.718,-3.4594500526736938
4,10,0.719,-3.456698668107079
4,10,0.72,-3.4539529879476683
4,10,0.721,-3.451212994545292
4,10,0.722,-3.4484786703084036
4,10,0.723,-3.445749997703862
4,10,0.724,-3.443026959256781
4,10,0.725,-3.440309537550361
4,10,0.726,-3.437597715225661
4,10,0.727,-3.4348914749814985
4,10,0.728,-3.4321907995742285
4,10,0.729,-3.429495671817575
4,10,0.73,-3.4268060745824744
4,10,0.731,-3.4241219907968756
4,10,0.732,-3.421443403445604
4,10,0.733,-3.4187702955701615
4,10,0.734,-3.416102650268553
4,10,0.735,-3.4134404506951355
4,10,0.736,-3.410783680060435
4,10,0.737,-3.40813232163097
4,10,0.738,-3.405486358729103
4,10,0.739,-3.402845774732841
4,10,0.74,-3.4002105530756843
4,10,0.741,-3.3975806772464647
4,10,0.742,-3.394956130789153
4,10,0.743,-3.3923368973027146
4,10,0.744,-3.3897229604409187
4,10,0.745,-3.3871143039122
4,10,0.746,-3.384510911479458
4,10,0.747,-3.3819127669599247
4,10,0.748,-3.3793198542249536
4,10,0.749,-3.376732157199905
4,10,0.75,-3.374149659863944
4,10,0.751,-3.3715723462498968
4,10,0.752,-3.3690002004440567
4,10,0.753,-3.3664332065860627
4,10,0.754,-3.3638713488686878
4,10,0.755,-3.361314611537715
4,10,0.756,-3.3587629788917517
4,10,0.757,-3.3562164352820734
4,10,0.758,-3.3536749651124573
4,10,0.759,-3.3511385528390267
4,10,0.76,-3.3486071829700856
4,10,0.761,-3.3460808400659428
4,10,0.762,-3.3435595087387893
4,10,0.763,-3.341043173652497
4,10,0.764,-3.33853181952247
4,10,0.765,-3.3360254311155026
4,10,0.766,-3.333523993249592
4,10,0.767,-3.331027490793802
4,10,0.768,-3.3285359086680955
4,10,0.769,-3.326049231843161
4,10,0.77,-3.3235674453402897
4,10,0.771,-3.3210905342311725
4,10,0.772,-3.3186184836377985
4,10,0.773,-3.3161512787322254
4,10,0.774,-3.3136889047364946
4,10,0.775,-3.3112313469224377
4,10,0.776,-3.3087785906115155
4,10,0.777,-3.306330621174679
4,10,0.778,-3.3038874240322214
4,10,0.779,-3.3014489846535855
4,10,0.78,-3.2990152885572535
4,10,0.781,-3.2965863213105697
4,10,0.782,-3.2941620685295803
4,10,0.783,-3.2917425158789038
4,10,0.784,-3.2893276490715593
4,10,0.785,-3.2869174538688197
4,10,0.786,-3.284511916080052
4,10,0.787,-3.2821110215625806
4,10,0.788,-3.279714756221531
4,10,0.789,-3.2773231060096544
4,10,0.79,-3.274936056927226
4,10,0.791,-3.2725535950218445
4,10,0.792,-3.2701757063883163
4,10,0.793,-3.267802377168476
4,10,0.794,-3.2654335935510783
4,10,0.795,-3.2630693417716063
4,10,0.796,-3.260709608112151
4,10,0.797,-3.258354378901246
4,10,0.798,-3.256003640513737
4,10,0.799,-3.253657379370617
4,10,0.8,-3.2513155819388917
4,10,0.801,-3.2489782347314144
4,10,0.802,-3.246645324306775
4,10,0.803,-3.2443168372691233
4,10,0.804,-3.2419927602680163
4,10,0.805,-3.23967307999831
4,10,0.806,-3.237357783199988
4,10,0.807,-3.2350468566580117
4,10,0.808,-3.2327402872021938
4,10,0.809,-3.230438061707046
4,10,0.81,-3.228140167091645
4,10,0.811,-3.2258465903194598
4,10,0.812,-3.2235573183982513
4,10,0.8130000000000001,-3.2212723383799036
4,10,0.8140000000000001,-3.2189916373602734
4,10,0.8150000000000001,-3.216715202479079
4,10,0.8160000000000001,-3.214443020919732
4,10,0.8170000000000001,-3.2121750799092066
4,10,0.8180000000000001,-3.209911366717908
4,10,0.8190000000000001,-3.2076518686595046
4,10,0.8200000000000001,-3.205396573090824
4,10,0.8210000000000001,-3.2031454674116877
4,10,0.8220000000000001,-3.200898539064779
4,10,0.8230000000000001,-3.198655775535512
4,10,0.8240000000000001,-3.196417164351871
4,10,0.8250000000000001,-3.1941826930843096
4,10,0.8260000000000001,-3.191952349345569
4,10,0.8270000000000001,-3.189726120790577
4,10,0.8280000000000001,-3.187503995116284
4,10,0.8290000000000001,-3.185285960061556
4,10,0.8300000000000001,-3.1830720034070135
4,10,0.8310000000000001,-3.1808621129748973
4,10,0.8320000000000001,-3.1786562766289372
4,10,0.833,-3.1764544822742358
4,10,0.834,-3.1742567178570957
4,10,0.835,-3.172062971364915
4,10,0.836,-3.1698732308260444
4,10,0.837,-3.1676874843096514
4,10,0.838,-3.16550571992559
4,10,0.839,-3.1633279258242517
4,10,0.84,-3.1611540901964643
4,10,0.841,-3.1589842012733307
4,10,0.842,-3.1568182473261155
4,10,0.843,-3.154656216666095
4,10,0.844,-3.152498097644453
4,10,0.845,-3.150343878652113
4,10,0.846,-3.14819354811964
4,10,0.847,-3.146047094517095
4,10,0.848,-3.1439045063539006
4,10,0.849,-3.1417657721787364
4,10,0.85,-3.139630880579374
4,10,0.851,-3.1374998201825752
4,10,0.852,-3.1353725796539536
4,10,0.853,-3.1332491476978355
4,10,0.854,-3.131129513057158
4,10,0.855,-3.129013664513318
4,10,0.856,-3.1269015908860687
4,10,0.857,-3.1247932810333525
4,10,0.858,-3.122688723851217
4,10,0.859,-3.120587908273672
4,10,0.86,-3.118490823272553
4,10,0.861,-3.1163974578574125
4,10,0.862,-3.1143078010753964
4,10,0.863,-3.112221842011089
4,10,0.864,-3.110139569786438
4,10,0.865,-3.108060973560579
4,10,0.866,-3.105986042529749
4,10,0.867,-3.103914765927148
4,10,0.868,-3.101847133022818
4,10,0.869,-3.0997831331235126
4,10,0.87,-3.0977227555725886
4,10,0.871,-3.0956659897498815
4,10,0.872,-3.0936128250715678
4,10,0.873,-3.091563250990068
4,10,0.874,-3.089517256993898
4,10,0.875,-3.087474832607576
4,10,0.876,-3.08543596739148
4,10,0.877,-3.0834006509417455
4,10,0.878,-3.0813688728901334
4,10,0.879,-3.07934062290391
4,10,0.88,-3.0773158906857354
4,10,0.881,-3.075294665973555
4,10,0.882,-3.073276938540439
4,10,0.883,-3.071262698194517
4,10,0.884,-3.0692519347788307
4,10,0.885,-3.067244638171225
4,10,0.886,-3.0652407982842123
4,10,0.887,-3.0632404050648954
4,10,0.888,-3.0612434484948112
4,10,0.889,-3.0592499185898356
4,10,0.89,-3.0572598054000597
4,10,0.891,-3.0552730990096877
4,10,0.892,-3.0532897895369038
4,10,0.893,-3.0513098671337655
4,10,0.894,-3.0493333219860896
4,10,0.895,-3.0473601443133425
4,10,0.896,-3.045390324368512
4,10,0.897,-3.043423852438021
4,10,0.898,-3.041460718841573
4,10,0.899,-3.0395009139320814
4,10,0.9,-3.0375444280955355
4,10,0.901,-3.0355912517508896
4,10,0.902,-3.0336413753499523
4,10,0.903,-3.031694789377275
4,10,0.904,-3.0297514843500437
4,10,0.905,-3.0278114508179685
4,10,0.906,-3.025874679363172
4,10,0.907,-3.023941160600072
4,10,0.908,-3.022010885175278
4,10,0.909,-3.020083843767485
4,10,0.91,-3.0181600270873643
4,10,0.911,-3.016239425877436
4,10,0.912,-3.0143220309119947
4,10,0.913,-3.012407832996967
4,10,0.914,-3.0104968229698157
4,10,0.915,-3.008588991699451
4,10,0.916,-3.006684330086098
4,10,0.917,-3.0047828290611935
4,10,0.918,-3.002884479587281
4,10,0.919,-3.0009892726579346
4,10,0.92,-2.999097199297591
4,10,0.921,-2.997208250561496
4,10,0.922,-2.9953224175355864
4,10,0.923,-2.9934396913363717
4,10,0.924,-2.991560063110834
4,10,0.925,-2.9896835240363364
4,10,0.926,-2.987810065320513
4,10,0.927,-2.9859396782011416
4,10,0.928,-2.9840723539460834
4,10,0.929,-2.982208083853146
4,10,0.93,-2.9803468592499813
4,10,0.931,-2.978488671494015
4,10,0.932,-2.9766335119723086
4,10,0.933,-2.974781372101458
4,10,0.934,-2.9729322433275307
4,10,0.935,-2.971086117125923
4,10,0.936,-2.9692429850012747
4,10,0.937,-2.967402838487362
4,10,0.9380000000000001,-2.96556566914701
4,10,0.9390000000000001,-2.963731468571992
4,10,0.9400000000000001,-2.961900228382909
4,10,0.9410000000000001,-2.9600719402291054
4,10,0.9420000000000001,-2.958246595788574
4,10,0.9430000000000001,-2.956424186767851
4,10,0.9440000000000001,-2.9546047049019086
4,10,0.9450000000000001,-2.9527881419540747
4,10,0.9460000000000001,-2.950974489715917
4,10,0.9470000000000001,-2.94916374000716
4,10,0.9480000000000001,-2.9473558846755843
4,10,0.9490000000000001,-2.9455509155969084
4,10,0.9500000000000001,-2.9437488246747314
4,10,0.9510000000000001,-2.9419496038404036
4,10,0.9520000000000001,-2.940153245052933
4,10,0.9530000000000001,-2.938359740298919
4,10,0.9540000000000001,-2.9365690815924115
4,10,0.9550000000000001,-2.9347812609748605
4,10,0.9560000000000001,-2.932996270514976
4,10,0.9570000000000001,-2.9312141023086777
4,10,0.9580000000000001,-2.929434748478971
4,10,0.9590000000000001,-2.927658201175858
4,10,0.96,-2.925884452576253
4,10,0.961,-2.92411349488387
4,10,0.962,-2.922345320329164
4,10,0.963,-2.920579921169195
4,10,0.964,-2.9188172896875644
4,10,0.965,-2.9170574181943145
4,10,0.966,-2.9153002990258314
4,10,0.967,-2.9135459245447572
4,10,0.968,-2.9117942871399127
4,10,0.969,-2.9100453792261662
4,10,0.97,-2.908299193244388
4,10,0.971,-2.906555721661336
4,10,0.972,-2.904814956969566
4,10,0.973,-2.903076891687346
4,10,0.974,-2.901341518358561
4,10,0.975,-2.8996088295526223
4,10,0.976,-2.897878817864407
4,10,0.977,-2.8961514759141185
4,10,0.978,-2.89442679634723
4,10,0.979,-2.8927047718343935
4,10,0.98,-2.890985395071348
4,10,0.981,-2.8892686587788274
4,10,0.982,-2.8875545557024838
4,10,0.983,-2.885843078612784
4,10,0.984,-2.8841342203049383
4,10,0.985,-2.882427973598803
4,10,0.986,-2.8807243313387945
4,10,0.987,-2.879023286393818
4,10,0.988,-2.8773248316571474
4,10,0.989,-2.875628960046388
4,10,0.99,-2.8739356645033443
4,10,0.991,-2.8722449379939663
4,10,0.992,-2.8705567735082416
4,10,0.993,-2.8688711640601348
4,10,0.994,-2.8671881026874835
4,10,0.995,-2.8655075824519227
4,10,0.996,-2.863829596438795
4,10,0.997,-2.862154137757087
4,10,0.998,-2.8604811995393096
4,10,0.999,-2.8588107749414418
4,10,1.0,-2.8571428571428568
4,25,0.0,-10.600255427841631
4,25,0.001,-10.579086681777095
4,25,0.002,-10.557981321714838
4,25,0.003,-10.536939133003676
4,25,0.004,-10.51595990194565
4,25,0.005,-10.495043415790374
4,25,0.006,-10.474189462728923
4,25,0.007,-10.453397831887868
4,25,0.008,-10.432668313323557
4,25,0.009000000000000001,-10.412000698016188
4,25,0.01,-10.391394777864082
4,25,0.011,-10.37085034567804
4,25,0.012,-10.350367195175325
4,25,0.013000000000000001,-10.329945120974504
4,25,0.014,-10.309583918589327
4,25,0.015,-10.28928338442353
4,25,0.016,-10.269043315765147
4,25,0.017,-10.248863510780959
4,25,0.018000000000000002,-10.22874376851124
4,25,0.019,-10.208683888864156
4,25,0.02,-10.188683672610432
4,25,0.021,-10.168742921378149
4,25,0.022,-10.148861437647161
4,25,0.023,-10.129039024744246
4,25,0.024,-10.109275486837454
4,25,0.025,-10.089570628931277
4,25,0.026000000000000002,-10.069924256861217
4,25,0.027,-10.050336177288944
4,25,0.028,-10.030806197696995
4,25,0.029,-10.01133412638393
4,25,0.03,-9.99191977245909
4,25,0.031,-9.972562945837959
4,25,0.032,-9.953263457236904
4,25,0.033,-9.934021118168578
4,25,0.034,-9.91483574093679
4,25,0.035,-9.895707138631948
4,25,0.036000000000000004,-9.87663512512601
4,25,0.037,-9.857619515067995
4,25,0.038,-9.838660123878984
4,25,0.039,-9.819756767747679
4,25,0.04,-9.800909263625668
4,25,0.041,-9.782117429222781
4,25,0.042,-9.763381083002386
4,25,0.043000000000000003,-9.744700044177145
4,25,0.044,-9.726074132704277
4,25,0.045,-9.707503169281074
4,25,0.046,-9.688986975340486
4,25,0.047,-9.670525373046724
4,25,0.048,-9.652118185290892
4,25,0.049,-9.633765235686464
4,25,0.05,-9.615466348565171
4,25,0.051000000000000004,-9.597221348972617
4,25,0.052000000000000005,-9.579030062663929
4,25,0.053,-9.560892316099679
4,25,0.054,-9.542807936441488
4,25,0.055,-9.524776751548137
4,25,0.056,-9.506798589971122
4,25,0.057,-9.488873280950727
4,25,0.058,-9.471000654411753
4,25,0.059000000000000004,-9.45318054095986
4,25,0.06,-9.435412771876972
4,25,0.061,-9.417697179117779
4,25,0.062,-9.400033595305468
4,25,0.063,-9.382421853727985
4,25,0.064,-9.364861788333956
4,25,0.065,-9.347353233728771
4,25,0.066,-9.329896025171102
4,25,0.067,-9.312489998568552
4,25,0.068,-9.29513499047424
4,25,0.069,-9.277830838082824
4,25,0.07,-9.260577379226886
4,25,0.07100000000000001,-9.243374452373088
4,25,0.07200000000000001,-9.226221896618592
4,25,0.073,-9.209119551687373
4,25,0.074,-9.192067257926517
4,25,0.075,-9.175064856302695
4,25,0.076,-9.158112188398459
4,25,0.077,-9.141209096408787
4,25,0.078,-9.124355423137542
4,25,0.079,-9.107551011993898
4,25,0.08,-9.09079570698893
4,25,0.081,-9.074089352732084
4,25,0.082,-9.057431794427806
4,25,0.083,-9.04082287787209
4,25,0.084,-9.024262449449072
4,25,0.085,-9.007750356127763
4,25,0.08600000000000001,-8.991286445458647
4,25,0.08700000000000001,-8.974870565570326
4,25,0.088,-8.958502565166349
4,25,0.089,-8.942182293521839
4,25,0.09,-8.925909600480308
4,25,0.091,-8.909684336450441
4,25,0.092,-8.893506352402836
4,25,0.093,-8.877375499866936
4,25,0.094,-8.861291630927791
4,25,0.095,-8.845254598223063
4,25,0.096,-8.82926425493965
4,25,0.097,-8.813320454810935
4,25,0.098,-8.797423052113606
4,25,0.099,-8.781571901664432
4,25,0.1,-8.765766858817535
4,25,0.101,-8.750007779461233
4,25,0.10200000000000001,-8.734294520015151
4,25,0.10300000000000001,-8.71862693742711
4,25,0.10400000000000001,-8.703004889170462
4,25,0.105,-8.687428233240935
4,25,0.106,-8.671896828153914
4,25,0.107,-8.656410532941472
4,25,0.108,-8.640969207149563
4,25,0.109,-8.625572710835261
4,25,0.11,-8.610220904563848
4,25,0.111,-8.594913649406067
4,25,0.112,-8.579650806935412
4,25,0.113,-8.56443223922534
4,25,0.114,-8.549257808846534
4,25,0.115,-8.53412737886422
4,25,0.116,-8.51904081283552
4,25,0.117,-8.503997974806698
4,25,0.11800000000000001,-8.488998729310616
4,25,0.11900000000000001,-8.474042941364058
4,25,0.12,-8.459130476465093
4,25,0.121,-8.44426120059053
4,25,0.122,-8.429434980193351
4,25,0.123,-8.41465168220017
4,25,0.124,-8.3999111740086
4,25,0.125,-8.385213323484919
4,25,0.126,-8.37055799896146
4,25,0.127,-8.355945069234016
4,25,0.128,-8.341374403559731
4,25,0.129,-8.326845871654243
4,25,0.13,-8.312359343689613
4,25,0.131,-8.297914690291652
4,25,0.132,-8.283511782537722
4,25,0.133,-8.269150491954191
4,25,0.134,-8.254830690514293
4,25,0.135,-8.240552250635613
4,25,0.136,-8.226315045177824
4,25,0.137,-8.212118947440395
4,25,0.138,-8.197963831160294
4,25,0.139,-8.183849570509716
4,25,0.14,-8.169776040093913
4,25,0.14100000000000001,-8.155743114948722
4,25,0.14200000000000002,-8.141750670538627
4,25,0.14300000000000002,-8.127798582754387
4,25,0.14400000000000002,-8.113886727910891
4,25,0.145,-8.100014982744973
4,25,0.146,-8.08618322441328
4,25,0.147,-8.072391330490102
4,25,0.148,-8.058639178965299
4,25,0.149,-8.04492664824209
4,25,0.15,-8.031253617135082
4,25,0.151,-8.01761996486805
4,25,0.152,-8.004025571072015
4,25,0.153,-7.9904703157831385
4,25,0.154,-7.976954079440645
4,25,0.155,-7.963476742884811
4,25,0.156,-7.95003818735508
4,25,0.157,-7.93663829448783
4,25,0.158,-7.9232769463147275
4,25,0.159,-7.909954025260402
4,25,0.16,-7.8966694141408
4,25,0.161,-7.883422996161126
4,25,0.162,-7.870214654913843
4,25,0.163,-7.857044274376912
4,25,0.164,-7.843911738911857
4,25,0.165,-7.830816933261852
4,25,0.166,-7.817759742549823
4,25,0.167,-7.804740052276749
4,25,0.168,-7.791757748319672
4,25,0.169,-7.778812716929895
4,25,0.17,-7.765904844731242
4,25,0.171,-7.753034018718264
4,25,0.17200000000000001,-7.740200126254326
4,25,0.17300000000000001,-7.7274030550700035
4,25,0.17400000000000002,-7.7146426932611085
4,25,0.17500000000000002,-7.70191892928731
4,25,0.176,-7.689231651969952
4,25,0.177,-7.676580750490613
4,25,0.178,-7.66396611438942
4,25,0.179,-7.651387633563145
4,25,0.18,-7.638845198263744
4,25,0.181,-7.626338699096491
4,25,0.182,-7.6138680270184995
4,25,0.183,-7.601433073336972
4,25,0.184,-7.589033729707529
4,25,0.185,-7.576669888132692
4,25,0.186,-7.564341440960276
4,25,0.187,-7.5520482808815625
4,25,0.188,-7.53979030093006
4,25,0.189,-7.527567394479662
4,25,0.19,-7.515379455243165
4,25,0.191,-7.503226377270789
4,25,0.192,-7.4911080549484925
4,25,0.193,-7.479024382996558
4,25,0.194,-7.466975256467967
4,25,0.195,-7.454960570747038
4,25,0.196,-7.4429802215478125
4,25,0.197,-7.431034104912582
4,25,0.198,-7.419122117210353
4,25,0.199,-7.407244155135628
4,25,0.2,-7.39540011570663
4,25,0.201,-7.383589896264054
4,25,0.202,-7.371813394469573
4,25,0.203,-7.360070508304384
4,25,0.20400000000000001,-7.348361136067949
4,25,0.20500000000000002,-7.336685176376346
4,25,0.20600000000000002,-7.3250425281610525
4,25,0.20700000000000002,-7.313433090667509
4,25,0.20800000000000002,-7.301856763453751
4,25,0.209,-7.290313446389063
4,25,0.21,-7.278803039652548
4,25,0.211,-7.267325443731831
4,25,0.212,-7.255880559421845
4,25,0.213,-7.244468287823258
4,25,0.214,-7.233088530341392
4,25,0.215,-7.221741188684727
4,25,0.216,-7.210426164863792
4,25,0.217,-7.1991433611896305
4,25,0.218,-7.187892680272856
4,25,0.219,-7.176674025022056
4,25,0.22,-7.165487298642715
4,25,0.221,-7.154332404635932
4,25,0.222,-7.143209246797177
4,25,0.223,-7.132117729215004
4,25,0.224,-7.121057756269877
4,25,0.225,-7.110029232632986
4,25,0.226,-7.099032063264987
4,25,0.227,-7.088066153414763
4,25,0.228,-7.077131408618342
4,25,0.229,-7.066227734697672
4,25,0.23,-7.055355037759381
4,25,0.231,-7.044513224193727
4,25,0.232,-7.033702200673309
4,25,0.233,-7.022921874152043
4,25,0.234,-7.012172151863949
4,25,0.23500000000000001,-7.001452941322084
4,25,0.23600000000000002,-6.990764150317319
4,25,0.23700000000000002,-6.980105686917238
4,25,0.23800000000000002,-6.969477459465168
4,25,0.23900000000000002,-6.958879376578886
4,25,0.24,-6.948311347149694
4,25,0.241,-6.937773280341175
4,25,0.242,-6.927265085588285
4,25,0.243,-6.916786672596087
4,25,0.244,-6.906337951338903
4,25,0.245,-6.895918832059089
4,25,0.246,-6.885529225266074
4,25,0.247,-6.87516904173523
4,25,0.248,-6.864838192507006
4,25,0.249,-6.854536588885685
4,25,0.25,-6.844264142438594
4,25,0.251,-6.834020764994875
4,25,0.252,-6.823806368644647
4,25,0.253,-6.813620865737901
4,25,0.254,-6.803464168883567
4,25,0.255,-6.793336190948507
4,25,0.256,-6.783236845056573
4,25,0.257,-6.773166044587519
4,25,0.258,-6.763123703176255
4,25,0.259,-6.753109734711627
4,25,0.26,-6.743124053335681
4,25,0.261,-6.733166573442595
4,25,0.262,-6.723237209677791
4,25,0.263,-6.713335876936998
4,25,0.264,-6.703462490365341
4,25,0.265,-6.69361696535633
4,25,0.266,-6.683799217551146
4,25,0.267,-6.674009162837457
4,25,0.268,-6.664246717348776
4,25,0.269,-6.654511797463436
4,25,0.27,-6.6448043198037094
4,25,0.271,-6.635124201234966
4,25,0.272,-6.625471358864732
4,25,0.273,-6.615845710041923
4,25,0.274,-6.606247172355884
4,25,0.275,-6.596675663635521
4,25,0.276,-6.587131101948551
4,25,0.277,-6.577613405600591
4,25,0.278,-6.568122493134288
4,25,0.279,-6.558658283328544
4,25,0.28,-6.549220695197667
4,25,0.281,-6.539809647990447
4,25,0.28200000000000003,-6.530425061189571
4,25,0.28300000000000003,-6.521066854510515
4,25,0.28400000000000003,-6.511734947901015
4,25,0.28500000000000003,-6.502429261540021
4,25,0.28600000000000003,-6.493149715837077
4,25,0.28700000000000003,-6.483896231431441
4,25,0.28800000000000003,-6.474668729191324
4,25,0.289,-6.4654671302130655
4,25,0.29,-6.456291355820431
4,25,0.291,-6.44714132756381
4,25,0.292,-6.438016967219373
4,25,0.293,-6.428918196788469
4,25,0.294,-6.419844938496655
4,25,0.295,-6.410797114793176
4,25,0.296,-6.401774648350022
4,25,0.297,-6.392777462061305
4,25,0.298,-6.38380547904246
4,25,0.299,-6.374858622629542
4,25,0.3,-6.365936816378492
4,25,0.301,-6.357039984064395
4,25,0.302,-6.34816804968078
4,25,0.303,-6.339320937438908
4,25,0.304,-6.3304985717670075
4,25,0.305,-6.321700877309655
4,25,0.306,-6.312927778927014
4,25,0.307,-6.30417920169416
4,25,0.308,-6.295455070900391
4,25,0.309,-6.286755312048475
4,25,0.31,-6.278079850854046
4,25,0.311,-6.2694286132449655
4,25,0.312,-6.260801525360482
4,25,0.313,-6.252198513550667
4,25,0.314,-6.243619504375763
4,25,0.315,-6.235064424605518
4,25,0.316,-6.226533201218398
4,25,0.317,-6.218025761401169
4,25,0.318,-6.209542032547944
4,25,0.319,-6.201081942259867
4,25,0.32,-6.192645418344178
4,25,0.321,-6.184232388813749
4,25,0.322,-6.1758427818863755
4,25,0.323,-6.167476525984172
4,25,0.324,-6.159133549732932
4,25,0.325,-6.150813781961551
4,25,0.326,-6.142517151701221
4,25,0.327,-6.134243588185118
4,25,0.328,-6.125993020847487
4,25,0.329,-6.117765379323292
4,25,0.33,-6.10956059344735
4,25,0.331,-6.101378593253948
4,25,0.332,-6.093219308976138
4,25,0.333,-6.085082671045128
4,25,0.334,-6.0769686100897395
4,25,0.335,-6.0688770569358175
4,25,0.336,-6.060807942605583
4,25,0.337,-6.052761198317097
4,25,0.338,-6.044736755483737
4,25,0.339,-6.036734545713446
4,25,0.34,-6.02875450080837
4,25,0.341,-6.020796552764118
4,25,0.342,-6.012860633769346
4,25,0.343,-6.004946676205009
4,25,0.34400000000000003,-5.997054612643987
4,25,0.34500000000000003,-5.989184375850437
4,25,0.34600000000000003,-5.981335898779205
4,25,0.34700000000000003,-5.9735091145753705
4,25,0.34800000000000003,-5.965703956573575
4,25,0.34900000000000003,-5.9579203582976135
4,25,0.35000000000000003,-5.9501582534598025
4,25,0.35100000000000003,-5.942417575960435
4,25,0.352,-5.934698259887339
4,25,0.353,-5.9270002395151735
4,25,0.354,-5.919323449305103
4,25,0.355,-5.911667823904115
4,25,0.356,-5.90403329814454
4,25,0.357,-5.896419807043552
4,25,0.358,-5.888827285802639
4,25,0.359,-5.88125566980705
4,25,0.36,-5.873704894625348
4,25,0.361,-5.86617489600883
4,25,0.362,-5.858665609891045
4,25,0.363,-5.851176972387312
4,25,0.364,-5.843708919794177
4,25,0.365,-5.8362613885889205
4,25,0.366,-5.828834315429115
4,25,0.367,-5.821427637152027
4,25,0.368,-5.814041290774169
4,25,0.369,-5.806675213490836
4,25,0.37,-5.799329342675624
4,25,0.371,-5.792003615879871
4,25,0.372,-5.784697970832231
4,25,0.373,-5.777412345438165
4,25,0.374,-5.770146677779486
4,25,0.375,-5.7629009061138605
4,25,0.376,-5.755674968874364
4,25,0.377,-5.748468804668966
4,25,0.378,-5.741282352280069
4,25,0.379,-5.734115550664088
4,25,0.38,-5.726968338950905
4,25,0.381,-5.719840656443454
4,25,0.382,-5.712732442617313
4,25,0.383,-5.705643637120062
4,25,0.384,-5.698574179771077
4,25,0.385,-5.691524010560878
4,25,0.386,-5.684493069650731
4,25,0.387,-5.677481297372222
4,25,0.388,-5.670488634226856
4,25,0.389,-5.663515020885418
4,25,0.39,-5.656560398187793
4,25,0.391,-5.649624707142281
4,25,0.392,-5.64270788892533
4,25,0.393,-5.635809884881021
4,25,0.394,-5.628930636520585
4,25,0.395,-5.622070085522085
4,25,0.396,-5.615228173729858
4,25,0.397,-5.60840484315423
4,25,0.398,-5.601600035970894
4,25,0.399,-5.594813694520628
4,25,0.4,-5.588045761308885
4,25,0.401,-5.581296179005219
4,25,0.402,-5.574564890443029
4,25,0.403,-5.5678518386190206
4,25,0.404,-5.5611569666928204
4,25,0.405,-5.55448021798659
4,25,0.406,-5.547821535984593
4,25,0.40700000000000003,-5.541180864332729
4,25,0.40800000000000003,-5.53455814683827
4,25,0.40900000000000003,-5.527953327469209
4,25,0.41000000000000003,-5.521366350354118
4,25,0.41100000000000003,-5.51479715978152
4,25,0.41200000000000003,-5.508245700199593
4,25,0.41300000000000003,-5.501711916215757
4,25,0.41400000000000003,-5.495195752596271
4,25,0.41500000000000004,-5.48869715426582
4,25,0.41600000000000004,-5.482216066307066
4,25,0.417,-5.475752433960357
4,25,0.418,-5.469306202623281
4,25,0.419,-5.462877317850213
4,25,0.42,-5.456465725352006
4,25,0.421,-5.450071370995513
4,25,0.422,-5.443694200803312
4,25,0.423,-5.437334160953239
4,25,0.424,-5.430991197777968
4,25,0.425,-5.424665257764699
4,25,0.426,-5.418356287554749
4,25,0.427,-5.412064233943154
4,25,0.428,-5.405789043878306
4,25,0.429,-5.399530664461532
4,25,0.43,-5.393289042946731
4,25,0.431,-5.387064126740038
4,25,0.432,-5.380855863399453
4,25,0.433,-5.374664200634327
4,25,0.434,-5.368489086305184
4,25,0.435,-5.3623304684231705
4,25,0.436,-5.35618829514985
4,25,0.437,-5.3500625147966385
4,25,0.438,-5.343953075824692
4,25,0.439,-5.337859926844213
4,25,0.44,-5.331783016614394
4,25,0.441,-5.32572229404285
4,25,0.442,-5.319677708185383
4,25,0.443,-5.313649208245469
4,25,0.444,-5.307636743574057
4,25,0.445,-5.301640263669071
4,25,0.446,-5.295659718175188
4,25,0.447,-5.2896950568833425
4,25,0.448,-5.283746229730446
4,25,0.449,-5.277813186799013
4,25,0.45,-5.271895878316818
4,25,0.451,-5.265994254656503
4,25,0.452,-5.260108266335295
4,25,0.453,-5.254237864014527
4,25,0.454,-5.248382998499501
4,25,0.455,-5.242543620738865
4,25,0.456,-5.2367196818244865
4,25,0.457,-5.23091113299099
4,25,0.458,-5.2251179256154305
4,25,0.459,-5.219340011217022
4,25,0.46,-5.213577341456616
4,25,0.461,-5.207829868136605
4,25,0.462,-5.202097543200335
4,25,0.463,-5.196380318731903
4,25,0.464,-5.190678146955813
4,25,0.465,-5.18499098023657
4,25,0.466,-5.179318771078395
4,25,0.467,-5.1736614721248575
4,25,0.468,-5.1680190361585945
4,25,0.46900000000000003,-5.162391416100815
4,25,0.47000000000000003,-5.156778565011194
4,25,0.47100000000000003,-5.15118043608741
4,25,0.47200000000000003,-5.145596982664752
4,25,0.47300000000000003,-5.1400281582159035
4,25,0.47400000000000003,-5.134473916350562
4,25,0.47500000000000003,-5.128934210815084
4,25,0.47600000000000003,-5.123408995492218
4,25,0.47700000000000004,-5.117898224400713
4,25,0.47800000000000004,-5.112401851695003
4,25,0.47900000000000004,-5.10691983166493
4,25,0.48,-5.101452118735306
4,25,0.481,-5.095998667465718
4,25,0.482,-5.09055943255014
4,25,0.483,-5.085134368816535
4,25,0.484,-5.07972343122669
4,25,0.485,-5.074326574875792
4,25,0.486,-5.068943754992067
4,25,0.487,-5.063574926936598
4,25,0.488,-5.0582200462028215
4,25,0.489,-5.052879068416383
4,25,0.49,-5.047551949334705
4,25,0.491,-5.0422386448467025
4,25,0.492,-5.0369391109724715
4,25,0.493,-5.031653303862993
4,25,0.494,-5.026381179799733
4,25,0.495,-5.021122695194452
4,25,0.496,-5.015877806588737
4,25,0.497,-5.010646470653829
4,25,0.498,-5.005428644190274
4,25,0.499,-5.000224284127553
4,25,0.5,-4.995033347523764
4,25,0.501,-4.9898557915654616
4,25,0.502,-4.984691573567118
4,25,0.503,-4.979540650971015
4,25,0.504,-4.974402981346832
4,25,0.505,-4.969278522391324
4,25,0.506,-4.964167231928085
4,25,0.507,-4.959069067907213
4,25,0.508,-4.953983988404942
4,25,0.509,-4.948911951623397
4,25,0.51,-4.943852915890323
4,25,0.511,-4.938806839658688
4,25,0.512,-4.93377368150647
4,25,0.513,-4.928753400136249
4,25,0.514,-4.923745954375009
4,25,0.515,-4.918751303173796
4,25,0.516,-4.913769405607354
4,25,0.517,-4.908800220873993
4,25,0.518,-4.9038437082950415
4,25,0.519,-4.898899827314779
4,25,0.52,-4.893968537500021
4,25,0.521,-4.88904979853978
4,25,0.522,-4.884143570245126
4,25,0.523,-4.879249812548703
4,25,0.524,-4.874368485504577
4,25,0.525,-4.8694995492878315
4,25,0.526,-4.864642964194365
4,25,0.527,-4.8597986906405435
4,25,0.528,-4.854966689162871
4,25,0.529,-4.850146920417814
4,25,0.53,-4.845339345181365
4,25,0.531,-4.840543924348867
4,25,0.532,-4.835760618934643
4,25,0.533,-4.830989390071727
4,25,0.534,-4.826230199011617
4,25,0.535,-4.821483007123878
4,25,0.536,-4.816747775896002
4,25,0.537,-4.81202446693299
4,25,0.538,-4.807313041957095
4,25,0.539,-4.802613462807592
4,25,0.54,-4.797925691440397
4,25,0.541,-4.793249689927858
4,25,0.542,-4.788585420458425
4,25,0.543,-4.783932845336375
4,25,0.544,-4.779291926981532
4,25,0.545,-4.774662627928988
4,25,0.546,-4.770044910828758
4,25,0.547,-4.765438738445605
4,25,0.548,-4.76084407365866
4,25,0.549,-4.756260879461155
4,25,0.55,-4.751689118960206
4,25,0.551,-4.747128755376434
4,25,0.552,-4.742579752043774
4,25,0.553,-4.738042072409115
4,25,0.554,-4.733515680032069
4,25,0.555,-4.729000538584649
4,25,0.556,-4.724496611851098
4,25,0.557,-4.72000386372739
4,25,0.558,-4.7155222582212275
4,25,0.559,-4.711051759451523
4,25,0.56,-4.706592331648291
4,25,0.561,-4.702143939152236
4,25,0.562,-4.697706546414576
4,25,0.5630000000000001,-4.6932801179967125
4,25,0.5640000000000001,-4.688864618570021
4,25,0.5650000000000001,-4.684460012915398
4,25,0.5660000000000001,-4.680066265923283
4,25,0.5670000000000001,-4.675683342593063
4,25,0.5680000000000001,-4.6713112080330355
4,25,0.5690000000000001,-4.66694982746001
4,25,0.5700000000000001,-4.662599166199061
4,25,0.5710000000000001,-4.658259189683317
4,25,0.5720000000000001,-4.653929863453565
4,25,0.5730000000000001,-4.64961115315809
4,25,0.5740000000000001,-4.645303024552344
4,25,0.5750000000000001,-4.641005443498719
4,25,0.5760000000000001,-4.63671837596622
4,25,0.577,-4.632441788030222
4,25,0.578,-4.628175645872229
4,25,0.579,-4.623919915779534
4,25,0.58,-4.619674564145032
4,25,0.581,-4.615439557466905
4,25,0.582,-4.6112148623483336
4,25,0.583,-4.6070004454972775
4,25,0.584,-4.602796273726178
4,25,0.585,-4.598602313951705
4,25,0.586,-4.594418533194489
4,25,0.587,-4.590244898578833
4,25,0.588,-4.5860813773324685
4,25,0.589,-4.5819279367863
4,25,0.59,-4.577784544374108
4,25,0.591,-4.573651167632314
4,25,0.592,-4.569527774199688
4,25,0.593,-4.565414331817119
4,25,0.594,-4.5613108083273515
4,25,0.595,-4.55721717167466
4,25,0.596,-4.5531333899046285
4,25,0.597,-4.549059431163966
4,25,0.598,-4.544995263700102
4,25,0.599,-4.540940855861026
4,25,0.6,-4.5368961760949675
4,25,0.601,-4.5328611929501665
4,25,0.602,-4.528835875074655
4,25,0.603,-4.524820191215895
4,25,0.604,-4.5208141102206225
4,25,0.605,-4.516817601034518
4,25,0.606,-4.512830632701975
4,25,0.607,-4.508853174365851
4,25,0.608,-4.504885195267172
4,25,0.609,-4.500926664744958
4,25,0.61,-4.496977552235842
4,25,0.611,-4.493037827273966
4,25,0.612,-4.489107459490571
4,25,0.613,-4.485186418613829
4,25,0.614,-4.481274674468599
4,25,0.615,-4.477372196976143
4,25,0.616,-4.4734789561538255
4,25,0.617,-4.4695949221149665
4,25,0.618,-4.465720065068507
4,25,0.619,-4.461854355318789
4,25,0.62,-4.457997763265259
4,25,0.621,-4.4541502594023115
4,25,0.622,-4.450311814318902
4,25,0.623,-4.446482398698437
4,25,0.624,-4.442661983318402
4,25,0.625,-4.438850539050226
4,25,0.626,-4.43504803685888
4,25,0.627,-4.431254447802823
4,25,0.628,-4.427469743033563
4,25,0.629,-4.423693893795511
4,25,0.63,-4.419926871425761
4,25,0.631,-4.416168647353724
4,25,0.632,-4.412419193100997
4,25,0.633,-4.408678480281053
4,25,0.634,-4.404946480599003
4,25,0.635,-4.401223165851381
4,25,0.636,-4.397508507925851
4,25,0.637,-4.393802478800973
4,25,0.638,-4.390105050546017
4,25,0.639,-4.386416195320608
4,25,0.64,-4.382735885374589
4,25,0.641,-4.379064093047686
4,25,0.642,-4.375400790769363
4,25,0.643,-4.371745951058465
4,25,0.644,-4.368099546523102
4,25,0.645,-4.364461549860277
4,25,0.646,-4.360831933855741
4,25,0.647,-4.357210671383671
4,25,0.648,-4.353597735406556
4,25,0.649,-4.349993098974786
4,25,0.65,-4.346396735226554
4,25,0.651,-4.342808617387539
4,25,0.652,-4.339228718770677
4,25,0.653,-4.335657012775945
4,25,0.654,-4.332093472890131
4,25,0.655,-4.328538072686544
4,25,0.656,-4.3249907858248005
4,25,0.657,-4.321451586050628
4,25,0.658,-4.317920447195539
4,25,0.659,-4.31439734317669
4,25,0.66,-4.310882247996584
4,25,0.661,-4.307375135742852
4,25,0.662,-4.303875980588023
4,25,0.663,-4.300384756789261
4,25,0.664,-4.296901438688172
4,25,0.665,-4.293426000710543
4,25,0.666,-4.289958417366135
4,25,0.667,-4.28649866324834
4,25,0.668,-4.283046713034183
4,25,0.669,-4.279602541483795
4,25,0.67,-4.276166123440422
4,25,0.671,-4.272737433830026
4,25,0.672,-4.2693164476611924
4,25,0.673,-4.265903140024801
4,25,0.674,-4.262497486093819
4,25,0.675,-4.259099461123045
4,25,0.676,-4.255709040448985
4,25,0.677,-4.2523261994894925
4,25,0.678,-4.2489509137435935
4,25,0.679,-4.2455831587913
4,25,0.68,-4.242222910293275
4,25,0.681,-4.238870143990709
4,25,0.682,-4.235524835705068
4,25,0.683,-4.232186961337792
4,25,0.684,-4.228856496870187
4,25,0.685,-4.2255334183630815
4,25,0.686,-4.22221770195671
4,25,0.687,-4.21890932387039
4,25,0.6880000000000001,-4.2156082604023535
4,25,0.6890000000000001,-4.212314487929525
4,25,0.6900000000000001,-4.209027982907243
4,25,0.6910000000000001,-4.205748721869101
4,25,0.6920000000000001,-4.2024766814266865
4,25,0.6930000000000001,-4.199211838269362
4,25,0.6940000000000001,-4.1959541691640565
4,25,0.6950000000000001,-4.192703650955037
4,25,0.6960000000000001,-4.18946026056366
4,25,0.6970000000000001,-4.186223974988174
4,25,0.6980000000000001,-4.182994771303522
4,25,0.6990000000000001,-4.1797726266610935
4,25,0.7000000000000001,-4.176557518288454
4,25,0.7010000000000001,-4.173349423489226
4,25,0.7020000000000001,-4.1701483196428075
4,25,0.7030000000000001,-4.166954184204141
4,25,0.704,-4.163766994703588
4,25,0.705,-4.160586728746524
4,25,0.706,-4.157413364013351
4,25,0.707,-4.154246878259082
4,25,0.708,-4.151087249313251
4,25,0.709,-4.14793445507965
4,25,0.71,-4.144788473536115
4,25,0.711,-4.141649282734278
4,25,0.712,-4.138516860799424
4,25,0.713,-4.135391185930192
4,25,0.714,-4.13227223639846
4,25,0.715,-4.129159990548997
4,25,0.716,-4.126054426799408
4,25,0.717,-4.1229555236397815
4,25,0.718,-4.119863259632544
4,25,0.719,-4.116777613412231
4,25,0.72,-4.113698563685314
4,25,0.721,-4.110626089229907
4,25,0.722,-4.107560168895624
4,25,0.723,-4.104500781603343
4,25,0.724,-4.101447906345007
4,25,0.725,-4.098401522183387
4,25,0.726,-4.09536160825189
4,25,0.727,-4.0923281437543535
4,25,0.728,-4.089301107964855
4,25,0.729,-4.086280480227433
4,25,0.73,-4.083266239955968
4,25,0.731,-4.080258366633904
4,25,0.732,-4.077256839814081
4,25,0.733,-4.074261639118531
4,25,0.734,-4.071272744238219
4,25,0.735,-4.068290134932911
4,25,0.736,-4.065313791030912
4,25,0.737,-4.062343692428877
4,25,0.738,-4.05937981909163
4,25,0.739,-4.056422151051925
4,25,0.74,-4.053470668410242
4,25,0.741,-4.050525351334622
4,25,0.742,-4.04758618006042
4,25,0.743,-4.044653134890147
4,25,0.744,-4.041726196193185
4,25,0.745,-4.038805344405716
4,25,0.746,-4.035890560030364
4,25,0.747,-4.032981823636161
4,25,0.748,-4.030079115858188
4,25,0.749,-4.0271824173974675
4,25,0.75,-4.024291709020772
4,25,0.751,-4.021406971560371
4,25,0.752,-4.018528185913839
4,25,0.753,-4.015655333043899
4,25,0.754,-4.012788393978201
4,25,0.755,-4.009927349809112
4,25,0.756,-4.007072181693527
4,25,0.757,-4.004222870852664
4,25,0.758,-4.001379398571897
4,25,0.759,-3.9985417462005346
4,25,0.76,-3.9957098951516166
4,25,0.761,-3.9928838269017386
4,25,0.762,-3.9900635229908445
4,25,0.763,-3.98724896502205
4,25,0.764,-3.9844401346614324
4,25,0.765,-3.9816370136378234
4,25,0.766,-3.9788395837426327
4,25,0.767,-3.9760478268296815
4,25,0.768,-3.973261724814958
4,25,0.769,-3.9704812596764505
4,25,0.77,-3.9677064134539863
4,25,0.771,-3.9649371682489445
4,25,0.772,-3.9621735062242145
4,25,0.773,-3.959415409603845
4,25,0.774,-3.95666286067296
4,25,0.775,-3.9539158417775777
4,25,0.776,-3.9511743353243203
4,25,0.777,-3.948438323780307
4,25,0.778,-3.945707789672992
4,25,0.779,-3.942982715589838
4,25,0.78,-3.9402630841783415
4,25,0.781,-3.9375488781456247
4,25,0.782,-3.934840080258395
4,25,0.783,-3.9321366733427174
4,25,0.784,-3.9294386402838057
4,25,0.785,-3.926745964025896
4,25,0.786,-3.9240586275719638
4,25,0.787,-3.9213766139836292
4,25,0.788,-3.9186999063809793
4,25,0.789,-3.9160284879422633
4,25,0.79,-3.91336234190387
4,25,0.791,-3.9107014515600227
4,25,0.792,-3.908045800262699
4,25,0.793,-3.905395371421294
4,25,0.794,-3.9027501485026206
4,25,0.795,-3.9001101150306194
4,25,0.796,-3.8974752545861913
4,25,0.797,-3.8948455508070468
4,25,0.798,-3.8922209873875016
4,25,0.799,-3.889601548078292
4,25,0.8,-3.886987216686416
4,25,0.801,-3.8843779770749376
4,25,0.802,-3.8817738131628476
4,25,0.803,-3.8791747089248263
4,25,0.804,-3.8765806483910814
4,25,0.805,-3.873991615647232
4,25,0.806,-3.8714075948340367
4,25,0.807,-3.8688285701472758
4,25,0.808,-3.8662545258375927
4,25,0.809,-3.863685446210269
4,25,0.81,-3.8611213156250654
4,25,0.811,-3.858562118496056
4,25,0.812,-3.8560078392914643
4,25,0.8130000000000001,-3.8534584625334825
4,25,0.8140000000000001,-3.8509139727980424
4,25,0.8150000000000001,-3.848374354714762
4,25,0.8160000000000001,-3.8458395929666542
4,25,0.8170000000000001,-3.843309672290024
4,25,0.8180000000000001,-3.8407845774742713
4,25,0.8190000000000001,-3.838264293361715
4,25,0.8200000000000001,-3.8357488048474497
4,25,0.8210000000000001,-3.8332380968791546
4,25,0.8220000000000001,-3.8307321544569337
4,25,0.8230000000000001,-3.828230962633122
4,25,0.8240000000000001,-3.8257345065121573
4,25,0.8250000000000001,-3.823242771250346
4,25,0.8260000000000001,-3.8207557420557983
4,25,0.8270000000000001,-3.8182734041881385
4,25,0.8280000000000001,-3.815795742958439
4,25,0.8290000000000001,-3.8133227437290085
4,25,0.8300000000000001,-3.8108543919132263
4,25,0.8310000000000001,-3.8083906729753645
4,25,0.8320000000000001,-3.805931572430443
4,25,0.833,-3.803477075844086
4,25,0.834,-3.8010271688322828
4,25,0.835,-3.798581837061316
4,25,0.836,-3.7961410662474995
4,25,0.837,-3.793704842157136
4,25,0.838,-3.7912731506062225
4,25,0.839,-3.7888459774603698
4,25,0.84,-3.7864233086346397
4,25,0.841,-3.7840051300933153
4,25,0.842,-3.781591427849851
4,25,0.843,-3.7791821879665735
4,25,0.844,-3.77677739655467
4,25,0.845,-3.774377039773902
4,25,0.846,-3.7719811038325055
4,25,0.847,-3.769589574987026
4,25,0.848,-3.76720243954215
4,25,0.849,-3.764819683850573
4,25,0.85,-3.7624412943127847
4,25,0.851,-3.7600672573769756
4,25,0.852,-3.757697559538836
4,25,0.853,-3.7553321873413923
4,25,0.854,-3.7529711273749102
4,25,0.855,-3.750614366276661
4,25,0.856,-3.748261890730853
4,25,0.857,-3.745913687468377
4,25,0.858,-3.743569743266711
4,25,0.859,-3.7412300449497837
4,25,0.86,-3.7388945793877415
4,25,0.861,-3.7365633334968784
4,25,0.862,-3.734236294239479
4,25,0.863,-3.7319134486235415
4,25,0.864,-3.7295947837028387
4,25,0.865,-3.727280286576523
4,25,0.866,-3.7249699443891977
4,25,0.867,-3.7226637443306148
4,25,0.868,-3.7203616736355833
4,25,0.869,-3.7180637195838195
4,25,0.87,-3.715769869499769
4,25,0.871,-3.7134801107524873
4,25,0.872,-3.711194430755474
4,25,0.873,-3.7089128169665364
4,25,0.874,-3.706635256887611
4,25,0.875,-3.7043617380646516
4,25,0.876,-3.7020922480874683
4,25,0.877,-3.699826774589568
4,25,0.878,-3.697565305248038
4,25,0.879,-3.6953078277833535
4,25,0.88,-3.69305432995925
4,25,0.881,-3.690804799582631
4,25,0.882,-3.688559224503321
4,25,0.883,-3.6863175926140137
4,25,0.884,-3.68407989185007
4,25,0.885,-3.6818461101893964
4,25,0.886,-3.6796162356522832
4,25,0.887,-3.6773902563013134
4,25,0.888,-3.6751681602411517
4,25,0.889,-3.6729499356184276
4,25,0.89,-3.6707355706215945
4,25,0.891,-3.668525053480834
4,25,0.892,-3.666318372467825
4,25,0.893,-3.664115515895658
4,25,0.894,-3.6619164721186817
4,25,0.895,-3.6597212295323924
4,25,0.896,-3.6575297765732318
4,25,0.897,-3.6553421017185146
4,25,0.898,-3.6531581934862305
4,25,0.899,-3.6509780404349406
4,25,0.9,-3.648801631163659
4,25,0.901,-3.6466289543116397
4,25,0.902,-3.644459998558322
4,25,0.903,-3.642294752623154
4,25,0.904,-3.640133205265428
4,25,0.905,-3.6379753452842194
4,25,0.906,-3.635821161518185
4,25,0.907,-3.633670642845446
4,25,0.908,-3.631523778183471
4,25,0.909,-3.629380556488898
4,25,0.91,-3.627240966757478
4,25,0.911,-3.625104998023823
4,25,0.912,-3.6229726393614077
4,25,0.913,-3.620843879882335
4,25,0.914,-3.6187187087372203
4,25,0.915,-3.6165971151151055
4,25,0.916,-3.614479088243297
4,25,0.917,-3.6123646173872177
4,25,0.918,-3.6102536918502794
4,25,0.919,-3.608146300973811
4,25,0.92,-3.6060424341368273
4,25,0.921,-3.6039420807559894
4,25,0.922,-3.601845230285425
4,25,0.923,-3.5997518722166055
4,25,0.924,-3.597661996078225
4,25,0.925,-3.5955755914360816
4,25,0.926,-3.5934926478929237
4,25,0.927,-3.591413155088347
4,25,0.928,-3.58933710269862
4,25,0.929,-3.587264480436647
4,25,0.93,-3.5851952780517338
4,25,0.931,-3.583129485329545
4,25,0.932,-3.5810670920919607
4,25,0.933,-3.5790080881968667
4,25,0.934,-3.5769524635381744
4,25,0.935,-3.574900208045581
4,25,0.936,-3.572851311684502
4,25,0.937,-3.5708057644558924
4,25,0.9380000000000001,-3.5687635563961875
4,25,0.9390000000000001,-3.5667246775771764
4,25,0.9400000000000001,-3.564689118105796
4,25,0.9410000000000001,-3.5626568681240895
4,25,0.9420000000000001,-3.5606279178090783
4,25,0.9430000000000001,-3.5586022573726064
4,25,0.9440000000000001,-3.5565798770612194
4,25,0.9450000000000001,-3.5545607671560813
4,25,0.9460000000000001,-3.552544917972811
4,25,0.9470000000000001,-3.550532319861377
4,25,0.9480000000000001,-3.548522963206016
4,25,0.9490000000000001,-3.546516838425015
4,25,0.9500000000000001,-3.5445139359707225
4,25,0.9510000000000001,-3.542514246329315
4,25,0.9520000000000001,-3.54051776002072
4,25,0.9530000000000001,-3.53852446759855
4,25,0.9540000000000001,-3.536534359649876
4,25,0.9550000000000001,-3.5345474267952093
4,25,0.9560000000000001,-3.5325636596883148
4,25,0.9570000000000001,-3.5305830490161503
4,25,0.9580000000000001,-3.5286055854987257
4,25,0.9590000000000001,-3.5266312598889487
4,25,0.96,-3.5246600629725675
4,25,0.961,-3.52269198556803
4,25,0.962,-3.5207270185263817
4,25,0.963,-3.5187651527311097
4,25,0.964,-3.516806379098081
4,25,0.965,-3.5148506885753883
4,25,0.966,-3.5128980721432805
4,25,0.967,-3.510948520813975
4,25,0.968,-3.509002025631652
4,25,0.969,-3.5070585776722147
4,25,0.97,-3.5051181680432864
4,25,0.971,-3.50318078788405
4,25,0.972,-3.5012464283651235
4,25,0.973,-3.499315080688481
4,25,0.974,-3.4973867360873157
4,25,0.975,-3.495461385825946
4,25,0.976,-3.4935390211997097
4,25,0.977,-3.4916196335348233
4,25,0.978,-3.489703214188294
4,25,0.979,-3.487789754547821
4,25,0.98,-3.485879246031662
4,25,0.981,-3.4839716800885463
4,25,0.982,-3.4820670481975595
4,25,0.983,-3.480165341868022
4,25,0.984,-3.4782665526393948
4,25,0.985,-3.4763706720811722
4,25,0.986,-3.4744776917927602
4,25,0.987,-3.4725876034034098
4,25,0.988,-3.4707003985720464
4,25,0.989,-3.4688160689872154
4,25,0.99,-3.4669346063669866
4,25,0.991,-3.4650560024587937
4,25,0.992,-3.463180249039341
4,25,0.993,-3.4613073379145542
4,25,0.994,-3.45943726091944
4,25,0.995,-3.457570009917937
4,25,0.996,-3.4557055768029032
4,25,0.997,-3.453843953495958
4,25,0.998,-3.4519851319473465
4,25,0.999,-3.4501291041359154
4,25,1.0,-3.448275862068967
4,100,0.0,-11.613876319758676
4,100,0.001,-11.590683369876986
4,100,0.002,-11.567559870369237
4,100,0.003,-11.544505589290655
4,100,0.004,-11.521520295715026
4,100,0.005,-11.498603759728665
4,100,0.006,-11.475755752423211
4,100,0.007,-11.452976045890217
4,100,0.008,-11.43026441321453
4,100,0.009000000000000001,-11.407620628467674
4,100,0.01,-11.385044466702032
4,100,0.011,-11.36253570394481
4,100,0.012,-11.340094117191102
4,100,0.013000000000000001,-11.317719484399325
4,100,0.014,-11.295411584483439
4,100,0.015,-11.273170197308158
4,100,0.016,-11.250995103682904
4,100,0.017,-11.228886085355194
4,100,0.018000000000000002,-11.206842925005667
4,100,0.019,-11.184865406241684
4,100,0.02,-11.162953313591562
4,100,0.021,-11.141106432499415
4,100,0.022,-11.119324549318677
4,100,0.023,-11.097607451307345
4,100,0.024,-11.075954926621367
4,100,0.025,-11.054366764310064
4,100,0.026000000000000002,-11.032842754309602
4,100,0.027,-11.011382687438642
4,100,0.028,-10.98998635539199
4,100,0.029,-10.968653550735574
4,100,0.03,-10.947384066900767
4,100,0.031,-10.926177698179806
4,100,0.032,-10.905034239719225
4,100,0.033,-10.883953487516562
4,100,0.034,-10.862935238412685
4,100,0.035,-10.841979290088899
4,100,0.036000000000000004,-10.821085441060152
4,100,0.037,-10.800253490671041
4,100,0.038,-10.77948323908986
4,100,0.039,-10.758774487304334
4,100,0.04,-10.738127037116518
4,100,0.041,-10.717540691137106
4,100,0.042,-10.697015252781306
4,100,0.043000000000000003,-10.676550526263684
4,100,0.044,-10.656146316593595
4,100,0.045,-10.635802429569585
4,100,0.046,-10.615518671775526
4,100,0.047,-10.595294850575376
4,100,0.048,-10.575130774108654
4,100,0.049,-10.555026251285415
4,100,0.05,-10.534981091782303
4,100,0.051000000000000004,-10.51499510603735
4,100,0.052000000000000005,-10.495068105245275
4,100,0.053,-10.475199901353971
4,100,0.054,-10.455390307058376
4,100,0.055,-10.435639135797592
4,100,0.056,-10.415946201749726
4,100,0.057,-10.39631131982719
4,100,0.058,-10.37673430567252
4,100,0.059000000000000004,-10.357214975655005
4,100,0.06,-10.337753146864426
4,100,0.061,-10.31834863710861
4,100,0.062,-10.299001264908147
4,100,0.063,-10.279710849492707
4,100,0.064,-10.260477210796193
4,100,0.065,-10.241300169453327
4,100,0.066,-10.222179546795074
4,100,0.067,-10.20311516484469
4,100,0.068,-10.184106846313723
4,100,0.069,-10.1651544145974
4,100,0.07,-10.14625769377182
4,100,0.07100000000000001,-10.127416508588594
4,100,0.07200000000000001,-10.108630684471898
4,100,0.073,-10.089900047514044
4,100,0.074,-10.071224424471659
4,100,0.075,-10.052603642762126
4,100,0.076,-10.034037530459372
4,100,0.077,-10.015525916290002
4,100,0.078,-9.997068629630101
4,100,0.079,-9.978665500500572
4,100,0.08,-9.96031635956447
4,100,0.081,-9.942021038122428
4,100,0.082,-9.923779368109242
4,100,0.083,-9.90559118209049
4,100,0.084,-9.887456313258536
4,100,0.085,-9.869374595429292
4,100,0.08600000000000001,-9.851345863038263
4,100,0.08700000000000001,-9.83336995113726
4,100,0.088,-9.815446695391072
4,100,0.089,-9.797575932073244
4,100,0.09,-9.779757498063546
4,100,0.091,-9.761991230843892
4,100,0.092,-9.744276968495091
4,100,0.093,-9.72661454969348
4,100,0.094,-9.709003813707762
4,100,0.095,-9.69144460039546
4,100,0.096,-9.673936750199053
4,100,0.097,-9.656480104143839
4,100,0.098,-9.639074503834122
4,100,0.099,-9.621719791449523
4,100,0.1,-9.604415809742184
4,100,0.101,-9.587162402033833
4,100,0.10200000000000001,-9.569959412212325
4,100,0.10300000000000001,-9.552806684727955
4,100,0.10400000000000001,-9.53570406459141
4,100,0.105,-9.51865139736996
4,100,0.106,-9.501648529184425
4,100,0.107,-9.484695306706303
4,100,0.108,-9.467791577154738
4,100,0.109,-9.450937188293196
4,100,0.11,-9.434131988426842
4,100,0.111,-9.417375826399699
4,100,0.112,-9.400668551590918
4,100,0.113,-9.384010013912558
4,100,0.114,-9.367400063806697
4,100,0.115,-9.350838552242191
4,100,0.116,-9.33432533071179
4,100,0.117,-9.317860251229604
4,100,0.11800000000000001,-9.30144316632835
4,100,0.11900000000000001,-9.285073929056109
4,100,0.12,-9.268752392973711
4,100,0.121,-9.252478412152154
4,100,0.122,-9.23625184116994
4,100,0.123,-9.220072535110013
4,100,0.124,-9.20394034955705
4,100,0.125,-9.187855140595191
4,100,0.126,-9.171816764805252
4,100,0.127,-9.155825079261648
4,100,0.128,-9.139879941530271
4,100,0.129,-9.123981209665821
4,100,0.13,-9.108128742209143
4,100,0.131,-9.092322398184471
4,100,0.132,-9.076562037097169
4,100,0.133,-9.060847518930881
4,100,0.134,-9.045178704145718
4,100,0.135,-9.029555453674876
4,100,0.136,-9.013977628922953
4,100,0.137,-8.998445091762708
4,100,0.138,-8.982957704533456
4,100,0.139,-8.967515330037878
4,100,0.14,-8.952117831540507
4,100,0.14100000000000001,-8.936765072764308
4,100,0.14200000000000002,-8.921456917889214
4,100,0.14300000000000002,-8.906193231549153
4,100,0.14400000000000002,-8.890973878830177
4,100,0.145,-8.87579872526807
4,100,0.146,-8.860667636845543
4,100,0.147,-8.845580479990822
4,100,0.148,-8.830537121574578
4,100,0.149,-8.815537428908327
4,100,0.15,-8.800581269741592
4,100,0.151,-8.785668512260392
4,100,0.152,-8.770799025084308
4,100,0.153,-8.755972677264845
4,100,0.154,-8.74118933828334
4,100,0.155,-8.726448878048032
4,100,0.156,-8.711751166893045
4,100,0.157,-8.697096075575406
4,100,0.158,-8.682483475273273
4,100,0.159,-8.667913237583624
4,100,0.16,-8.65338523452106
4,100,0.161,-8.638899338514472
4,100,0.162,-8.624455422405797
4,100,0.163,-8.610053359447978
4,100,0.164,-8.595693023302564
4,100,0.165,-8.58137428803829
4,100,0.166,-8.567097028128368
4,100,0.167,-8.552861118449284
4,100,0.168,-8.538666434278497
4,100,0.169,-8.52451285129212
4,100,0.17,-8.510400245563732
4,100,0.171,-8.496328493562144
4,100,0.17200000000000001,-8.482297472149414
4,100,0.17300000000000001,-8.46830705857915
4,100,0.17400000000000002,-8.454357130494161
4,100,0.17500000000000002,-8.440447565925702
4,100,0.176,-8.426578243290228
4,100,0.177,-8.412749041388823
4,100,0.178,-8.398959839404752
4,100,0.179,-8.385210516901376
4,100,0.18,-8.371500953821398
4,100,0.181,-8.357831030483931
4,100,0.182,-8.344200627583431
4,100,0.183,-8.330609626188146
4,100,0.184,-8.317057907737446
4,100,0.185,-8.303545354041253
4,100,0.186,-8.29007184727768
4,100,0.187,-8.276637269990905
4,100,0.188,-8.263241505090946
4,100,0.189,-8.249884435850374
4,100,0.19,-8.236565945903696
4,100,0.191,-8.223285919245482
4,100,0.192,-8.210044240228243
4,100,0.193,-8.19684079356171
4,100,0.194,-8.183675464310447
4,100,0.195,-8.170548137892641
4,100,0.196,-8.15745870007838
4,100,0.197,-8.14440703698831
4,100,0.198,-8.131393035091605
4,100,0.199,-8.118416581205112
4,100,0.2,-8.105477562491181
4,100,0.201,-8.092575866456198
4,100,0.202,-8.079711380949739
4,100,0.203,-8.066883994162222
4,100,0.20400000000000001,-8.054093594623879
4,100,0.20500000000000002,-8.041340071203251
4,100,0.20600000000000002,-8.028623313105765
4,100,0.20700000000000002,-8.015943209871823
4,100,0.20800000000000002,-8.003299651375917
4,100,0.209,-7.990692527825027
4,100,0.21,-7.978121729757071
4,100,0.211,-7.965587148039388
4,100,0.212,-7.953088673867903
4,100,0.213,-7.940626198764988
4,100,0.214,-7.928199614578668
4,100,0.215,-7.915808813480796
4,100,0.216,-7.903453687966255
4,100,0.217,-7.891134130850519
4,100,0.218,-7.878850035269913
4,100,0.219,-7.866601294678999
4,100,0.22,-7.854387802849594
4,100,0.221,-7.84220945386962
4,100,0.222,-7.830066142141634
4,100,0.223,-7.817957762381811
4,100,0.224,-7.805884209618119
4,100,0.225,-7.793845379189701
4,100,0.226,-7.78184116674514
4,100,0.227,-7.76987146824113
4,100,0.228,-7.757936179941849
4,100,0.229,-7.746035198417012
4,100,0.23,-7.734168420540888
4,100,0.231,-7.722335743491504
4,100,0.232,-7.710537064748602
4,100,0.233,-7.698772282093236
4,100,0.234,-7.687041293605956
4,100,0.23500000000000001,-7.67534399766614
4,100,0.23600000000000002,-7.663680292950303
4,100,0.23700000000000002,-7.652050078431438
4,100,0.23800000000000002,-7.640453253377499
4,100,0.23900000000000002,-7.62888971735034
4,100,0.24,-7.6173593702046904
4,100,0.241,-7.605862112086692
4,100,0.242,-7.594397843433365
4,100,0.243,-7.5829664649706086
4,100,0.244,-7.571567877713292
4,100,0.245,-7.560201982962811
4,100,0.246,-7.548868682307042
4,100,0.247,-7.537567877618612
4,100,0.248,-7.526299471054232
4,100,0.249,-7.515063365053232
4,100,0.25,-7.503859462337026
4,100,0.251,-7.492687665907427
4,100,0.252,-7.481547879046246
4,100,0.253,-7.4704400053136055
4,100,0.254,-7.459363948547315
4,100,0.255,-7.448319612862031
4,100,0.256,-7.437306902647434
4,100,0.257,-7.426325722568006
4,100,0.258,-7.415375977561878
4,100,0.259,-7.404457572839496
4,100,0.26,-7.393570413882733
4,100,0.261,-7.382714406444579
4,100,0.262,-7.371889456546787
4,100,0.263,-7.361095470480272
4,100,0.264,-7.350332354803468
4,100,0.265,-7.339600016341308
4,100,0.266,-7.328898362184688
4,100,0.267,-7.3182272996889175
4,100,0.268,-7.307586736473715
4,100,0.269,-7.296976580421077
4,100,0.27,-7.286396739675416
4,100,0.271,-7.275847122642176
4,100,0.272,-7.265327637986685
4,100,0.273,-7.2548381946336615
4,100,0.274,-7.244378701766463
4,100,0.275,-7.233949068825396
4,100,0.276,-7.22354920550754
4,100,0.277,-7.213179021765859
4,100,0.278,-7.202838427807734
4,100,0.279,-7.192527334095056
4,100,0.28,-7.182245651341956
4,100,0.281,-7.1719932905157435
4,100,0.28200000000000003,-7.16177016283428
4,100,0.28300000000000003,-7.151576179766472
4,100,0.28400000000000003,-7.141411253030716
4,100,0.28500000000000003,-7.131275294594097
4,100,0.28600000000000003,-7.121168216671991
4,100,0.28700000000000003,-7.111089931726955
4,100,0.28800000000000003,-7.101040352467702
4,100,0.289,-7.091019391848485
4,100,0.29,-7.081026963068693
4,100,0.291,-7.071062979571385
4,100,0.292,-7.061127355042762
4,100,0.293,-7.051220003411496
4,100,0.294,-7.041340838847754
4,100,0.295,-7.031489775762534
4,100,0.296,-7.021666728806908
4,100,0.297,-7.011871612871179
4,100,0.298,-7.002104343083992
4,100,0.299,-6.992364834811893
4,100,0.3,-6.98265300365839
4,100,0.301,-6.9729687654632055
4,100,0.302,-6.963312036301428
4,100,0.303,-6.953682732482935
4,100,0.304,-6.944080770551553
4,100,0.305,-6.934506067284563
4,100,0.306,-6.924958539691639
4,100,0.307,-6.915438105014138
4,100,0.308,-6.905944680724918
4,100,0.309,-6.8964781845267
4,100,0.31,-6.887038534352241
4,100,0.311,-6.877625648363228
4,100,0.312,-6.86823944494952
4,100,0.313,-6.858879842728527
4,100,0.314,-6.8495467605447224
4,100,0.315,-6.840240117468577
4,100,0.316,-6.830959832796202
4,100,0.317,-6.8217058260485075
4,100,0.318,-6.812478016970536
4,100,0.319,-6.803276325530927
4,100,0.32,-6.794100671920988
4,100,0.321,-6.784950976554249
4,100,0.322,-6.775827160065884
4,100,0.323,-6.766729143311689
4,100,0.324,-6.757656847367777
4,100,0.325,-6.748610193529991
4,100,0.326,-6.739589103312804
4,100,0.327,-6.730593498449
4,100,0.328,-6.721623300889101
4,100,0.329,-6.712678432800834
4,100,0.33,-6.7037588165677064
4,100,0.331,-6.694864374789677
4,100,0.332,-6.685995030281511
4,100,0.333,-6.677150706072421
4,100,0.334,-6.668331325405585
4,100,0.335,-6.6595368117376985
4,100,0.336,-6.650767088737863
4,100,0.337,-6.642022080287502
4,100,0.338,-6.633301710479378
4,100,0.339,-6.624605903617242
4,100,0.34,-6.615934584215033
4,100,0.341,-6.6072876769965205
4,100,0.342,-6.5986651068946856
4,100,0.343,-6.590066799050787
4,100,0.34400000000000003,-6.581492678814405
4,100,0.34500000000000003,-6.572942671742332
4,100,0.34600000000000003,-6.564416703598086
4,100,0.34700000000000003,-6.555914700351728
4,100,0.34800000000000003,-6.547436588178668
4,100,0.34900000000000003,-6.5389822934596165
4,100,0.35000000000000003,-6.530551742779966
4,100,0.35100000000000003,-6.522144862929036
4,100,0.352,-6.513761580899535
4,100,0.353,-6.505401823887036
4,100,0.354,-6.497065519289658
4,100,0.355,-6.4887525947072255
4,100,0.356,-6.480462977940826
4,100,0.357,-6.47219659699223
4,100,0.358,-6.4639533800636695
4,100,0.359,-6.455733255556728
4,100,0.36,-6.44753615207212
4,100,0.361,-6.439361998409465
4,100,0.362,-6.4312107235662275
4,100,0.363,-6.423082256737445
4,100,0.364,-6.414976527315197
4,100,0.365,-6.406893464888119
4,100,0.366,-6.398832999241
4,100,0.367,-6.390795060353716
4,100,0.368,-6.382779578401543
4,100,0.369,-6.374786483753914
4,100,0.37,-6.366815706974505
4,100,0.371,-6.35886717882026
4,100,0.372,-6.350940830241125
4,100,0.373,-6.343036592379558
4,100,0.374,-6.3351543965699975
4,100,0.375,-6.3272941743383715
4,100,0.376,-6.319455857401479
4,100,0.377,-6.311639377666811
4,100,0.378,-6.303844667231706
4,100,0.379,-6.296071658383129
4,100,0.38,-6.2883202835971375
4,100,0.381,-6.2805904755381725
4,100,0.382,-6.272882167059057
4,100,0.383,-6.265195291199932
4,100,0.384,-6.257529781188431
4,100,0.385,-6.249885570438396
4,100,0.386,-6.242262592550274
4,100,0.387,-6.234660781310319
4,100,0.388,-6.227080070689706
4,100,0.389,-6.219520394844524
4,100,0.39,-6.211981688115609
4,100,0.391,-6.204463885027023
4,100,0.392,-6.19696692028695
4,100,0.393,-6.189490728786051
4,100,0.394,-6.1820352455977945
4,100,0.395,-6.17460040597777
4,100,0.396,-6.1671861453629795
4,100,0.397,-6.1597923993718995
4,100,0.398,-6.15241910380353
4,100,0.399,-6.145066194637083
4,100,0.4,-6.1377336080320255
4,100,0.401,-6.130421280327036
4,100,0.402,-6.123129148039674
4,100,0.403,-6.115857147866244
4,100,0.404,-6.10860521668104
4,100,0.405,-6.101373291535972
4,100,0.406,-6.094161309660495
4,100,0.40700000000000003,-6.0869692084605465
4,100,0.40800000000000003,-6.079796925518854
4,100,0.40900000000000003,-6.072644398593696
4,100,0.41000000000000003,-6.065511565619275
4,100,0.41100000000000003,-6.058398364704609
4,100,0.41200000000000003,-6.0513047341336
4,100,0.41300000000000003,-6.044230612364521
4,100,0.41400000000000003,-6.037175938029304
4,100,0.41500000000000004,-6.0301406499334576
4,100,0.41600000000000004,-6.023124687055459
4,100,0.417,-6.01612798854656
4,100,0.418,-6.0091504937301865
4,100,0.419,-6.002192142101381
4,100,0.42,-5.995252873326873
4,100,0.421,-5.988332627244053
4,100,0.422,-5.981431343861265
4,100,0.423,-5.974548963356852
4,100,0.424,-5.967685426078817
4,100,0.425,-5.960840672544743
4,100,0.426,-5.954014643441141
4,100,0.427,-5.947207279623057
4,100,0.428,-5.940418522113777
4,100,0.429,-5.933648312104278
4,100,0.43,-5.926896590952979
4,100,0.431,-5.920163300185388
4,100,0.432,-5.913448381493436
4,100,0.433,-5.9067517767355415
4,100,0.434,-5.90007342793557
4,100,0.435,-5.893413277283188
4,100,0.436,-5.886771267133062
4,100,0.437,-5.880147340004105
4,100,0.438,-5.87354143858021
4,100,0.439,-5.8669535057085165
4,100,0.44,-5.860383484399989
4,100,0.441,-5.853831317828839
4,100,0.442,-5.847296949331815
4,100,0.443,-5.840780322408046
4,100,0.444,-5.83428138071882
4,100,0.445,-5.8278000680868525
4,100,0.446,-5.821336328496285
4,100,0.447,-5.81489010609213
4,100,0.448,-5.808461345179605
4,100,0.449,-5.802049990224467
4,100,0.45,-5.7956559858519
4,100,0.451,-5.7892792768466705
4,100,0.452,-5.782919808152487
4,100,0.453,-5.77657752487164
4,100,0.454,-5.770252372264939
4,100,0.455,-5.7639442957508225
4,100,0.456,-5.757653240905425
4,100,0.457,-5.751379153462088
4,100,0.458,-5.7451219793107855
4,100,0.459,-5.738881664498319
4,100,0.46,-5.732658155227122
4,100,0.461,-5.726451397855947
4,100,0.462,-5.720261338898314
4,100,0.463,-5.714087925023104
4,100,0.464,-5.707931103053943
4,100,0.465,-5.701790819968466
4,100,0.466,-5.695667022898587
4,100,0.467,-5.689559659129495
4,100,0.468,-5.683468676099923
4,100,0.46900000000000003,-5.677394021401283
4,100,0.47000000000000003,-5.671335642777553
4,100,0.47100000000000003,-5.665293488125034
4,100,0.47200000000000003,-5.659267505491772
4,100,0.47300000000000003,-5.653257643077292
4,100,0.47400000000000003,-5.647263849232309
4,100,0.47500000000000003,-5.641286072458196
4,100,0.47600000000000003,-5.635324261406938
4,100,0.47700000000000004,-5.629378364880511
4,100,0.47800000000000004,-5.623448331830705
4,100,0.47900000000000004,-5.617534111358746
4,100,0.48,-5.611635652714719
4,100,0.481,-5.605752905297701
4,100,0.482,-5.59988581865507
4,100,0.483,-5.594034342482046
4,100,0.484,-5.588198426621727
4,100,0.485,-5.582378021064605
4,100,0.486,-5.576573075948055
4,100,0.487,-5.5707835415563345
4,100,0.488,-5.5650093683195845
4,100,0.489,-5.559250506814495
4,100,0.49,-5.553506907763106
4,100,0.491,-5.547778522032898
4,100,0.492,-5.542065300636145
4,100,0.493,-5.536367194730163
4,100,0.494,-5.530684155616239
4,100,0.495,-5.525016134739813
4,100,0.496,-5.519363083689877
4,100,0.497,-5.513724954198973
4,100,0.498,-5.508101698142309
4,100,0.499,-5.502493267538133
4,100,0.5,-5.496899614546669
4,100,0.501,-5.491320691470403
4,100,0.502,-5.485756450753354
4,100,0.503,-5.480206844980895
4,100,0.504,-5.474671826879596
4,100,0.505,-5.469151349316537
4,100,0.506,-5.46364536529913
4,100,0.507,-5.458153827975032
4,100,0.508,-5.452676690631497
4,100,0.509,-5.447213906695003
4,100,0.51,-5.441765429731538
4,100,0.511,-5.436331213445356
4,100,0.512,-5.430911211679512
4,100,0.513,-5.425505378414841
4,100,0.514,-5.4201136677702655
4,100,0.515,-5.414736034001866
4,100,0.516,-5.4093724315030345
4,100,0.517,-5.404022814804121
4,100,0.518,-5.398687138571634
4,100,0.519,-5.393365357608437
4,100,0.52,-5.388057426853399
4,100,0.521,-5.382763301380589
4,100,0.522,-5.3774829363996135
4,100,0.523,-5.372216287254905
4,100,0.524,-5.366963309425454
4,100,0.525,-5.361723958524411
4,100,0.526,-5.356498190299042
4,100,0.527,-5.351285960630459
4,100,0.528,-5.346087225532559
4,100,0.529,-5.34090194115282
4,100,0.53,-5.3357300637710825
4,100,0.531,-5.330571549799723
4,100,0.532,-5.325426355783147
4,100,0.533,-5.320294438397499
4,100,0.534,-5.315175754450485
4,100,0.535,-5.3100702608809724
4,100,0.536,-5.304977914758546
4,100,0.537,-5.299898673283399
4,100,0.538,-5.294832493785795
4,100,0.539,-5.289779333726297
4,100,0.54,-5.284739150694651
4,100,0.541,-5.279711902410145
4,100,0.542,-5.274697546720808
4,100,0.543,-5.269696041603766
4,100,0.544,-5.264707345164044
4,100,0.545,-5.259731415635138
4,100,0.546,-5.254768211377936
4,100,0.547,-5.24981769088122
4,100,0.548,-5.244879812760583
4,100,0.549,-5.2399545357585176
4,100,0.55,-5.235041818744279
4,100,0.551,-5.23014162071298
4,100,0.552,-5.22525390078612
4,100,0.553,-5.220378618210542
4,100,0.554,-5.2155157323585
4,100,0.555,-5.210665202727216
4,100,0.556,-5.205826988938855
4,100,0.557,-5.201001050739729
4,100,0.558,-5.196187348000647
4,100,0.559,-5.191385840715834
4,100,0.56,-5.186596489003326
4,100,0.561,-5.181819253104325
4,100,0.562,-5.17705409338296
4,100,0.5630000000000001,-5.172300970326038
4,100,0.5640000000000001,-5.1675598445426685
4,100,0.5650000000000001,-5.162830676763885
4,100,0.5660000000000001,-5.158113427842781
4,100,0.5670000000000001,-5.15340805875355
4,100,0.5680000000000001,-5.148714530591847
4,100,0.5690000000000001,-5.144032804574028
4,100,0.5700000000000001,-5.13936284203691
4,100,0.5710000000000001,-5.134704604437812
4,100,0.5720000000000001,-5.130058053353825
4,100,0.5730000000000001,-5.1254231504819
4,100,0.5740000000000001,-5.120799857638225
4,100,0.5750000000000001,-5.1161881367582485
4,100,0.5760000000000001,-5.111587949895902
4,100,0.577,-5.106999259224065
4,100,0.578,-5.102422027033482
4,100,0.579,-5.097856215732999
4,100,0.58,-5.0933017878489695
4,100,0.581,-5.088758706025365
4,100,0.582,-5.084226933022751
4,100,0.583,-5.079706431718978
4,100,0.584,-5.075197165107914
4,100,0.585,-5.070699096299935
4,100,0.586,-5.066212188521146
4,100,0.587,-5.061736405113315
4,100,0.588,-5.057271709533517
4,100,0.589,-5.0528180653538035
4,100,0.59,-5.048375436261132
4,100,0.591,-5.043943786056748
4,100,0.592,-5.039523078656116
4,100,0.593,-5.035113278088699
4,100,0.594,-5.030714348497334
4,100,0.595,-5.026326254138458
4,100,0.596,-5.021948959381195
4,100,0.597,-5.017582428707734
4,100,0.598,-5.013226626712597
4,100,0.599,-5.008881518102437
4,100,0.6,-5.004547067695886
4,100,0.601,-5.000223240423063
4,100,0.602,-4.995910001325532
4,100,0.603,-4.9916073155559015
4,100,0.604,-4.987315148377469
4,100,0.605,-4.983033465164133
4,100,0.606,-4.978762231399836
4,100,0.607,-4.974501412678589
4,100,0.608,-4.970250974703849
4,100,0.609,-4.966010883288674
4,100,0.61,-4.961781104355012
4,100,0.611,-4.957561603933702
4,100,0.612,-4.953352348164208
4,100,0.613,-4.949153303293996
4,100,0.614,-4.944964435678667
4,100,0.615,-4.940785711781448
4,100,0.616,-4.936617098173035
4,100,0.617,-4.932458561531128
4,100,0.618,-4.928310068640496
4,100,0.619,-4.924171586392334
4,100,0.62,-4.920043081784153
4,100,0.621,-4.915924521919579
4,100,0.622,-4.911815874007797
4,100,0.623,-4.907717105363774
4,100,0.624,-4.903628183407394
4,100,0.625,-4.899549075663789
4,100,0.626,-4.895479749762277
4,100,0.627,-4.891420173437155
4,100,0.628,-4.887370314526285
4,100,0.629,-4.883330140971687
4,100,0.63,-4.8792996208189
4,100,0.631,-4.875278722216692
4,100,0.632,-4.8712674134169465
4,100,0.633,-4.867265662774178
4,100,0.634,-4.863273438745486
4,100,0.635,-4.859290709890218
4,100,0.636,-4.855317444869556
4,100,0.637,-4.85135361244633
4,100,0.638,-4.8473991814850015
4,100,0.639,-4.84345412095093
4,100,0.64,-4.839518399910503
4,100,0.641,-4.835591987530474
4,100,0.642,-4.831674853078272
4,100,0.643,-4.827766965921132
4,100,0.644,-4.823868295526212
4,100,0.645,-4.819978811460168
4,100,0.646,-4.816098483388975
4,100,0.647,-4.812227281077419
4,100,0.648,-4.808365174389317
4,100,0.649,-4.804512133286654
4,100,0.65,-4.800668127829955
4,100,0.651,-4.79683312817738
4,100,0.652,-4.793007104584968
4,100,0.653,-4.7891900274060095
4,100,0.654,-4.785381867091187
4,100,0.655,-4.781582594187861
4,100,0.656,-4.777792179340001
4,100,0.657,-4.774010593288303
4,100,0.658,-4.770237806869093
4,100,0.659,-4.76647379101478
4,100,0.66,-4.762718516753384
4,100,0.661,-4.758971955208247
4,100,0.662,-4.755234077597703
4,100,0.663,-4.751504855234923
4,100,0.664,-4.747784259527621
4,100,0.665,-4.744072261977794
4,100,0.666,-4.740368834181563
4,100,0.667,-4.736673947828618
4,100,0.668,-4.732987574702419
4,100,0.669,-4.729309686679484
4,100,0.67,-4.7256402557294575
4,100,0.671,-4.721979253914577
4,100,0.672,-4.718326653389804
4,100,0.673,-4.714682426402184
4,100,0.674,-4.7110465452907535
4,100,0.675,-4.707418982486211
4,100,0.676,-4.703799710510936
4,100,0.677,-4.700188701978281
4,100,0.678,-4.6965859295927
4,100,0.679,-4.692991366149446
4,100,0.68,-4.689404984533985
4,100,0.681,-4.685826757722111
4,100,0.682,-4.6822566587797265
4,100,0.683,-4.6786946608621705
4,100,0.684,-4.675140737214467
4,100,0.685,-4.671594861170569
4,100,0.686,-4.668057006153692
4,100,0.687,-4.664527145675601
4,100,0.6880000000000001,-4.661005253336481
4,100,0.6890000000000001,-4.657491302824801
4,100,0.6900000000000001,-4.653985267916894
4,100,0.6910000000000001,-4.650487122476865
4,100,0.6920000000000001,-4.646996840456374
4,100,0.6930000000000001,-4.643514395894011
4,100,0.6940000000000001,-4.640039762915671
4,100,0.6950000000000001,-4.6365729157337165
4,100,0.6960000000000001,-4.633113828647084
4,100,0.6970000000000001,-4.6296624760408855
4,100,0.6980000000000001,-4.62621883238632
4,100,0.6990000000000001,-4.622782872240272
4,100,0.7000000000000001,-4.619354570245027
4,100,0.7010000000000001,-4.615933901128266
4,100,0.7020000000000001,-4.612520839702494
4,100,0.7030000000000001,-4.609115360865168
4,100,0.704,-4.605717439598278
4,100,0.705,-4.602327050967792
4,100,0.706,-4.598944170124097
4,100,0.707,-4.595568772301073
4,100,0.708,-4.592200832816284
4,100,0.709,-4.588840327070609
4,100,0.71,-4.585487230548035
4,100,0.711,-4.582141518815308
4,100,0.712,-4.578803167521728
4,100,0.713,-4.575472152399063
4,100,0.714,-4.572148449261104
4,100,0.715,-4.568832034003512
4,100,0.716,-4.565522882603679
4,100,0.717,-4.5622209711203565
4,100,0.718,-4.558926275693453
4,100,0.719,-4.555638772543635
4,100,0.72,-4.552358437972681
4,100,0.721,-4.549085248362372
4,100,0.722,-4.545819180175004
4,100,0.723,-4.542560209952651
4,100,0.724,-4.539308314317347
4,100,0.725,-4.536063469970553
4,100,0.726,-4.532825653692862
4,100,0.727,-4.5295948423441645
4,100,0.728,-4.526371012863106
4,100,0.729,-4.523154142266783
4,100,0.73,-4.519944207650806
4,100,0.731,-4.5167411861887885
4,100,0.732,-4.513545055132262
4,100,0.733,-4.510355791810539
4,100,0.734,-4.507173373630158
4,100,0.735,-4.503997778075042
4,100,0.736,-4.500828982706007
4,100,0.737,-4.497666965160563
4,100,0.738,-4.494511703152848
4,100,0.739,-4.4913631744732285
4,100,0.74,-4.488221356988054
4,100,0.741,-4.485086228639701
4,100,0.742,-4.481957767445932
4,100,0.743,-4.478835951500093
4,100,0.744,-4.475720758970447
4,100,0.745,-4.472612168100443
4,100,0.746,-4.46951015720809
4,100,0.747,-4.4664147046858504
4,100,0.748,-4.463325789000505
4,100,0.749,-4.460243388692886
4,100,0.75,-4.457167482377566
4,100,0.751,-4.454098048742772
4,100,0.752,-4.451035066550024
4,100,0.753,-4.447978514634077
4,100,0.754,-4.444928371902468
4,100,0.755,-4.44188461733559
4,100,0.756,-4.4388472299862425
4,100,0.757,-4.435816188979413
4,100,0.758,-4.432791473512299
4,100,0.759,-4.429773062853748
4,100,0.76,-4.4267609363443094
4,100,0.761,-4.423755073395874
4,100,0.762,-4.4207554534915205
4,100,0.763,-4.417762056185293
4,100,0.764,-4.414774861101911
4,100,0.765,-4.4117938479366625
4,100,0.766,-4.408818996455044
4,100,0.767,-4.405850286492763
4,100,0.768,-4.402887697955382
4,100,0.769,-4.399931210818009
4,100,0.77,-4.39698080512525
4,100,0.771,-4.394036460990969
4,100,0.772,-4.391098158598061
4,100,0.773,-4.388165878198036
4,100,0.774,-4.385239600111213
4,100,0.775,-4.382319304726212
4,100,0.776,-4.379404972499801
4,100,0.777,-4.376496583956646
4,100,0.778,-4.373594119689295
4,100,0.779,-4.370697560357661
4,100,0.78,-4.367806886689185
4,100,0.781,-4.36492207947814
4,100,0.782,-4.362043119585923
4,100,0.783,-4.35916998794057
4,100,0.784,-4.356302665536593
4,100,0.785,-4.353441133434832
4,100,0.786,-4.35058537276205
4,100,0.787,-4.347735364711025
4,100,0.788,-4.344891090540193
4,100,0.789,-4.342052531573315
4,100,0.79,-4.339219669199523
4,100,0.791,-4.336392484872964
4,100,0.792,-4.333570960112643
4,100,0.793,-4.330755076502046
4,100,0.794,-4.3279448156892775
4,100,0.795,-4.325140159386676
4,100,0.796,-4.322341089370418
4,100,0.797,-4.319547587480743
4,100,0.798,-4.316759635621281
4,100,0.799,-4.313977215759235
4,100,0.8,-4.311200309925023
4,100,0.801,-4.308428900211991
4,100,0.802,-4.305662968776325
4,100,0.803,-4.30290249783698
4,100,0.804,-4.300147469675131
4,100,0.805,-4.2973978666343005
4,100,0.806,-4.29465367112003
4,100,0.807,-4.291914865599589
4,100,0.808,-4.289181432601974
4,100,0.809,-4.2864533547175565
4,100,0.81,-4.283730614598058
4,100,0.811,-4.281013194956129
4,100,0.812,-4.278301078565194
4,100,0.8130000000000001,-4.2755942482596065
4,100,0.8140000000000001,-4.272892686933849
4,100,0.8150000000000001,-4.270196377542934
4,100,0.8160000000000001,-4.26750530310176
4,100,0.8170000000000001,-4.26481944668522
4,100,0.8180000000000001,-4.2621387914278275
4,100,0.8190000000000001,-4.259463320523493
4,100,0.8200000000000001,-4.256793017225702
4,100,0.8210000000000001,-4.2541278648467795
4,100,0.8220000000000001,-4.251467846758139
4,100,0.8230000000000001,-4.248812946389835
4,100,0.8240000000000001,-4.246163147230431
4,100,0.8250000000000001,-4.243518432826954
4,100,0.8260000000000001,-4.240878786784497
4,100,0.8270000000000001,-4.238244192766105
4,100,0.8280000000000001,-4.235614634492668
4,100,0.8290000000000001,-4.23299009574265
4,100,0.8300000000000001,-4.230370560352026
4,100,0.8310000000000001,-4.22775601221379
4,100,0.8320000000000001,-4.225146435278049
4,100,0.833,-4.222541813551883
4,100,0.834,-4.219942131098908
4,100,0.835,-4.217347372039115
4,100,0.836,-4.214757520549051
4,100,0.837,-4.212172560861216
4,100,0.838,-4.20959247726409
4,100,0.839,-4.207017254101775
4,100,0.84,-4.204446875774104
4,100,0.841,-4.201881326736223
4,100,0.842,-4.199320591498368
4,100,0.843,-4.196764654625951
4,100,0.844,-4.19421350073923
4,100,0.845,-4.191667114512954
4,100,0.846,-4.189125480676403
4,100,0.847,-4.18658858401324
4,100,0.848,-4.184056409361125
4,100,0.849,-4.181528941611856
4,100,0.85,-4.179006165710675
4,100,0.851,-4.176488066656692
4,100,0.852,-4.173974629502353
4,100,0.853,-4.1714658393530835
4,100,0.854,-4.1689616813677555
4,100,0.855,-4.166462140757821
4,100,0.856,-4.163967202787666
4,100,0.857,-4.1614768527739265
4,100,0.858,-4.15899107608575
4,100,0.859,-4.1565098581445525
4,100,0.86,-4.154033184423578
4,100,0.861,-4.151561040447871
4,100,0.862,-4.149093411794391
4,100,0.863,-4.146630284091302
4,100,0.864,-4.144171643018235
4,100,0.865,-4.141717474305917
4,100,0.866,-4.139267763736032
4,100,0.867,-4.136822497141113
4,100,0.868,-4.134381660404252
4,100,0.869,-4.1319452394591005
4,100,0.87,-4.1295132202893825
4,100,0.871,-4.127085588929269
4,100,0.872,-4.124662331462625
4,100,0.873,-4.122243434023232
4,100,0.874,-4.11982888279443
4,100,0.875,-4.117418664008987
4,100,0.876,-4.115012763949033
4,100,0.877,-4.112611168945746
4,100,0.878,-4.110213865379375
4,100,0.879,-4.107820839678711
4,100,0.88,-4.105432078321458
4,100,0.881,-4.103047567833618
4,100,0.882,-4.100667294789506
4,100,0.883,-4.098291245811492
4,100,0.884,-4.095919407570148
4,100,0.885,-4.093551766783676
4,100,0.886,-4.091188310217797
4,100,0.887,-4.088829024686014
4,100,0.888,-4.086473897048948
4,100,0.889,-4.08412291421445
4,100,0.89,-4.081776063137332
4,100,0.891,-4.079433330819238
4,100,0.892,-4.07709470430857
4,100,0.893,-4.074760170700187
4,100,0.894,-4.072429717135284
4,100,0.895,-4.0701033308013335
4,100,0.896,-4.067780998931814
4,100,0.897,-4.065462708806078
4,100,0.898,-4.063148447749243
4,100,0.899,-4.060838203131967
4,100,0.9,-4.05853196237036
4,100,0.901,-4.05622971292583
4,100,0.902,-4.053931442304726
4,100,0.903,-4.051637138058584
4,100,0.904,-4.049346787783503
4,100,0.905,-4.047060379120482
4,100,0.906,-4.044777899754792
4,100,0.907,-4.042499337416183
4,100,0.908,-4.0402246798785235
4,100,0.909,-4.037953914959691
4,100,0.91,-4.035687030521551
4,100,0.911,-4.033424014469578
4,100,0.912,-4.0311648547529
4,100,0.913,-4.028909539364145
4,100,0.914,-4.026658056338928
4,100,0.915,-4.024410393756361
4,100,0.916,-4.022166539738414
4,100,0.917,-4.019926482449709
4,100,0.918,-4.0176902100977685
4,100,0.919,-4.015457710932635
4,100,0.92,-4.013228973246585
4,100,0.921,-4.011003985374262
4,100,0.922,-4.008782735692362
4,100,0.923,-4.006565212619617
4,100,0.924,-4.004351404616435
4,100,0.925,-4.002141300184925
4,100,0.926,-3.9999348878687835
4,100,0.927,-3.9977321562528756
4,100,0.928,-3.995533093963566
4,100,0.929,-3.993337689668097
4,100,0.93,-3.99114593207468
4,100,0.931,-3.988957809932425
4,100,0.932,-3.986773312030989
4,100,0.933,-3.9845924272005284
4,100,0.934,-3.982415144311635
4,100,0.935,-3.980241452275135
4,100,0.936,-3.978071340041889
4,100,0.937,-3.975904796602703
4,100,0.9380000000000001,-3.9737418109881517
4,100,0.9390000000000001,-3.9715823722686228
4,100,0.9400000000000001,-3.9694264695538717
4,100,0.9410000000000001,-3.967274091993156
4,100,0.9420000000000001,-3.9651252287748795
4,100,0.9430000000000001,-3.962979869126726
4,100,0.9440000000000001,-3.960838002315059
4,100,0.9450000000000001,-3.9586996176454337
4,100,0.9460000000000001,-3.9565647044618624
4,100,0.9470000000000001,-3.9544332521469494
4,100,0.9480000000000001,-3.952305250121846
4,100,0.9490000000000001,-3.95018068784585
4,100,0.9500000000000001,-3.948059554816563
4,100,0.9510000000000001,-3.945941840569489
4,100,0.9520000000000001,-3.943827534678035
4,100,0.9530000000000001,-3.941716626753511
4,100,0.9540000000000001,-3.939609106444597
4,100,0.9550000000000001,-3.937504963437677
4,100,0.9560000000000001,-3.9354041874563706
4,100,0.9570000000000001,-3.9333067682615575
4,100,0.9580000000000001,-3.931212695651265
4,100,0.9590000000000001,-3.929121959460402
4,100,0.96,-3.927034549560693
4,100,0.961,-3.924950455860632
4,100,0.962,-3.9228696683052955
4,100,0.963,-3.920792176876098
4,100,0.964,-3.9187179715908127
4,100,0.965,-3.9166470425034294
4,100,0.966,-3.914579379703964
4,100,0.967,-3.9125149733182707
4,100,0.968,-3.9104538135081968
4,100,0.969,-3.908395890471039
4,100,0.97,-3.906341194439722
4,100,0.971,-3.904289715682663
4,100,0.972,-3.9022414445034848
4,100,0.973,-3.9001963712409826
4,100,0.974,-3.8981544862689677
4,100,0.975,-3.8961157799961232
4,100,0.976,-3.894080242866138
4,100,0.977,-3.8920478653570734
4,100,0.978,-3.890018637981685
4,100,0.979,-3.8879925512871116
4,100,0.98,-3.885969595854799
4,100,0.981,-3.8839497623002983
4,100,0.982,-3.8819330412733444
4,100,0.983,-3.8799194234574452
4,100,0.984,-3.8779088995699484
4,100,0.985,-3.8759014603619524
4,100,0.986,-3.8738970966180064
4,100,0.987,-3.8718957991561775
4,100,0.988,-3.8698975588278284
4,100,0.989,-3.8679023665175394
4,100,0.99,-3.86591021314292
4,100,0.991,-3.8639210896546428
4,100,0.992,-3.8619349870359976
4,100,0.993,-3.859951896303293
4,100,0.994,-3.8579718085051784
4,100,0.995,-3.8559947147230322
4,100,0.996,-3.8540206060703297
4,100,0.997,-3.852049473693109
4,100,0.998,-3.850081308769271
4,100,0.999,-3.8481161025088584
4,100,1.0,-3.8461538461538436
