d,alpha,delta,gamma,objective_minus_endpoint,series_order
2,1.350000000000000000e+01,0.000000000000000000e+00,1.000000000000000000e+00,0.000000000000000000e+00,24
2,1.350000000000000000e+01,1.428571428571428679e-04,9.998571428571428887e-01,-7.834924777960772246e-06,24
2,1.350000000000000000e+01,2.857142857142857357e-04,9.997142857142856665e-01,-1.578666571272480112e-05,24
2,1.350000000000000000e+01,4.285714285714285494e-04,9.995714285714285552e-01,-2.385516559047506924e-05,24
2,1.350000000000000000e+01,5.714285714285714714e-04,9.994285714285714439e-01,-3.204036692736056402e-05,24
2,1.350000000000000000e+01,7.142857142857142851e-04,9.992857142857143327e-01,-4.034221196930198872e-05,24
2,1.350000000000000000e+01,8.571428571428570987e-04,9.991428571428571104e-01,-4.876064269346280788e-05,24
2,1.350000000000000000e+01,1.000000000000000021e-03,9.989999999999999991e-01,-5.729560080747209128e-05,24
2,1.350000000000000000e+01,1.142857142857142943e-03,9.988571428571428878e-01,-6.594702775070127032e-05,24
2,1.350000000000000000e+01,1.285714285714285648e-03,9.987142857142856656e-01,-7.471486469418087140e-05,24
2,1.350000000000000000e+01,1.428571428571428570e-03,9.985714285714285543e-01,-8.359905254107236061e-05,24
2,1.350000000000000000e+01,1.571428571428571492e-03,9.984285714285714430e-01,-9.259953192725101090e-05,24
2,1.350000000000000000e+01,1.714285714285714197e-03,9.982857142857143318e-01,-1.017162432212781464e-04,24
2,1.350000000000000000e+01,1.857142857142857120e-03,9.981428571428571095e-01,-1.109491265253725878e-04,24
2,1.350000000000000000e+01,2.000000000000000042e-03,9.979999999999999982e-01,-1.202981216753273852e-04,24
2,1.350000000000000000e+01,2.142857142857142964e-03,9.978571428571428870e-01,-1.297631682410094189e-04,24
2,1.350000000000000000e+01,2.285714285714285886e-03,9.977142857142856647e-01,-1.393442055269977775e-04,24
2,1.350000000000000000e+01,2.428571428571428808e-03,9.975714285714285534e-01,-1.490411725726115133e-04,24
2,1.350000000000000000e+01,2.571428571428571296e-03,9.974285714285714421e-01,-1.588540081526590431e-04,24
2,1.350000000000000000e+01,2.714285714285714218e-03,9.972857142857143309e-01,-1.687826507774103924e-04,24
2,1.350000000000000000e+01,2.857142857142857140e-03,9.971428571428571086e-01,-1.788270386933465961e-04,24
2,1.350000000000000000e+01,3.000000000000000062e-03,9.969999999999999973e-01,-1.889871098836315433e-04,24
2,1.350000000000000000e+01,3.142857142857142985e-03,9.968571428571428861e-01,-1.992628020681674883e-04,24
2,1.350000000000000000e+01,3.285714285714285907e-03,9.967142857142856638e-01,-2.096540527040946511e-04,24
2,1.350000000000000000e+01,3.428571428571428395e-03,9.965714285714285525e-01,-2.201607989864573511e-04,24
2,1.350000000000000000e+01,3.571428571428571317e-03,9.964285714285714413e-01,-2.307829778480652294e-04,24
2,1.350000000000000000e+01,3.714285714285714239e-03,9.962857142857143300e-01,-2.415205259605479604e-04,24
2,1.350000000000000000e+01,3.857142857142857595e-03,9.961428571428571077e-01,-2.523733797342442298e-04,24
2,1.350000000000000000e+01,4.000000000000000083e-03,9.959999999999999964e-01,-2.633414753189233792e-04,24
2,1.350000000000000000e+01,4.142857142857142572e-03,9.958571428571428852e-01,-2.744247486039241846e-04,24
2,1.350000000000000000e+01,4.285714285714285927e-03,9.957142857142856629e-01,-2.856231352186822114e-04,24
2,1.350000000000000000e+01,4.428571428571428416e-03,9.955714285714285516e-01,-2.969365705333959493e-04,24
2,1.350000000000000000e+01,4.571428571428571772e-03,9.954285714285714404e-01,-3.083649896588047667e-04,24
2,1.350000000000000000e+01,4.714285714285714260e-03,9.952857142857143291e-01,-3.199083274472158678e-04,24
2,1.350000000000000000e+01,4.857142857142857616e-03,9.951428571428571068e-01,-3.315665184925598030e-04,24
2,1.350000000000000000e+01,5.000000000000000104e-03,9.949999999999999956e-01,-3.433394971308068033e-04,24
2,1.350000000000000000e+01,5.142857142857142592e-03,9.948571428571428843e-01,-3.552271974408272026e-04,24
2,1.350000000000000000e+01,5.285714285714285948e-03,9.947142857142856620e-01,-3.672295532438640819e-04,24
2,1.350000000000000000e+01,5.428571428571428437e-03,9.945714285714285507e-01,-3.793464981050320706e-04,24
2,1.350000000000000000e+01,5.571428571428571792e-03,9.944285714285714395e-01,-3.915779653327067233e-04,24
2,1.350000000000000000e+01,5.714285714285714281e-03,9.942857142857143282e-01,-4.039238879799400550e-04,24
2,1.350000000000000000e+01,5.857142857142857637e-03,9.941428571428571059e-01,-4.163841988439054287e-04,24
2,1.350000000000000000e+01,6.000000000000000125e-03,9.939999999999999947e-01,-4.289588304672575791e-04,24
2,1.350000000000000000e+01,6.142857142857142613e-03,9.938571428571428834e-01,-4.416477151374942345e-04,24
2,1.350000000000000000e+01,6.285714285714285969e-03,9.937142857142856611e-01,-4.544507848881773615e-04,24
2,1.350000000000000000e+01,6.428571428571428457e-03,9.935714285714285499e-01,-4.673679714991552103e-04,24
2,1.350000000000000000e+01,6.571428571428571813e-03,9.934285714285714386e-01,-4.803992064969231368e-04,24
2,1.350000000000000000e+01,6.714285714285714302e-03,9.932857142857143273e-01,-4.935444211547068694e-04,24
2,1.350000000000000000e+01,6.857142857142856790e-03,9.931428571428571050e-01,-5.068035464934894652e-04,24
2,1.350000000000000000e+01,7.000000000000000146e-03,9.929999999999999938e-01,-5.201765132821500881e-04,24
2,1.350000000000000000e+01,7.142857142857142634e-03,9.928571428571428825e-01,-5.336632520375472755e-04,24
2,1.350000000000000000e+01,7.285714285714285990e-03,9.927142857142856602e-01,-5.472636930256014054e-04,24
2,1.350000000000000000e+01,7.428571428571428478e-03,9.925714285714285490e-01,-5.609777662611281634e-04,24
2,1.350000000000000000e+01,7.571428571428571834e-03,9.924285714285714377e-01,-5.748054015084491652e-04,24
2,1.350000000000000000e+01,7.714285714285715190e-03,9.922857142857143264e-01,-5.887465282818915568e-04,24
2,1.350000000000000000e+01,7.857142857142857678e-03,9.921428571428571042e-01,-6.028010758463431262e-04,24
2,1.350000000000000000e+01,8.000000000000000167e-03,9.919999999999999929e-01,-6.169689732173355701e-04,24
2,1.350000000000000000e+01,8.142857142857144390e-03,9.918571428571428816e-01,-6.312501491613220495e-04,24
2,1.350000000000000000e+01,8.285714285714285143e-03,9.917142857142857704e-01,-6.456445321967319018e-04,24
2,1.350000000000000000e+01,8.428571428571427632e-03,9.915714285714285481e-01,-6.601520505939983963e-04,24
2,1.350000000000000000e+01,8.571428571428571855e-03,9.914285714285714368e-01,-6.747726323760028233e-04,24
2,1.350000000000000000e+01,8.714285714285714343e-03,9.912857142857143256e-01,-6.895062053183798056e-04,24
2,1.350000000000000000e+01,8.857142857142856832e-03,9.911428571428571033e-01,-7.043526969501001656e-04,24
2,1.350000000000000000e+01,8.999999999999999320e-03,9.909999999999999920e-01,-7.193120345540815475e-04,24
2,1.350000000000000000e+01,9.142857142857143543e-03,9.908571428571428807e-01,-7.343841451671884180e-04,24
2,1.350000000000000000e+01,9.285714285714286031e-03,9.907142857142856585e-01,-7.495689555808704441e-04,24
2,1.350000000000000000e+01,9.428571428571428520e-03,9.905714285714285472e-01,-7.648663923416343380e-04,24
2,1.350000000000000000e+01,9.571428571428572743e-03,9.904285714285714359e-01,-7.802763817513214128e-04,24
2,1.350000000000000000e+01,9.714285714285715231e-03,9.902857142857143247e-01,-7.957988498678014722e-04,24
2,1.350000000000000000e+01,9.857142857142857720e-03,9.901428571428571024e-01,-8.114337225050838320e-04,24
2,1.350000000000000000e+01,1.000000000000000021e-02,9.899999999999999911e-01,-8.271809252340112106e-04,24
2,1.350000000000000000e+01,1.014285714285714270e-02,9.898571428571428799e-01,-8.430403833822042170e-04,24
2,1.350000000000000000e+01,1.028571428571428518e-02,9.897142857142857686e-01,-8.590120220352825964e-04,24
2,1.350000000000000000e+01,1.042857142857142767e-02,9.895714285714285463e-01,-8.750957660366431856e-04,24
2,1.350000000000000000e+01,1.057142857142857190e-02,9.894285714285714350e-01,-8.912915399878762468e-04,24
2,1.350000000000000000e+01,1.071428571428571438e-02,9.892857142857143238e-01,-9.075992682499589570e-04,24
2,1.350000000000000000e+01,1.085714285714285687e-02,9.891428571428571015e-01,-9.240188749426447856e-04,24
2,1.350000000000000000e+01,1.100000000000000110e-02,9.889999999999999902e-01,-9.405502839455459618e-04,24
2,1.350000000000000000e+01,1.114285714285714358e-02,9.888571428571428790e-01,-9.571934188983832748e-04,24
2,1.350000000000000000e+01,1.128571428571428607e-02,9.887142857142857677e-01,-9.739482032015966961e-04,24
2,1.350000000000000000e+01,1.142857142857142856e-02,9.885714285714285454e-01,-9.908145600163176248e-04,24
2,1.350000000000000000e+01,1.157142857142857278e-02,9.884285714285714342e-01,-1.007792412265368087e-03,24
2,1.350000000000000000e+01,1.171428571428571527e-02,9.882857142857143229e-01,-1.024881682633371760e-03,24
2,1.350000000000000000e+01,1.185714285714285776e-02,9.881428571428571006e-01,-1.042082293567142548e-03,24
2,1.350000000000000000e+01,1.200000000000000025e-02,9.879999999999999893e-01,-1.059394167276128673e-03,24
2,1.350000000000000000e+01,1.214285714285714274e-02,9.878571428571428781e-01,-1.076817225733273098e-03,24
2,1.350000000000000000e+01,1.228571428571428523e-02,9.877142857142857668e-01,-1.094351390674763724e-03,24
2,1.350000000000000000e+01,1.242857142857142771e-02,9.875714285714285445e-01,-1.111996583601115862e-03,24
2,1.350000000000000000e+01,1.257142857142857194e-02,9.874285714285714333e-01,-1.129752725776977940e-03,24
2,1.350000000000000000e+01,1.271428571428571443e-02,9.872857142857143220e-01,-1.147619738232158459e-03,24
2,1.350000000000000000e+01,1.285714285714285691e-02,9.871428571428570997e-01,-1.165597541761625999e-03,24
2,1.350000000000000000e+01,1.300000000000000114e-02,9.869999999999999885e-01,-1.183686056926314123e-03,24
2,1.350000000000000000e+01,1.314285714285714363e-02,9.868571428571428772e-01,-1.201885204053121381e-03,24
2,1.350000000000000000e+01,1.328571428571428611e-02,9.867142857142857659e-01,-1.220194903235743977e-03,24
2,1.350000000000000000e+01,1.342857142857142860e-02,9.865714285714285436e-01,-1.238615074334897814e-03,24
2,1.350000000000000000e+01,1.357142857142857283e-02,9.864285714285714324e-01,-1.257145636978956871e-03,24
2,1.350000000000000000e+01,1.371428571428571358e-02,9.862857142857143211e-01,-1.275786510564036469e-03,24
2,1.350000000000000000e+01,1.385714285714285607e-02,9.861428571428570988e-01,-1.294537614254825941e-03,24
2,1.350000000000000000e+01,1.400000000000000029e-02,9.859999999999999876e-01,-1.313398866984755164e-03,24
2,1.350000000000000000e+01,1.414285714285714278e-02,9.858571428571428763e-01,-1.332370187456521915e-03,24
2,1.350000000000000000e+01,1.428571428571428527e-02,9.857142857142857650e-01,-1.351451494142730247e-03,24
2,1.350000000000000000e+01,1.442857142857142949e-02,9.855714285714285428e-01,-1.370642705285918250e-03,24
2,1.350000000000000000e+01,1.457142857142857198e-02,9.854285714285714315e-01,-1.389943738899362957e-03,24
2,1.350000000000000000e+01,1.471428571428571447e-02,9.852857142857143202e-01,-1.409354512767274636e-03,24
2,1.350000000000000000e+01,1.485714285714285696e-02,9.851428571428570979e-01,-1.428874944445601702e-03,24
2,1.350000000000000000e+01,1.500000000000000118e-02,9.849999999999999867e-01,-1.448504951261891938e-03,24
2,1.350000000000000000e+01,1.514285714285714367e-02,9.848571428571428754e-01,-1.468244450316263938e-03,24
2,1.350000000000000000e+01,1.528571428571428616e-02,9.847142857142857642e-01,-1.488093358481767936e-03,24
2,1.350000000000000000e+01,1.542857142857143038e-02,9.845714285714285419e-01,-1.508051592404469066e-03,24
2,1.350000000000000000e+01,1.557142857142857287e-02,9.844285714285714306e-01,-1.528119068504224520e-03,24
2,1.350000000000000000e+01,1.571428571428571536e-02,9.842857142857143193e-01,-1.548295702975210908e-03,24
2,1.350000000000000000e+01,1.585714285714285784e-02,9.841428571428570971e-01,-1.568581411786007518e-03,24
2,1.350000000000000000e+01,1.600000000000000033e-02,9.839999999999999858e-01,-1.588976110680373477e-03,24
2,1.350000000000000000e+01,1.614285714285714282e-02,9.838571428571428745e-01,-1.609479715177525305e-03,24
2,1.350000000000000000e+01,1.628571428571428878e-02,9.837142857142857633e-01,-1.630092140572497739e-03,24
2,1.350000000000000000e+01,1.642857142857143127e-02,9.835714285714285410e-01,-1.650813301937142930e-03,24
2,1.350000000000000000e+01,1.657142857142857029e-02,9.834285714285714297e-01,-1.671643114119492068e-03,24
2,1.350000000000000000e+01,1.671428571428571278e-02,9.832857142857143185e-01,-1.692581491745448474e-03,24
2,1.350000000000000000e+01,1.685714285714285526e-02,9.831428571428570962e-01,-1.713628349218399016e-03,24
2,1.350000000000000000e+01,1.699999999999999775e-02,9.829999999999999849e-01,-1.734783600719963514e-03,24
2,1.350000000000000000e+01,1.714285714285714371e-02,9.828571428571428736e-01,-1.756047160210355562e-03,24
2,1.350000000000000000e+01,1.728571428571428620e-02,9.827142857142857624e-01,-1.777418941428965393e-03,24
2,1.350000000000000000e+01,1.742857142857142869e-02,9.825714285714285401e-01,-1.798898857894665193e-03,24
2,1.350000000000000000e+01,1.757142857142857117e-02,9.824285714285714288e-01,-1.820486822906280944e-03,24
2,1.350000000000000000e+01,1.771428571428571366e-02,9.822857142857143176e-01,-1.842182749543314069e-03,24
2,1.350000000000000000e+01,1.785714285714285615e-02,9.821428571428570953e-01,-1.863986550665774899e-03,24
2,1.350000000000000000e+01,1.799999999999999864e-02,9.819999999999999840e-01,-1.885898138915376165e-03,24
2,1.350000000000000000e+01,1.814285714285714460e-02,9.818571428571428727e-01,-1.907917426715394216e-03,24
2,1.350000000000000000e+01,1.828571428571428709e-02,9.817142857142857615e-01,-1.930044326271390664e-03,24
2,1.350000000000000000e+01,1.842857142857142957e-02,9.815714285714285392e-01,-1.952278749571906280e-03,24
2,1.350000000000000000e+01,1.857142857142857206e-02,9.814285714285714279e-01,-1.974620608388294452e-03,24
2,1.350000000000000000e+01,1.871428571428571455e-02,9.812857142857143167e-01,-1.997069814275720390e-03,24
2,1.350000000000000000e+01,1.885714285714285704e-02,9.811428571428570944e-01,-2.019626278573355416e-03,24
2,1.350000000000000000e+01,1.899999999999999953e-02,9.809999999999999831e-01,-2.042289912404793295e-03,24
2,1.350000000000000000e+01,1.914285714285714549e-02,9.808571428571428719e-01,-2.065060626678938416e-03,24
2,1.350000000000000000e+01,1.928571428571428797e-02,9.807142857142857606e-01,-2.087938332089755988e-03,24
2,1.350000000000000000e+01,1.942857142857143046e-02,9.805714285714285383e-01,-2.110922939117410024e-03,24
2,1.350000000000000000e+01,1.957142857142857295e-02,9.804285714285714270e-01,-2.134014358027985780e-03,24
2,1.350000000000000000e+01,1.971428571428571544e-02,9.802857142857143158e-01,-2.157212498875071827e-03,24
2,1.350000000000000000e+01,1.985714285714285793e-02,9.801428571428570935e-01,-2.180517271498899623e-03,24
2,1.350000000000000000e+01,2.000000000000000042e-02,9.799999999999999822e-01,-2.203928585527592521e-03,24
2,1.350000000000000000e+01,2.014285714285714290e-02,9.798571428571428710e-01,-2.227446350377693118e-03,24
2,1.350000000000000000e+01,2.028571428571428539e-02,9.797142857142857597e-01,-2.251070475254024483e-03,24
2,1.350000000000000000e+01,2.042857142857142788e-02,9.795714285714285374e-01,-2.274800869150744864e-03,24
2,1.350000000000000000e+01,2.057142857142857037e-02,9.794285714285714262e-01,-2.298637440851569735e-03,24
2,1.350000000000000000e+01,2.071428571428571286e-02,9.792857142857143149e-01,-2.322580098930021597e-03,24
2,1.350000000000000000e+01,2.085714285714285535e-02,9.791428571428570926e-01,-2.346628751750540198e-03,24
2,1.350000000000000000e+01,2.100000000000000130e-02,9.789999999999999813e-01,-2.370783307467927425e-03,24
2,1.350000000000000000e+01,2.114285714285714379e-02,9.788571428571428701e-01,-2.395043674028929370e-03,24
2,1.350000000000000000e+01,2.128571428571428628e-02,9.787142857142857588e-01,-2.419409759171764485e-03,24
2,1.350000000000000000e+01,2.142857142857142877e-02,9.785714285714285365e-01,-2.443881470427039515e-03,24
2,1.350000000000000000e+01,2.157142857142857126e-02,9.784285714285714253e-01,-2.468458715118415636e-03,24
2,1.350000000000000000e+01,2.171428571428571375e-02,9.782857142857143140e-01,-2.493141400362469673e-03,24
2,1.350000000000000000e+01,2.185714285714285623e-02,9.781428571428570917e-01,-2.517929433069665546e-03,24
2,1.350000000000000000e+01,2.200000000000000219e-02,9.779999999999999805e-01,-2.542822719944604071e-03,24
2,1.350000000000000000e+01,2.214285714285714468e-02,9.778571428571428692e-01,-2.567821167486633582e-03,24
2,1.350000000000000000e+01,2.228571428571428717e-02,9.777142857142857579e-01,-2.592924681989822178e-03,24
2,1.350000000000000000e+01,2.242857142857142966e-02,9.775714285714285356e-01,-2.618133169544262229e-03,24
2,1.350000000000000000e+01,2.257142857142857215e-02,9.774285714285714244e-01,-2.643446536035876093e-03,24
2,1.350000000000000000e+01,2.271428571428571463e-02,9.772857142857143131e-01,-2.668864687147026737e-03,24
2,1.350000000000000000e+01,2.285714285714285712e-02,9.771428571428570908e-01,-2.694387528357017336e-03,24
2,1.350000000000000000e+01,2.300000000000000308e-02,9.769999999999999796e-01,-2.720014964942757407e-03,24
2,1.350000000000000000e+01,2.314285714285714557e-02,9.768571428571428683e-01,-2.745746901978929344e-03,24
2,1.350000000000000000e+01,2.328571428571428806e-02,9.767142857142857570e-01,-2.771583244338488017e-03,24
2,1.350000000000000000e+01,2.342857142857143055e-02,9.765714285714285348e-01,-2.797523896693271395e-03,24
2,1.350000000000000000e+01,2.357142857142857303e-02,9.764285714285714235e-01,-2.823568763514500146e-03,24
2,1.350000000000000000e+01,2.371428571428571552e-02,9.762857142857143122e-01,-2.849717749073027440e-03,24
2,1.350000000000000000e+01,2.385714285714285454e-02,9.761428571428572010e-01,-2.875970757439949566e-03,24
2,1.350000000000000000e+01,2.400000000000000050e-02,9.759999999999999787e-01,-2.902327692487105537e-03,24
2,1.350000000000000000e+01,2.414285714285714299e-02,9.758571428571428674e-01,-2.928788457887465668e-03,24
2,1.350000000000000000e+01,2.428571428571428548e-02,9.757142857142857562e-01,-2.955352957115409129e-03,24
2,1.350000000000000000e+01,2.442857142857142796e-02,9.755714285714285339e-01,-2.982021093447889681e-03,24
2,1.350000000000000000e+01,2.457142857142857045e-02,9.754285714285714226e-01,-3.008792769963991587e-03,24
2,1.350000000000000000e+01,2.471428571428571294e-02,9.752857142857143113e-01,-3.035667889545901055e-03,24
2,1.350000000000000000e+01,2.485714285714285543e-02,9.751428571428570891e-01,-3.062646354879516863e-03,24
2,1.350000000000000000e+01,2.500000000000000139e-02,9.749999999999999778e-01,-3.089728068454394849e-03,24
2,1.350000000000000000e+01,2.514285714285714388e-02,9.748571428571428665e-01,-3.116912932564719352e-03,24
2,1.350000000000000000e+01,2.528571428571428636e-02,9.747142857142857553e-01,-3.144200849309636281e-03,24
2,1.350000000000000000e+01,2.542857142857142885e-02,9.745714285714285330e-01,-3.171591720593641694e-03,24
2,1.350000000000000000e+01,2.557142857142857134e-02,9.744285714285714217e-01,-3.199085448126776088e-03,24
2,1.350000000000000000e+01,2.571428571428571383e-02,9.742857142857143105e-01,-3.226681933425901150e-03,24
2,1.350000000000000000e+01,2.585714285714285632e-02,9.741428571428571992e-01,-3.254381077814200163e-03,24
2,1.350000000000000000e+01,2.600000000000000228e-02,9.739999999999999769e-01,-3.282182782422454759e-03,24
2,1.350000000000000000e+01,2.614285714285714476e-02,9.738571428571428656e-01,-3.310086948189044920e-03,24
2,1.350000000000000000e+01,2.628571428571428725e-02,9.737142857142857544e-01,-3.338093475860504089e-03,24
2,1.350000000000000000e+01,2.642857142857142974e-02,9.735714285714285321e-01,-3.366202265992074283e-03,24
2,1.350000000000000000e+01,2.657142857142857223e-02,9.734285714285714208e-01,-3.394413218948261202e-03,24
2,1.350000000000000000e+01,2.671428571428571472e-02,9.732857142857143096e-01,-3.422726234903028519e-03,24
2,1.350000000000000000e+01,2.685714285714285721e-02,9.731428571428570873e-01,-3.451141213840575039e-03,24
2,1.350000000000000000e+01,2.700000000000000316e-02,9.729999999999999760e-01,-3.479658055555556739e-03,24
2,1.350000000000000000e+01,2.714285714285714565e-02,9.728571428571428648e-01,-3.508276659653669638e-03,24
2,1.350000000000000000e+01,2.728571428571428814e-02,9.727142857142857535e-01,-3.536996925552315929e-03,24
2,1.350000000000000000e+01,2.742857142857142716e-02,9.725714285714285312e-01,-3.565818752480603981e-03,24
2,1.350000000000000000e+01,2.757142857142856965e-02,9.724285714285714199e-01,-3.594742039480264273e-03,24
2,1.350000000000000000e+01,2.771428571428571214e-02,9.722857142857143087e-01,-3.623766685406037968e-03,24
2,1.350000000000000000e+01,2.785714285714285809e-02,9.721428571428571974e-01,-3.652892588925954476e-03,24
2,1.350000000000000000e+01,2.800000000000000058e-02,9.719999999999999751e-01,-3.682119648521858801e-03,24
2,1.350000000000000000e+01,2.814285714285714307e-02,9.718571428571428639e-01,-3.711447762490133195e-03,24
2,1.350000000000000000e+01,2.828571428571428556e-02,9.717142857142857526e-01,-3.740876828941946952e-03,24
2,1.350000000000000000e+01,2.842857142857142805e-02,9.715714285714285303e-01,-3.770406745803839277e-03,24
2,1.350000000000000000e+01,2.857142857142857054e-02,9.714285714285714191e-01,-3.800037410817913575e-03,24
2,1.350000000000000000e+01,2.871428571428571649e-02,9.712857142857143078e-01,-3.829768721542808896e-03,24
2,1.350000000000000000e+01,2.885714285714285898e-02,9.711428571428570855e-01,-3.859600575353699936e-03,24
2,1.350000000000000000e+01,2.900000000000000494e-02,9.709999999999999742e-01,-3.889532869443212970e-03,24
2,1.350000000000000000e+01,2.914285714285714396e-02,9.708571428571428630e-01,-3.919565500821425852e-03,24
2,1.350000000000000000e+01,2.928571428571428298e-02,9.707142857142857517e-01,-3.949698366316645171e-03,24
2,1.350000000000000000e+01,2.942857142857142894e-02,9.705714285714285294e-01,-3.979931362576100140e-03,24
2,1.350000000000000000e+01,2.957142857142856796e-02,9.704285714285714182e-01,-4.010264386065665043e-03,24
2,1.350000000000000000e+01,2.971428571428571391e-02,9.702857142857143069e-01,-4.040697333071371911e-03,24
2,1.350000000000000000e+01,2.985714285714285640e-02,9.701428571428571956e-01,-4.071230099698758265e-03,24
2,1.350000000000000000e+01,3.000000000000000236e-02,9.699999999999999734e-01,-4.101862581874393676e-03,24
2,1.350000000000000000e+01,3.014285714285714138e-02,9.698571428571428621e-01,-4.132594675345685475e-03,24
2,1.350000000000000000e+01,3.028571428571428734e-02,9.697142857142857508e-01,-4.163426275681503252e-03,24
2,1.350000000000000000e+01,3.042857142857142635e-02,9.695714285714285285e-01,-4.194357278272956013e-03,24
2,1.350000000000000000e+01,3.057142857142857231e-02,9.694285714285714173e-01,-4.225387578333267280e-03,24
2,1.350000000000000000e+01,3.071428571428571133e-02,9.692857142857143060e-01,-4.256517070898996336e-03,24
2,1.350000000000000000e+01,3.085714285714286076e-02,9.691428571428570837e-01,-4.287745650829927202e-03,24
2,1.350000000000000000e+01,3.099999999999999978e-02,9.689999999999999725e-01,-4.319073212809776408e-03,24
2,1.350000000000000000e+01,3.114285714285714574e-02,9.688571428571428612e-01,-4.350499651346623198e-03,24
2,1.350000000000000000e+01,3.128571428571428475e-02,9.687142857142857499e-01,-4.382024860773534036e-03,24
2,1.350000000000000000e+01,3.142857142857143071e-02,9.685714285714285277e-01,-4.413648735248826283e-03,24
2,1.350000000000000000e+01,3.157142857142856973e-02,9.684285714285714164e-01,-4.445371168756845348e-03,24
2,1.350000000000000000e+01,3.171428571428571569e-02,9.682857142857143051e-01,-4.477192055107839797e-03,24
2,1.350000000000000000e+01,3.185714285714285471e-02,9.681428571428571939e-01,-4.509111287939390755e-03,24
2,1.350000000000000000e+01,3.200000000000000067e-02,9.679999999999999716e-01,-4.541128760715912316e-03,24
2,1.350000000000000000e+01,3.214285714285713969e-02,9.678571428571428603e-01,-4.573244366729845023e-03,24
2,1.350000000000000000e+01,3.228571428571428564e-02,9.677142857142857491e-01,-4.605457999101697508e-03,24
2,1.350000000000000000e+01,3.242857142857143160e-02,9.675714285714285268e-01,-4.637769550780906913e-03,24
2,1.350000000000000000e+01,3.257142857142857756e-02,9.674285714285714155e-01,-4.670178914545797255e-03,24
2,1.350000000000000000e+01,3.271428571428571658e-02,9.672857142857143042e-01,-4.702685983004675774e-03,24
2,1.350000000000000000e+01,3.285714285714286254e-02,9.671428571428570820e-01,-4.735290648595943952e-03,24
2,1.350000000000000000e+01,3.300000000000000155e-02,9.669999999999999707e-01,-4.767992803588499973e-03,24
2,1.350000000000000000e+01,3.314285714285714057e-02,9.668571428571428594e-01,-4.800792340082543630e-03,24
2,1.350000000000000000e+01,3.328571428571428653e-02,9.667142857142857482e-01,-4.833689150009937152e-03,24
2,1.350000000000000000e+01,3.342857142857142555e-02,9.665714285714285259e-01,-4.866683125134357857e-03,24
2,1.350000000000000000e+01,3.357142857142857151e-02,9.664285714285714146e-01,-4.899774157052394497e-03,24
2,1.350000000000000000e+01,3.371428571428571053e-02,9.662857142857143034e-01,-4.932962137193422358e-03,24
2,1.350000000000000000e+01,3.385714285714285648e-02,9.661428571428571921e-01,-4.966246956820505321e-03,24
2,1.350000000000000000e+01,3.399999999999999550e-02,9.659999999999999698e-01,-4.999628507030659530e-03,24
2,1.350000000000000000e+01,3.414285714285714146e-02,9.658571428571428585e-01,-5.033106678755588925e-03,24
2,1.350000000000000000e+01,3.428571428571428742e-02,9.657142857142857473e-01,-5.066681362761851770e-03,24
2,1.350000000000000000e+01,3.442857142857143338e-02,9.655714285714285250e-01,-5.100352449651388009e-03,24
2,1.350000000000000000e+01,3.457142857142857240e-02,9.654285714285714137e-01,-5.134119829862171525e-03,24
2,1.350000000000000000e+01,3.471428571428571835e-02,9.652857142857143025e-01,-5.167983393668765246e-03,24
2,1.350000000000000000e+01,3.485714285714285737e-02,9.651428571428571912e-01,-5.201943031182640342e-03,24
2,1.350000000000000000e+01,3.500000000000000333e-02,9.649999999999999689e-01,-5.235998632352398263e-03,24
2,1.350000000000000000e+01,3.514285714285714235e-02,9.648571428571428577e-01,-5.270150086964853209e-03,24
2,1.350000000000000000e+01,3.528571428571428831e-02,9.647142857142857464e-01,-5.304397284645073762e-03,24
2,1.350000000000000000e+01,3.542857142857142733e-02,9.645714285714285241e-01,-5.338740114856910246e-03,24
2,1.350000000000000000e+01,3.557142857142857328e-02,9.644285714285714128e-01,-5.373178466903771877e-03,24
2,1.350000000000000000e+01,3.571428571428571230e-02,9.642857142857143016e-01,-5.407712229928765546e-03,24
2,1.350000000000000000e+01,3.585714285714285826e-02,9.641428571428571903e-01,-5.442341292915375828e-03,24
2,1.350000000000000000e+01,3.599999999999999728e-02,9.639999999999999680e-01,-5.477065544687811927e-03,24
2,1.350000000000000000e+01,3.614285714285714324e-02,9.638571428571428568e-01,-5.511884873911507277e-03,24
2,1.350000000000000000e+01,3.628571428571428920e-02,9.637142857142857455e-01,-5.546799169093952209e-03,24
2,1.350000000000000000e+01,3.642857142857143515e-02,9.635714285714285232e-01,-5.581808318584804973e-03,24
2,1.350000000000000000e+01,3.657142857142857417e-02,9.634285714285714119e-01,-5.616912210576197051e-03,24
2,1.350000000000000000e+01,3.671428571428571319e-02,9.632857142857143007e-01,-5.652110733103829499e-03,24
2,1.350000000000000000e+01,3.685714285714285915e-02,9.631428571428571894e-01,-5.687403774046917437e-03,24
2,1.350000000000000000e+01,3.699999999999999817e-02,9.629999999999999671e-01,-5.722791221129092110e-03,24
2,1.350000000000000000e+01,3.714285714285714413e-02,9.628571428571428559e-01,-5.758272961918359245e-03,24
2,1.350000000000000000e+01,3.728571428571428314e-02,9.627142857142857446e-01,-5.793848883828139895e-03,24
2,1.350000000000000000e+01,3.742857142857142910e-02,9.625714285714285223e-01,-5.829518874117478600e-03,24
2,1.350000000000000000e+01,3.757142857142856812e-02,9.624285714285714111e-01,-5.865282819891515231e-03,24
2,1.350000000000000000e+01,3.771428571428571408e-02,9.622857142857142998e-01,-5.901140608102012353e-03,24
2,1.350000000000000000e+01,3.785714285714285310e-02,9.621428571428571885e-01,-5.937092125548062982e-03,24
2,1.350000000000000000e+01,3.799999999999999906e-02,9.619999999999999662e-01,-5.973137258875993449e-03,24
2,1.350000000000000000e+01,3.814285714285714501e-02,9.618571428571428550e-01,-6.009275894580543009e-03,24
2,1.350000000000000000e+01,3.828571428571429097e-02,9.617142857142857437e-01,-6.045507919004822206e-03,24
2,1.350000000000000000e+01,3.842857142857142999e-02,9.615714285714285214e-01,-6.081833218341242686e-03,24
2,1.350000000000000000e+01,3.857142857142857595e-02,9.614285714285714102e-01,-6.118251678631558832e-03,24
2,1.350000000000000000e+01,3.871428571428571497e-02,9.612857142857142989e-01,-6.154763185767589406e-03,24
2,1.350000000000000000e+01,3.885714285714286093e-02,9.611428571428571876e-01,-6.191367625491744908e-03,24
2,1.350000000000000000e+01,3.899999999999999994e-02,9.609999999999999654e-01,-6.228064883397471663e-03,24
2,1.350000000000000000e+01,3.914285714285714590e-02,9.608571428571428541e-01,-6.264854844929598765e-03,24
2,1.350000000000000000e+01,3.928571428571428492e-02,9.607142857142857428e-01,-6.301737395385198504e-03,24
2,1.350000000000000000e+01,3.942857142857143088e-02,9.605714285714285205e-01,-6.338712419913433704e-03,24
2,1.350000000000000000e+01,3.957142857142856990e-02,9.604285714285714093e-01,-6.375779803516695710e-03,24
2,1.350000000000000000e+01,3.971428571428571586e-02,9.602857142857142980e-01,-6.412939431050840300e-03,24
2,1.350000000000000000e+01,3.985714285714285487e-02,9.601428571428571868e-01,-6.450191187225562395e-03,24
2,1.350000000000000000e+01,4.000000000000000083e-02,9.599999999999999645e-01,-6.487534956604951164e-03,24
2,1.400000000000000000e+01,0.000000000000000000e+00,1.000000000000000000e+00,0.000000000000000000e+00,24
2,1.400000000000000000e+01,1.428571428571428679e-04,9.998571428571428887e-01,-6.249297090921146491e-08,24
2,1.400000000000000000e+01,2.857142857142857357e-04,9.997142857142856665e-01,-2.499436571878899116e-07,24
2,1.400000000000000000e+01,4.285714285714285494e-04,9.995714285714285552e-01,-5.623094713053111704e-07,24
2,1.400000000000000000e+01,5.714285714285714714e-04,9.994285714285714439e-01,-9.995474961055350605e-07,24
2,1.400000000000000000e+01,7.142857142857142851e-04,9.992857142857143327e-01,-1.561614484432705119e-06,24
2,1.400000000000000000e+01,8.571428571428570987e-04,9.991428571428571104e-01,-2.248466860477194018e-06,24
2,1.400000000000000000e+01,1.000000000000000021e-03,9.989999999999999991e-01,-3.060060719248247629e-06,24
2,1.400000000000000000e+01,1.142857142857142943e-03,9.988571428571428878e-01,-3.996351827767474774e-06,24
2,1.400000000000000000e+01,1.285714285714285648e-03,9.987142857142856656e-01,-5.057295624957824920e-06,24
2,1.400000000000000000e+01,1.428571428571428570e-03,9.985714285714285543e-01,-6.242847222170944121e-06,24
2,1.400000000000000000e+01,1.571428571428571492e-03,9.984285714285714430e-01,-7.552961403575753074e-06,24
2,1.400000000000000000e+01,1.714285714285714197e-03,9.982857142857143318e-01,-8.987592626741314206e-06,24
2,1.400000000000000000e+01,1.857142857142857120e-03,9.981428571428571095e-01,-1.054669502278948734e-05,24
2,1.400000000000000000e+01,2.000000000000000042e-03,9.979999999999999982e-01,-1.223022239699167457e-05,24
2,1.400000000000000000e+01,2.142857142857142964e-03,9.978571428571428870e-01,-1.403812822901862045e-05,24
2,1.400000000000000000e+01,2.285714285714285886e-03,9.977142857142856647e-01,-1.597036567357879022e-05,24
2,1.400000000000000000e+01,2.428571428571428808e-03,9.975714285714285534e-01,-1.802688756029346973e-05,24
2,1.400000000000000000e+01,2.571428571428571296e-03,9.974285714285714421e-01,-2.020764639501515525e-05,24
2,1.400000000000000000e+01,2.714285714285714218e-03,9.972857142857143309e-01,-2.251259435930019759e-05,24
2,1.400000000000000000e+01,2.857142857142857140e-03,9.971428571428571086e-01,-2.494168331125534710e-05,24
2,1.400000000000000000e+01,3.000000000000000062e-03,9.969999999999999973e-01,-2.749486478616225416e-05,24
2,1.400000000000000000e+01,3.142857142857142985e-03,9.968571428571428861e-01,-3.017208999642195799e-05,24
2,1.400000000000000000e+01,3.285714285714285907e-03,9.967142857142856638e-01,-3.297330983229040946e-05,24
2,1.400000000000000000e+01,3.428571428571428395e-03,9.965714285714285525e-01,-3.589847486216990458e-05,24
2,1.400000000000000000e+01,3.571428571428571317e-03,9.964285714285714413e-01,-3.894753533296990700e-05,24
2,1.400000000000000000e+01,3.714285714285714239e-03,9.962857142857143300e-01,-4.212044117073154847e-05,24
2,1.400000000000000000e+01,3.857142857142857595e-03,9.961428571428571077e-01,-4.541714198100232913e-05,24
2,1.400000000000000000e+01,4.000000000000000083e-03,9.959999999999999964e-01,-4.883758704878060630e-05,24
2,1.400000000000000000e+01,4.142857142857142572e-03,9.958571428571428852e-01,-5.238172533980622880e-05,24
2,1.400000000000000000e+01,4.285714285714285927e-03,9.957142857142856629e-01,-5.604950550006093657e-05,24
2,1.400000000000000000e+01,4.428571428571428416e-03,9.955714285714285516e-01,-5.984087585704511714e-05,24
2,1.400000000000000000e+01,4.571428571428571772e-03,9.954285714285714404e-01,-6.375578441954188325e-05,24
2,1.400000000000000000e+01,4.714285714285714260e-03,9.952857142857143291e-01,-6.779417887821381772e-05,24
2,1.400000000000000000e+01,4.857142857142857616e-03,9.951428571428571068e-01,-7.195600660632461842e-05,24
2,1.400000000000000000e+01,5.000000000000000104e-03,9.949999999999999956e-01,-7.624121465975297607e-05,24
2,1.400000000000000000e+01,5.142857142857142592e-03,9.948571428571428843e-01,-8.064974977782524146e-05,24
2,1.400000000000000000e+01,5.285714285714285948e-03,9.947142857142856620e-01,-8.518155838306562533e-05,24
2,1.400000000000000000e+01,5.428571428571428437e-03,9.945714285714285507e-01,-8.983658658261173269e-05,24
2,1.400000000000000000e+01,5.571428571428571792e-03,9.944285714285714395e-01,-9.461478016774271804e-05,24
2,1.400000000000000000e+01,5.714285714285714281e-03,9.942857142857143282e-01,-9.951608461490624169e-05,24
2,1.400000000000000000e+01,5.857142857142857637e-03,9.941428571428571059e-01,-1.045404450856352030e-04,24
2,1.400000000000000000e+01,6.000000000000000125e-03,9.939999999999999947e-01,-1.096878064277828635e-04,24
2,1.400000000000000000e+01,6.142857142857142613e-03,9.938571428571428834e-01,-1.149581131748844687e-04,24
2,1.400000000000000000e+01,6.285714285714285969e-03,9.937142857142856611e-01,-1.203513095474201267e-04,24
2,1.400000000000000000e+01,6.428571428571428457e-03,9.935714285714285499e-01,-1.258673394528841971e-04,24
2,1.400000000000000000e+01,6.571428571428571813e-03,9.934285714285714386e-01,-1.315061464864236696e-04,24
2,1.400000000000000000e+01,6.714285714285714302e-03,9.932857142857143273e-01,-1.372676739310324523e-04,24
2,1.400000000000000000e+01,6.857142857142856790e-03,9.931428571428571050e-01,-1.431518647580926062e-04,24
2,1.400000000000000000e+01,7.000000000000000146e-03,9.929999999999999938e-01,-1.491586616281237454e-04,24
2,1.400000000000000000e+01,7.142857142857142634e-03,9.928571428571428825e-01,-1.552880068905471145e-04,24
2,1.400000000000000000e+01,7.285714285714285990e-03,9.927142857142856602e-01,-1.615398425848513231e-04,24
2,1.400000000000000000e+01,7.428571428571428478e-03,9.925714285714285490e-01,-1.679141104404952012e-04,24
2,1.400000000000000000e+01,7.571428571428571834e-03,9.924285714285714377e-01,-1.744107518775739329e-04,24
2,1.400000000000000000e+01,7.714285714285715190e-03,9.922857142857143264e-01,-1.810297080071660014e-04,24
2,1.400000000000000000e+01,7.857142857142857678e-03,9.921428571428571042e-01,-1.877709196322352447e-04,24
2,1.400000000000000000e+01,8.000000000000000167e-03,9.919999999999999929e-01,-1.946343272472561559e-04,24
2,1.400000000000000000e+01,8.142857142857144390e-03,9.918571428571428816e-01,-2.016198710392547166e-04,24
2,1.400000000000000000e+01,8.285714285714285143e-03,9.917142857142857704e-01,-2.087274908880443203e-04,24
2,1.400000000000000000e+01,8.428571428571427632e-03,9.915714285714285481e-01,-2.159571263669057828e-04,24
2,1.400000000000000000e+01,8.571428571428571855e-03,9.914285714285714368e-01,-2.233087167426567321e-04,24
2,1.400000000000000000e+01,8.714285714285714343e-03,9.912857142857143256e-01,-2.307822009764148863e-04,24
2,1.400000000000000000e+01,8.857142857142856832e-03,9.911428571428571033e-01,-2.383775177237645870e-04,24
2,1.400000000000000000e+01,8.999999999999999320e-03,9.909999999999999920e-01,-2.460946053356033447e-04,24
2,1.400000000000000000e+01,9.142857142857143543e-03,9.908571428571428807e-01,-2.539334018582528607e-04,24
2,1.400000000000000000e+01,9.285714285714286031e-03,9.907142857142856585e-01,-2.618938450339169943e-04,24
2,1.400000000000000000e+01,9.428571428571428520e-03,9.905714285714285472e-01,-2.699758723014034079e-04,24
2,1.400000000000000000e+01,9.571428571428572743e-03,9.904285714285714359e-01,-2.781794207963317334e-04,24
2,1.400000000000000000e+01,9.714285714285715231e-03,9.902857142857143247e-01,-2.865044273517997064e-04,24
2,1.400000000000000000e+01,9.857142857142857720e-03,9.901428571428571024e-01,-2.949508284985080664e-04,24
2,1.400000000000000000e+01,1.000000000000000021e-02,9.899999999999999911e-01,-3.035185604655932234e-04,24
2,1.400000000000000000e+01,1.014285714285714270e-02,9.898571428571428799e-01,-3.122075591807660366e-04,24
2,1.400000000000000000e+01,1.028571428571428518e-02,9.897142857142857686e-01,-3.210177602710750921e-04,24
2,1.400000000000000000e+01,1.042857142857142767e-02,9.895714285714285463e-01,-3.299490990631287479e-04,24
2,1.400000000000000000e+01,1.057142857142857190e-02,9.894285714285714350e-01,-3.390015105834282005e-04,24
2,1.400000000000000000e+01,1.071428571428571438e-02,9.892857142857143238e-01,-3.481749295595054638e-04,24
2,1.400000000000000000e+01,1.085714285714285687e-02,9.891428571428571015e-01,-3.574692904195209131e-04,24
2,1.400000000000000000e+01,1.100000000000000110e-02,9.889999999999999902e-01,-3.668845272932902413e-04,24
2,1.400000000000000000e+01,1.114285714285714358e-02,9.888571428571428790e-01,-3.764205740124093591e-04,24
2,1.400000000000000000e+01,1.128571428571428607e-02,9.887142857142857677e-01,-3.860773641112258403e-04,24
2,1.400000000000000000e+01,1.142857142857142856e-02,9.885714285714285454e-01,-3.958548308264503435e-04,24
2,1.400000000000000000e+01,1.157142857142857278e-02,9.884285714285714342e-01,-4.057529070986415354e-04,24
2,1.400000000000000000e+01,1.171428571428571527e-02,9.882857142857143229e-01,-4.157715255719840464e-04,24
2,1.400000000000000000e+01,1.185714285714285776e-02,9.881428571428571006e-01,-4.259106185948297041e-04,24
2,1.400000000000000000e+01,1.200000000000000025e-02,9.879999999999999893e-01,-4.361701182201555005e-04,24
2,1.400000000000000000e+01,1.214285714285714274e-02,9.878571428571428781e-01,-4.465499562067432038e-04,24
2,1.400000000000000000e+01,1.228571428571428523e-02,9.877142857142857668e-01,-4.570500640184299579e-04,24
2,1.400000000000000000e+01,1.242857142857142771e-02,9.875714285714285445e-01,-4.676703728254683057e-04,24
2,1.400000000000000000e+01,1.257142857142857194e-02,9.874285714285714333e-01,-4.784108135047482335e-04,24
2,1.400000000000000000e+01,1.271428571428571443e-02,9.872857142857143220e-01,-4.892713166401163605e-04,24
2,1.400000000000000000e+01,1.285714285714285691e-02,9.871428571428570997e-01,-5.002518125232641166e-04,24
2,1.400000000000000000e+01,1.300000000000000114e-02,9.869999999999999885e-01,-5.113522311536861098e-04,24
2,1.400000000000000000e+01,1.314285714285714363e-02,9.868571428571428772e-01,-5.225725022393462593e-04,24
2,1.400000000000000000e+01,1.328571428571428611e-02,9.867142857142857659e-01,-5.339125551975659745e-04,24
2,1.400000000000000000e+01,1.342857142857142860e-02,9.865714285714285436e-01,-5.453723191546216986e-04,24
2,1.400000000000000000e+01,1.357142857142857283e-02,9.864285714285714324e-01,-5.569517229472853437e-04,24
2,1.400000000000000000e+01,1.371428571428571358e-02,9.862857142857143211e-01,-5.686506951222830564e-04,24
2,1.400000000000000000e+01,1.385714285714285607e-02,9.861428571428570988e-01,-5.804691639375025858e-04,24
2,1.400000000000000000e+01,1.400000000000000029e-02,9.859999999999999876e-01,-5.924070573621181834e-04,24
2,1.400000000000000000e+01,1.414285714285714278e-02,9.858571428571428763e-01,-6.044643030771873482e-04,24
2,1.400000000000000000e+01,1.428571428571428527e-02,9.857142857142857650e-01,-6.166408284761781822e-04,24
2,1.400000000000000000e+01,1.442857142857142949e-02,9.855714285714285428e-01,-6.289365606653024576e-04,24
2,1.400000000000000000e+01,1.457142857142857198e-02,9.854285714285714315e-01,-6.413514264640846063e-04,24
2,1.400000000000000000e+01,1.471428571428571447e-02,9.852857142857143202e-01,-6.538853524058474420e-04,24
2,1.400000000000000000e+01,1.485714285714285696e-02,9.851428571428570979e-01,-6.665382647382950276e-04,24
2,1.400000000000000000e+01,1.500000000000000118e-02,9.849999999999999867e-01,-6.793100894235404308e-04,24
2,1.400000000000000000e+01,1.514285714285714367e-02,9.848571428571428754e-01,-6.922007521394241136e-04,24
2,1.400000000000000000e+01,1.528571428571428616e-02,9.847142857142857642e-01,-7.052101782791392326e-04,24
2,1.400000000000000000e+01,1.542857142857143038e-02,9.845714285714285419e-01,-7.183382929523557392e-04,24
2,1.400000000000000000e+01,1.557142857142857287e-02,9.844285714285714306e-01,-7.315850209851371133e-04,24
2,1.400000000000000000e+01,1.571428571428571536e-02,9.842857142857143193e-01,-7.449502869210228306e-04,24
2,1.400000000000000000e+01,1.585714285714285784e-02,9.841428571428570971e-01,-7.584340150210561182e-04,24
2,1.400000000000000000e+01,1.600000000000000033e-02,9.839999999999999858e-01,-7.720361292645472329e-04,24
2,1.400000000000000000e+01,1.614285714285714282e-02,9.838571428571428745e-01,-7.857565533494759169e-04,24
2,1.400000000000000000e+01,1.628571428571428878e-02,9.837142857142857633e-01,-7.995952106928244651e-04,24
2,1.400000000000000000e+01,1.642857142857143127e-02,9.835714285714285410e-01,-8.135520244313548810e-04,24
2,1.400000000000000000e+01,1.657142857142857029e-02,9.834285714285714297e-01,-8.276269174218586766e-04,24
2,1.400000000000000000e+01,1.671428571428571278e-02,9.832857142857143185e-01,-8.418198122419479068e-04,24
2,1.400000000000000000e+01,1.685714285714285526e-02,9.831428571428570962e-01,-8.561306311901106803e-04,24
2,1.400000000000000000e+01,1.699999999999999775e-02,9.829999999999999849e-01,-8.705592962865021933e-04,24
2,1.400000000000000000e+01,1.714285714285714371e-02,9.828571428571428736e-01,-8.851057292734720860e-04,24
2,1.400000000000000000e+01,1.728571428571428620e-02,9.827142857142857624e-01,-8.997698516160224091e-04,24
2,1.400000000000000000e+01,1.742857142857142869e-02,9.825714285714285401e-01,-9.145515845020019130e-04,24
2,1.400000000000000000e+01,1.757142857142857117e-02,9.824285714285714288e-01,-9.294508488430497373e-04,24
2,1.400000000000000000e+01,1.771428571428571366e-02,9.822857142857143176e-01,-9.444675652750117445e-04,24
2,1.400000000000000000e+01,1.785714285714285615e-02,9.821428571428570953e-01,-9.596016541579960313e-04,24
2,1.400000000000000000e+01,1.799999999999999864e-02,9.819999999999999840e-01,-9.748530355775109069e-04,24
2,1.400000000000000000e+01,1.814285714285714460e-02,9.818571428571428727e-01,-9.902216293443955042e-04,24
2,1.400000000000000000e+01,1.828571428571428709e-02,9.817142857142857615e-01,-1.005707354995721836e-03,24
2,1.400000000000000000e+01,1.842857142857142957e-02,9.815714285714285392e-01,-1.021310131795308274e-03,24
2,1.400000000000000000e+01,1.857142857142857206e-02,9.814285714285714279e-01,-1.037029878733677912e-03,24
2,1.400000000000000000e+01,1.871428571428571455e-02,9.812857142857143167e-01,-1.052866514529252062e-03,24
2,1.400000000000000000e+01,1.885714285714285704e-02,9.811428571428570944e-01,-1.068819957628586170e-03,24
2,1.400000000000000000e+01,1.899999999999999953e-02,9.809999999999999831e-01,-1.084890126206522476e-03,24
2,1.400000000000000000e+01,1.914285714285714549e-02,9.808571428571428719e-01,-1.101076938167411257e-03,24
2,1.400000000000000000e+01,1.928571428571428797e-02,9.807142857142857606e-01,-1.117380311144694494e-03,24
2,1.400000000000000000e+01,1.942857142857143046e-02,9.805714285714285383e-01,-1.133800162502598963e-03,24
2,1.400000000000000000e+01,1.957142857142857295e-02,9.804285714285714270e-01,-1.150336409335345200e-03,24
2,1.400000000000000000e+01,1.971428571428571544e-02,9.802857142857143158e-01,-1.166988968468701815e-03,24
2,1.400000000000000000e+01,1.985714285714285793e-02,9.801428571428570935e-01,-1.183757756459943855e-03,24
2,1.400000000000000000e+01,2.000000000000000042e-02,9.799999999999999822e-01,-1.200642689598338531e-03,24
2,1.400000000000000000e+01,2.014285714285714290e-02,9.798571428571428710e-01,-1.217643683906019514e-03,24
2,1.400000000000000000e+01,2.028571428571428539e-02,9.797142857142857597e-01,-1.234760655138153473e-03,24
2,1.400000000000000000e+01,2.042857142857142788e-02,9.795714285714285374e-01,-1.251993518783689474e-03,24
2,1.400000000000000000e+01,2.057142857142857037e-02,9.794285714285714262e-01,-1.269342190065692044e-03,24
2,1.400000000000000000e+01,2.071428571428571286e-02,9.792857142857143149e-01,-1.286806583941868531e-03,24
2,1.400000000000000000e+01,2.085714285714285535e-02,9.791428571428570926e-01,-1.304386615105374014e-03,24
2,1.400000000000000000e+01,2.100000000000000130e-02,9.789999999999999813e-01,-1.322082197984575380e-03,24
2,1.400000000000000000e+01,2.114285714285714379e-02,9.788571428571428701e-01,-1.339893246744661148e-03,24
2,1.400000000000000000e+01,2.128571428571428628e-02,9.787142857142857588e-01,-1.357819675287183503e-03,24
2,1.400000000000000000e+01,2.142857142857142877e-02,9.785714285714285365e-01,-1.375861397251029739e-03,24
2,1.400000000000000000e+01,2.157142857142857126e-02,9.784285714285714253e-01,-1.394018326013019005e-03,24
2,1.400000000000000000e+01,2.171428571428571375e-02,9.782857142857143140e-01,-1.412290374687985572e-03,24
2,1.400000000000000000e+01,2.185714285714285623e-02,9.781428571428570917e-01,-1.430677456129875180e-03,24
2,1.400000000000000000e+01,2.200000000000000219e-02,9.779999999999999805e-01,-1.449179482931592378e-03,24
2,1.400000000000000000e+01,2.214285714285714468e-02,9.778571428571428692e-01,-1.467796367426277282e-03,24
2,1.400000000000000000e+01,2.228571428571428717e-02,9.777142857142857579e-01,-1.486528021687069656e-03,24
2,1.400000000000000000e+01,2.242857142857142966e-02,9.775714285714285356e-01,-1.505374357528191376e-03,24
2,1.400000000000000000e+01,2.257142857142857215e-02,9.774285714285714244e-01,-1.524335286505237863e-03,24
2,1.400000000000000000e+01,2.271428571428571463e-02,9.772857142857143131e-01,-1.543410719915705442e-03,24
2,1.400000000000000000e+01,2.285714285714285712e-02,9.771428571428570908e-01,-1.562600568799352163e-03,24
2,1.400000000000000000e+01,2.300000000000000308e-02,9.769999999999999796e-01,-1.581904743939141489e-03,24
2,1.400000000000000000e+01,2.314285714285714557e-02,9.768571428571428683e-01,-1.601323155861408831e-03,24
2,1.400000000000000000e+01,2.328571428571428806e-02,9.767142857142857570e-01,-1.620855714836416661e-03,24
2,1.400000000000000000e+01,2.342857142857143055e-02,9.765714285714285348e-01,-1.640502330879062276e-03,24
2,1.400000000000000000e+01,2.357142857142857303e-02,9.764285714285714235e-01,-1.660262913749127600e-03,24
2,1.400000000000000000e+01,2.371428571428571552e-02,9.762857142857143122e-01,-1.680137372952111852e-03,24
2,1.400000000000000000e+01,2.385714285714285454e-02,9.761428571428572010e-01,-1.700125617739578487e-03,24
2,1.400000000000000000e+01,2.400000000000000050e-02,9.759999999999999787e-01,-1.720227557109543781e-03,24
2,1.400000000000000000e+01,2.414285714285714299e-02,9.758571428571428674e-01,-1.740443099807392757e-03,24
2,1.400000000000000000e+01,2.428571428571428548e-02,9.757142857142857562e-01,-1.760772154325879191e-03,24
2,1.400000000000000000e+01,2.442857142857142796e-02,9.755714285714285339e-01,-1.781214628906305220e-03,24
2,1.400000000000000000e+01,2.457142857142857045e-02,9.754285714285714226e-01,-1.801770431538368689e-03,24
2,1.400000000000000000e+01,2.471428571428571294e-02,9.752857142857143113e-01,-1.822439469961162350e-03,24
2,1.400000000000000000e+01,2.485714285714285543e-02,9.751428571428570891e-01,-1.843221651663479177e-03,24
2,1.400000000000000000e+01,2.500000000000000139e-02,9.749999999999999778e-01,-1.864116883884422982e-03,24
2,1.400000000000000000e+01,2.514285714285714388e-02,9.748571428571428665e-01,-1.885125073613963531e-03,24
2,1.400000000000000000e+01,2.528571428571428636e-02,9.747142857142857553e-01,-1.906246127593422268e-03,24
2,1.400000000000000000e+01,2.542857142857142885e-02,9.745714285714285330e-01,-1.927479952315971912e-03,24
2,1.400000000000000000e+01,2.557142857142857134e-02,9.744285714285714217e-01,-1.948826454027066668e-03,24
2,1.400000000000000000e+01,2.571428571428571383e-02,9.742857142857143105e-01,-1.970285538725469188e-03,24
2,1.400000000000000000e+01,2.585714285714285632e-02,9.741428571428571992e-01,-1.991857112162848109e-03,24
2,1.400000000000000000e+01,2.600000000000000228e-02,9.739999999999999769e-01,-2.013541079845485027e-03,24
2,1.400000000000000000e+01,2.614285714285714476e-02,9.738571428571428656e-01,-2.035337347033802646e-03,24
2,1.400000000000000000e+01,2.628571428571428725e-02,9.737142857142857544e-01,-2.057245818743377863e-03,24
2,1.400000000000000000e+01,2.642857142857142974e-02,9.735714285714285321e-01,-2.079266399745441363e-03,24
2,1.400000000000000000e+01,2.657142857142857223e-02,9.734285714285714208e-01,-2.101398994567335587e-03,24
2,1.400000000000000000e+01,2.671428571428571472e-02,9.732857142857143096e-01,-2.123643507492986582e-03,24
2,1.400000000000000000e+01,2.685714285714285721e-02,9.731428571428570873e-01,-2.145999842563681148e-03,24
2,1.400000000000000000e+01,2.700000000000000316e-02,9.729999999999999760e-01,-2.168467903578441547e-03,24
2,1.400000000000000000e+01,2.714285714285714565e-02,9.728571428571428648e-01,-2.191047594094219786e-03,24
2,1.400000000000000000e+01,2.728571428571428814e-02,9.727142857142857535e-01,-2.213738817427299277e-03,24
2,1.400000000000000000e+01,2.742857142857142716e-02,9.725714285714285312e-01,-2.236541476652920135e-03,24
2,1.400000000000000000e+01,2.757142857142856965e-02,9.724285714285714199e-01,-2.259455474606333891e-03,24
2,1.400000000000000000e+01,2.771428571428571214e-02,9.722857142857143087e-01,-2.282480713883275336e-03,24
2,1.400000000000000000e+01,2.785714285714285809e-02,9.721428571428571974e-01,-2.305617096840267832e-03,24
2,1.400000000000000000e+01,2.800000000000000058e-02,9.719999999999999751e-01,-2.328864525595539248e-03,24
2,1.400000000000000000e+01,2.814285714285714307e-02,9.718571428571428639e-01,-2.352222902029063589e-03,24
2,1.400000000000000000e+01,2.828571428571428556e-02,9.717142857142857526e-01,-2.375692127783712859e-03,24
2,1.400000000000000000e+01,2.842857142857142805e-02,9.715714285714285303e-01,-2.399272104265354200e-03,24
2,1.400000000000000000e+01,2.857142857142857054e-02,9.714285714285714191e-01,-2.422962732643307859e-03,24
2,1.400000000000000000e+01,2.871428571428571649e-02,9.712857142857143078e-01,-2.446763913851332517e-03,24
2,1.400000000000000000e+01,2.885714285714285898e-02,9.711428571428570855e-01,-2.470675548587791814e-03,24
2,1.400000000000000000e+01,2.900000000000000494e-02,9.709999999999999742e-01,-2.494697537316459268e-03,24
2,1.400000000000000000e+01,2.914285714285714396e-02,9.708571428571428630e-01,-2.518829780266698681e-03,24
2,1.400000000000000000e+01,2.928571428571428298e-02,9.707142857142857517e-01,-2.543072177434324566e-03,24
2,1.400000000000000000e+01,2.942857142857142894e-02,9.705714285714285294e-01,-2.567424628582296031e-03,24
2,1.400000000000000000e+01,2.957142857142856796e-02,9.704285714285714182e-01,-2.591887033240591887e-03,24
2,1.400000000000000000e+01,2.971428571428571391e-02,9.702857142857143069e-01,-2.616459290707584540e-03,24
2,1.400000000000000000e+01,2.985714285714285640e-02,9.701428571428571956e-01,-2.641141300049734686e-03,24
2,1.400000000000000000e+01,3.000000000000000236e-02,9.699999999999999734e-01,-2.665932960102895821e-03,24
2,1.400000000000000000e+01,3.014285714285714138e-02,9.698571428571428621e-01,-2.690834169472577919e-03,24
2,1.400000000000000000e+01,3.028571428571428734e-02,9.697142857142857508e-01,-2.715844826534086209e-03,24
2,1.400000000000000000e+01,3.042857142857142635e-02,9.695714285714285285e-01,-2.740964829433992223e-03,24
2,1.400000000000000000e+01,3.057142857142857231e-02,9.694285714285714173e-01,-2.766194076089509291e-03,24
2,1.400000000000000000e+01,3.071428571428571133e-02,9.692857142857143060e-01,-2.791532464190130125e-03,24
2,1.400000000000000000e+01,3.085714285714286076e-02,9.691428571428570837e-01,-2.816979891197474162e-03,24
2,1.400000000000000000e+01,3.099999999999999978e-02,9.689999999999999725e-01,-2.842536254346064717e-03,24
2,1.400000000000000000e+01,3.114285714285714574e-02,9.688571428571428612e-01,-2.868201450643856343e-03,24
2,1.400000000000000000e+01,3.128571428571428475e-02,9.687142857142857499e-01,-2.893975376872845451e-03,24
2,1.400000000000000000e+01,3.142857142857143071e-02,9.685714285714285277e-01,-2.919857929589556034e-03,24
2,1.400000000000000000e+01,3.157142857142856973e-02,9.684285714285714164e-01,-2.945849005125594777e-03,24
2,1.400000000000000000e+01,3.171428571428571569e-02,9.682857142857143051e-01,-2.971948499588081272e-03,24
2,1.400000000000000000e+01,3.185714285714285471e-02,9.681428571428571939e-01,-2.998156308860633334e-03,24
2,1.400000000000000000e+01,3.200000000000000067e-02,9.679999999999999716e-01,-3.024472328603117210e-03,24
2,1.400000000000000000e+01,3.214285714285713969e-02,9.678571428571428603e-01,-3.050896454253188006e-03,24
2,1.400000000000000000e+01,3.228571428571428564e-02,9.677142857142857491e-01,-3.077428581025928866e-03,24
2,1.400000000000000000e+01,3.242857142857143160e-02,9.675714285714285268e-01,-3.104068603915072222e-03,24
2,1.400000000000000000e+01,3.257142857142857756e-02,9.674285714285714155e-01,-3.130816417693096931e-03,24
2,1.400000000000000000e+01,3.271428571428571658e-02,9.672857142857143042e-01,-3.157671916912088705e-03,24
2,1.400000000000000000e+01,3.285714285714286254e-02,9.671428571428570820e-01,-3.184634995904142563e-03,24
2,1.400000000000000000e+01,3.300000000000000155e-02,9.669999999999999707e-01,-3.211705548781820796e-03,24
2,1.400000000000000000e+01,3.314285714285714057e-02,9.668571428571428594e-01,-3.238883469439055030e-03,24
2,1.400000000000000000e+01,3.328571428571428653e-02,9.667142857142857482e-01,-3.266168651551382140e-03,24
2,1.400000000000000000e+01,3.342857142857142555e-02,9.665714285714285259e-01,-3.293560988576402226e-03,24
2,1.400000000000000000e+01,3.357142857142857151e-02,9.664285714285714146e-01,-3.321060373754736172e-03,24
2,1.400000000000000000e+01,3.371428571428571053e-02,9.662857142857143034e-01,-3.348666700110330963e-03,24
2,1.400000000000000000e+01,3.385714285714285648e-02,9.661428571428571921e-01,-3.376379860450876014e-03,24
2,1.400000000000000000e+01,3.399999999999999550e-02,9.659999999999999698e-01,-3.404199747368663598e-03,24
2,1.400000000000000000e+01,3.414285714285714146e-02,9.658571428571428585e-01,-3.432126253241032932e-03,24
2,1.400000000000000000e+01,3.428571428571428742e-02,9.657142857142857473e-01,-3.460159270230883655e-03,24
2,1.400000000000000000e+01,3.442857142857143338e-02,9.655714285714285250e-01,-3.488298690287064407e-03,24
2,1.400000000000000000e+01,3.457142857142857240e-02,9.654285714285714137e-01,-3.516544405145233254e-03,24
2,1.400000000000000000e+01,3.471428571428571835e-02,9.652857142857143025e-01,-3.544896306328315649e-03,24
2,1.400000000000000000e+01,3.485714285714285737e-02,9.651428571428571912e-01,-3.573354285147142817e-03,24
2,1.400000000000000000e+01,3.500000000000000333e-02,9.649999999999999689e-01,-3.601918232700507261e-03,24
2,1.400000000000000000e+01,3.514285714285714235e-02,9.648571428571428577e-01,-3.630588039876550543e-03,24
2,1.400000000000000000e+01,3.528571428571428831e-02,9.647142857142857464e-01,-3.659363597352624509e-03,24
2,1.400000000000000000e+01,3.542857142857142733e-02,9.645714285714285241e-01,-3.688244795596054559e-03,24
2,1.400000000000000000e+01,3.557142857142857328e-02,9.644285714285714128e-01,-3.717231524864972325e-03,24
2,1.400000000000000000e+01,3.571428571428571230e-02,9.642857142857143016e-01,-3.746323675208509951e-03,24
2,1.400000000000000000e+01,3.585714285714285826e-02,9.641428571428571903e-01,-3.775521136467605010e-03,24
2,1.400000000000000000e+01,3.599999999999999728e-02,9.639999999999999680e-01,-3.804823798275180913e-03,24
2,1.400000000000000000e+01,3.614285714285714324e-02,9.638571428571428568e-01,-3.834231550057146110e-03,24
2,1.400000000000000000e+01,3.628571428571428920e-02,9.637142857142857455e-01,-3.863744281032852057e-03,24
2,1.400000000000000000e+01,3.642857142857143515e-02,9.635714285714285232e-01,-3.893361880215676085e-03,24
2,1.400000000000000000e+01,3.657142857142857417e-02,9.634285714285714119e-01,-3.923084236413063031e-03,24
2,1.400000000000000000e+01,3.671428571428571319e-02,9.632857142857143007e-01,-3.952911238227913016e-03,24
2,1.400000000000000000e+01,3.685714285714285915e-02,9.631428571428571894e-01,-3.982842774058553692e-03,24
2,1.400000000000000000e+01,3.699999999999999817e-02,9.629999999999999671e-01,-4.012878732099600665e-03,24
2,1.400000000000000000e+01,3.714285714285714413e-02,9.628571428571428559e-01,-4.043019000342207292e-03,24
2,1.400000000000000000e+01,3.728571428571428314e-02,9.627142857142857446e-01,-4.073263466575008374e-03,24
2,1.400000000000000000e+01,3.742857142857142910e-02,9.625714285714285223e-01,-4.103612018384467097e-03,24
2,1.400000000000000000e+01,3.757142857142856812e-02,9.624285714285714111e-01,-4.134064543155346882e-03,24
2,1.400000000000000000e+01,3.771428571428571408e-02,9.622857142857142998e-01,-4.164620928071530170e-03,24
2,1.400000000000000000e+01,3.785714285714285310e-02,9.621428571428571885e-01,-4.195281060116434757e-03,24
2,1.400000000000000000e+01,3.799999999999999906e-02,9.619999999999999662e-01,-4.226044826073360738e-03,24
2,1.400000000000000000e+01,3.814285714285714501e-02,9.618571428571428550e-01,-4.256912112526642367e-03,24
2,1.400000000000000000e+01,3.828571428571429097e-02,9.617142857142857437e-01,-4.287882805861398250e-03,24
2,1.400000000000000000e+01,3.842857142857142999e-02,9.615714285714285214e-01,-4.318956792265057909e-03,24
2,1.400000000000000000e+01,3.857142857142857595e-02,9.614285714285714102e-01,-4.350133957726931566e-03,24
2,1.400000000000000000e+01,3.871428571428571497e-02,9.612857142857142989e-01,-4.381414188039584046e-03,24
2,1.400000000000000000e+01,3.885714285714286093e-02,9.611428571428571876e-01,-4.412797368798737629e-03,24
2,1.400000000000000000e+01,3.899999999999999994e-02,9.609999999999999654e-01,-4.444283385404521058e-03,24
2,1.400000000000000000e+01,3.914285714285714590e-02,9.608571428571428541e-01,-4.475872123061372387e-03,24
2,1.400000000000000000e+01,3.928571428571428492e-02,9.607142857142857428e-01,-4.507563466779204719e-03,24
2,1.400000000000000000e+01,3.942857142857143088e-02,9.605714285714285205e-01,-4.539357301373281306e-03,24
2,1.400000000000000000e+01,3.957142857142856990e-02,9.604285714285714093e-01,-4.571253511465436792e-03,24
2,1.400000000000000000e+01,3.971428571428571586e-02,9.602857142857142980e-01,-4.603251981484493549e-03,24
2,1.400000000000000000e+01,3.985714285714285487e-02,9.601428571428571868e-01,-4.635352595666331066e-03,24
2,1.400000000000000000e+01,4.000000000000000083e-02,9.599999999999999645e-01,-4.667555238055065558e-03,24
2,1.425000000000000000e+01,0.000000000000000000e+00,1.000000000000000000e+00,0.000000000000000000e+00,24
2,1.425000000000000000e+01,1.428571428571428679e-04,9.998571428571428887e-01,3.850430541393889960e-06,24
2,1.425000000000000000e+01,2.857142857142857357e-04,9.997142857142856665e-01,7.572074182782273510e-06,24
2,1.425000000000000000e+01,4.285714285714285494e-04,9.995714285714285552e-01,1.116496471628702913e-05,24
2,1.425000000000000000e+01,5.714285714285714714e-04,9.994285714285714439e-01,1.462913629564355222e-05,24
2,1.425000000000000000e+01,7.142857142857142851e-04,9.992857142857143327e-01,1.796462343635341075e-05,24
2,1.425000000000000000e+01,8.571428571428570987e-04,9.991428571428571104e-01,2.117146101449085549e-05,24
2,1.425000000000000000e+01,1.000000000000000021e-03,9.989999999999999991e-01,2.424968426727180937e-05,24
2,1.425000000000000000e+01,1.142857142857142943e-03,9.988571428571428878e-01,2.719932879169384421e-05,24
2,1.425000000000000000e+01,1.285714285714285648e-03,9.987142857142856656e-01,3.002043054492475882e-05,24
2,1.425000000000000000e+01,1.428571428571428570e-03,9.985714285714285543e-01,3.271302584341440056e-05,24
2,1.425000000000000000e+01,1.571428571428571492e-03,9.984285714285714430e-01,3.527715136263098739e-05,24
2,1.425000000000000000e+01,1.714285714285714197e-03,9.982857142857143318e-01,3.771284413699171889e-05,24
2,1.425000000000000000e+01,1.857142857142857120e-03,9.981428571428571095e-01,4.002014155864153100e-05,24
2,1.425000000000000000e+01,2.000000000000000042e-03,9.979999999999999982e-01,4.219908137802208525e-05,24
2,1.425000000000000000e+01,2.142857142857142964e-03,9.978571428571428870e-01,4.424970170273379022e-05,24
2,1.425000000000000000e+01,2.285714285714285886e-03,9.977142857142856647e-01,4.617204099746641255e-05,24
2,1.425000000000000000e+01,2.428571428571428808e-03,9.975714285714285534e-01,4.796613808365213227e-05,24
2,1.425000000000000000e+01,2.571428571428571296e-03,9.974285714285714421e-01,4.963203213881328679e-05,24
2,1.425000000000000000e+01,2.714285714285714218e-03,9.972857142857143309e-01,5.116976269622930396e-05,24
2,1.425000000000000000e+01,2.857142857142857140e-03,9.971428571428571086e-01,5.257936964496445764e-05,24
2,1.425000000000000000e+01,3.000000000000000062e-03,9.969999999999999973e-01,5.386089322825804437e-05,24
2,1.425000000000000000e+01,3.142857142857142985e-03,9.968571428571428861e-01,5.501437404480113980e-05,24
2,1.425000000000000000e+01,3.285714285714285907e-03,9.967142857142856638e-01,5.603985304687697511e-05,24
2,1.425000000000000000e+01,3.428571428571428395e-03,9.965714285714285525e-01,5.693737154059685945e-05,24
2,1.425000000000000000e+01,3.571428571428571317e-03,9.964285714285714413e-01,5.770697118565037975e-05,24
2,1.425000000000000000e+01,3.714285714285714239e-03,9.962857142857143300e-01,5.834869399433395554e-05,24
2,1.425000000000000000e+01,3.857142857142857595e-03,9.961428571428571077e-01,5.886258233152308339e-05,24
2,1.425000000000000000e+01,4.000000000000000083e-03,9.959999999999999964e-01,5.924867891432539224e-05,24
2,1.425000000000000000e+01,4.142857142857142572e-03,9.958571428571428852e-01,5.950702681108144265e-05,24
2,1.425000000000000000e+01,4.285714285714285927e-03,9.957142857142856629e-01,5.963766944185044938e-05,24
2,1.425000000000000000e+01,4.428571428571428416e-03,9.955714285714285516e-01,5.964065057702250261e-05,24
2,1.425000000000000000e+01,4.571428571428571772e-03,9.954285714285714404e-01,5.951601433773490157e-05,24
2,1.425000000000000000e+01,4.714285714285714260e-03,9.952857142857143291e-01,5.926380519478968711e-05,24
2,1.425000000000000000e+01,4.857142857142857616e-03,9.951428571428571068e-01,5.888406796869527504e-05,24
2,1.425000000000000000e+01,5.000000000000000104e-03,9.949999999999999956e-01,5.837684782891705559e-05,24
2,1.425000000000000000e+01,5.142857142857142592e-03,9.948571428571428843e-01,5.774219029375249335e-05,24
2,1.425000000000000000e+01,5.285714285714285948e-03,9.947142857142856620e-01,5.698014122947070437e-05,24
2,1.425000000000000000e+01,5.428571428571428437e-03,9.945714285714285507e-01,5.609074685034021179e-05,24
2,1.425000000000000000e+01,5.571428571428571792e-03,9.944285714285714395e-01,5.507405371796281202e-05,24
2,1.425000000000000000e+01,5.714285714285714281e-03,9.942857142857143282e-01,5.393010874076009653e-05,24
2,1.425000000000000000e+01,5.857142857142857637e-03,9.941428571428571059e-01,5.265895917386242964e-05,24
2,1.425000000000000000e+01,6.000000000000000125e-03,9.939999999999999947e-01,5.126065261815138108e-05,24
2,1.425000000000000000e+01,6.142857142857142613e-03,9.938571428571428834e-01,4.973523702035687055e-05,24
2,1.425000000000000000e+01,6.285714285714285969e-03,9.937142857142856611e-01,4.808276067232164497e-05,24
2,1.425000000000000000e+01,6.428571428571428457e-03,9.935714285714285499e-01,4.630327221066821153e-05,24
2,1.425000000000000000e+01,6.571428571428571813e-03,9.934285714285714386e-01,4.439682061617433728e-05,24
2,1.425000000000000000e+01,6.714285714285714302e-03,9.932857142857143273e-01,4.236345521375917134e-05,24
2,1.425000000000000000e+01,6.857142857142856790e-03,9.931428571428571050e-01,4.020322567149792192e-05,24
2,1.425000000000000000e+01,7.000000000000000146e-03,9.929999999999999938e-01,3.791618200049695631e-05,24
2,1.425000000000000000e+01,7.142857142857142634e-03,9.928571428571428825e-01,3.550237455450522273e-05,24
2,1.425000000000000000e+01,7.285714285714285990e-03,9.927142857142856602e-01,3.296185402919260543e-05,24
2,1.425000000000000000e+01,7.428571428571428478e-03,9.925714285714285490e-01,3.029467146178910220e-05,24
2,1.425000000000000000e+01,7.571428571428571834e-03,9.924285714285714377e-01,2.750087823116809105e-05,24
2,1.425000000000000000e+01,7.714285714285715190e-03,9.922857142857143264e-01,2.458052605644467370e-05,24
2,1.425000000000000000e+01,7.857142857142857678e-03,9.921428571428571042e-01,2.153366699716996457e-05,24
2,1.425000000000000000e+01,8.000000000000000167e-03,9.919999999999999929e-01,1.836035345267883478e-05,24
2,1.425000000000000000e+01,8.142857142857144390e-03,9.918571428571428816e-01,1.506063816192337868e-05,24
2,1.425000000000000000e+01,8.285714285714285143e-03,9.917142857142857704e-01,1.163457420251534646e-05,24
2,1.425000000000000000e+01,8.428571428571427632e-03,9.915714285714285481e-01,8.082214990670633092e-06,24
2,1.425000000000000000e+01,8.571428571428571855e-03,9.914285714285714368e-01,4.403614280557022198e-06,24
2,1.425000000000000000e+01,8.714285714285714343e-03,9.912857142857143256e-01,5.988261638084635408e-07,24
2,1.425000000000000000e+01,8.857142857142856832e-03,9.911428571428571033e-01,-3.332094930502682573e-06,24
2,1.425000000000000000e+01,8.999999999999999320e-03,9.909999999999999920e-01,-7.389094237073012827e-06,24
2,1.425000000000000000e+01,9.142857142857143543e-03,9.908571428571428807e-01,-1.157211665413215851e-05,24
2,1.425000000000000000e+01,9.285714285714286031e-03,9.907142857142856585e-01,-1.588110674441423065e-05,24
2,1.425000000000000000e+01,9.428571428571428520e-03,9.905714285714285472e-01,-2.031600873524108675e-05,24
2,1.425000000000000000e+01,9.571428571428572743e-03,9.904285714285714359e-01,-2.487676651913295345e-05,24
2,1.425000000000000000e+01,9.714285714285715231e-03,9.902857142857143247e-01,-2.956332365434966025e-05,24
2,1.425000000000000000e+01,9.857142857142857720e-03,9.901428571428571024e-01,-3.437562336534860652e-05,24
2,1.425000000000000000e+01,1.000000000000000021e-02,9.899999999999999911e-01,-3.931360854311782838e-05,24
2,1.425000000000000000e+01,1.014285714285714270e-02,9.898571428571428799e-01,-4.437722174567559907e-05,24
2,1.425000000000000000e+01,1.028571428571428518e-02,9.897142857142857686e-01,-4.956640519866717387e-05,24
2,1.425000000000000000e+01,1.042857142857142767e-02,9.895714285714285463e-01,-5.488110079568397914e-05,24
2,1.425000000000000000e+01,1.057142857142857190e-02,9.894285714285714350e-01,-6.032125009873545718e-05,24
2,1.425000000000000000e+01,1.071428571428571438e-02,9.892857142857143238e-01,-6.588679433902622229e-05,24
2,1.425000000000000000e+01,1.085714285714285687e-02,9.891428571428571015e-01,-7.157767441703932754e-05,24
2,1.425000000000000000e+01,1.100000000000000110e-02,9.889999999999999902e-01,-7.739383090302198731e-05,24
2,1.425000000000000000e+01,1.114285714285714358e-02,9.888571428571428790e-01,-8.333520403784600017e-05,24
2,1.425000000000000000e+01,1.128571428571428607e-02,9.887142857142857677e-01,-8.940173373306325999e-05,24
2,1.425000000000000000e+01,1.142857142857142856e-02,9.885714285714285454e-01,-9.559335957157188979e-05,24
2,1.425000000000000000e+01,1.157142857142857278e-02,9.884285714285714342e-01,-1.019100208081019643e-04,24
2,1.425000000000000000e+01,1.171428571428571527e-02,9.882857142857143229e-01,-1.083516563697567436e-04,24
2,1.425000000000000000e+01,1.185714285714285776e-02,9.881428571428571006e-01,-1.149182048562902292e-04,24
2,1.425000000000000000e+01,1.200000000000000025e-02,9.879999999999999893e-01,-1.216096045405234971e-04,24
2,1.425000000000000000e+01,1.214285714285714274e-02,9.878571428571428781e-01,-1.284257933694965548e-04,24
2,1.425000000000000000e+01,1.228571428571428523e-02,9.877142857142857668e-01,-1.353667089639548626e-04,24
2,1.425000000000000000e+01,1.242857142857142771e-02,9.875714285714285445e-01,-1.424322886196399685e-04,24
2,1.425000000000000000e+01,1.257142857142857194e-02,9.874285714285714333e-01,-1.496224693072756295e-04,24
2,1.425000000000000000e+01,1.271428571428571443e-02,9.872857142857143220e-01,-1.569371876734282356e-04,24
2,1.425000000000000000e+01,1.285714285714285691e-02,9.871428571428570997e-01,-1.643763800406455866e-04,24
2,1.425000000000000000e+01,1.300000000000000114e-02,9.869999999999999885e-01,-1.719399824083450712e-04,24
2,1.425000000000000000e+01,1.314285714285714363e-02,9.868571428571428772e-01,-1.796279304526610110e-04,24
2,1.425000000000000000e+01,1.328571428571428611e-02,9.867142857142857659e-01,-1.874401595278046839e-04,24
2,1.425000000000000000e+01,1.342857142857142860e-02,9.865714285714285436e-01,-1.953766046656341127e-04,24
2,1.425000000000000000e+01,1.357142857142857283e-02,9.864285714285714324e-01,-2.034372005770418435e-04,24
2,1.425000000000000000e+01,1.371428571428571358e-02,9.862857142857143211e-01,-2.116218816517467793e-04,24
2,1.425000000000000000e+01,1.385714285714285607e-02,9.861428571428570988e-01,-2.199305819590019473e-04,24
2,1.425000000000000000e+01,1.400000000000000029e-02,9.859999999999999876e-01,-2.283632352482883876e-04,24
2,1.425000000000000000e+01,1.414285714285714278e-02,9.858571428571428763e-01,-2.369197749496204652e-04,24
2,1.425000000000000000e+01,1.428571428571428527e-02,9.857142857142857650e-01,-2.456001341739760813e-04,24
2,1.425000000000000000e+01,1.442857142857142949e-02,9.855714285714285428e-01,-2.544042457139489288e-04,24
2,1.425000000000000000e+01,1.457142857142857198e-02,9.854285714285714315e-01,-2.633320420444423826e-04,24
2,1.425000000000000000e+01,1.471428571428571447e-02,9.852857142857143202e-01,-2.723834553223225541e-04,24
2,1.425000000000000000e+01,1.485714285714285696e-02,9.851428571428570979e-01,-2.815584173880836261e-04,24
2,1.425000000000000000e+01,1.500000000000000118e-02,9.849999999999999867e-01,-2.908568597654176413e-04,24
2,1.425000000000000000e+01,1.514285714285714367e-02,9.848571428571428754e-01,-3.002787136623802366e-04,24
2,1.425000000000000000e+01,1.528571428571428616e-02,9.847142857142857642e-01,-3.098239099712934985e-04,24
2,1.425000000000000000e+01,1.542857142857143038e-02,9.845714285714285419e-01,-3.194923792696896525e-04,24
2,1.425000000000000000e+01,1.557142857142857287e-02,9.844285714285714306e-01,-3.292840518206024969e-04,24
2,1.425000000000000000e+01,1.571428571428571536e-02,9.842857142857143193e-01,-3.391988575732057809e-04,24
2,1.425000000000000000e+01,1.585714285714285784e-02,9.841428571428570971e-01,-3.492367261632711717e-04,24
2,1.425000000000000000e+01,1.600000000000000033e-02,9.839999999999999858e-01,-3.593975869134319323e-04,24
2,1.425000000000000000e+01,1.614285714285714282e-02,9.838571428571428745e-01,-3.696813688343347781e-04,24
2,1.425000000000000000e+01,1.628571428571428878e-02,9.837142857142857633e-01,-3.800880006241819098e-04,24
2,1.425000000000000000e+01,1.642857142857143127e-02,9.835714285714285410e-01,-3.906174106702853255e-04,24
2,1.425000000000000000e+01,1.657142857142857029e-02,9.834285714285714297e-01,-4.012695270487198762e-04,24
2,1.425000000000000000e+01,1.671428571428571278e-02,9.832857142857143185e-01,-4.120442775254473666e-04,24
2,1.425000000000000000e+01,1.685714285714285526e-02,9.831428571428570962e-01,-4.229415895563998218e-04,24
2,1.425000000000000000e+01,1.699999999999999775e-02,9.829999999999999849e-01,-4.339613902881594987e-04,24
2,1.425000000000000000e+01,1.714285714285714371e-02,9.828571428571428736e-01,-4.451036065585972645e-04,24
2,1.425000000000000000e+01,1.728571428571428620e-02,9.827142857142857624e-01,-4.563681648971779081e-04,24
2,1.425000000000000000e+01,1.742857142857142869e-02,9.825714285714285401e-01,-4.677549915255152513e-04,24
2,1.425000000000000000e+01,1.757142857142857117e-02,9.824285714285714288e-01,-4.792640123581076717e-04,24
2,1.425000000000000000e+01,1.771428571428571366e-02,9.822857142857143176e-01,-4.908951530026017807e-04,24
2,1.425000000000000000e+01,1.785714285714285615e-02,9.821428571428570953e-01,-5.026483387602642683e-04,24
2,1.425000000000000000e+01,1.799999999999999864e-02,9.819999999999999840e-01,-5.145234946267590592e-04,24
2,1.425000000000000000e+01,1.814285714285714460e-02,9.818571428571428727e-01,-5.265205452925775242e-04,24
2,1.425000000000000000e+01,1.828571428571428709e-02,9.817142857142857615e-01,-5.386394151432882804e-04,24
2,1.425000000000000000e+01,1.842857142857142957e-02,9.815714285714285392e-01,-5.508800282605919030e-04,24
2,1.425000000000000000e+01,1.857142857142857206e-02,9.814285714285714279e-01,-5.632423084223486809e-04,24
2,1.425000000000000000e+01,1.871428571428571455e-02,9.812857142857143167e-01,-5.757261791033557730e-04,24
2,1.425000000000000000e+01,1.885714285714285704e-02,9.811428571428570944e-01,-5.883315634757080304e-04,24
2,1.425000000000000000e+01,1.899999999999999953e-02,9.809999999999999831e-01,-6.010583844095057637e-04,24
2,1.425000000000000000e+01,1.914285714285714549e-02,9.808571428571428719e-01,-6.139065644734653659e-04,24
2,1.425000000000000000e+01,1.928571428571428797e-02,9.807142857142857606e-01,-6.268760259347666564e-04,24
2,1.425000000000000000e+01,1.942857142857143046e-02,9.805714285714285383e-01,-6.399666907607459709e-04,24
2,1.425000000000000000e+01,1.957142857142857295e-02,9.804285714285714270e-01,-6.531784806180496172e-04,24
2,1.425000000000000000e+01,1.971428571428571544e-02,9.802857142857143158e-01,-6.665113168745906425e-04,24
2,1.425000000000000000e+01,1.985714285714285793e-02,9.801428571428570935e-01,-6.799651205988688218e-04,24
2,1.425000000000000000e+01,2.000000000000000042e-02,9.799999999999999822e-01,-6.935398125611780262e-04,24
2,1.425000000000000000e+01,2.014285714285714290e-02,9.798571428571428710e-01,-7.072353132339531667e-04,24
2,1.425000000000000000e+01,2.028571428571428539e-02,9.797142857142857597e-01,-7.210515427921726506e-04,24
2,1.425000000000000000e+01,2.042857142857142788e-02,9.795714285714285374e-01,-7.349884211142188040e-04,24
2,1.425000000000000000e+01,2.057142857142857037e-02,9.794285714285714262e-01,-7.490458677821415501e-04,24
2,1.425000000000000000e+01,2.071428571428571286e-02,9.792857142857143149e-01,-7.632238020821441316e-04,24
2,1.425000000000000000e+01,2.085714285714285535e-02,9.791428571428570926e-01,-7.775221430055268002e-04,24
2,1.425000000000000000e+01,2.100000000000000130e-02,9.789999999999999813e-01,-7.919408092484508943e-04,24
2,1.425000000000000000e+01,2.114285714285714379e-02,9.788571428571428701e-01,-8.064797192135347847e-04,24
2,1.425000000000000000e+01,2.128571428571428628e-02,9.787142857142857588e-01,-8.211387910093681519e-04,24
2,1.425000000000000000e+01,2.142857142857142877e-02,9.785714285714285365e-01,-8.359179424515666978e-04,24
2,1.425000000000000000e+01,2.157142857142857126e-02,9.784285714285714253e-01,-8.508170910635354245e-04,24
2,1.425000000000000000e+01,2.171428571428571375e-02,9.782857142857143140e-01,-8.658361540763298558e-04,24
2,1.425000000000000000e+01,2.185714285714285623e-02,9.781428571428570917e-01,-8.809750484297801387e-04,24
2,1.425000000000000000e+01,2.200000000000000219e-02,9.779999999999999805e-01,-8.962336907727963542e-04,24
2,1.425000000000000000e+01,2.214285714285714468e-02,9.778571428571428692e-01,-9.116119974639791401e-04,24
2,1.425000000000000000e+01,2.228571428571428717e-02,9.777142857142857579e-01,-9.271098845719388803e-04,24
2,1.425000000000000000e+01,2.242857142857142966e-02,9.775714285714285356e-01,-9.427272678761700053e-04,24
2,1.425000000000000000e+01,2.257142857142857215e-02,9.774285714285714244e-01,-9.584640628675922258e-04,24
2,1.425000000000000000e+01,2.271428571428571463e-02,9.772857142857143131e-01,-9.743201847486754330e-04,24
2,1.425000000000000000e+01,2.285714285714285712e-02,9.771428571428570908e-01,-9.902955484342723658e-04,24
2,1.425000000000000000e+01,2.300000000000000308e-02,9.769999999999999796e-01,-1.006390068552395767e-03,24
2,1.425000000000000000e+01,2.314285714285714557e-02,9.768571428571428683e-01,-1.022603659444343283e-03,24
2,1.425000000000000000e+01,2.328571428571428806e-02,9.767142857142857570e-01,-1.038936235165321964e-03,24
2,1.425000000000000000e+01,2.342857142857143055e-02,9.765714285714285348e-01,-1.055387709485419712e-03,24
2,1.425000000000000000e+01,2.357142857142857303e-02,9.764285714285714235e-01,-1.071957995889369353e-03,24
2,1.425000000000000000e+01,2.371428571428571552e-02,9.762857142857143122e-01,-1.088647007578033565e-03,24
2,1.425000000000000000e+01,2.385714285714285454e-02,9.761428571428572010e-01,-1.105454657468210589e-03,24
2,1.425000000000000000e+01,2.400000000000000050e-02,9.759999999999999787e-01,-1.122380858193355868e-03,24
2,1.425000000000000000e+01,2.414285714285714299e-02,9.758571428571428674e-01,-1.139425522104525745e-03,24
2,1.425000000000000000e+01,2.428571428571428548e-02,9.757142857142857562e-01,-1.156588561270294191e-03,24
2,1.425000000000000000e+01,2.442857142857142796e-02,9.755714285714285339e-01,-1.173869887478029561e-03,24
2,1.425000000000000000e+01,2.457142857142857045e-02,9.754285714285714226e-01,-1.191269412233728064e-03,24
2,1.425000000000000000e+01,2.471428571428571294e-02,9.752857142857143113e-01,-1.208787046762971329e-03,24
2,1.425000000000000000e+01,2.485714285714285543e-02,9.751428571428570891e-01,-1.226422702011578658e-03,24
2,1.425000000000000000e+01,2.500000000000000139e-02,9.749999999999999778e-01,-1.244176288645745809e-03,24
2,1.425000000000000000e+01,2.514285714285714388e-02,9.748571428571428665e-01,-1.262047717053044193e-03,24
2,1.425000000000000000e+01,2.528571428571428636e-02,9.747142857142857553e-01,-1.280036897342642921e-03,24
2,1.425000000000000000e+01,2.542857142857142885e-02,9.745714285714285330e-01,-1.298143739346308001e-03,24
2,1.425000000000000000e+01,2.557142857142857134e-02,9.744285714285714217e-01,-1.316368152618097032e-03,24
2,1.425000000000000000e+01,2.571428571428571383e-02,9.742857142857143105e-01,-1.334710046436024533e-03,24
2,1.425000000000000000e+01,2.585714285714285632e-02,9.741428571428571992e-01,-1.353169329801645615e-03,24
2,1.425000000000000000e+01,2.600000000000000228e-02,9.739999999999999769e-01,-1.371745911441485388e-03,24
2,1.425000000000000000e+01,2.614285714285714476e-02,9.738571428571428656e-01,-1.390439699806775287e-03,24
2,1.425000000000000000e+01,2.628571428571428725e-02,9.737142857142857544e-01,-1.409250603074507779e-03,24
2,1.425000000000000000e+01,2.642857142857142974e-02,9.735714285714285321e-01,-1.428178529147977605e-03,24
2,1.425000000000000000e+01,2.657142857142857223e-02,9.734285714285714208e-01,-1.447223385657184225e-03,24
2,1.425000000000000000e+01,2.671428571428571472e-02,9.732857142857143096e-01,-1.466385079959359183e-03,24
2,1.425000000000000000e+01,2.685714285714285721e-02,9.731428571428570873e-01,-1.485663519139826527e-03,24
2,1.425000000000000000e+01,2.700000000000000316e-02,9.729999999999999760e-01,-1.505058610012363629e-03,24
2,1.425000000000000000e+01,2.714285714285714565e-02,9.728571428571428648e-01,-1.524570259119492621e-03,24
2,1.425000000000000000e+01,2.728571428571428814e-02,9.727142857142857535e-01,-1.544198372733757152e-03,24
2,1.425000000000000000e+01,2.742857142857142716e-02,9.725714285714285312e-01,-1.563942856857389319e-03,24
2,1.425000000000000000e+01,2.757142857142856965e-02,9.724285714285714199e-01,-1.583803617223752958e-03,24
2,1.425000000000000000e+01,2.771428571428571214e-02,9.722857142857143087e-01,-1.603780559297315889e-03,24
2,1.425000000000000000e+01,2.785714285714285809e-02,9.721428571428571974e-01,-1.623873588274357682e-03,24
2,1.425000000000000000e+01,2.800000000000000058e-02,9.719999999999999751e-01,-1.644082609083691304e-03,24
2,1.425000000000000000e+01,2.814285714285714307e-02,9.718571428571428639e-01,-1.664407526386996183e-03,24
2,1.425000000000000000e+01,2.828571428571428556e-02,9.717142857142857526e-01,-1.684848244579706389e-03,24
2,1.425000000000000000e+01,2.842857142857142805e-02,9.715714285714285303e-01,-1.705404667791399209e-03,24
2,1.425000000000000000e+01,2.857142857142857054e-02,9.714285714285714191e-01,-1.726076699885920052e-03,24
2,1.425000000000000000e+01,2.871428571428571649e-02,9.712857142857143078e-01,-1.746864244463061655e-03,24
2,1.425000000000000000e+01,2.885714285714285898e-02,9.711428571428570855e-01,-1.767767204857828567e-03,24
2,1.425000000000000000e+01,2.900000000000000494e-02,9.709999999999999742e-01,-1.788785484142130233e-03,24
2,1.425000000000000000e+01,2.914285714285714396e-02,9.708571428571428630e-01,-1.809918985124628343e-03,24
2,1.425000000000000000e+01,2.928571428571428298e-02,9.707142857142857517e-01,-1.831167610351402963e-03,24
2,1.425000000000000000e+01,2.942857142857142894e-02,9.705714285714285294e-01,-1.852531262107187660e-03,24
2,1.425000000000000000e+01,2.957142857142856796e-02,9.704285714285714182e-01,-1.874009842414994798e-03,24
2,1.425000000000000000e+01,2.971428571428571391e-02,9.702857142857143069e-01,-1.895603253037156377e-03,24
2,1.425000000000000000e+01,2.985714285714285640e-02,9.701428571428571956e-01,-1.917311395475948532e-03,24
2,1.425000000000000000e+01,3.000000000000000236e-02,9.699999999999999734e-01,-1.939134170974146643e-03,24
2,1.425000000000000000e+01,3.014285714285714138e-02,9.698571428571428621e-01,-1.961071480515594323e-03,24
2,1.425000000000000000e+01,3.028571428571428734e-02,9.697142857142857508e-01,-1.983123224825342201e-03,24
2,1.425000000000000000e+01,3.042857142857142635e-02,9.695714285714285285e-01,-2.005289304371174475e-03,24
2,1.425000000000000000e+01,3.057142857142857231e-02,9.694285714285714173e-01,-2.027569619363081554e-03,24
2,1.425000000000000000e+01,3.071428571428571133e-02,9.692857142857143060e-01,-2.049964069754897644e-03,24
2,1.425000000000000000e+01,3.085714285714286076e-02,9.691428571428570837e-01,-2.072472555244009307e-03,24
2,1.425000000000000000e+01,3.099999999999999978e-02,9.689999999999999725e-01,-2.095094975272299154e-03,24
2,1.425000000000000000e+01,3.114285714285714574e-02,9.688571428571428612e-01,-2.117831229026923001e-03,24
2,1.425000000000000000e+01,3.128571428571428475e-02,9.687142857142857499e-01,-2.140681215440518037e-03,24
2,1.425000000000000000e+01,3.142857142857143071e-02,9.685714285714285277e-01,-2.163644833192035488e-03,24
2,1.425000000000000000e+01,3.157142857142856973e-02,9.684285714285714164e-01,-2.186721980707254098e-03,24
2,1.425000000000000000e+01,3.171428571428571569e-02,9.682857142857143051e-01,-2.209912556159154828e-03,24
2,1.425000000000000000e+01,3.185714285714285471e-02,9.681428571428571939e-01,-2.233216457468961691e-03,24
2,1.425000000000000000e+01,3.200000000000000067e-02,9.679999999999999716e-01,-2.256633582306266650e-03,24
2,1.425000000000000000e+01,3.214285714285713969e-02,9.678571428571428603e-01,-2.280163828089876166e-03,24
2,1.425000000000000000e+01,3.228571428571428564e-02,9.677142857142857491e-01,-2.303807091988394062e-03,24
2,1.425000000000000000e+01,3.242857142857143160e-02,9.675714285714285268e-01,-2.327563270920582350e-03,24
2,1.425000000000000000e+01,3.257142857142857756e-02,9.674285714285714155e-01,-2.351432261556152259e-03,24
2,1.425000000000000000e+01,3.271428571428571658e-02,9.672857142857143042e-01,-2.375413960316360984e-03,24
2,1.425000000000000000e+01,3.285714285714286254e-02,9.671428571428570820e-01,-2.399508263374566797e-03,24
2,1.425000000000000000e+01,3.300000000000000155e-02,9.669999999999999707e-01,-2.423715066656534356e-03,24
2,1.425000000000000000e+01,3.314285714285714057e-02,9.668571428571428594e-01,-2.448034265841642076e-03,24
2,1.425000000000000000e+01,3.328571428571428653e-02,9.667142857142857482e-01,-2.472465756362854372e-03,24
2,1.425000000000000000e+01,3.342857142857142555e-02,9.665714285714285259e-01,-2.497009433407471057e-03,24
2,1.425000000000000000e+01,3.357142857142857151e-02,9.664285714285714146e-01,-2.521665191918140425e-03,24
2,1.425000000000000000e+01,3.371428571428571053e-02,9.662857142857143034e-01,-2.546432926592706592e-03,24
2,1.425000000000000000e+01,3.385714285714285648e-02,9.661428571428571921e-01,-2.571312531885486252e-03,24
2,1.425000000000000000e+01,3.399999999999999550e-02,9.659999999999999698e-01,-2.596303902007351949e-03,24
2,1.425000000000000000e+01,3.414285714285714146e-02,9.658571428571428585e-01,-2.621406930926745149e-03,24
2,1.425000000000000000e+01,3.428571428571428742e-02,9.657142857142857473e-01,-2.646621512370148088e-03,24
2,1.425000000000000000e+01,3.442857142857143338e-02,9.655714285714285250e-01,-2.671947539822111528e-03,24
2,1.425000000000000000e+01,3.457142857142857240e-02,9.654285714285714137e-01,-2.697384906526656412e-03,24
2,1.425000000000000000e+01,3.471428571428571835e-02,9.652857142857143025e-01,-2.722933505487579176e-03,24
2,1.425000000000000000e+01,3.485714285714285737e-02,9.651428571428571912e-01,-2.748593229469020738e-03,24
2,1.425000000000000000e+01,3.500000000000000333e-02,9.649999999999999689e-01,-2.774363970995744055e-03,24
2,1.425000000000000000e+01,3.514285714285714235e-02,9.648571428571428577e-01,-2.800245622354341490e-03,24
2,1.425000000000000000e+01,3.528571428571428831e-02,9.647142857142857464e-01,-2.826238075593290322e-03,24
2,1.425000000000000000e+01,3.542857142857142733e-02,9.645714285714285241e-01,-2.852341222523799291e-03,24
2,1.425000000000000000e+01,3.557142857142857328e-02,9.644285714285714128e-01,-2.878554954720502490e-03,24
2,1.425000000000000000e+01,3.571428571428571230e-02,9.642857142857143016e-01,-2.904879163521778551e-03,24
2,1.425000000000000000e+01,3.585714285714285826e-02,9.641428571428571903e-01,-2.931313740030638826e-03,24
2,1.425000000000000000e+01,3.599999999999999728e-02,9.639999999999999680e-01,-2.957858575114852284e-03,24
2,1.425000000000000000e+01,3.614285714285714324e-02,9.638571428571428568e-01,-2.984513559408097372e-03,24
2,1.425000000000000000e+01,3.628571428571428920e-02,9.637142857142857455e-01,-3.011278583310364465e-03,24
2,1.425000000000000000e+01,3.642857142857143515e-02,9.635714285714285232e-01,-3.038153536988483228e-03,24
2,1.425000000000000000e+01,3.657142857142857417e-02,9.634285714285714119e-01,-3.065138310376525066e-03,24
2,1.425000000000000000e+01,3.671428571428571319e-02,9.632857142857143007e-01,-3.092232793176885597e-03,24
2,1.425000000000000000e+01,3.685714285714285915e-02,9.631428571428571894e-01,-3.119436874860465059e-03,24
2,1.425000000000000000e+01,3.699999999999999817e-02,9.629999999999999671e-01,-3.146750444667528734e-03,24
2,1.425000000000000000e+01,3.714285714285714413e-02,9.628571428571428559e-01,-3.174173391608012262e-03,24
2,1.425000000000000000e+01,3.728571428571428314e-02,9.627142857142857446e-01,-3.201705604462451449e-03,24
2,1.425000000000000000e+01,3.742857142857142910e-02,9.625714285714285223e-01,-3.229346971782467990e-03,24
2,1.425000000000000000e+01,3.757142857142856812e-02,9.624285714285714111e-01,-3.257097381891116417e-03,24
2,1.425000000000000000e+01,3.771428571428571408e-02,9.622857142857142998e-01,-3.284956722883952684e-03,24
2,1.425000000000000000e+01,3.785714285714285310e-02,9.621428571428571885e-01,-3.312924882629339485e-03,24
2,1.425000000000000000e+01,3.799999999999999906e-02,9.619999999999999662e-01,-3.341001748768918089e-03,24
2,1.425000000000000000e+01,3.814285714285714501e-02,9.618571428571428550e-01,-3.369187208718496529e-03,24
2,1.425000000000000000e+01,3.828571428571429097e-02,9.617142857142857437e-01,-3.397481149668521438e-03,24
2,1.425000000000000000e+01,3.842857142857142999e-02,9.615714285714285214e-01,-3.425883458584758068e-03,24
2,1.425000000000000000e+01,3.857142857142857595e-02,9.614285714285714102e-01,-3.454394022208762127e-03,24
2,1.425000000000000000e+01,3.871428571428571497e-02,9.612857142857142989e-01,-3.483012727058587554e-03,24
2,1.425000000000000000e+01,3.885714285714286093e-02,9.611428571428571876e-01,-3.511739459429202848e-03,24
2,1.425000000000000000e+01,3.899999999999999994e-02,9.609999999999999654e-01,-3.540574105393559656e-03,24
2,1.425000000000000000e+01,3.914285714285714590e-02,9.608571428571428541e-01,-3.569516550802426247e-03,24
2,1.425000000000000000e+01,3.928571428571428492e-02,9.607142857142857428e-01,-3.598566681285997326e-03,24
2,1.425000000000000000e+01,3.942857142857143088e-02,9.605714285714285205e-01,-3.627724382253408320e-03,24
2,1.425000000000000000e+01,3.957142857142856990e-02,9.604285714285714093e-01,-3.656989538894192537e-03,24
2,1.425000000000000000e+01,3.971428571428571586e-02,9.602857142857142980e-01,-3.686362036178517099e-03,24
2,1.425000000000000000e+01,3.985714285714285487e-02,9.601428571428571868e-01,-3.715841758857849064e-03,24
2,1.425000000000000000e+01,4.000000000000000083e-02,9.599999999999999645e-01,-3.745428591465344015e-03,24
2,1.450000000000000000e+01,0.000000000000000000e+00,1.000000000000000000e+00,0.000000000000000000e+00,24
2,1.450000000000000000e+01,1.428571428571428679e-04,9.998571428571428887e-01,7.780094658627056958e-06,24
2,1.450000000000000000e+01,2.857142857142857357e-04,9.997142857142856665e-01,1.542775371930760198e-05,24
2,1.450000000000000000e+01,4.285714285714285494e-04,9.995714285714285552e-01,2.294300114449865369e-05,24
2,1.450000000000000000e+01,5.714285714285714714e-04,9.994285714285714439e-01,3.032586129152192722e-05,24
2,1.450000000000000000e+01,7.142857142857142851e-04,9.992857142857143327e-01,3.757635891242505632e-05,24
2,1.450000000000000000e+01,8.571428571428570987e-04,9.991428571428571104e-01,4.469451915312117052e-05,24
2,1.450000000000000000e+01,1.000000000000000021e-03,9.989999999999999991e-01,5.168036755344440625e-05,24
2,1.450000000000000000e+01,1.142857142857142943e-03,9.988571428571428878e-01,5.853393004641438413e-05,24
2,1.450000000000000000e+01,1.285714285714285648e-03,9.987142857142856656e-01,6.525523295818069780e-05,24
2,1.450000000000000000e+01,1.428571428571428570e-03,9.985714285714285543e-01,7.184430300735678010e-05,24
2,1.450000000000000000e+01,1.571428571428571492e-03,9.984285714285714430e-01,7.830116730479785847e-05,24
2,1.450000000000000000e+01,1.714285714285714197e-03,9.982857142857143318e-01,8.462585335318462132e-05,24
2,1.450000000000000000e+01,1.857142857142857120e-03,9.981428571428571095e-01,9.081838904646810651e-05,24
2,1.450000000000000000e+01,2.000000000000000042e-03,9.979999999999999982e-01,9.687880266967541232e-05,24
2,1.450000000000000000e+01,2.142857142857142964e-03,9.978571428571428870e-01,1.028071228984656083e-04,24
2,1.450000000000000000e+01,2.285714285714285886e-03,9.977142857142856647e-01,1.086033787984774790e-04,24
2,1.450000000000000000e+01,2.428571428571428808e-03,9.975714285714285534e-01,1.142675998256348358e-04,24
2,1.450000000000000000e+01,2.571428571428571296e-03,9.974285714285714421e-01,1.197998158247032263e-04,24
2,1.450000000000000000e+01,2.714285714285714218e-03,9.972857142857143309e-01,1.252000570297895354e-04,24
2,1.450000000000000000e+01,2.857142857142857140e-03,9.971428571428571086e-01,1.304683540636480954e-04,24
2,1.450000000000000000e+01,3.000000000000000062e-03,9.969999999999999973e-01,1.356047379368202632e-04,24
2,1.450000000000000000e+01,3.142857142857142985e-03,9.968571428571428861e-01,1.406092400480091209e-04,24
2,1.450000000000000000e+01,3.285714285714285907e-03,9.967142857142856638e-01,1.454818921832329304e-04,24
2,1.450000000000000000e+01,3.428571428571428395e-03,9.965714285714285525e-01,1.502227265152006330e-04,24
2,1.450000000000000000e+01,3.571428571428571317e-03,9.964285714285714413e-01,1.548317756035477721e-04,24
2,1.450000000000000000e+01,3.714285714285714239e-03,9.962857142857143300e-01,1.593090723939205589e-04,24
2,1.450000000000000000e+01,3.857142857142857595e-03,9.961428571428571077e-01,1.636546502173374940e-04,24
2,1.450000000000000000e+01,4.000000000000000083e-03,9.959999999999999964e-01,1.678685427907028460e-04,24
2,1.450000000000000000e+01,4.142857142857142572e-03,9.958571428571428852e-01,1.719507842153494837e-04,24
2,1.450000000000000000e+01,4.285714285714285927e-03,9.957142857142856629e-01,1.759014089773164313e-04,24
2,1.450000000000000000e+01,4.428571428571428416e-03,9.955714285714285516e-01,1.797204519465578354e-04,24
2,1.450000000000000000e+01,4.571428571428571772e-03,9.954285714285714404e-01,1.834079483767486751e-04,24
2,1.450000000000000000e+01,4.714285714285714260e-03,9.952857142857143291e-01,1.869639339047157733e-04,24
2,1.450000000000000000e+01,4.857142857142857616e-03,9.951428571428571068e-01,1.903884445500769740e-04,24
2,1.450000000000000000e+01,5.000000000000000104e-03,9.949999999999999956e-01,1.936815167148109307e-04,24
2,1.450000000000000000e+01,5.142857142857142592e-03,9.948571428571428843e-01,1.968431871827991397e-04,24
2,1.450000000000000000e+01,5.285714285714285948e-03,9.947142857142856620e-01,1.998734931194651177e-04,24
2,1.450000000000000000e+01,5.428571428571428437e-03,9.945714285714285507e-01,2.027724720712609230e-04,24
2,1.450000000000000000e+01,5.571428571428571792e-03,9.944285714285714395e-01,2.055401619653757228e-04,24
2,1.450000000000000000e+01,5.714285714285714281e-03,9.942857142857143282e-01,2.081766011089170032e-04,24
2,1.450000000000000000e+01,5.857142857142857637e-03,9.941428571428571059e-01,2.106818281891603695e-04,24
2,1.450000000000000000e+01,6.000000000000000125e-03,9.939999999999999947e-01,2.130558822723699341e-04,24
2,1.450000000000000000e+01,6.142857142857142613e-03,9.938571428571428834e-01,2.152988028038121948e-04,24
2,1.450000000000000000e+01,6.285714285714285969e-03,9.937142857142856611e-01,2.174106296074507227e-04,24
2,1.450000000000000000e+01,6.428571428571428457e-03,9.935714285714285499e-01,2.193914028848914510e-04,24
2,1.450000000000000000e+01,6.571428571428571813e-03,9.934285714285714386e-01,2.212411632154936969e-04,24
2,1.450000000000000000e+01,6.714285714285714302e-03,9.932857142857143273e-01,2.229599515559677059e-04,24
2,1.450000000000000000e+01,6.857142857142856790e-03,9.931428571428571050e-01,2.245478092393060621e-04,24
2,1.450000000000000000e+01,7.000000000000000146e-03,9.929999999999999938e-01,2.260047779749779773e-04,24
2,1.450000000000000000e+01,7.142857142857142634e-03,9.928571428571428825e-01,2.273308998483325460e-04,24
2,1.450000000000000000e+01,7.285714285714285990e-03,9.927142857142856602e-01,2.285262173198632230e-04,24
2,1.450000000000000000e+01,7.428571428571428478e-03,9.925714285714285490e-01,2.295907732251245559e-04,24
2,1.450000000000000000e+01,7.571428571428571834e-03,9.924285714285714377e-01,2.305246107741215633e-04,24
2,1.450000000000000000e+01,7.714285714285715190e-03,9.922857142857143264e-01,2.313277735509350341e-04,24
2,1.450000000000000000e+01,7.857142857142857678e-03,9.921428571428571042e-01,2.320003055128611047e-04,24
2,1.450000000000000000e+01,8.000000000000000167e-03,9.919999999999999929e-01,2.325422509905500368e-04,24
2,1.450000000000000000e+01,8.142857142857144390e-03,9.918571428571428816e-01,2.329536546875343728e-04,24
2,1.450000000000000000e+01,8.285714285714285143e-03,9.917142857142857704e-01,2.332345616791187126e-04,24
2,1.450000000000000000e+01,8.428571428571427632e-03,9.915714285714285481e-01,2.333850174125323695e-04,24
2,1.450000000000000000e+01,8.571428571428571855e-03,9.914285714285714368e-01,2.334050677061799695e-04,24
2,1.450000000000000000e+01,8.714285714285714343e-03,9.912857142857143256e-01,2.332947587493500174e-04,24
2,1.450000000000000000e+01,8.857142857142856832e-03,9.911428571428571033e-01,2.330541371019512198e-04,24
2,1.450000000000000000e+01,8.999999999999999320e-03,9.909999999999999920e-01,2.326832496931247052e-04,24
2,1.450000000000000000e+01,9.142857142857143543e-03,9.908571428571428807e-01,2.321821438220073031e-04,24
2,1.450000000000000000e+01,9.285714285714286031e-03,9.907142857142856585e-01,2.315508671565519316e-04,24
2,1.450000000000000000e+01,9.428571428571428520e-03,9.905714285714285472e-01,2.307894677330696309e-04,24
2,1.450000000000000000e+01,9.571428571428572743e-03,9.904285714285714359e-01,2.298979939560213959e-04,24
2,1.450000000000000000e+01,9.714285714285715231e-03,9.902857142857143247e-01,2.288764945974353093e-04,24
2,1.450000000000000000e+01,9.857142857142857720e-03,9.901428571428571024e-01,2.277250187963236749e-04,24
2,1.450000000000000000e+01,1.000000000000000021e-02,9.899999999999999911e-01,2.264436160583083169e-04,24
2,1.450000000000000000e+01,1.014285714285714270e-02,9.898571428571428799e-01,2.250323362553569018e-04,24
2,1.450000000000000000e+01,1.028571428571428518e-02,9.897142857142857686e-01,2.234912296247559826e-04,24
2,1.450000000000000000e+01,1.042857142857142767e-02,9.895714285714285463e-01,2.218203467693885544e-04,24
2,1.450000000000000000e+01,1.057142857142857190e-02,9.894285714285714350e-01,2.200197386566099533e-04,24
2,1.450000000000000000e+01,1.071428571428571438e-02,9.892857142857143238e-01,2.180894566179425453e-04,24
2,1.450000000000000000e+01,1.085714285714285687e-02,9.891428571428571015e-01,2.160295523487842928e-04,24
2,1.450000000000000000e+01,1.100000000000000110e-02,9.889999999999999902e-01,2.138400779079507874e-04,24
2,1.450000000000000000e+01,1.114285714285714358e-02,9.888571428571428790e-01,2.115210857168287051e-04,24
2,1.450000000000000000e+01,1.128571428571428607e-02,9.887142857142857677e-01,2.090726285590843725e-04,24
2,1.450000000000000000e+01,1.142857142857142856e-02,9.885714285714285454e-01,2.064947595804694780e-04,24
2,1.450000000000000000e+01,1.157142857142857278e-02,9.884285714285714342e-01,2.037875322879328932e-04,24
2,1.450000000000000000e+01,1.171428571428571527e-02,9.882857142857143229e-01,2.009510005492043394e-04,24
2,1.450000000000000000e+01,1.185714285714285776e-02,9.881428571428571006e-01,1.979852185925445873e-04,24
2,1.450000000000000000e+01,1.200000000000000025e-02,9.879999999999999893e-01,1.948902410060654455e-04,24
2,1.450000000000000000e+01,1.214285714285714274e-02,9.878571428571428781e-01,1.916661227370636267e-04,24
2,1.450000000000000000e+01,1.228571428571428523e-02,9.877142857142857668e-01,1.883129190920485030e-04,24
2,1.450000000000000000e+01,1.242857142857142771e-02,9.875714285714285445e-01,1.848306857357706612e-04,24
2,1.450000000000000000e+01,1.257142857142857194e-02,9.874285714285714333e-01,1.812194786908610800e-04,24
2,1.450000000000000000e+01,1.271428571428571443e-02,9.872857142857143220e-01,1.774793543375535743e-04,24
2,1.450000000000000000e+01,1.285714285714285691e-02,9.871428571428570997e-01,1.736103694127966168e-04,24
2,1.450000000000000000e+01,1.300000000000000114e-02,9.869999999999999885e-01,1.696125810100451714e-04,24
2,1.450000000000000000e+01,1.314285714285714363e-02,9.868571428571428772e-01,1.654860465788998702e-04,24
2,1.450000000000000000e+01,1.328571428571428611e-02,9.867142857142857659e-01,1.612308239238996466e-04,24
2,1.450000000000000000e+01,1.342857142857142860e-02,9.865714285714285436e-01,1.568469712051739906e-04,24
2,1.450000000000000000e+01,1.357142857142857283e-02,9.864285714285714324e-01,1.523345469366110816e-04,24
2,1.450000000000000000e+01,1.371428571428571358e-02,9.862857142857143211e-01,1.476936099864822882e-04,24
2,1.450000000000000000e+01,1.385714285714285607e-02,9.861428571428570988e-01,1.429242195763458234e-04,24
2,1.450000000000000000e+01,1.400000000000000029e-02,9.859999999999999876e-01,1.380264352807414330e-04,24
2,1.450000000000000000e+01,1.414285714285714278e-02,9.858571428571428763e-01,1.330003170265520174e-04,24
2,1.450000000000000000e+01,1.428571428571428527e-02,9.857142857142857650e-01,1.278459250925456647e-04,24
2,1.450000000000000000e+01,1.442857142857142949e-02,9.855714285714285428e-01,1.225633201089593172e-04,24
2,1.450000000000000000e+01,1.457142857142857198e-02,9.854285714285714315e-01,1.171525630567632481e-04,24
2,1.450000000000000000e+01,1.471428571428571447e-02,9.852857142857143202e-01,1.116137152677165734e-04,24
2,1.450000000000000000e+01,1.485714285714285696e-02,9.851428571428570979e-01,1.059468384228545723e-04,24
2,1.450000000000000000e+01,1.500000000000000118e-02,9.849999999999999867e-01,1.001519945531686995e-04,24
2,1.450000000000000000e+01,1.514285714285714367e-02,9.848571428571428754e-01,9.422924603801063892e-05,24
2,1.450000000000000000e+01,1.528571428571428616e-02,9.847142857142857642e-01,8.817865560528659330e-05,24
2,1.450000000000000000e+01,1.542857142857143038e-02,9.845714285714285419e-01,8.200028633073563888e-05,24
2,1.450000000000000000e+01,1.557142857142857287e-02,9.844285714285714306e-01,7.569420163736073626e-05,24
2,1.450000000000000000e+01,1.571428571428571536e-02,9.842857142857143193e-01,6.926046529484586323e-05,24
2,1.450000000000000000e+01,1.585714285714285784e-02,9.841428571428570971e-01,6.269914141932009244e-05,24
2,1.450000000000000000e+01,1.600000000000000033e-02,9.839999999999999858e-01,5.601029447245553516e-05,24
2,1.450000000000000000e+01,1.614285714285714282e-02,9.838571428571428745e-01,4.919398926116202997e-05,24
2,1.450000000000000000e+01,1.628571428571428878e-02,9.837142857142857633e-01,4.225029093725407581e-05,24
2,1.450000000000000000e+01,1.642857142857143127e-02,9.835714285714285410e-01,3.517926499645163130e-05,24
2,1.450000000000000000e+01,1.657142857142857029e-02,9.834285714285714297e-01,2.798097727842174809e-05,24
2,1.450000000000000000e+01,1.671428571428571278e-02,9.832857142857143185e-01,2.065549396548793659e-05,24
2,1.450000000000000000e+01,1.685714285714285526e-02,9.831428571428570962e-01,1.320288158301874404e-05,24
2,1.450000000000000000e+01,1.699999999999999775e-02,9.829999999999999849e-01,5.623206998303653670e-06,24
2,1.450000000000000000e+01,1.714285714285714371e-02,9.828571428571428736e-01,-2.083462579946515625e-06,24
2,1.450000000000000000e+01,1.728571428571428620e-02,9.827142857142857624e-01,-9.917059601946554004e-06,24
2,1.450000000000000000e+01,1.742857142857142869e-02,9.825714285714285401e-01,-1.787751617722543873e-05,24
2,1.450000000000000000e+01,1.757142857142857117e-02,9.824285714285714288e-01,-2.596476407573655720e-05,24
2,1.450000000000000000e+01,1.771428571428571366e-02,9.822857142857143176e-01,-3.417873472780219579e-05,24
2,1.450000000000000000e+01,1.785714285714285615e-02,9.821428571428570953e-01,-4.251935922480742924e-05,24
2,1.450000000000000000e+01,1.799999999999999864e-02,9.819999999999999840e-01,-5.098656832000503236e-05,24
2,1.450000000000000000e+01,1.814285714285714460e-02,9.818571428571428727e-01,-5.958029242870976905e-05,24
2,1.450000000000000000e+01,1.828571428571428709e-02,9.817142857142857615e-01,-6.830046162883962602e-05,24
2,1.450000000000000000e+01,1.842857142857142957e-02,9.815714285714285392e-01,-7.714700566187338016e-05,24
2,1.450000000000000000e+01,1.857142857142857206e-02,9.814285714285714279e-01,-8.611985393289223190e-05,24
2,1.450000000000000000e+01,1.871428571428571455e-02,9.812857142857143167e-01,-9.521893551137083911e-05,24
2,1.450000000000000000e+01,1.885714285714285704e-02,9.811428571428570944e-01,-1.044441791316491619e-04,24
2,1.450000000000000000e+01,1.899999999999999953e-02,9.809999999999999831e-01,-1.137955131935292075e-04,24
2,1.450000000000000000e+01,1.914285714285714549e-02,9.808571428571428719e-01,-1.232728657629134084e-04,24
2,1.450000000000000000e+01,1.928571428571428797e-02,9.807142857142857606e-01,-1.328761645718185003e-04,24
2,1.450000000000000000e+01,1.942857142857143046e-02,9.805714285714285383e-01,-1.426053370198326897e-04,24
2,1.450000000000000000e+01,1.957142857142857295e-02,9.804285714285714270e-01,-1.524603101736993205e-04,24
2,1.450000000000000000e+01,1.971428571428571544e-02,9.802857142857143158e-01,-1.624410107687046523e-04,24
2,1.450000000000000000e+01,1.985714285714285793e-02,9.801428571428570935e-01,-1.725473652085668386e-04,24
2,1.450000000000000000e+01,2.000000000000000042e-02,9.799999999999999822e-01,-1.827792995663379827e-04,24
2,1.450000000000000000e+01,2.014285714285714290e-02,9.798571428571428710e-01,-1.931367395848759827e-04,24
2,1.450000000000000000e+01,2.028571428571428539e-02,9.797142857142857597e-01,-2.036196106773580095e-04,24
2,1.450000000000000000e+01,2.042857142857142788e-02,9.795714285714285374e-01,-2.142278379279327627e-04,24
2,1.450000000000000000e+01,2.057142857142857037e-02,9.794285714285714262e-01,-2.249613460922061936e-04,24
2,1.450000000000000000e+01,2.071428571428571286e-02,9.792857142857143149e-01,-2.358200595976023273e-04,24
2,1.450000000000000000e+01,2.085714285714285535e-02,9.791428571428570926e-01,-2.468039025445012413e-04,24
2,1.450000000000000000e+01,2.100000000000000130e-02,9.789999999999999813e-01,-2.579127987059198768e-04,24
2,1.450000000000000000e+01,2.114285714285714379e-02,9.788571428571428701e-01,-2.691466715289414502e-04,24
2,1.450000000000000000e+01,2.128571428571428628e-02,9.787142857142857588e-01,-2.805054441346183092e-04,24
2,1.450000000000000000e+01,2.142857142857142877e-02,9.785714285714285365e-01,-2.919890393188878663e-04,24
2,1.450000000000000000e+01,2.157142857142857126e-02,9.784285714285714253e-01,-3.035973795532387332e-04,24
2,1.450000000000000000e+01,2.171428571428571375e-02,9.782857142857143140e-01,-3.153303869847245977e-04,24
2,1.450000000000000000e+01,2.185714285714285623e-02,9.781428571428570917e-01,-3.271879834370189366e-04,24
2,1.450000000000000000e+01,2.200000000000000219e-02,9.779999999999999805e-01,-3.391700904109423709e-04,24
2,1.450000000000000000e+01,2.214285714285714468e-02,9.778571428571428692e-01,-3.512766290847957329e-04,24
2,1.450000000000000000e+01,2.228571428571428717e-02,9.777142857142857579e-01,-3.635075203149429335e-04,24
2,1.450000000000000000e+01,2.242857142857142966e-02,9.775714285714285356e-01,-3.758626846365742402e-04,24
2,1.450000000000000000e+01,2.257142857142857215e-02,9.774285714285714244e-01,-3.883420422644001668e-04,24
2,1.450000000000000000e+01,2.271428571428571463e-02,9.772857142857143131e-01,-4.009455130925543287e-04,24
2,1.450000000000000000e+01,2.285714285714285712e-02,9.771428571428570908e-01,-4.136730166957591770e-04,24
2,1.450000000000000000e+01,2.300000000000000308e-02,9.769999999999999796e-01,-4.265244723299088658e-04,24
2,1.450000000000000000e+01,2.314285714285714557e-02,9.768571428571428683e-01,-4.394997989323051746e-04,24
2,1.450000000000000000e+01,2.328571428571428806e-02,9.767142857142857570e-01,-4.525989151223652751e-04,24
2,1.450000000000000000e+01,2.342857142857143055e-02,9.765714285714285348e-01,-4.658217392021907211e-04,24
2,1.450000000000000000e+01,2.357142857142857303e-02,9.764285714285714235e-01,-4.791681891573029706e-04,24
2,1.450000000000000000e+01,2.371428571428571552e-02,9.762857142857143122e-01,-4.926381826568237976e-04,24
2,1.450000000000000000e+01,2.385714285714285454e-02,9.761428571428572010e-01,-5.062316370547104150e-04,24
2,1.450000000000000000e+01,2.400000000000000050e-02,9.759999999999999787e-01,-5.199484693893391407e-04,24
2,1.450000000000000000e+01,2.414285714285714299e-02,9.758571428571428674e-01,-5.337885963851707327e-04,24
2,1.450000000000000000e+01,2.428571428571428548e-02,9.757142857142857562e-01,-5.477519344524034439e-04,24
2,1.450000000000000000e+01,2.442857142857142796e-02,9.755714285714285339e-01,-5.618383996883746789e-04,24
2,1.450000000000000000e+01,2.457142857142857045e-02,9.754285714285714226e-01,-5.760479078773389494e-04,24
2,1.450000000000000000e+01,2.471428571428571294e-02,9.752857142857143113e-01,-5.903803744916336083e-04,24
2,1.450000000000000000e+01,2.485714285714285543e-02,9.751428571428570891e-01,-6.048357146920674277e-04,24
2,1.450000000000000000e+01,2.500000000000000139e-02,9.749999999999999778e-01,-6.194138433283091771e-04,24
2,1.450000000000000000e+01,2.514285714285714388e-02,9.748571428571428665e-01,-6.341146749397480464e-04,24
2,1.450000000000000000e+01,2.528571428571428636e-02,9.747142857142857553e-01,-6.489381237560765125e-04,24
2,1.450000000000000000e+01,2.542857142857142885e-02,9.745714285714285330e-01,-6.638841036978038179e-04,24
2,1.450000000000000000e+01,2.557142857142857134e-02,9.744285714285714217e-01,-6.789525283764086261e-04,24
2,1.450000000000000000e+01,2.571428571428571383e-02,9.742857142857143105e-01,-6.941433110957129227e-04,24
2,1.450000000000000000e+01,2.585714285714285632e-02,9.741428571428571992e-01,-7.094563648518820154e-04,24
2,1.450000000000000000e+01,2.600000000000000228e-02,9.739999999999999769e-01,-7.248916023344792459e-04,24
2,1.450000000000000000e+01,2.614285714285714476e-02,9.738571428571428656e-01,-7.404489359263410897e-04,24
2,1.450000000000000000e+01,2.628571428571428725e-02,9.737142857142857544e-01,-7.561282777049371795e-04,24
2,1.450000000000000000e+01,2.642857142857142974e-02,9.735714285714285321e-01,-7.719295394424952050e-04,24
2,1.450000000000000000e+01,2.657142857142857223e-02,9.734285714285714208e-01,-7.878526326066531693e-04,24
2,1.450000000000000000e+01,2.671428571428571472e-02,9.732857142857143096e-01,-8.038974683612087890e-04,24
2,1.450000000000000000e+01,2.685714285714285721e-02,9.731428571428570873e-01,-8.200639575666884840e-04,24
2,1.450000000000000000e+01,2.700000000000000316e-02,9.729999999999999760e-01,-8.363520107807220771e-04,24
2,1.450000000000000000e+01,2.714285714285714565e-02,9.728571428571428648e-01,-8.527615382586534176e-04,24
2,1.450000000000000000e+01,2.728571428571428814e-02,9.727142857142857535e-01,-8.692924499546922368e-04,24
2,1.450000000000000000e+01,2.742857142857142716e-02,9.725714285714285312e-01,-8.859446555214839369e-04,24
2,1.450000000000000000e+01,2.757142857142856965e-02,9.724285714285714199e-01,-9.027180643118720704e-04,24
2,1.450000000000000000e+01,2.771428571428571214e-02,9.722857142857143087e-01,-9.196125853785375170e-04,24
2,1.450000000000000000e+01,2.785714285714285809e-02,9.721428571428571974e-01,-9.366281274750115626e-04,24
2,1.450000000000000000e+01,2.800000000000000058e-02,9.719999999999999751e-01,-9.537645990563420328e-04,24
2,1.450000000000000000e+01,2.814285714285714307e-02,9.718571428571428639e-01,-9.710219082794957490e-04,24
2,1.450000000000000000e+01,2.828571428571428556e-02,9.717142857142857526e-01,-9.883999630040940509e-04,24
2,1.450000000000000000e+01,2.842857142857142805e-02,9.715714285714285303e-01,-1.005898670793009542e-03,24
2,1.450000000000000000e+01,2.857142857142857054e-02,9.714285714285714191e-01,-1.023517938912713032e-03,24
2,1.450000000000000000e+01,2.871428571428571649e-02,9.712857142857143078e-01,-1.041257674334217231e-03,24
2,1.450000000000000000e+01,2.885714285714285898e-02,9.711428571428570855e-01,-1.059117783733520834e-03,24
2,1.450000000000000000e+01,2.900000000000000494e-02,9.709999999999999742e-01,-1.077098173492288535e-03,24
2,1.450000000000000000e+01,2.914285714285714396e-02,9.708571428571428630e-01,-1.095198749698170215e-03,24
2,1.450000000000000000e+01,2.928571428571428298e-02,9.707142857142857517e-01,-1.113419418145786266e-03,24
2,1.450000000000000000e+01,2.942857142857142894e-02,9.705714285714285294e-01,-1.131760084337310457e-03,24
2,1.450000000000000000e+01,2.957142857142856796e-02,9.704285714285714182e-01,-1.150220653482580957e-03,24
2,1.450000000000000000e+01,2.971428571428571391e-02,9.702857142857143069e-01,-1.168801030500474236e-03,24
2,1.450000000000000000e+01,2.985714285714285640e-02,9.701428571428571956e-01,-1.187501120018544243e-03,24
2,1.450000000000000000e+01,3.000000000000000236e-02,9.699999999999999734e-01,-1.206320826374701616e-03,24
2,1.450000000000000000e+01,3.014285714285714138e-02,9.698571428571428621e-01,-1.225260053617116540e-03,24
2,1.450000000000000000e+01,3.028571428571428734e-02,9.697142857142857508e-01,-1.244318705504787737e-03,24
2,1.450000000000000000e+01,3.042857142857142635e-02,9.695714285714285285e-01,-1.263496685508805339e-03,24
2,1.450000000000000000e+01,3.057142857142857231e-02,9.694285714285714173e-01,-1.282793896812017831e-03,24
2,1.450000000000000000e+01,3.071428571428571133e-02,9.692857142857143060e-01,-1.302210242310683497e-03,24
2,1.450000000000000000e+01,3.085714285714286076e-02,9.691428571428570837e-01,-1.321745624614137360e-03,24
2,1.450000000000000000e+01,3.099999999999999978e-02,9.689999999999999725e-01,-1.341399946045984670e-03,24
2,1.450000000000000000e+01,3.114285714285714574e-02,9.688571428571428612e-01,-1.361173108644475604e-03,24
2,1.450000000000000000e+01,3.128571428571428475e-02,9.687142857142857499e-01,-1.381065014163213034e-03,24
2,1.450000000000000000e+01,3.142857142857143071e-02,9.685714285714285277e-01,-1.401075564071818658e-03,24
2,1.450000000000000000e+01,3.157142857142856973e-02,9.684285714285714164e-01,-1.421204659556335459e-03,24
2,1.450000000000000000e+01,3.171428571428571569e-02,9.682857142857143051e-01,-1.441452201519990983e-03,24
2,1.450000000000000000e+01,3.185714285714285471e-02,9.681428571428571939e-01,-1.461818090583932861e-03,24
2,1.450000000000000000e+01,3.200000000000000067e-02,9.679999999999999716e-01,-1.482302227087395341e-03,24
2,1.450000000000000000e+01,3.214285714285713969e-02,9.678571428571428603e-01,-1.502904511089073192e-03,24
2,1.450000000000000000e+01,3.228571428571428564e-02,9.677142857142857491e-01,-1.523624842366858023e-03,24
2,1.450000000000000000e+01,3.242857142857143160e-02,9.675714285714285268e-01,-1.544463120419170554e-03,24
2,1.450000000000000000e+01,3.257142857142857756e-02,9.674285714285714155e-01,-1.565419244465113269e-03,24
2,1.450000000000000000e+01,3.271428571428571658e-02,9.672857142857143042e-01,-1.586493113445427983e-03,24
2,1.450000000000000000e+01,3.285714285714286254e-02,9.671428571428570820e-01,-1.607684626022870544e-03,24
2,1.450000000000000000e+01,3.300000000000000155e-02,9.669999999999999707e-01,-1.628993680582835335e-03,24
2,1.450000000000000000e+01,3.314285714285714057e-02,9.668571428571428594e-01,-1.650420175234326714e-03,24
2,1.450000000000000000e+01,3.328571428571428653e-02,9.667142857142857482e-01,-1.671964007810139430e-03,24
2,1.450000000000000000e+01,3.342857142857142555e-02,9.665714285714285259e-01,-1.693625075867621899e-03,24
2,1.450000000000000000e+01,3.357142857142857151e-02,9.664285714285714146e-01,-1.715403276689397849e-03,24
2,1.450000000000000000e+01,3.371428571428571053e-02,9.662857142857143034e-01,-1.737298507283893678e-03,24
2,1.450000000000000000e+01,3.385714285714285648e-02,9.661428571428571921e-01,-1.759310664386115608e-03,24
2,1.450000000000000000e+01,3.399999999999999550e-02,9.659999999999999698e-01,-1.781439644457774585e-03,24
2,1.450000000000000000e+01,3.414285714285714146e-02,9.658571428571428585e-01,-1.803685343688854470e-03,24
2,1.450000000000000000e+01,3.428571428571428742e-02,9.657142857142857473e-01,-1.826047657997320606e-03,24
2,1.450000000000000000e+01,3.442857142857143338e-02,9.655714285714285250e-01,-1.848526483030091261e-03,24
2,1.450000000000000000e+01,3.457142857142857240e-02,9.654285714285714137e-01,-1.871121714163731520e-03,24
2,1.450000000000000000e+01,3.471428571428571835e-02,9.652857142857143025e-01,-1.893833246505008394e-03,24
2,1.450000000000000000e+01,3.485714285714285737e-02,9.651428571428571912e-01,-1.916660974891667979e-03,24
2,1.450000000000000000e+01,3.500000000000000333e-02,9.649999999999999689e-01,-1.939604793892657497e-03,24
2,1.450000000000000000e+01,3.514285714285714235e-02,9.648571428571428577e-01,-1.962664597809304912e-03,24
2,1.450000000000000000e+01,3.528571428571428831e-02,9.647142857142857464e-01,-1.985840280675374436e-03,24
2,1.450000000000000000e+01,3.542857142857142733e-02,9.645714285714285241e-01,-2.009131736258204515e-03,24
2,1.450000000000000000e+01,3.557142857142857328e-02,9.644285714285714128e-01,-2.032538858059096398e-03,24
2,1.450000000000000000e+01,3.571428571428571230e-02,9.642857142857143016e-01,-2.056061539313869257e-03,24
2,1.450000000000000000e+01,3.585714285714285826e-02,9.641428571428571903e-01,-2.079699672993776116e-03,24
2,1.450000000000000000e+01,3.599999999999999728e-02,9.639999999999999680e-01,-2.103453151805628751e-03,24
2,1.450000000000000000e+01,3.614285714285714324e-02,9.638571428571428568e-01,-2.127321868193005061e-03,24
2,1.450000000000000000e+01,3.628571428571428920e-02,9.637142857142857455e-01,-2.151305714336651520e-03,24
2,1.450000000000000000e+01,3.642857142857143515e-02,9.635714285714285232e-01,-2.175404582155066047e-03,24
2,1.450000000000000000e+01,3.657142857142857417e-02,9.634285714285714119e-01,-2.199618363304914337e-03,24
2,1.450000000000000000e+01,3.671428571428571319e-02,9.632857142857143007e-01,-2.223946949182306621e-03,24
2,1.450000000000000000e+01,3.685714285714285915e-02,9.631428571428571894e-01,-2.248390230922797661e-03,24
2,1.450000000000000000e+01,3.699999999999999817e-02,9.629999999999999671e-01,-2.272948099402288813e-03,24
2,1.450000000000000000e+01,3.714285714285714413e-02,9.628571428571428559e-01,-2.297620445237583131e-03,24
2,1.450000000000000000e+01,3.728571428571428314e-02,9.627142857142857446e-01,-2.322407158787273551e-03,24
2,1.450000000000000000e+01,3.742857142857142910e-02,9.625714285714285223e-01,-2.347308130152020444e-03,24
2,1.450000000000000000e+01,3.757142857142856812e-02,9.624285714285714111e-01,-2.372323249175356530e-03,24
2,1.450000000000000000e+01,3.771428571428571408e-02,9.622857142857142998e-01,-2.397452405444380763e-03,24
2,1.450000000000000000e+01,3.785714285714285310e-02,9.621428571428571885e-01,-2.422695488290452226e-03,24
2,1.450000000000000000e+01,3.799999999999999906e-02,9.619999999999999662e-01,-2.448052386789342783e-03,24
2,1.450000000000000000e+01,3.814285714285714501e-02,9.618571428571428550e-01,-2.473522989762694246e-03,24
2,1.450000000000000000e+01,3.828571428571429097e-02,9.617142857142857437e-01,-2.499107185777782458e-03,24
2,1.450000000000000000e+01,3.842857142857142999e-02,9.615714285714285214e-01,-2.524804863149016088e-03,24
2,1.450000000000000000e+01,3.857142857142857595e-02,9.614285714285714102e-01,-2.550615909937797854e-03,24
2,1.450000000000000000e+01,3.871428571428571497e-02,9.612857142857142989e-01,-2.576540213953731895e-03,24
2,1.450000000000000000e+01,3.885714285714286093e-02,9.611428571428571876e-01,-2.602577662754942955e-03,24
2,1.450000000000000000e+01,3.899999999999999994e-02,9.609999999999999654e-01,-2.628728143648839666e-03,24
2,1.450000000000000000e+01,3.914285714285714590e-02,9.608571428571428541e-01,-2.654991543692725164e-03,24
2,1.450000000000000000e+01,3.928571428571428492e-02,9.607142857142857428e-01,-2.681367749694643643e-03,24
2,1.450000000000000000e+01,3.942857142857143088e-02,9.605714285714285205e-01,-2.707856648213491368e-03,24
2,1.450000000000000000e+01,3.957142857142856990e-02,9.604285714285714093e-01,-2.734458125560307318e-03,24
2,1.450000000000000000e+01,3.971428571428571586e-02,9.602857142857142980e-01,-2.761172067798509100e-03,24
2,1.450000000000000000e+01,3.985714285714285487e-02,9.601428571428571868e-01,-2.787998360744697868e-03,24
2,1.450000000000000000e+01,4.000000000000000083e-02,9.599999999999999645e-01,-2.814936889969019140e-03,24
2,1.500000000000000000e+01,0.000000000000000000e+00,1.000000000000000000e+00,0.000000000000000000e+00,24
2,1.500000000000000000e+01,1.428571428571428679e-04,9.998571428571428887e-01,1.568673571412937395e-05,24
2,1.500000000000000000e+01,2.857142857142857357e-04,9.997142857142856665e-01,3.123433829886612667e-05,24
2,1.500000000000000000e+01,4.285714285714285494e-04,9.995714285714285552e-01,4.664280882897553493e-05,24
2,1.500000000000000000e+01,5.714285714285714714e-04,9.994285714285714439e-01,6.191214884321283307e-05,24
2,1.500000000000000000e+01,7.142857142857142851e-04,9.992857142857143327e-01,7.704236034437872416e-05,24
2,1.500000000000000000e+01,8.571428571428570987e-04,9.991428571428571104e-01,9.203344579826466809e-05,24
2,1.500000000000000000e+01,1.000000000000000021e-03,9.989999999999999991e-01,1.068854081340969708e-04,24
2,1.500000000000000000e+01,1.142857142857142943e-03,9.988571428571428878e-01,1.215982507433571724e-04,24
2,1.500000000000000000e+01,1.285714285714285648e-03,9.987142857142856656e-01,1.361719774802677696e-04,24
2,1.500000000000000000e+01,1.428571428571428570e-03,9.985714285714285543e-01,1.506065926609595484e-04,24
2,1.500000000000000000e+01,1.571428571428571492e-03,9.984285714285714430e-01,1.649021010630968842e-04,24
2,1.500000000000000000e+01,1.714285714285714197e-03,9.982857142857143318e-01,1.790585079257250856e-04,24
2,1.500000000000000000e+01,1.857142857142857120e-03,9.981428571428571095e-01,1.930758189488540610e-04,24
2,1.500000000000000000e+01,2.000000000000000042e-03,9.979999999999999982e-01,2.069540402930419853e-04,24
2,1.500000000000000000e+01,2.142857142857142964e-03,9.978571428571428870e-01,2.206931785790067213e-04,24
2,1.500000000000000000e+01,2.285714285714285886e-03,9.977142857142856647e-01,2.342932408873898975e-04,24
2,1.500000000000000000e+01,2.428571428571428808e-03,9.975714285714285534e-01,2.477542347584099636e-04,24
2,1.500000000000000000e+01,2.571428571428571296e-03,9.974285714285714421e-01,2.610761681912099341e-04,24
2,1.500000000000000000e+01,2.714285714285714218e-03,9.972857142857143309e-01,2.742590496438851444e-04,24
2,1.500000000000000000e+01,2.857142857142857140e-03,9.971428571428571086e-01,2.873028880329836499e-04,24
2,1.500000000000000000e+01,3.000000000000000062e-03,9.969999999999999973e-01,3.002076927326735589e-04,24
2,1.500000000000000000e+01,3.142857142857142985e-03,9.968571428571428861e-01,3.129734735751871222e-04,24
2,1.500000000000000000e+01,3.285714285714285907e-03,9.967142857142856638e-01,3.256002408499047984e-04,24
2,1.500000000000000000e+01,3.428571428571428395e-03,9.965714285714285525e-01,3.380880053028556542e-04,24
2,1.500000000000000000e+01,3.571428571428571317e-03,9.964285714285714413e-01,3.504367781370781865e-04,24
2,1.500000000000000000e+01,3.714285714285714239e-03,9.962857142857143300e-01,3.626465710112880547e-04,24
2,1.500000000000000000e+01,3.857142857142857595e-03,9.961428571428571077e-01,3.747173960400723702e-04,24
2,1.500000000000000000e+01,4.000000000000000083e-03,9.959999999999999964e-01,3.866492657935566291e-04,24
2,1.500000000000000000e+01,4.142857142857142572e-03,9.958571428571428852e-01,3.984421932964749002e-04,24
2,1.500000000000000000e+01,4.285714285714285927e-03,9.957142857142856629e-01,4.100961920285445261e-04,24
2,1.500000000000000000e+01,4.428571428571428416e-03,9.955714285714285516e-01,4.216112759233420215e-04,24
2,1.500000000000000000e+01,4.571428571428571772e-03,9.954285714285714404e-01,4.329874593684696071e-04,24
2,1.500000000000000000e+01,4.714285714285714260e-03,9.952857142857143291e-01,4.442247572047502979e-04,24
2,1.500000000000000000e+01,4.857142857142857616e-03,9.951428571428571068e-01,4.553231847262001475e-04,24
2,1.500000000000000000e+01,5.000000000000000104e-03,9.949999999999999956e-01,4.662827576792233364e-04,24
2,1.500000000000000000e+01,5.142857142857142592e-03,9.948571428571428843e-01,4.771034922625150276e-04,24
2,1.500000000000000000e+01,5.285714285714285948e-03,9.947142857142856620e-01,4.877854051267005442e-04,24
2,1.500000000000000000e+01,5.428571428571428437e-03,9.945714285714285507e-01,4.983285133735304573e-04,24
2,1.500000000000000000e+01,5.571428571428571792e-03,9.944285714285714395e-01,5.087328345561303866e-04,24
2,1.500000000000000000e+01,5.714285714285714281e-03,9.942857142857143282e-01,5.189983866776270993e-04,24
2,1.500000000000000000e+01,5.857142857142857637e-03,9.941428571428571059e-01,5.291251881919672995e-04,24
2,1.500000000000000000e+01,6.000000000000000125e-03,9.939999999999999947e-01,5.391132580022939269e-04,24
2,1.500000000000000000e+01,6.142857142857142613e-03,9.938571428571428834e-01,5.489626154613624909e-04,24
2,1.500000000000000000e+01,6.285714285714285969e-03,9.937142857142856611e-01,5.586732803708610584e-04,24
2,1.500000000000000000e+01,6.428571428571428457e-03,9.935714285714285499e-01,5.682452729808828984e-04,24
2,1.500000000000000000e+01,6.571428571428571813e-03,9.934285714285714386e-01,5.776786139895240257e-04,24
2,1.500000000000000000e+01,6.714285714285714302e-03,9.932857142857143273e-01,5.869733245429248347e-04,24
2,1.500000000000000000e+01,6.857142857142856790e-03,9.931428571428571050e-01,5.961294262340349759e-04,24
2,1.500000000000000000e+01,7.000000000000000146e-03,9.929999999999999938e-01,6.051469411027105005e-04,24
2,1.500000000000000000e+01,7.142857142857142634e-03,9.928571428571428825e-01,6.140258916353530383e-04,24
2,1.500000000000000000e+01,7.285714285714285990e-03,9.927142857142856602e-01,6.227663007641326409e-04,24
2,1.500000000000000000e+01,7.428571428571428478e-03,9.925714285714285490e-01,6.313681918668906379e-04,24
2,1.500000000000000000e+01,7.571428571428571834e-03,9.924285714285714377e-01,6.398315887663763579e-04,24
2,1.500000000000000000e+01,7.714285714285715190e-03,9.922857142857143264e-01,6.481565157303165181e-04,24
2,1.500000000000000000e+01,7.857142857142857678e-03,9.921428571428571042e-01,6.563429974702217340e-04,24
2,1.500000000000000000e+01,8.000000000000000167e-03,9.919999999999999929e-01,6.643910591415252975e-04,24
2,1.500000000000000000e+01,8.142857142857144390e-03,9.918571428571428816e-01,6.723007263432501102e-04,24
2,1.500000000000000000e+01,8.285714285714285143e-03,9.917142857142857704e-01,6.800720251170788710e-04,24
2,1.500000000000000000e+01,8.428571428571427632e-03,9.915714285714285481e-01,6.877049819471736658e-04,24
2,1.500000000000000000e+01,8.571428571428571855e-03,9.914285714285714368e-01,6.951996237596347328e-04,24
2,1.500000000000000000e+01,8.714285714285714343e-03,9.912857142857143256e-01,7.025559779222229073e-04,24
2,1.500000000000000000e+01,8.857142857142856832e-03,9.911428571428571033e-01,7.097740722438045102e-04,24
2,1.500000000000000000e+01,8.999999999999999320e-03,9.909999999999999920e-01,7.168539349739350142e-04,24
2,1.500000000000000000e+01,9.142857142857143543e-03,9.908571428571428807e-01,7.237955948021373986e-04,24
2,1.500000000000000000e+01,9.285714285714286031e-03,9.907142857142856585e-01,7.305990808579299056e-04,24
2,1.500000000000000000e+01,9.428571428571428520e-03,9.905714285714285472e-01,7.372644227100905168e-04,24
2,1.500000000000000000e+01,9.571428571428572743e-03,9.904285714285714359e-01,7.437916503661018419e-04,24
2,1.500000000000000000e+01,9.714285714285715231e-03,9.902857142857143247e-01,7.501807942719707079e-04,24
2,1.500000000000000000e+01,9.857142857142857720e-03,9.901428571428571024e-01,7.564318853113261021e-04,24
2,1.500000000000000000e+01,1.000000000000000021e-02,9.899999999999999911e-01,7.625449548055718285e-04,24
2,1.500000000000000000e+01,1.014285714285714270e-02,9.898571428571428799e-01,7.685200345130538402e-04,24
2,1.500000000000000000e+01,1.028571428571428518e-02,9.897142857142857686e-01,7.743571566283108387e-04,24
2,1.500000000000000000e+01,1.042857142857142767e-02,9.895714285714285463e-01,7.800563537822963189e-04,24
2,1.500000000000000000e+01,1.057142857142857190e-02,9.894285714285714350e-01,7.856176590414487571e-04,24
2,1.500000000000000000e+01,1.071428571428571438e-02,9.892857142857143238e-01,7.910411059070393547e-04,24
2,1.500000000000000000e+01,1.085714285714285687e-02,9.891428571428571015e-01,7.963267283152830611e-04,24
2,1.500000000000000000e+01,1.100000000000000110e-02,9.889999999999999902e-01,8.014745606363948838e-04,24
2,1.500000000000000000e+01,1.114285714285714358e-02,9.888571428571428790e-01,8.064846376742984546e-04,24
2,1.500000000000000000e+01,1.128571428571428607e-02,9.887142857142857677e-01,8.113569946660431631e-04,24
2,1.500000000000000000e+01,1.142857142857142856e-02,9.885714285714285454e-01,8.160916672815404782e-04,24
2,1.500000000000000000e+01,1.157142857142857278e-02,9.884285714285714342e-01,8.206886916228284257e-04,24
2,1.500000000000000000e+01,1.171428571428571527e-02,9.882857142857143229e-01,8.251481042235303542e-04,24
2,1.500000000000000000e+01,1.185714285714285776e-02,9.881428571428571006e-01,8.294699420488549357e-04,24
2,1.500000000000000000e+01,1.200000000000000025e-02,9.879999999999999893e-01,8.336542424945692087e-04,24
2,1.500000000000000000e+01,1.214285714285714274e-02,9.878571428571428781e-01,8.377010433866932670e-04,24
2,1.500000000000000000e+01,1.228571428571428523e-02,9.877142857142857668e-01,8.416103829811116821e-04,24
2,1.500000000000000000e+01,1.242857142857142771e-02,9.875714285714285445e-01,8.453822999630045132e-04,24
2,1.500000000000000000e+01,1.257142857142857194e-02,9.874285714285714333e-01,8.490168334463477073e-04,24
2,1.500000000000000000e+01,1.271428571428571443e-02,9.872857142857143220e-01,8.525140229733857433e-04,24
2,1.500000000000000000e+01,1.285714285714285691e-02,9.871428571428570997e-01,8.558739085142291758e-04,24
2,1.500000000000000000e+01,1.300000000000000114e-02,9.869999999999999885e-01,8.590965304660497237e-04,24
2,1.500000000000000000e+01,1.314285714285714363e-02,9.868571428571428772e-01,8.621819296533855814e-04,24
2,1.500000000000000000e+01,1.328571428571428611e-02,9.867142857142857659e-01,8.651301473264483288e-04,24
2,1.500000000000000000e+01,1.342857142857142860e-02,9.865714285714285436e-01,8.679412251615670204e-04,24
2,1.500000000000000000e+01,1.357142857142857283e-02,9.864285714285714324e-01,8.706152052603000069e-04,24
2,1.500000000000000000e+01,1.371428571428571358e-02,9.862857142857143211e-01,8.731521301490324793e-04,24
2,1.500000000000000000e+01,1.385714285714285607e-02,9.861428571428570988e-01,8.755520427783380910e-04,24
2,1.500000000000000000e+01,1.400000000000000029e-02,9.859999999999999876e-01,8.778149865226736459e-04,24
2,1.500000000000000000e+01,1.414285714285714278e-02,9.858571428571428763e-01,8.799410051796158205e-04,24
2,1.500000000000000000e+01,1.428571428571428527e-02,9.857142857142857650e-01,8.819301429695280969e-04,24
2,1.500000000000000000e+01,1.442857142857142949e-02,9.855714285714285428e-01,8.837824445349501401e-04,24
2,1.500000000000000000e+01,1.457142857142857198e-02,9.854285714285714315e-01,8.854979549401537087e-04,24
2,1.500000000000000000e+01,1.471428571428571447e-02,9.852857142857143202e-01,8.870767196707263214e-04,24
2,1.500000000000000000e+01,1.485714285714285696e-02,9.851428571428570979e-01,8.885187846326969563e-04,24
2,1.500000000000000000e+01,1.500000000000000118e-02,9.849999999999999867e-01,8.898241961523972732e-04,24
2,1.500000000000000000e+01,1.514285714285714367e-02,9.848571428571428754e-01,8.909930009755040459e-04,24
2,1.500000000000000000e+01,1.528571428571428616e-02,9.847142857142857642e-01,8.920252462672056959e-04,24
2,1.500000000000000000e+01,1.542857142857143038e-02,9.845714285714285419e-01,8.929209796109255359e-04,24
2,1.500000000000000000e+01,1.557142857142857287e-02,9.844285714285714306e-01,8.936802490082385031e-04,24
2,1.500000000000000000e+01,1.571428571428571536e-02,9.842857142857143193e-01,8.943031028782466585e-04,24
2,1.500000000000000000e+01,1.585714285714285784e-02,9.841428571428570971e-01,8.947895900569408090e-04,24
2,1.500000000000000000e+01,1.600000000000000033e-02,9.839999999999999858e-01,8.951397597968119291e-04,24
2,1.500000000000000000e+01,1.614285714285714282e-02,9.838571428571428745e-01,8.953536617661295161e-04,24
2,1.500000000000000000e+01,1.628571428571428878e-02,9.837142857142857633e-01,8.954313460488166898e-04,24
2,1.500000000000000000e+01,1.642857142857143127e-02,9.835714285714285410e-01,8.953728631432567031e-04,24
2,1.500000000000000000e+01,1.657142857142857029e-02,9.834285714285714297e-01,8.951782639625288640e-04,24
2,1.500000000000000000e+01,1.671428571428571278e-02,9.832857142857143185e-01,8.948475998329652459e-04,24
2,1.500000000000000000e+01,1.685714285714285526e-02,9.831428571428570962e-01,8.943809224944976322e-04,24
2,1.500000000000000000e+01,1.699999999999999775e-02,9.829999999999999849e-01,8.937782840996444378e-04,24
2,1.500000000000000000e+01,1.714285714285714371e-02,9.828571428571428736e-01,8.930397372129417199e-04,24
2,1.500000000000000000e+01,1.728571428571428620e-02,9.827142857142857624e-01,8.921653348105268444e-04,24
2,1.500000000000000000e+01,1.742857142857142869e-02,9.825714285714285401e-01,8.911551302796388851e-04,24
2,1.500000000000000000e+01,1.757142857142857117e-02,9.824285714285714288e-01,8.900091774178692239e-04,24
2,1.500000000000000000e+01,1.771428571428571366e-02,9.822857142857143176e-01,8.887275304326897052e-04,24
2,1.500000000000000000e+01,1.785714285714285615e-02,9.821428571428570953e-01,8.873102439411889586e-04,24
2,1.500000000000000000e+01,1.799999999999999864e-02,9.819999999999999840e-01,8.857573729689760533e-04,24
2,1.500000000000000000e+01,1.814285714285714460e-02,9.818571428571428727e-01,8.840689729500555982e-04,24
2,1.500000000000000000e+01,1.828571428571428709e-02,9.817142857142857615e-01,8.822450997262171191e-04,24
2,1.500000000000000000e+01,1.842857142857142957e-02,9.815714285714285392e-01,8.802858095461746357e-04,24
2,1.500000000000000000e+01,1.857142857142857206e-02,9.814285714285714279e-01,8.781911590653168620e-04,24
2,1.500000000000000000e+01,1.871428571428571455e-02,9.812857142857143167e-01,8.759612053450549496e-04,24
2,1.500000000000000000e+01,1.885714285714285704e-02,9.811428571428570944e-01,8.735960058523228877e-04,24
2,1.500000000000000000e+01,1.899999999999999953e-02,9.809999999999999831e-01,8.710956184588697360e-04,24
2,1.500000000000000000e+01,1.914285714285714549e-02,9.808571428571428719e-01,8.684601014405657349e-04,24
2,1.500000000000000000e+01,1.928571428571428797e-02,9.807142857142857606e-01,8.656895134775133283e-04,24
2,1.500000000000000000e+01,1.942857142857143046e-02,9.805714285714285383e-01,8.627839136524373398e-04,24
2,1.500000000000000000e+01,1.957142857142857295e-02,9.804285714285714270e-01,8.597433614513372291e-04,24
2,1.500000000000000000e+01,1.971428571428571544e-02,9.802857142857143158e-01,8.565679167614470568e-04,24
2,1.500000000000000000e+01,1.985714285714285793e-02,9.801428571428570935e-01,8.532576398721097855e-04,24
2,1.500000000000000000e+01,2.000000000000000042e-02,9.799999999999999822e-01,8.498125914733062336e-04,24
2,1.500000000000000000e+01,2.014285714285714290e-02,9.798571428571428710e-01,8.462328326553358870e-04,24
2,1.500000000000000000e+01,2.028571428571428539e-02,9.797142857142857597e-01,8.425184249083450538e-04,24
2,1.500000000000000000e+01,2.042857142857142788e-02,9.795714285714285374e-01,8.386694301214941971e-04,24
2,1.500000000000000000e+01,2.057142857142857037e-02,9.794285714285714262e-01,8.346859105826109904e-04,24
2,1.500000000000000000e+01,2.071428571428571286e-02,9.792857142857143149e-01,8.305679289774131613e-04,24
2,1.500000000000000000e+01,2.085714285714285535e-02,9.791428571428570926e-01,8.263155483891476694e-04,24
2,1.500000000000000000e+01,2.100000000000000130e-02,9.789999999999999813e-01,8.219288322979662054e-04,24
2,1.500000000000000000e+01,2.114285714285714379e-02,9.788571428571428701e-01,8.174078445800092574e-04,24
2,1.500000000000000000e+01,2.128571428571428628e-02,9.787142857142857588e-01,8.127526495072118218e-04,24
2,1.500000000000000000e+01,2.142857142857142877e-02,9.785714285714285365e-01,8.079633117468315584e-04,24
2,1.500000000000000000e+01,2.157142857142857126e-02,9.784285714285714253e-01,8.030398963599777451e-04,24
2,1.500000000000000000e+01,2.171428571428571375e-02,9.782857142857143140e-01,7.979824688022357781e-04,24
2,1.500000000000000000e+01,2.185714285714285623e-02,9.781428571428570917e-01,7.927910949221683712e-04,24
2,1.500000000000000000e+01,2.200000000000000219e-02,9.779999999999999805e-01,7.874658409611906551e-04,24
2,1.500000000000000000e+01,2.214285714285714468e-02,9.778571428571428692e-01,7.820067735526126107e-04,24
2,1.500000000000000000e+01,2.228571428571428717e-02,9.777142857142857579e-01,7.764139597215974353e-04,24
2,1.500000000000000000e+01,2.242857142857142966e-02,9.775714285714285356e-01,7.706874668839264197e-04,24
2,1.500000000000000000e+01,2.257142857142857215e-02,9.774285714285714244e-01,7.648273628456242479e-04,24
2,1.500000000000000000e+01,2.271428571428571463e-02,9.772857142857143131e-01,7.588337158026953189e-04,24
2,1.500000000000000000e+01,2.285714285714285712e-02,9.771428571428570908e-01,7.527065943402078130e-04,24
2,1.500000000000000000e+01,2.300000000000000308e-02,9.769999999999999796e-01,7.464460674314055133e-04,24
2,1.500000000000000000e+01,2.314285714285714557e-02,9.768571428571428683e-01,7.400522044378327058e-04,24
2,1.500000000000000000e+01,2.328571428571428806e-02,9.767142857142857570e-01,7.335250751080990561e-04,24
2,1.500000000000000000e+01,2.342857142857143055e-02,9.765714285714285348e-01,7.268647495774771539e-04,24
2,1.500000000000000000e+01,2.357142857142857303e-02,9.764285714285714235e-01,7.200712983675278123e-04,24
2,1.500000000000000000e+01,2.371428571428571552e-02,9.762857142857143122e-01,7.131447923849343340e-04,24
2,1.500000000000000000e+01,2.385714285714285454e-02,9.761428571428572010e-01,7.060853029214886334e-04,24
2,1.500000000000000000e+01,2.400000000000000050e-02,9.759999999999999787e-01,6.988929016533140803e-04,24
2,1.500000000000000000e+01,2.414285714285714299e-02,9.758571428571428674e-01,6.915676606397413995e-04,24
2,1.500000000000000000e+01,2.428571428571428548e-02,9.757142857142857562e-01,6.841096523236417370e-04,24
2,1.500000000000000000e+01,2.442857142857142796e-02,9.755714285714285339e-01,6.765189495297058153e-04,24
2,1.500000000000000000e+01,2.457142857142857045e-02,9.754285714285714226e-01,6.687956254649435328e-04,24
2,1.500000000000000000e+01,2.471428571428571294e-02,9.752857142857143113e-01,6.609397537171990411e-04,24
2,1.500000000000000000e+01,2.485714285714285543e-02,9.751428571428570891e-01,6.529514082548593112e-04,24
2,1.500000000000000000e+01,2.500000000000000139e-02,9.749999999999999778e-01,6.448306634264516779e-04,24
2,1.500000000000000000e+01,2.514285714285714388e-02,9.748571428571428665e-01,6.365775939595474942e-04,24
2,1.500000000000000000e+01,2.528571428571428636e-02,9.747142857142857553e-01,6.281922749604984535e-04,24
2,1.500000000000000000e+01,2.542857142857142885e-02,9.745714285714285330e-01,6.196747819135067781e-04,24
2,1.500000000000000000e+01,2.557142857142857134e-02,9.744285714285714217e-01,6.110251906807639966e-04,24
2,1.500000000000000000e+01,2.571428571428571383e-02,9.742857142857143105e-01,6.022435775004802982e-04,24
2,1.500000000000000000e+01,2.585714285714285632e-02,9.741428571428571992e-01,5.933300189876755670e-04,24
2,1.500000000000000000e+01,2.600000000000000228e-02,9.739999999999999769e-01,5.842845921324307801e-04,24
2,1.500000000000000000e+01,2.614285714285714476e-02,9.738571428571428656e-01,5.751073742999990301e-04,24
2,1.500000000000000000e+01,2.628571428571428725e-02,9.737142857142857544e-01,5.657984432298479582e-04,24
2,1.500000000000000000e+01,2.642857142857142974e-02,9.735714285714285321e-01,5.563578770350074976e-04,24
2,1.500000000000000000e+01,2.657142857142857223e-02,9.734285714285714208e-01,5.467857542016535399e-04,24
2,1.500000000000000000e+01,2.671428571428571472e-02,9.732857142857143096e-01,5.370821535881226128e-04,24
2,1.500000000000000000e+01,2.685714285714285721e-02,9.731428571428570873e-01,5.272471544246343234e-04,24
2,1.500000000000000000e+01,2.700000000000000316e-02,9.729999999999999760e-01,5.172808363123337916e-04,24
2,1.500000000000000000e+01,2.714285714285714565e-02,9.728571428571428648e-01,5.071832792231389941e-04,24
2,1.500000000000000000e+01,2.728571428571428814e-02,9.727142857142857535e-01,4.969545634983807414e-04,24
2,1.500000000000000000e+01,2.742857142857142716e-02,9.725714285714285312e-01,4.865947698488859441e-04,24
2,1.500000000000000000e+01,2.757142857142856965e-02,9.724285714285714199e-01,4.761039793536731013e-04,24
2,1.500000000000000000e+01,2.771428571428571214e-02,9.722857142857143087e-01,4.654822734599106671e-04,24
2,1.500000000000000000e+01,2.785714285714285809e-02,9.721428571428571974e-01,4.547297339819872386e-04,24
2,1.500000000000000000e+01,2.800000000000000058e-02,9.719999999999999751e-01,4.438464431007066446e-04,24
2,1.500000000000000000e+01,2.814285714285714307e-02,9.718571428571428639e-01,4.328324833629826340e-04,24
2,1.500000000000000000e+01,2.828571428571428556e-02,9.717142857142857526e-01,4.216879376809368196e-04,24
2,1.500000000000000000e+01,2.842857142857142805e-02,9.715714285714285303e-01,4.104128893311770332e-04,24
2,1.500000000000000000e+01,2.857142857142857054e-02,9.714285714285714191e-01,3.990074219547279366e-04,24
2,1.500000000000000000e+01,2.871428571428571649e-02,9.712857142857143078e-01,3.874716195554905873e-04,24
2,1.500000000000000000e+01,2.885714285714285898e-02,9.711428571428570855e-01,3.758055665004783608e-04,24
2,1.500000000000000000e+01,2.900000000000000494e-02,9.709999999999999742e-01,3.640093475183320271e-04,24
2,1.500000000000000000e+01,2.914285714285714396e-02,9.708571428571428630e-01,3.520830476992226066e-04,24
2,1.500000000000000000e+01,2.928571428571428298e-02,9.707142857142857517e-01,3.400267524943101360e-04,24
2,1.500000000000000000e+01,2.942857142857142894e-02,9.705714285714285294e-01,3.278405477143420121e-04,24
2,1.500000000000000000e+01,2.957142857142856796e-02,9.704285714285714182e-01,3.155245195298056471e-04,24
2,1.500000000000000000e+01,2.971428571428571391e-02,9.702857142857143069e-01,3.030787544697211011e-04,24
2,1.500000000000000000e+01,2.985714285714285640e-02,9.701428571428571956e-01,2.905033394215161824e-04,24
2,1.500000000000000000e+01,3.000000000000000236e-02,9.699999999999999734e-01,2.777983616296386682e-04,24
2,1.500000000000000000e+01,3.014285714285714138e-02,9.698571428571428621e-01,2.649639086955701828e-04,24
2,1.500000000000000000e+01,3.028571428571428734e-02,9.697142857142857508e-01,2.520000685768408744e-04,24
2,1.500000000000000000e+01,3.042857142857142635e-02,9.695714285714285285e-01,2.389069295862800146e-04,24
2,1.500000000000000000e+01,3.057142857142857231e-02,9.694285714285714173e-01,2.256845803917523208e-04,24
2,1.500000000000000000e+01,3.071428571428571133e-02,9.692857142857143060e-01,2.123331100147562989e-04,24
2,1.500000000000000000e+01,3.085714285714286076e-02,9.691428571428570837e-01,1.988526078307989442e-04,24
2,1.500000000000000000e+01,3.099999999999999978e-02,9.689999999999999725e-01,1.852431635676887733e-04,24
2,1.500000000000000000e+01,3.114285714285714574e-02,9.688571428571428612e-01,1.715048673055913353e-04,24
2,1.500000000000000000e+01,3.128571428571428475e-02,9.687142857142857499e-01,1.576378094759606219e-04,24
2,1.500000000000000000e+01,3.142857142857143071e-02,9.685714285714285277e-01,1.436420808610117117e-04,24
2,1.500000000000000000e+01,3.157142857142856973e-02,9.684285714285714164e-01,1.295177725930130030e-04,24
2,1.500000000000000000e+01,3.171428571428571569e-02,9.682857142857143051e-01,1.152649761538282469e-04,24
2,1.500000000000000000e+01,3.185714285714285471e-02,9.681428571428571939e-01,1.008837833737091794e-04,24
2,1.500000000000000000e+01,3.200000000000000067e-02,9.679999999999999716e-01,8.637428643135103279e-05,24
2,1.500000000000000000e+01,3.214285714285713969e-02,9.678571428571428603e-01,7.173657785242149032e-05,24
2,1.500000000000000000e+01,3.228571428571428564e-02,9.677142857142857491e-01,5.697075050956068587e-05,24
2,1.500000000000000000e+01,3.242857142857143160e-02,9.675714285714285268e-01,4.207689762132649225e-05,24
2,1.500000000000000000e+01,3.257142857142857756e-02,9.674285714285714155e-01,2.705511275165328744e-05,24
2,1.500000000000000000e+01,3.271428571428571658e-02,9.672857142857143042e-01,1.190548980907479848e-05,24
2,1.500000000000000000e+01,3.285714285714286254e-02,9.671428571428570820e-01,-3.371876953928154563e-06,24
2,1.500000000000000000e+01,3.300000000000000155e-02,9.669999999999999707e-01,-1.877689294145501453e-05,24
2,1.500000000000000000e+01,3.314285714285714057e-02,9.668571428571428594e-01,-3.430946321510142116e-05,24
2,1.500000000000000000e+01,3.328571428571428653e-02,9.667142857142857482e-01,-4.996949249468085608e-05,24
2,1.500000000000000000e+01,3.342857142857142555e-02,9.665714285714285259e-01,-6.575688515841893178e-05,24
2,1.500000000000000000e+01,3.357142857142857151e-02,9.664285714285714146e-01,-8.167154524435504825e-05,24
2,1.500000000000000000e+01,3.371428571428571053e-02,9.662857142857143034e-01,-9.771337645037014852e-05,24
2,1.500000000000000000e+01,3.385714285714285648e-02,9.661428571428571921e-01,-1.138822821353524528e-04,24
2,1.500000000000000000e+01,3.399999999999999550e-02,9.659999999999999698e-01,-1.301781653196415478e-04,24
2,1.500000000000000000e+01,3.414285714285714146e-02,9.658571428571428585e-01,-1.466009286858749316e-04,24
2,1.500000000000000000e+01,3.428571428571428742e-02,9.657142857142857473e-01,-1.631504745796402700e-04,24
2,1.500000000000000000e+01,3.442857142857143338e-02,9.655714285714285250e-01,-1.798267050097390740e-04,24
2,1.500000000000000000e+01,3.457142857142857240e-02,9.654285714285714137e-01,-1.966295216496855014e-04,24
2,1.500000000000000000e+01,3.471428571428571835e-02,9.652857142857143025e-01,-2.135588258377618676e-04,24
2,1.500000000000000000e+01,3.485714285714285737e-02,9.651428571428571912e-01,-2.306145185780733575e-04,24
2,1.500000000000000000e+01,3.500000000000000333e-02,9.649999999999999689e-01,-2.477965005408533372e-04,24
2,1.500000000000000000e+01,3.514285714285714235e-02,9.648571428571428577e-01,-2.651046720637539877e-04,24
2,1.500000000000000000e+01,3.528571428571428831e-02,9.647142857142857464e-01,-2.825389331517907943e-04,24
2,1.500000000000000000e+01,3.542857142857142733e-02,9.645714285714285241e-01,-3.000991834787164469e-04,24
2,1.500000000000000000e+01,3.557142857142857328e-02,9.644285714285714128e-01,-3.177853223874232969e-04,24
2,1.500000000000000000e+01,3.571428571428571230e-02,9.642857142857143016e-01,-3.355972488905401008e-04,24
2,1.500000000000000000e+01,3.585714285714285826e-02,9.641428571428571903e-01,-3.535348616714312220e-04,24
2,1.500000000000000000e+01,3.599999999999999728e-02,9.639999999999999680e-01,-3.715980590845574527e-04,24
2,1.500000000000000000e+01,3.614285714285714324e-02,9.638571428571428568e-01,-3.897867391564058259e-04,24
2,1.500000000000000000e+01,3.628571428571428920e-02,9.637142857142857455e-01,-4.081007995861835047e-04,24
2,1.500000000000000000e+01,3.642857142857143515e-02,9.635714285714285232e-01,-4.265401377466088162e-04,24
2,1.500000000000000000e+01,3.657142857142857417e-02,9.634285714285714119e-01,-4.451046506840500294e-04,24
2,1.500000000000000000e+01,3.671428571428571319e-02,9.632857142857143007e-01,-4.637942351201351787e-04,24
2,1.500000000000000000e+01,3.685714285714285915e-02,9.631428571428571894e-01,-4.826087874517659415e-04,24
2,1.500000000000000000e+01,3.699999999999999817e-02,9.629999999999999671e-01,-5.015482037520474501e-04,24
2,1.500000000000000000e+01,3.714285714285714413e-02,9.628571428571428559e-01,-5.206123797709544254e-04,24
2,1.500000000000000000e+01,3.728571428571428314e-02,9.627142857142857446e-01,-5.398012109362748667e-04,24
2,1.500000000000000000e+01,3.742857142857142910e-02,9.625714285714285223e-01,-5.591145923539986295e-04,24
2,1.500000000000000000e+01,3.757142857142856812e-02,9.624285714285714111e-01,-5.785524188090529485e-04,24
2,1.500000000000000000e+01,3.771428571428571408e-02,9.622857142857142998e-01,-5.981145847663987825e-04,24
2,1.500000000000000000e+01,3.785714285714285310e-02,9.621428571428571885e-01,-6.178009843712806148e-04,24
2,1.500000000000000000e+01,3.799999999999999906e-02,9.619999999999999662e-01,-6.376115114500729986e-04,24
2,1.500000000000000000e+01,3.814285714285714501e-02,9.618571428571428550e-01,-6.575460595112381235e-04,24
2,1.500000000000000000e+01,3.828571428571429097e-02,9.617142857142857437e-01,-6.776045217455894942e-04,24
2,1.500000000000000000e+01,3.842857142857142999e-02,9.615714285714285214e-01,-6.977867910275964425e-04,24
2,1.500000000000000000e+01,3.857142857142857595e-02,9.614285714285714102e-01,-7.180927599154812713e-04,24
2,1.500000000000000000e+01,3.871428571428571497e-02,9.612857142857142989e-01,-7.385223206523433559e-04,24
2,1.500000000000000000e+01,3.885714285714286093e-02,9.611428571428571876e-01,-7.590753651668113999e-04,24
2,1.500000000000000000e+01,3.899999999999999994e-02,9.609999999999999654e-01,-7.797517850736124245e-04,24
2,1.500000000000000000e+01,3.914285714285714590e-02,9.608571428571428541e-01,-8.005514716744460690e-04,24
2,1.500000000000000000e+01,3.928571428571428492e-02,9.607142857142857428e-01,-8.214743159587062360e-04,24
2,1.500000000000000000e+01,3.942857142857143088e-02,9.605714285714285205e-01,-8.425202086039945693e-04,24
2,1.500000000000000000e+01,3.957142857142856990e-02,9.604285714285714093e-01,-8.636890399770780213e-04,24
2,1.500000000000000000e+01,3.971428571428571586e-02,9.602857142857142980e-01,-8.849807001346243762e-04,24
2,1.500000000000000000e+01,3.985714285714285487e-02,9.601428571428571868e-01,-9.063950788237573608e-04,24
2,1.500000000000000000e+01,4.000000000000000083e-02,9.599999999999999645e-01,-9.279320654826256343e-04,24
