dataset,shard_index,shard_count,d,lambda_ratio,lambda_star,lambda,log2N,N,alpha,evaluation_resolution,radial_order,angular_order,state_bins,z_order,z,G_N,a_w,b_w,profile_sum,delta_N,w_N,Delta_N,H_N,row_error,cgal_version
objective_profiles,0,3,2,1.000000000000000000e+00,4.152787295564890901e-01,4.152787295564890901e-01,1.400000000000000000e+01,16384,1.042794325979844006e+00,verification,128,32,33,65,6.999999999999999556e-01,4.692813968103606848e-02,4.225671246756929761e-02,1.724590705420066955e-02,5.950261952176996716e-02,7.233153061271781030e-03,1.918230921964109159e+00,1.887409807986076271e-02,2.550281968443779412e-01,1.354472090042690979e-14,6.1.1-I-900
objective_profiles,0,3,2,1.000000000000000000e+00,4.152787295564890901e-01,4.152787295564890901e-01,1.400000000000000000e+01,16384,1.042794325979844006e+00,verification,128,32,33,65,7.004215903281896249e-01,4.674619523137685945e-02,4.211266583545821701e-02,1.719442251436609226e-02,5.930708834982430927e-02,7.233153061271781030e-03,1.918230921964109159e+00,1.887409807986076271e-02,2.550281968443779412e-01,4.329869796038110508e-15,6.1.1-I-900
objective_profiles,0,3,2,1.000000000000000000e+00,4.152787295564890901e-01,4.152787295564890901e-01,1.400000000000000000e+01,16384,1.042794325979844006e+00,verification,128,32,33,65,7.016853456647310638e-01,4.620342573435790717e-02,4.168290767353131226e-02,1.704061372314290973e-02,5.872352139667422199e-02,7.233153061271781030e-03,1.918230921964109159e+00,1.887409807986076271e-02,2.550281968443779412e-01,1.187938636348917498e-14,6.1.1-I-900
objective_profiles,0,3,2,1.000000000000000000e+00,4.152787295564890901e-01,4.152787295564890901e-01,1.400000000000000000e+01,16384,1.042794325979844006e+00,verification,128,32,33,65,7.037882215123265617e-01,4.530895051191031336e-02,4.097452144740230950e-02,1.678640548355562687e-02,5.776092693095793984e-02,7.233153061271781030e-03,1.918230921964109159e+00,1.887409807986076271e-02,2.550281968443779412e-01,4.551914400963141816e-15,6.1.1-I-900
objective_profiles,0,3,2,1.000000000000000000e+00,4.152787295564890901e-01,4.152787295564890901e-01,1.400000000000000000e+01,16384,1.042794325979844006e+00,verification,128,32,33,65,7.067251518588693049e-01,4.407773056698466307e-02,3.999910982235286433e-02,1.643497374858738855e-02,5.643408357094024941e-02,7.233153061271781030e-03,1.918230921964109159e+00,1.887409807986076271e-02,2.550281968443779412e-01,5.329070518200751394e-15,6.1.1-I-900
objective_profiles,0,3,2,1.000000000000000000e+00,4.152787295564890901e-01,4.152787295564890901e-01,1.400000000000000000e+01,16384,1.042794325979844006e+00,verification,128,32,33,65,7.104890613819095924e-01,4.253022176019814748e-02,3.877249919797268879e-02,1.599069830679654067e-02,5.476319750476922599e-02,7.233153061271781030e-03,1.918230921964109159e+00,1.887409807986076271e-02,2.550281968443779412e-01,6.106226635438360972e-15,6.1.1-I-900
objective_profiles,0,3,2,1.000000000000000000e+00,4.152787295564890901e-01,4.152787295564890901e-01,1.400000000000000000e+01,16384,1.042794325979844006e+00,verification,128,32,33,65,7.150708824937268560e-01,4.069190869637404756e-02,3.731434381514838611e-02,1.545909803906080071e-02,5.277344185420918682e-02,7.233153061271781030e-03,1.918230921964109159e+00,1.887409807986076271e-02,2.550281968443779412e-01,4.329869796038110508e-15,6.1.1-I-900
objective_profiles,0,3,2,1.000000000000000000e+00,4.152787295564890901e-01,4.152787295564890901e-01,1.400000000000000000e+01,16384,1.042794325979844006e+00,verification,128,32,33,65,7.204595771859426678e-01,3.859273687701942485e-02,3.564764575810659697e-02,1.484675017408954023e-02,5.049439593219613720e-02,7.233153061271781030e-03,1.918230921964109159e+00,1.887409807986076271e-02,2.550281968443779412e-01,1.731947918415244203e-14,6.1.1-I-900
objective_profiles,0,3,2,1.000000000000000000e+00,4.152787295564890901e-01,4.152787295564890901e-01,1.400000000000000000e+01,16384,1.042794325979844006e+00,verification,128,32,33,65,7.266421636210496082e-01,3.626646437964448771e-02,3.379820994401416118e-02,1.416119528421661868e-02,4.795940522823077812e-02,7.233153061271781030e-03,1.918230921964109159e+00,1.887409807986076271e-02,2.550281968443779412e-01,4.329869796038110508e-15,6.1.1-I-900
objective_profiles,0,3,2,1.000000000000000000e+00,4.152787295564890901e-01,4.152787295564890901e-01,1.400000000000000000e+01,16384,1.042794325979844006e+00,verification,128,32,33,65,7.336037474067947928e-01,3.374995549137907447e-02,3.179405479466525936e-02,1.341083001441624456e-02,4.520488480908150392e-02,7.233153061271781030e-03,1.918230921964109159e+00,1.887409807986076271e-02,2.550281968443779412e-01,1.709743457922741072e-14,6.1.1-I-900
objective_profiles,0,3,2,1.000000000000000000e+00,4.152787295564890901e-01,4.152787295564890901e-01,1.400000000000000000e+01,16384,1.042794325979844006e+00,verification,128,32,33,65,7.413275574780756605e-01,3.108243996247911367e-02,2.966479969910430087e-02,1.260478972063510533e-02,4.226958941973940620e-02,7.233153061271781030e-03,1.918230921964109159e+00,1.887409807986076271e-02,2.550281968443779412e-01,5.551115123125782702e-15,6.1.1-I-900
objective_profiles,0,3,2,1.000000000000000000e+00,4.152787295564890901e-01,4.152787295564890901e-01,1.400000000000000000e+01,16384,1.042794325979844006e+00,verification,128,32,33,65,7.497949864999047254e-01,2.830476068175215645e-02,2.744104967701187572e-02,1.175282330624430153e-02,3.919387298325617552e-02,7.233153061271781030e-03,1.918230921964109159e+00,1.887409807986076271e-02,2.550281968443779412e-01,5.218048215738235740e-15,6.1.1-I-900
objective_profiles,0,3,2,1.000000000000000000e+00,4.152787295564890901e-01,4.152787295564890901e-01,1.400000000000000000e+01,16384,1.042794325979844006e+00,verification,128,32,33,65,7.589856356941091509e-01,2.545863086163294153e-02,2.515379599274635350e-02,1.086516258900897293e-02,3.601895858175532816e-02,7.233153061271781030e-03,1.918230921964109159e+00,1.887409807986076271e-02,2.550281968443779412e-01,4.329869796038110508e-15,6.1.1-I-900
objective_profiles,0,3,2,1.000000000000000000e+00,4.152787295564890901e-01,4.152787295564890901e-01,1.400000000000000000e+01,16384,1.042794325979844006e+00,verification,128,32,33,65,7.688773639817741978e-01,2.258591968097535194e-02,2.283384905669400000e-02,9.952388509838134764e-03,3.278623756653213650e-02,7.233153061271781030e-03,1.918230921964109159e+00,1.887409807986076271e-02,2.550281968443779412e-01,4.440892098500626162e-15,6.1.1-I-900
objective_profiles,0,3,2,1.000000000000000000e+00,4.152787295564890901e-01,4.152787295564890901e-01,1.400000000000000000e+01,16384,1.042794325979844006e+00,verification,128,32,33,65,7.794463413230420246e-01,1.972798215058849808e-02,2.051131702134275162e-02,9.025296415573159578e-03,2.953661343691590946e-02,7.233153061271781030e-03,1.918230921964109159e+00,1.887409807986076271e-02,2.550281968443779412e-01,5.218048215738235740e-15,6.1.1-I-900
objective_profiles,0,3,2,1.000000000000000000e+00,4.152787295564890901e-01,4.152787295564890901e-01,1.400000000000000000e+01,16384,1.042794325979844006e+00,verification,128,32,33,65,7.906671061257641853e-01,1.692504562042056182e-02,1.821514027627236382e-02,8.094762519842346390e-03,2.630990279611471194e-02,7.233153061271781030e-03,1.918230921964109159e+00,1.887409807986076271e-02,2.550281968443779412e-01,4.329869796038110508e-15,6.1.1-I-900
objective_profiles,0,3,2,1.000000000000000000e+00,4.152787295564890901e-01,4.152787295564890901e-01,1.400000000000000000e+01,16384,1.042794325979844006e+00,verification,128,32,33,65,8.025126265847083440e-01,1.421566208620816431e-02,1.597268879440738934e-02,7.171613478253780621e-03,2.314430227266116996e-02,7.233153061271781030e-03,1.918230921964109159e+00,1.887409807986076271e-02,2.550281968443779412e-01,1.310063169057684718e-14,6.1.1-I-900
objective_profiles,0,3,2,1.000000000000000000e+00,4.152787295564890901e-01,4.152787295564890901e-01,1.400000000000000000e+01,16384,1.042794325979844006e+00,verification,128,32,33,65,8.149543658035435234e-01,1.163623211728405209e-02,1.380942617405043343e-02,6.266500817009415351e-03,2.007592699105984965e-02,7.233153061271781030e-03,1.918230921964109159e+00,1.887409807986076271e-02,2.550281968443779412e-01,1.043609643147647148e-14,6.1.1-I-900
objective_profiles,0,3,2,1.000000000000000000e+00,4.152787295564890901e-01,4.152787295564890901e-01,1.400000000000000000e+01,16384,1.042794325979844006e+00,verification,128,32,33,65,8.279623505427240460e-01,9.220602921640206479e-03,1.174864140738353727e-02,5.389781737264206889e-03,1.713842314464774502e-02,7.233153061271781030e-03,1.918230921964109159e+00,1.887409807986076271e-02,2.550281968443779412e-01,4.662936703425657470e-15,6.1.1-I-900
objective_profiles,0,3,2,1.000000000000000000e+00,4.152787295564890901e-01,4.152787295564890901e-01,1.400000000000000000e+01,16384,1.042794325979844006e+00,verification,128,32,33,65,8.415052434276482085e-01,6.999740749824211357e-03,9.811246989742991587e-03,4.551407590404245827e-03,1.436265458014723828e-02,7.233153061271781030e-03,1.918230921964109159e+00,1.887409807986076271e-02,2.550281968443779412e-01,5.551115123125782702e-15,6.1.1-I-900
objective_profiles,0,3,2,1.000000000000000000e+00,4.152787295564890901e-01,4.152787295564890901e-01,1.400000000000000000e+01,16384,1.042794325979844006e+00,verification,128,32,33,65,8.555504184431391712e-01,5.001475720554282058e-03,8.015640023028968580e-03,3.760821090002710275e-03,1.177646111303167972e-02,7.233153061271781030e-03,1.918230921964109159e+00,1.887409807986076271e-02,2.550281968443779412e-01,6.217248937900876626e-15,6.1.1-I-900
objective_profiles,0,3,2,1.000000000000000000e+00,4.152787295564890901e-01,4.152787295564890901e-01,1.400000000000000000e+01,16384,1.042794325979844006e+00,verification,128,32,33,65,8.700640395323723242e-01,3.250315069941757829e-03,6.377621478792733743e-03,3.026863101398491462e-03,9.404484580191226073e-03,7.233153061271781030e-03,1.918230921964109159e+00,1.887409807986076271e-02,2.550281968443779412e-01,4.773959005888173124e-15,6.1.1-I-900
objective_profiles,0,3,2,1.000000000000000000e+00,4.152787295564890901e-01,4.152787295564890901e-01,1.400000000000000000e+01,16384,1.042794325979844006e+00,verification,128,32,33,65,8.850111421109007059e-01,1.767319308800183609e-03,4.910367756533849139e-03,2.357689635132929375e-03,7.268057391666778513e-03,7.233153061271781030e-03,1.918230921964109159e+00,1.887409807986076271e-02,2.550281968443779412e-01,4.551914400963141816e-15,6.1.1-I-900
objective_profiles,0,3,2,1.000000000000000000e+00,4.152787295564890901e-01,4.152787295564890901e-01,1.400000000000000000e+01,16384,1.042794325979844006e+00,verification,128,32,33,65,9.003557172994012259e-01,5.700360072814314276e-04,3.624448060810426739e-03,1.760699470025053719e-03,5.385147530835480457e-03,7.233153061271781030e-03,1.918230921964109159e+00,1.887409807986076271e-02,2.550281968443779412e-01,1.176836406102665933e-14,6.1.1-I-900
objective_profiles,0,3,2,1.000000000000000000e+00,4.152787295564890901e-01,4.152787295564890901e-01,1.400000000000000000e+01,16384,1.042794325979844006e+00,verification,128,32,33,65,9.160607986722184570e-01,-3.275145406117837416e-04,2.527880871204256450e-03,1.242472648332230024e-03,3.770353519536486474e-03,7.233153061271781030e-03,1.918230921964109159e+00,1.887409807986076271e-02,2.550281968443779412e-01,4.329869796038110508e-15,6.1.1-I-900
objective_profiles,0,3,2,1.000000000000000000e+00,4.152787295564890901e-01,4.152787295564890901e-01,1.400000000000000000e+01,16384,1.042794325979844006e+00,verification,128,32,33,65,9.320885513127229460e-01,-9.148102783790376539e-04,1.626222827940932477e-03,8.087199209594351850e-04,2.434942748900367770e-03,7.233153061271781030e-03,1.918230921964109159e+00,1.887409807986076271e-02,2.550281968443779412e-01,6.883382752675970551e-15,6.1.1-I-900
objective_profiles,0,3,2,1.000000000000000000e+00,4.152787295564890901e-01,4.152787295564890901e-01,1.400000000000000000e+01,16384,1.042794325979844006e+00,verification,128,32,33,65,9.484003629609381036e-01,-1.184759632834177061e-03,9.226836370357217963e-04,4.642430758017221382e-04,1.386926712837443934e-03,7.233153061271781030e-03,1.918230921964109159e+00,1.887409807986076271e-02,2.550281968443779412e-01,1.465494392505206633e-14,6.1.1-I-900
objective_profiles,0,3,2,1.000000000000000000e+00,4.152787295564890901e-01,4.152787295564890901e-01,1.400000000000000000e+01,16384,1.042794325979844006e+00,verification,128,32,33,65,9.649569370338575425e-01,-1.133601108086571517e-03,4.182610489827212662e-04,2.129059569894366114e-04,6.311670059721578505e-04,7.233153061271781030e-03,1.918230921964109159e+00,1.887409807986076271e-02,2.550281968443779412e-01,5.329070518200751394e-15,6.1.1-I-900
objective_profiles,0,3,2,1.000000000000000000e+00,4.152787295564890901e-01,4.152787295564890901e-01,1.400000000000000000e+01,16384,1.042794325979844006e+00,verification,128,32,33,65,9.817183872943550105e-01,-7.607768285304449983e-04,1.118905271776563204e-04,5.761587639555428914e-05,1.695064035732106163e-04,7.233153061271781030e-03,1.918230921964109159e+00,1.887409807986076271e-02,2.550281968443779412e-01,7.549516567451064475e-15,6.1.1-I-900
objective_profiles,0,3,2,1.000000000000000000e+00,4.152787295564890901e-01,4.152787295564890901e-01,1.400000000000000000e+01,16384,1.042794325979844006e+00,verification,128,32,33,65,9.986443339406233521e-01,-6.878416239484832562e-05,6.048474317578887826e-07,3.150301624477423980e-07,9.198775942056311277e-07,7.233153061271781030e-03,1.918230921964109159e+00,1.887409807986076271e-02,2.550281968443779412e-01,4.329869796038110508e-15,6.1.1-I-900
objective_profiles,0,3,2,1.000000000000000000e+00,4.152787295564890901e-01,4.152787295564890901e-01,1.400000000000000000e+01,16384,1.042794325979844006e+00,verification,128,32,33,65,1.015694000884653558e+00,9.369896681372068530e-04,7.969951802987216942e-05,4.198146080159835243e-05,1.216809788314705219e-04,7.233153061271781030e-03,1.918230921964109159e+00,1.887409807986076271e-02,2.550281968443779412e-01,8.326672684688674053e-15,6.1.1-I-900
objective_profiles,0,3,2,1.000000000000000000e+00,4.152787295564890901e-01,4.152787295564890901e-01,1.400000000000000000e+01,16384,1.042794325979844006e+00,verification,128,32,33,65,1.032826313985403477e+00,2.248446060088910275e-03,3.429005495697774763e-04,1.826390480444977803e-04,5.255395976142752295e-04,7.233153061271781030e-03,1.918230921964109159e+00,1.887409807986076271e-02,2.550281968443779412e-01,5.440092820663267048e-15,6.1.1-I-900
objective_profiles,0,3,2,1.000000000000000000e+00,4.152787295564890901e-01,4.152787295564890901e-01,1.400000000000000000e+01,16384,1.042794325979844006e+00,verification,128,32,33,65,1.049999999999999822e+00,3.854962818266434183e-03,7.825317123623916696e-04,4.213759674220653997e-04,1.203907679784457178e-03,7.233153061271781030e-03,1.918230921964109159e+00,1.887409807986076271e-02,2.550281968443779412e-01,5.773159728050814010e-15,6.1.1-I-900
objective_profiles,0,3,2,1.000000000000000000e+00,4.152787295564890901e-01,4.152787295564890901e-01,1.400000000000000000e+01,16384,1.042794325979844006e+00,verification,128,32,33,65,1.067173686014596168e+00,5.743589204979622151e-03,1.389678980821400754e-03,7.563710228893358659e-04,2.146050003710736620e-03,7.233153061271781030e-03,1.918230921964109159e+00,1.887409807986076271e-02,2.550281968443779412e-01,1.176836406102665933e-14,6.1.1-I-900
objective_profiles,0,3,2,1.000000000000000000e+00,4.152787295564890901e-01,4.152787295564890901e-01,1.400000000000000000e+01,16384,1.042794325979844006e+00,verification,128,32,33,65,1.084305999115346086e+00,7.899245173612259169e-03,2.154350369483531633e-03,1.184927237110515149e-03,3.339277606594046564e-03,7.233153061271781030e-03,1.918230921964109159e+00,1.887409807986076271e-02,2.550281968443779412e-01,4.662936703425657470e-15,6.1.1-I-900
objective_profiles,0,3,2,1.000000000000000000e+00,4.152787295564890901e-01,4.152787295564890901e-01,1.400000000000000000e+01,16384,1.042794325979844006e+00,verification,128,32,33,65,1.101355666059376404e+00,1.030492208854249039e-02,3.065629809506762674e-03,1.703512068812131682e-03,4.769141878318894356e-03,7.233153061271781030e-03,1.918230921964109159e+00,1.887409807986076271e-02,2.550281968443779412e-01,5.107025913275720086e-15,6.1.1-I-900
objective_profiles,0,3,2,1.000000000000000000e+00,4.152787295564890901e-01,4.152787295564890901e-01,1.400000000000000000e+01,16384,1.042794325979844006e+00,verification,128,32,33,65,1.118281612705644745e+00,1.294188554933225523e-02,4.111824096880239109e-03,2.307803619558201381e-03,6.419627716438440490e-03,7.233153061271781030e-03,1.918230921964109159e+00,1.887409807986076271e-02,2.550281968443779412e-01,4.329869796038110508e-15,6.1.1-I-900
objective_profiles,0,3,2,1.000000000000000000e+00,4.152787295564890901e-01,4.152787295564890901e-01,1.400000000000000000e+01,16384,1.042794325979844006e+00,verification,128,32,33,65,1.135043062966142324e+00,1.578987634001125309e-02,5.280602266128053314e-03,2.992742191206139088e-03,8.273344457334193269e-03,7.233153061271781030e-03,1.918230921964109159e+00,1.887409807986076271e-02,2.550281968443779412e-01,8.437694987151189707e-15,6.1.1-I-900
objective_profiles,0,3,2,1.000000000000000000e+00,4.152787295564890901e-01,4.152787295564890901e-01,1.400000000000000000e+01,16384,1.042794325979844006e+00,verification,128,32,33,65,1.151599637039061541e+00,1.882731028729123929e-02,6.559127009869622146e-03,3.752586559119370190e-03,1.031171356898899147e-02,7.233153061271781030e-03,1.918230921964109159e+00,1.887409807986076271e-02,2.550281968443779412e-01,7.216449660063517513e-15,6.1.1-I-900
objective_profiles,0,3,2,1.000000000000000000e+00,4.152787295564890901e-01,4.152787295564890901e-01,1.400000000000000000e+01,16384,1.042794325979844006e+00,verification,128,32,33,65,1.167911448687276810e+00,2.203147613352906750e-02,7.934177980262894017e-03,4.580974334033083122e-03,1.251515231429597627e-02,7.233153061271781030e-03,1.918230921964109159e+00,1.887409807986076271e-02,2.550281968443779412e-01,4.551914400963141816e-15,6.1.1-I-900
objective_profiles,0,3,2,1.000000000000000000e+00,4.152787295564890901e-01,4.152787295564890901e-01,1.400000000000000000e+01,16384,1.042794325979844006e+00,verification,128,32,33,65,1.183939201327781188e+00,2.537872945396480243e-02,9.392266978761316595e-03,5.470985796533581538e-03,1.486325277529489813e-02,7.233153061271781030e-03,1.918230921964109159e+00,1.887409807986076271e-02,2.550281968443779412e-01,2.098321516541545861e-14,6.1.1-I-900
objective_profiles,0,3,2,1.000000000000000000e+00,4.152787295564890901e-01,4.152787295564890901e-01,1.400000000000000000e+01,16384,1.042794325979844006e+00,verification,128,32,33,65,1.199644282700598641e+00,2.884468112064678472e-02,1.091974517164258883e-02,6.415210601764998258e-03,1.733495577340758709e-02,7.233153061271781030e-03,1.918230921964109159e+00,1.887409807986076271e-02,2.550281968443779412e-01,4.884981308350688778e-15,6.1.1-I-900
objective_profiles,0,3,2,1.000000000000000000e+00,4.152787295564890901e-01,4.152787295564890901e-01,1.400000000000000000e+01,16384,1.042794325979844006e+00,verification,128,32,33,65,1.214988857889099272e+00,3.240438308522764627e-02,1.250290256611853550e-02,7.405816767695811396e-03,1.990871933381434603e-02,7.233153061271781030e-03,1.918230921964109159e+00,1.887409807986076271e-02,2.550281968443779412e-01,1.010302952408892452e-14,6.1.1-I-900
objective_profiles,0,3,2,1.000000000000000000e+00,4.152787295564890901e-01,4.152787295564890901e-01,1.400000000000000000e+01,16384,1.042794325979844006e+00,verification,128,32,33,65,1.229935960467627432e+00,3.603250933415315382e-02,1.412806005095244323e-02,8.434621377625550406e-03,2.256268142857799364e-02,7.233153061271781030e-03,1.918230921964109159e+00,1.887409807986076271e-02,2.550281968443779412e-01,4.662936703425657470e-15,6.1.1-I-900
objective_profiles,0,3,2,1.000000000000000000e+00,4.152787295564890901e-01,4.152787295564890901e-01,1.400000000000000000e+01,16384,1.042794325979844006e+00,verification,128,32,33,65,1.244449581556860585e+00,3.970353174838749111e-02,1.578165435133561598e-02,9.493162446239608934e-03,2.527481679757522665e-02,7.233153061271781030e-03,1.918230921964109159e+00,1.887409807986076271e-02,2.550281968443779412e-01,4.329869796038110508e-15,6.1.1-I-900
objective_profiles,0,3,2,1.000000000000000000e+00,4.152787295564890901e-01,4.152787295564890901e-01,1.400000000000000000e+01,16384,1.042794325979844006e+00,verification,128,32,33,65,1.258494756572351658e+00,4.339189080077738431e-02,1.745031627473268149e-02,1.057277141815361927e-02,2.802308769288629903e-02,7.233153061271781030e-03,1.918230921964109159e+00,1.887409807986076271e-02,2.550281968443779412e-01,4.773959005888173124e-15,6.1.1-I-900
objective_profiles,0,3,2,1.000000000000000000e+00,4.152787295564890901e-01,4.152787295564890901e-01,1.400000000000000000e+01,16384,1.042794325979844006e+00,verification,128,32,33,65,1.272037649457275599e+00,4.707215874662668692e-02,1.912094263638405844e-02,1.166464578831458848e-02,3.078558842469864693e-02,7.233153061271781030e-03,1.918230921964109159e+00,1.887409807986076271e-02,2.550281968443779412e-01,1.132427485117659671e-14,6.1.1-I-900
objective_profiles,0,3,2,1.000000000000000000e+00,4.152787295564890901e-01,4.152787295564890901e-01,1.400000000000000000e+01,16384,1.042794325979844006e+00,verification,128,32,33,65,1.285045634196456454e+00,5.071919904924004907e-02,2.078076225348314543e-02,1.275992135467418284e-02,3.354068360815733174e-02,7.233153061271781030e-03,1.918230921964109159e+00,1.887409807986076271e-02,2.550281968443779412e-01,1.110223024625156540e-14,6.1.1-I-900
objective_profiles,0,3,2,1.000000000000000000e+00,4.152787295564890901e-01,4.152787295564890901e-01,1.400000000000000000e+01,16384,1.042794325979844006e+00,verification,128,32,33,65,1.297487373415291412e+00,5.430831867705614852e-02,2.241739638854773481e-02,1.384974363510309281e-02,3.626714002365082762e-02,7.233153061271781030e-03,1.918230921964109159e+00,1.887409807986076271e-02,2.550281968443779412e-01,9.547918011776346248e-15,6.1.1-I-900
objective_profiles,0,3,2,1.000000000000000000e+00,4.152787295564890901e-01,4.152787295564890901e-01,1.400000000000000000e+01,16384,1.042794325979844006e+00,verification,128,32,33,65,1.309332893874235459e+00,5.781541420380604396e-02,2.401891400753345188e-02,1.492533800247645807e-02,3.894425201000990822e-02,7.233153061271781030e-03,1.918230921964109159e+00,1.887409807986076271e-02,2.550281968443779412e-01,6.439293542825907934e-15,6.1.1-I-900
objective_profiles,0,3,2,1.000000000000000000e+00,4.152787295564890901e-01,4.152787295564890901e-01,1.400000000000000000e+01,16384,1.042794325979844006e+00,verification,128,32,33,65,1.320553658676957731e+00,6.121711075336046248e-02,2.557388219870643589e-02,1.597807811416597501e-02,4.155196031287240743e-02,7.233153061271781030e-03,1.918230921964109159e+00,1.887409807986076271e-02,2.550281968443779412e-01,9.992007221626408864e-15,6.1.1-I-900
objective_profiles,0,3,2,1.000000000000000000e+00,4.152787295564890901e-01,4.152787295564890901e-01,1.400000000000000000e+01,16384,1.042794325979844006e+00,verification,128,32,33,65,1.331122636018225558e+00,6.449089528853568787e-02,2.707141207576736416e-02,1.699955223477782329e-02,4.407096431054519092e-02,7.233153061271781030e-03,1.918230921964109159e+00,1.887409807986076271e-02,2.550281968443779412e-01,4.329869796038110508e-15,6.1.1-I-900
objective_profiles,0,3,2,1.000000000000000000e+00,4.152787295564890901e-01,4.152787295564890901e-01,1.400000000000000000e+01,16384,1.042794325979844006e+00,verification,128,32,33,65,1.341014364305890716e+00,6.761524185465418724e-02,2.850120046442177965e-02,1.798162707384130116e-02,4.648282753826307734e-02,7.233153061271781030e-03,1.918230921964109159e+00,1.887409807986076271e-02,2.550281968443779412e-01,6.439293542825907934e-15,6.1.1-I-900
objective_profiles,0,3,2,1.000000000000000000e+00,4.152787295564890901e-01,4.152787295564890901e-01,1.400000000000000000e+01,16384,1.042794325979844006e+00,verification,128,32,33,65,1.350205013500095141e+00,7.056972914004570885e-02,2.985356764647504463e-02,1.891650878326384816e-02,4.877007642973889279e-02,7.233153061271781030e-03,1.918230921964109159e+00,1.887409807986076271e-02,2.550281968443779412e-01,1.110223024625156540e-14,6.1.1-I-900
objective_profiles,0,3,2,1.000000000000000000e+00,4.152787295564890901e-01,4.152787295564890901e-01,1.400000000000000000e+01,16384,1.042794325979844006e+00,verification,128,32,33,65,1.358672442521924095e+00,7.333515111113185492e-02,3.111949141031847277e-02,1.979680078270305496e-02,5.091629219302153120e-02,7.233153061271781030e-03,1.918230921964109159e+00,1.887409807986076271e-02,2.550281968443779412e-01,1.143529715363911237e-14,6.1.1-I-900
objective_profiles,0,3,2,1.000000000000000000e+00,4.152787295564890901e-01,4.152787295564890901e-01,1.400000000000000000e+01,16384,1.042794325979844006e+00,verification,128,32,33,65,1.366396252593204963e+00,7.589361953324402776e-02,3.229063763190127834e-02,2.061555810456071683e-02,5.290619573646199170e-02,7.233153061271781030e-03,1.918230921964109159e+00,1.887409807986076271e-02,2.550281968443779412e-01,7.549516567451064475e-15,6.1.1-I-900
objective_profiles,0,3,2,1.000000000000000000e+00,4.152787295564890901e-01,4.152787295564890901e-01,1.400000000000000000e+01,16384,1.042794325979844006e+00,verification,128,32,33,65,1.373357836378950259e+00,7.822865831788708424e-02,3.335938758630899864e-02,2.136633797406358240e-02,5.472572556037258451e-02,7.233153061271781030e-03,1.918230921964109159e+00,1.887409807986076271e-02,2.550281968443779412e-01,5.329070518200751394e-15,6.1.1-I-900
objective_profiles,0,3,2,1.000000000000000000e+00,4.152787295564890901e-01,4.152787295564890901e-01,1.400000000000000000e+01,16384,1.042794325979844006e+00,verification,128,32,33,65,1.379540422814057088e+00,8.032529011402861352e-02,3.431886216715466370e-02,2.204324636385666947e-02,5.636210853101133317e-02,7.233153061271781030e-03,1.918230921964109159e+00,1.887409807986076271e-02,2.550281968443779412e-01,4.662936703425657470e-15,6.1.1-I-900
objective_profiles,0,3,2,1.000000000000000000e+00,4.152787295564890901e-01,4.152787295564890901e-01,1.400000000000000000e+01,16384,1.042794325979844006e+00,verification,128,32,33,65,1.384929117506273011e+00,8.217011375864873013e-02,3.516294316925393237e-02,2.264098028668908025e-02,5.780392345594301262e-02,7.233153061271781030e-03,1.918230921964109159e+00,1.887409807986076271e-02,2.550281968443779412e-01,1.287858708565181587e-14,6.1.1-I-900
objective_profiles,0,3,2,1.000000000000000000e+00,4.152787295564890901e-01,4.152787295564890901e-01,1.400000000000000000e+01,16384,1.042794325979844006e+00,verification,128,32,33,65,1.389510938618090385e+00,8.375137360426299082e-02,3.588629176956806971e-02,2.315486561410503782e-02,5.904115738367310406e-02,7.233153061271781030e-03,1.918230921964109159e+00,1.887409807986076271e-02,2.550281968443779412e-01,1.665334536937734811e-14,6.1.1-I-900
objective_profiles,0,3,2,1.000000000000000000e+00,4.152787295564890901e-01,4.152787295564890901e-01,1.400000000000000000e+01,16384,1.042794325979844006e+00,verification,128,32,33,65,1.393274848141130562e+00,8.505901957677751424e-02,3.648436432215398928e-02,2.358089023356298858e-02,6.006525455571697786e-02,7.233153061271781030e-03,1.918230921964109159e+00,1.887409807986076271e-02,2.550281968443779412e-01,4.329869796038110508e-15,6.1.1-I-900
objective_profiles,0,3,2,1.000000000000000000e+00,4.152787295564890901e-01,4.152787295564890901e-01,1.400000000000000000e+01,16384,1.042794325979844006e+00,verification,128,32,33,65,1.396211778487673305e+00,8.608475846009960852e-02,3.695342556478841550e-02,2.391573238106761701e-02,6.086915794585603251e-02,7.233153061271781030e-03,1.918230921964109159e+00,1.887409807986076271e-02,2.550281968443779412e-01,1.443289932012703503e-14,6.1.1-I-900
objective_profiles,0,3,2,1.000000000000000000e+00,4.152787295564890901e-01,4.152787295564890901e-01,1.400000000000000000e+01,16384,1.042794325979844006e+00,verification,128,32,33,65,1.398314654335268692e+00,8.682209607257330986e-02,3.729055931794122286e-02,2.415678401120816346e-02,6.144734332914938979e-02,7.233153061271781030e-03,1.918230921964109159e+00,1.887409807986076271e-02,2.550281968443779412e-01,7.660538869913580129e-15,6.1.1-I-900
objective_profiles,0,3,2,1.000000000000000000e+00,4.152787295564890901e-01,4.152787295564890901e-01,1.400000000000000000e+01,16384,1.042794325979844006e+00,verification,128,32,33,65,1.399578409671810242e+00,8.726637016073898745e-02,3.749367674074819551e-02,2.430216909142910234e-02,6.179584583217730132e-02,7.233153061271781030e-03,1.918230921964109159e+00,1.887409807986076271e-02,2.550281968443779412e-01,4.773959005888173124e-15,6.1.1-I-900
objective_profiles,0,3,2,1.000000000000000000e+00,4.152787295564890901e-01,4.152787295564890901e-01,1.400000000000000000e+01,16384,1.042794325979844006e+00,verification,128,32,33,65,1.399999999999999911e+00,8.741477391989320445e-02,3.756152219339494586e-02,2.435075673239405630e-02,6.191227892578900216e-02,7.233153061271781030e-03,1.918230921964109159e+00,1.887409807986076271e-02,2.550281968443779412e-01,4.329869796038110508e-15,6.1.1-I-900
objective_profiles,0,3,2,1.000000000000000000e+00,4.152787295564890901e-01,4.152787295564890901e-01,1.400000000000000000e+01,16384,1.042794325979844006e+00,display,256,64,65,129,6.999999999999999556e-01,4.693429064508702897e-02,4.225665053657423620e-02,1.724595553829419772e-02,5.950260607486843045e-02,7.233153061271781030e-03,1.918222717850359471e+00,1.887402065739577500e-02,2.550250138472340278e-01,2.109423746787797427e-14,6.1.1-I-900
objective_profiles,0,3,2,1.000000000000000000e+00,4.152787295564890901e-01,4.152787295564890901e-01,1.400000000000000000e+01,16384,1.042794325979844006e+00,display,256,64,65,129,7.001054134563284848e-01,4.688875358795522447e-02,4.222060159536992346e-02,1.723307427270254558e-02,5.945367586807247251e-02,7.233153061271781030e-03,1.918222717850359471e+00,1.887402065739577500e-02,2.550250138472340278e-01,2.187139358511558385e-14,6.1.1-I-900
objective_profiles,0,3,2,1.000000000000000000e+00,4.152787295564890901e-01,4.152787295564890901e-01,1.400000000000000000e+01,16384,1.042794325979844006e+00,display,256,64,65,129,7.004215903281896249e-01,4.675233447756416832e-02,4.211260411557638667e-02,1.719447085371911613e-02,5.930707496929550626e-02,7.233153061271781030e-03,1.918222717850359471e+00,1.887402065739577500e-02,2.550250138472340278e-01,2.109423746787797427e-14,6.1.1-I-900
objective_profiles,0,3,2,1.000000000000000000e+00,4.152787295564890901e-01,4.152787295564890901e-01,1.400000000000000000e+01,16384,1.042794325979844006e+00,display,256,64,65,129,7.009483401624583276e-01,4.652560836788757065e-02,4.193310515604582039e-02,1.713026626278819561e-02,5.906337141883401254e-02,7.233153061271781030e-03,1.918222717850359471e+00,1.887402065739577500e-02,2.550250138472340278e-01,2.109423746787797427e-14,6.1.1-I-900
objective_profiles,0,3,2,1.000000000000000000e+00,4.152787295564890901e-01,4.152787295564890901e-01,1.400000000000000000e+01,16384,1.042794325979844006e+00,display,256,64,65,129,7.016853456647310638e-01,4.620952990131825533e-02,4.168284658349855065e-02,1.704066163008725529e-02,5.872350821358580941e-02,7.233153061271781030e-03,1.918222717850359471e+00,1.887402065739577500e-02,2.550250138472340278e-01,2.109423746787797427e-14,6.1.1-I-900
objective_profiles,0,3,2,1.000000000000000000e+00,4.152787295564890901e-01,4.152787295564890901e-01,1.400000000000000000e+01,16384,1.042794325979844006e+00,display,256,64,65,129,7.026321628904514949e-01,4.580542768143516796e-02,4.136286026259047149e-02,1.692593747922025230e-02,5.828879774181072726e-02,7.233153061271781030e-03,1.918222717850359471e+00,1.887402065739577500e-02,2.550250138472340278e-01,2.109423746787797427e-14,6.1.1-I-900
objective_profiles,0,3,2,1.000000000000000000e+00,4.152787295564890901e-01,4.152787295564890901e-01,1.400000000000000000e+01,16384,1.042794325979844006e+00,display,256,64,65,129,7.037882215123265617e-01,4.531499646857144181e-02,4.097446139557296696e-02,1.678645267583440265e-02,5.776091407140736961e-02,7.233153061271781030e-03,1.918222717850359471e+00,1.887402065739577500e-02,2.550250138472340278e-01,2.109423746787797427e-14,6.1.1-I-900
objective_profiles,0,3,2,1.000000000000000000e+00,4.152787295564890901e-01,4.152787295564890901e-01,1.400000000000000000e+01,16384,1.042794325979844006e+00,display,256,64,65,129,7.051528251638705669e-01,4.474028729649533187e-02,4.051924008358703810e-02,1.662264308613394317e-02,5.714188316972097781e-02,7.233153061271781030e-03,1.918222717850359471e+00,1.887402065739577500e-02,2.550250138472340278e-01,2.409183963436589693e-14,6.1.1-I-900
objective_profiles,0,3,2,1.000000000000000000e+00,4.152787295564890901e-01,4.152787295564890901e-01,1.400000000000000000e+01,16384,1.042794325979844006e+00,display,256,64,65,129,7.067251518588693049e-01,4.408369557046561138e-02,3.999905120007658799e-02,1.643501995287237338e-02,5.643407115294896137e-02,7.233153061271781030e-03,1.918222717850359471e+00,1.887402065739577500e-02,2.550250138472340278e-01,2.109423746787797427e-14,6.1.1-I-900
objective_profiles,0,3,2,1.000000000000000000e+00,4.152787295564890901e-01,4.152787295564890901e-01,1.400000000000000000e+01,16384,1.042794325979844006e+00,display,256,64,65,129,7.085042544865149949e-01,4.334794731213702929e-02,3.941600268372071753e-02,1.622416799793504130e-02,5.564017068165576230e-02,7.233153061271781030e-03,1.918222717850359471e+00,1.887402065739577500e-02,2.550250138472340278e-01,2.320366121466577169e-14,6.1.1-I-900
objective_profiles,0,3,2,1.000000000000000000e+00,4.152787295564890901e-01,4.152787295564890901e-01,1.400000000000000000e+01,16384,1.042794325979844006e+00,display,256,64,65,129,7.104890613819095924e-01,4.253608363998234027e-02,3.877244237340408961e-02,1.599074326207258409e-02,5.476318563547667717e-02,7.233153061271781030e-03,1.918222717850359471e+00,1.887402065739577500e-02,2.550250138472340278e-01,2.109423746787797427e-14,6.1.1-I-900
objective_profiles,0,3,2,1.000000000000000000e+00,4.152787295564890901e-01,4.152787295564890901e-01,1.400000000000000000e+01,16384,1.042794325979844006e+00,display,256,64,65,129,7.126783769715959727e-01,4.165144366893553524e-02,3.807094352087124489e-02,1.573547069368948573e-02,5.380641421456072715e-02,7.233153061271781030e-03,1.918222717850359471e+00,1.887402065739577500e-02,2.550250138472340278e-01,2.109423746787797427e-14,6.1.1-I-900
objective_profiles,0,3,2,1.000000000000000000e+00,4.152787295564890901e-01,4.152787295564890901e-01,1.400000000000000000e+01,16384,1.042794325979844006e+00,display,256,64,65,129,7.150708824937268560e-01,4.069764595889347608e-02,3.731428912763704031e-02,1.545914149982820576e-02,5.277343062746524260e-02,7.233153061271781030e-03,1.918222717850359471e+00,1.887402065739577500e-02,2.550250138472340278e-01,2.109423746787797427e-14,6.1.1-I-900
objective_profiles,0,3,2,1.000000000000000000e+00,4.152787295564890901e-01,4.152787295564890901e-01,1.400000000000000000e+01,16384,1.042794325979844006e+00,display,256,64,65,129,7.176651367924371527e-01,3.967856871825688192e-02,3.650545526137674579e-02,1.516261027360474474e-02,5.166806553498148880e-02,7.233153061271781030e-03,1.918222717850359471e+00,1.887402065739577500e-02,2.550250138472340278e-01,3.130828929442941444e-14,6.1.1-I-900
objective_profiles,0,3,2,1.000000000000000000e+00,4.152787295564890901e-01,4.152787295564890901e-01,1.400000000000000000e+01,16384,1.042794325979844006e+00,display,256,64,65,129,7.204595771859426678e-01,3.859832888533416828e-02,3.564759351329046394e-02,1.484679191333942300e-02,5.049438542662988694e-02,7.233153061271781030e-03,1.918222717850359471e+00,1.887402065739577500e-02,2.550250138472340278e-01,2.109423746787797427e-14,6.1.1-I-900
objective_profiles,0,3,2,1.000000000000000000e+00,4.152787295564890901e-01,4.152787295564890901e-01,1.400000000000000000e+01,16384,1.042794325979844006e+00,display,256,64,65,129,7.234525204078413596e-01,3.746126035537791082e-02,3.474401276182843140e-02,1.451265834948090895e-02,4.925667111130933862e-02,7.233153061271781030e-03,1.918222717850359471e+00,1.887402065739577500e-02,2.550250138472340278e-01,2.930988785010413267e-14,6.1.1-I-900
objective_profiles,0,3,2,1.000000000000000000e+00,4.152787295564890901e-01,4.152787295564890901e-01,1.400000000000000000e+01,16384,1.042794325979844006e+00,display,256,64,65,129,7.266421636210496082e-01,3.627189143174412711e-02,3.379816040971177910e-02,1.416123509613920542e-02,4.795939550585098798e-02,7.233153061271781030e-03,1.918222717850359471e+00,1.887402065739577500e-02,2.550250138472340278e-01,4.574118861455644947e-14,6.1.1-I-900
objective_profiles,0,3,2,1.000000000000000000e+00,4.152787295564890901e-01,4.152787295564890901e-01,1.400000000000000000e+01,16384,1.042794325979844006e+00,display,256,64,65,129,7.300265855037642027e-01,3.503492177894341336e-02,3.281360326044365644e-02,1.379359764462210342e-02,4.660720090506575986e-02,7.233153061271781030e-03,1.918222717850359471e+00,1.887402065739577500e-02,2.550250138472340278e-01,2.109423746787797427e-14,6.1.1-I-900
objective_profiles,0,3,2,1.000000000000000000e+00,4.152787295564890901e-01,4.152787295564890901e-01,1.400000000000000000e+01,16384,1.042794325979844006e+00,display,256,64,65,129,7.336037474067947928e-01,3.375519899713344540e-02,3.179400819763166658e-02,1.341086771680758023e-02,4.520487591443924508e-02,7.233153061271781030e-03,1.918222717850359471e+00,1.887402065739577500e-02,2.550250138472340278e-01,2.109423746787797427e-14,6.1.1-I-900
objective_profiles,0,3,2,1.000000000000000000e+00,4.152787295564890901e-01,4.152787295564890901e-01,1.400000000000000000e+01,16384,1.042794325979844006e+00,display,256,64,65,129,7.373714945815695865e-01,3.243769502989694159e-02,3.074312282554979986e-02,1.301420939648624715e-02,4.375733222203604528e-02,7.233153061271781030e-03,1.918222717850359471e+00,1.887402065739577500e-02,2.550250138472340278e-01,4.996003610813204432e-14,6.1.1-I-900
objective_profiles,0,3,2,1.000000000000000000e+00,4.152787295564890901e-01,4.152787295564890901e-01,1.400000000000000000e+01,16384,1.042794325979844006e+00,display,256,64,65,129,7.413275574780756605e-01,3.108748257396643649e-02,2.966475622268466630e-02,1.260482515697381248e-02,4.226958137965847878e-02,7.233153061271781030e-03,1.918222717850359471e+00,1.887402065739577500e-02,2.550250138472340278e-01,2.109423746787797427e-14,6.1.1-I-900
objective_profiles,0,3,2,1.000000000000000000e+00,4.152787295564890901e-01,4.152787295564890901e-01,1.400000000000000000e+01,16384,1.042794325979844006e+00,display,256,64,65,129,7.454695531119509555e-01,2.970971162911665089e-02,2.856275995171328116e-02,1.218395180332799976e-02,4.074671175504128440e-02,7.233153061271781030e-03,1.918222717850359471e+00,1.887402065739577500e-02,2.550250138472340278e-01,2.109423746787797427e-14,6.1.1-I-900
objective_profiles,0,3,2,1.000000000000000000e+00,4.152787295564890901e-01,4.152787295564890901e-01,1.400000000000000000e+01,16384,1.042794325979844006e+00,display,256,64,65,129,7.497949864999047254e-01,2.830958636776988863e-02,2.744100945969697378e-02,1.175285634741648176e-02,3.919386580711345380e-02,7.233153061271781030e-03,1.918222717850359471e+00,1.887402065739577500e-02,2.550250138472340278e-01,2.109423746787797427e-14,6.1.1-I-900
objective_profiles,0,3,2,1.000000000000000000e+00,4.152787295564890901e-01,4.152787295564890901e-01,1.400000000000000000e+01,16384,1.042794325979844006e+00,display,256,64,65,129,7.543012521626024647e-01,2.689234247855193730e-02,2.630338599148134004e-02,1.131283183387333038e-02,3.761621782535466696e-02,7.233153061271781030e-03,1.918222717850359471e+00,1.887402065739577500e-02,2.550250138472340278e-01,2.109423746787797427e-14,6.1.1-I-900
objective_profiles,0,3,2,1.000000000000000000e+00,4.152787295564890901e-01,4.152787295564890901e-01,1.400000000000000000e+01,16384,1.042794325979844006e+00,display,256,64,65,129,7.589856356941091509e-01,2.546322506069597161e-02,2.515375912760648563e-02,1.086519313466583446e-02,3.601895226227232183e-02,7.233153061271781030e-03,1.918222717850359471e+00,1.887402065739577500e-02,2.550250138472340278e-01,2.109423746787797427e-14,6.1.1-I-900
objective_profiles,0,3,2,1.000000000000000000e+00,4.152787295564890901e-01,4.152787295564890901e-01,1.400000000000000000e+01,16384,1.042794325979844006e+00,display,256,64,65,129,7.638453153969456677e-01,2.402746720919653189e-02,2.399597004570743972e-02,1.041127272957450417e-02,3.440724277528194042e-02,7.233153061271781030e-03,1.918222717850359471e+00,1.887402065739577500e-02,2.550250138472340278e-01,2.109423746787797427e-14,6.1.1-I-900
objective_profiles,0,3,2,1.000000000000000000e+00,4.152787295564890901e-01,4.152787295564890901e-01,1.400000000000000000e+01,16384,1.042794325979844006e+00,display,256,64,65,129,7.688773639817741978e-01,2.259026943884528613e-02,2.283381559164406049e-02,9.952416489377500716e-03,3.278623208102156295e-02,7.233153061271781030e-03,1.918222717850359471e+00,1.887402065739577500e-02,2.550250138472340278e-01,2.109423746787797427e-14,6.1.1-I-900
objective_profiles,0,3,2,1.000000000000000000e+00,4.152787295564890901e-01,4.152787295564890901e-01,1.400000000000000000e+01,16384,1.042794325979844006e+00,display,256,64,65,129,7.740787503306877371e-01,2.115678000218908228e-02,2.167103323368451892e-02,9.489979477940072017e-03,3.116101271162459094e-02,7.233153061271781030e-03,1.918222717850359471e+00,1.887402065739577500e-02,2.550250138472340278e-01,2.109423746787797427e-14,6.1.1-I-900
objective_profiles,0,3,2,1.000000000000000000e+00,4.152787295564890901e-01,4.152787295564890901e-01,1.400000000000000000e+01,16384,1.042794325979844006e+00,display,256,64,65,129,7.794463413230420246e-01,1.973207616494585676e-02,2.051128696017142511e-02,9.025321788742232329e-03,2.953660874891365917e-02,7.233153061271781030e-03,1.918222717850359471e+00,1.887402065739577500e-02,2.550250138472340278e-01,2.109423746787797427e-14,6.1.1-I-900
objective_profiles,0,3,2,1.000000000000000000e+00,4.152787295564890901e-01,4.152787295564890901e-01,1.400000000000000000e+01,16384,1.042794325979844006e+00,display,256,64,65,129,7.849769037227303237e-01,1.832114649887442784e-02,1.935815416842558145e-02,8.559804430651161283e-03,2.791795859907674274e-02,7.233153061271781030e-03,1.918222717850359471e+00,1.887402065739577500e-02,2.550250138472340278e-01,2.109423746787797427e-14,6.1.1-I-900
objective_profiles,0,3,2,1.000000000000000000e+00,4.152787295564890901e-01,4.152787295564890901e-01,1.400000000000000000e+01,16384,1.042794325979844006e+00,display,256,64,65,129,7.906671061257641853e-01,1.692887432306275017e-02,1.821511358035361738e-02,8.094785276965055232e-03,2.630989885731867262e-02,7.233153061271781030e-03,1.918222717850359471e+00,1.887402065739577500e-02,2.550250138472340278e-01,2.109423746787797427e-14,6.1.1-I-900
objective_profiles,0,3,2,1.000000000000000000e+00,4.152787295564890901e-01,4.152787295564890901e-01,1.400000000000000000e+01,16384,1.042794325979844006e+00,display,256,64,65,129,7.965135209669864658e-01,1.556002221355155812e-02,1.708553420847653756e-02,7.631615090931929968e-03,2.471714929940846753e-02,7.233153061271781030e-03,1.918222717850359471e+00,1.887402065739577500e-02,2.550250138472340278e-01,2.109423746787797427e-14,6.1.1-I-900
objective_profiles,0,3,2,1.000000000000000000e+00,4.152787295564890901e-01,4.152787295564890901e-01,1.400000000000000000e+01,16384,1.042794325979844006e+00,display,256,64,65,129,8.025126265847083440e-01,1.421921770234723867e-02,1.597266538500204114e-02,7.171633640091457443e-03,2.314429902509349685e-02,7.233153061271781030e-03,1.918222717850359471e+00,1.887402065739577500e-02,2.550250138472340278e-01,2.109423746787797427e-14,6.1.1-I-900
objective_profiles,0,3,2,1.000000000000000000e+00,4.152787295564890901e-01,4.152787295564890901e-01,1.400000000000000000e+01,16384,1.042794325979844006e+00,display,256,64,65,129,8.086608093420265542e-01,1.291094010919051349e-02,1.487962785623189732e-02,6.716165910908076034e-03,2.159579376713997162e-02,7.233153061271781030e-03,1.918222717850359471e+00,1.887402065739577500e-02,2.550250138472340278e-01,2.109423746787797427e-14,6.1.1-I-900
objective_profiles,0,3,2,1.000000000000000000e+00,4.152787295564890901e-01,4.152787295564890901e-01,1.400000000000000000e+01,16384,1.042794325979844006e+00,display,256,64,65,129,8.149543658035435234e-01,1.163950859439362960e-02,1.380940593510011569e-02,6.266518434268440220e-03,2.007592436936855504e-02,7.233153061271781030e-03,1.918222717850359471e+00,1.887402065739577500e-02,2.550250138472340278e-01,2.109423746787797427e-14,6.1.1-I-900
objective_profiles,0,3,2,1.000000000000000000e+00,4.152787295564890901e-01,4.152787295564890901e-01,1.400000000000000000e+01,16384,1.042794325979844006e+00,display,256,64,65,129,8.213895049661780190e-01,1.040907134682261120e-02,1.276484069604049212e-02,5.823975731512803788e-03,1.858881642755329591e-02,7.233153061271781030e-03,1.918222717850359471e+00,1.887402065739577500e-02,2.550250138472340278e-01,2.109423746787797427e-14,6.1.1-I-900
objective_profiles,0,3,2,1.000000000000000000e+00,4.152787295564890901e-01,4.152787295564890901e-01,1.400000000000000000e+01,16384,1.042794325979844006e+00,display,256,64,65,129,8.279623505427240460e-01,9.223595934898789692e-03,1.174862418869778227e-02,5.389796889768566635e-03,1.713842107846634891e-02,7.233153061271781030e-03,1.918222717850359471e+00,1.887402065739577500e-02,2.550250138472340278e-01,2.109423746787797427e-14,6.1.1-I-900
objective_profiles,0,3,2,1.000000000000000000e+00,4.152787295564890901e-01,4.152787295564890901e-01,1.400000000000000000e+01,16384,1.042794325979844006e+00,display,256,64,65,129,8.346689432967805411e-01,8.086860793099370434e-03,1.076329464027161141e-02,4.965212274456048264e-03,1.572850691472765794e-02,7.233153061271781030e-03,1.918222717850359471e+00,1.887402065739577500e-02,2.550250138472340278e-01,2.664535259100375697e-14,6.1.1-I-900
objective_profiles,0,3,2,1.000000000000000000e+00,4.152787295564890901e-01,4.152787295564890901e-01,1.400000000000000000e+01,16384,1.042794325979844006e+00,display,256,64,65,129,8.415052434276482085e-01,7.002447807056818262e-03,9.811232610482197372e-03,4.551420385954551770e-03,1.436265299643674914e-02,7.233153061271781030e-03,1.918222717850359471e+00,1.887402065739577500e-02,2.550250138472340278e-01,4.263256414560601115e-14,6.1.1-I-900
objective_profiles,0,3,2,1.000000000000000000e+00,4.152787295564890901e-01,4.152787295564890901e-01,1.400000000000000000e+01,16384,1.042794325979844006e+00,display,256,64,65,129,8.484671330037540926e-01,5.973735952746808513e-03,8.894658058273562790e-03,4.149584866550330188e-03,1.304424292482389211e-02,7.233153061271781030e-03,1.918222717850359471e+00,1.887402065739577500e-02,2.550250138472340278e-01,2.109423746787797427e-14,6.1.1-I-900
objective_profiles,0,3,2,1.000000000000000000e+00,4.152787295564890901e-01,4.152787295564890901e-01,1.400000000000000000e+01,16384,1.042794325979844006e+00,display,256,64,65,129,8.555504184431391712e-01,5.003896025691510416e-03,8.015628275390932617e-03,3.760831662946243110e-03,1.177645993833717486e-02,7.233153061271781030e-03,1.918222717850359471e+00,1.887402065739577500e-02,2.550250138472340278e-01,2.109423746787797427e-14,6.1.1-I-900
objective_profiles,0,3,2,1.000000000000000000e+00,4.152787295564890901e-01,4.152787295564890901e-01,1.400000000000000000e+01,16384,1.042794325979844006e+00,display,256,64,65,129,8.627508330395159408e-01,4.095886310453754689e-03,7.176036638828291701e-03,3.386246348795373534e-03,1.056228298762366610e-02,7.233153061271781030e-03,1.918222717850359471e+00,1.887402065739577500e-02,2.550250138472340278e-01,2.109423746787797427e-14,6.1.1-I-900
objective_profiles,0,3,2,1.000000000000000000e+00,4.152787295564890901e-01,4.152787295564890901e-01,1.400000000000000000e+01,16384,1.042794325979844006e+00,display,256,64,65,129,8.700640395323723242e-01,3.252449226614340279e-03,6.377612131817513887e-03,3.026871610937203159e-03,9.404483742754717046e-03,7.233153061271781030e-03,1.918222717850359471e+00,1.887402065739577500e-02,2.550250138472340278e-01,2.109423746787797427e-14,6.1.1-I-900
objective_profiles,0,3,2,1.000000000000000000e+00,4.152787295564890901e-01,4.152787295564890901e-01,1.400000000000000000e+01,16384,1.042794325979844006e+00,display,256,64,65,129,8.774856327195754702e-01,2.476108841239858024e-03,5.621919581429218535e-03,2.683704902260298456e-03,8.305624483689516557e-03,7.233153061271781030e-03,1.918222717850359471e+00,1.887402065739577500e-02,2.550250138472340278e-01,2.109423746787797427e-14,6.1.1-I-900
objective_profiles,0,3,2,1.000000000000000000e+00,4.152787295564890901e-01,4.152787295564890901e-01,1.400000000000000000e+01,16384,1.042794325979844006e+00,display,256,64,65,129,8.850111421109007059e-01,1.769169275095849652e-03,4.910360559950312578e-03,2.357696263398083129e-03,7.268056823348395708e-03,7.233153061271781030e-03,1.918222717850359471e+00,1.887402065739577500e-02,2.550250138472340278e-01,3.630429290524261887e-14,6.1.1-I-900
objective_profiles,0,3,2,1.000000000000000000e+00,4.152787295564890901e-01,4.152787295564890901e-01,1.400000000000000000e+01,16384,1.042794325979844006e+00,display,256,64,65,129,8.926360346208876972e-01,1.133713898718457678e-03,4.244174896906703284e-03,2.049746314784043309e-03,6.293921211690746594e-03,7.233153061271781030e-03,1.918222717850359471e+00,1.887402065739577500e-02,2.550250138472340278e-01,2.109423746787797427e-14,6.1.1-I-900
objective_profiles,0,3,2,1.000000000000000000e+00,4.152787295564890901e-01,4.152787295564890901e-01,1.400000000000000000e+01,16384,1.042794325979844006e+00,display,256,64,65,129,9.003557172994012259e-01,5.716052803825195970e-04,3.624442748857322795e-03,1.760704419948389519e-03,5.385147168805712314e-03,7.233153061271781030e-03,1.918222717850359471e+00,1.887402065739577500e-02,2.550250138472340278e-01,2.109423746787797427e-14,6.1.1-I-900
objective_profiles,0,3,2,1.000000000000000000e+00,4.152787295564890901e-01,4.152787295564890901e-01,1.400000000000000000e+01,16384,1.042794325979844006e+00,display,256,64,65,129,9.081655400982534543e-01,8.448575216977323151e-05,3.052087174821318648e-03,1.491367020334055139e-03,4.543454195155373354e-03,7.233153061271781030e-03,1.918222717850359471e+00,1.887402065739577500e-02,2.550250138472340278e-01,2.109423746787797427e-14,6.1.1-I-900
objective_profiles,0,3,2,1.000000000000000000e+00,4.152787295564890901e-01,4.152787295564890901e-01,1.400000000000000000e+01,16384,1.042794325979844006e+00,display,256,64,65,129,9.160607986722184570e-01,-3.262213141875636266e-04,2.527877166368536557e-03,1.242476141344218184e-03,3.770353307712754742e-03,7.233153061271781030e-03,1.918222717850359471e+00,1.887402065739577500e-02,2.550250138472340278e-01,2.109423746787797427e-14,6.1.1-I-900
objective_profiles,0,3,2,1.000000000000000000e+00,4.152787295564890901e-01,4.152787295564890901e-01,1.400000000000000000e+01,16384,1.042794325979844006e+00,display,256,64,65,129,9.240367372127540335e-01,-6.593096230084721353e-04,2.052431082912434257e-03,1.014718068805829914e-03,3.067149151718264171e-03,7.233153061271781030e-03,1.918222717850359471e+00,1.887402065739577500e-02,2.550250138472340278e-01,2.109423746787797427e-14,6.1.1-I-900
objective_profiles,0,3,2,1.000000000000000000e+00,4.152787295564890901e-01,4.152787295564890901e-01,1.400000000000000000e+01,16384,1.042794325979844006e+00,display,256,64,65,129,9.320885513127229460e-01,-9.137874890763889773e-04,1.626220444565794170e-03,8.087221945454032244e-04,2.434942639111197394e-03,7.233153061271781030e-03,1.918222717850359471e+00,1.887402065739577500e-02,2.550250138472340278e-01,2.109423746787797427e-14,6.1.1-I-900
objective_profiles,0,3,2,1.000000000000000000e+00,4.152787295564890901e-01,4.152787295564890901e-01,1.400000000000000000e+01,16384,1.042794325979844006e+00,display,256,64,65,129,9.402113908603878523e-01,-1.088874966415968610e-03,1.249574036970893184e-03,6.250600293218754218e-04,1.874634066292768606e-03,7.233153061271781030e-03,1.918222717850359471e+00,1.887402065739577500e-02,2.550250138472340278e-01,2.109423746787797427e-14,6.1.1-I-900
objective_profiles,0,3,2,1.000000000000000000e+00,4.152787295564890901e-01,4.152787295564890901e-01,1.400000000000000000e+01,16384,1.042794325979844006e+00,display,256,64,65,129,9.484003629609381036e-01,-1.184000483828612530e-03,9.226822847602505085e-04,4.642443809464521132e-04,1.386926665706702567e-03,7.233153061271781030e-03,1.918222717850359471e+00,1.887402065739577500e-02,2.550250138472340278e-01,2.109423746787797427e-14,6.1.1-I-900
objective_profiles,0,3,2,1.000000000000000000e+00,4.152787295564890901e-01,4.152787295564890901e-01,1.400000000000000000e+01,16384,1.042794325979844006e+00,display,256,64,65,129,9.566505348837854861e-01,-1.198797023556002345e-03,6.456018526928228047e-04,3.267286950408297740e-04,9.723305477336525787e-04,7.233153061271781030e-03,1.918222717850359471e+00,1.887402065739577500e-02,2.550250138472340278e-01,2.109423746787797427e-14,6.1.1-I-900
objective_profiles,0,3,2,1.000000000000000000e+00,4.152787295564890901e-01,4.152787295564890901e-01,1.400000000000000000e+01,16384,1.042794325979844006e+00,display,256,64,65,129,9.649569370338575425e-01,-1.133097929791486219e-03,4.182604359837100686e-04,2.129065555402868796e-04,6.311669915239969753e-04,7.233153061271781030e-03,1.918222717850359471e+00,1.887402065739577500e-02,2.550250138472340278e-01,2.109423746787797427e-14,6.1.1-I-900
objective_profiles,0,3,2,1.000000000000000000e+00,4.152787295564890901e-01,4.152787295564890901e-01,1.400000000000000000e+01,16384,1.042794325979844006e+00,display,256,64,65,129,9.733145659450954668e-01,-9.869324377411916455e-04,2.404617038926633137e-04,1.231113417364313833e-04,3.635730456290946970e-04,7.233153061271781030e-03,1.918222717850359471e+00,1.887402065739577500e-02,2.550250138472340278e-01,2.109423746787797427e-14,6.1.1-I-900
objective_profiles,0,3,2,1.000000000000000000e+00,4.152787295564890901e-01,4.152787295564890901e-01,1.400000000000000000e+01,16384,1.042794325979844006e+00,display,256,64,65,129,9.817183872943550105e-01,-7.605208735921782951e-04,1.118903631920719992e-04,5.761603837332275390e-05,1.695064015653947463e-04,7.233153061271781030e-03,1.918222717850359471e+00,1.887402065739577500e-02,2.550250138472340278e-01,2.353672812205331866e-14,6.1.1-I-900
objective_profiles,0,3,2,1.000000000000000000e+00,4.152787295564890901e-01,4.152787295564890901e-01,1.400000000000000000e+01,16384,1.042794325979844006e+00,display,256,64,65,129,9.901633389338944102e-01,-4.542695978606483957e-04,3.211731069605012974e-05,1.663319506122674482e-05,4.875050575727687117e-05,7.233153061271781030e-03,1.918222717850359471e+00,1.887402065739577500e-02,2.550250138472340278e-01,4.352074256530613638e-14,6.1.1-I-900
objective_profiles,0,3,2,1.000000000000000000e+00,4.152787295564890901e-01,4.152787295564890901e-01,1.400000000000000000e+01,16384,1.042794325979844006e+00,display,256,64,65,129,9.986443339406233521e-01,-6.876567928921025917e-05,6.048465452998299501e-07,3.150310481043687255e-07,9.198775934041986227e-07,7.233153061271781030e-03,1.918222717850359471e+00,1.887402065739577500e-02,2.550250138472340278e-01,2.109423746787797427e-14,6.1.1-I-900
objective_profiles,0,3,2,1.000000000000000000e+00,4.152787295564890901e-01,4.152787295564890901e-01,1.400000000000000000e+01,16384,1.042794325979844006e+00,display,256,64,65,129,1.007156263680274222e+00,3.952285589464014969e-04,1.671192241842521460e-05,8.753681194490413344e-06,2.546560361291562625e-05,7.233153061271781030e-03,1.918222717850359471e+00,1.887402065739577500e-02,2.550250138472340278e-01,2.109423746787797427e-14,6.1.1-I-900
objective_profiles,0,3,2,1.000000000000000000e+00,4.152787295564890901e-01,4.152787295564890901e-01,1.400000000000000000e+01,16384,1.042794325979844006e+00,display,256,64,65,129,1.015694000884653558e+00,9.367812421289336850e-04,7.969940122309356447e-05,4.198157882572230084e-05,1.216809800488158653e-04,7.233153061271781030e-03,1.918222717850359471e+00,1.887402065739577500e-02,2.550250138472340278e-01,2.109423746787797427e-14,6.1.1-I-900
objective_profiles,0,3,2,1.000000000000000000e+00,4.152787295564890901e-01,4.152787295564890901e-01,1.400000000000000000e+01,16384,1.042794325979844006e+00,display,256,64,65,129,1.024252402740116308e+00,1.554796775289684447e-03,1.887353071310646549e-04,9.997197098744892835e-05,2.887072781185135968e-04,7.233153061271781030e-03,1.918222717850359471e+00,1.887402065739577500e-02,2.550250138472340278e-01,2.109423746787797427e-14,6.1.1-I-900
objective_profiles,0,3,2,1.000000000000000000e+00,4.152787295564890901e-01,4.152787295564890901e-01,1.400000000000000000e+01,16384,1.042794325979844006e+00,display,256,64,65,129,1.032826313985403477e+00,2.248021785022129553e-03,3.429000470183247128e-04,1.826395615048022466e-04,5.255396085231269594e-04,7.233153061271781030e-03,1.918222717850359471e+00,1.887402065739577500e-02,2.550250138472340278e-01,2.109423746787797427e-14,6.1.1-I-900
objective_profiles,0,3,2,1.000000000000000000e+00,4.152787295564890901e-01,4.152787295564890901e-01,1.400000000000000000e+01,16384,1.042794325979844006e+00,display,256,64,65,129,1.041410570016980675e+00,3.015051189782501275e-03,5.411915864715713962e-04,2.898412771396224950e-04,8.310328636111938370e-04,7.233153061271781030e-03,1.918222717850359471e+00,1.887402065739577500e-02,2.550250138472340278e-01,2.553512956637860043e-14,6.1.1-I-900
objective_profiles,0,3,2,1.000000000000000000e+00,4.152787295564890901e-01,4.152787295564890901e-01,1.400000000000000000e+01,16384,1.042794325979844006e+00,display,256,64,65,129,1.049999999999999822e+00,3.854334318859666160e-03,7.825305654921128028e-04,4.213771520528157739e-04,1.203907717544928577e-03,7.233153061271781030e-03,1.918222717850359471e+00,1.887402065739577500e-02,2.550250138472340278e-01,2.109423746787797427e-14,6.1.1-I-900
objective_profiles,0,3,2,1.000000000000000000e+00,4.152787295564890901e-01,4.152787295564890901e-01,1.400000000000000000e+01,16384,1.042794325979844006e+00,display,256,64,65,129,1.058589429983019192e+00,4.764181120277087046e-03,1.065765340893847640e-03,5.769913257087686638e-04,1.642756666602616412e-03,7.233153061271781030e-03,1.918222717850359471e+00,1.887402065739577500e-02,2.550250138472340278e-01,2.109423746787797427e-14,6.1.1-I-900
objective_profiles,0,3,2,1.000000000000000000e+00,4.152787295564890901e-01,4.152787295564890901e-01,1.400000000000000000e+01,16384,1.042794325979844006e+00,display,256,64,65,129,1.067173686014596168e+00,5.742768403205749696e-03,1.389676944122446300e-03,7.563731493047977632e-04,2.146050093427244281e-03,7.233153061271781030e-03,1.918222717850359471e+00,1.887402065739577500e-02,2.550250138472340278e-01,2.109423746787797427e-14,6.1.1-I-900
objective_profiles,0,3,2,1.000000000000000000e+00,4.152787295564890901e-01,4.152787295564890901e-01,1.400000000000000000e+01,16384,1.042794325979844006e+00,display,256,64,65,129,1.075747597259883559e+00,6.788146151788214920e-03,1.752983944836825157e-03,9.591583957690064284e-04,2.712142340605831585e-03,7.233153061271781030e-03,1.918222717850359471e+00,1.887402065739577500e-02,2.550250138472340278e-01,2.109423746787797427e-14,6.1.1-I-900
objective_profiles,0,3,2,1.000000000000000000e+00,4.152787295564890901e-01,4.152787295564890901e-01,1.400000000000000000e+01,16384,1.042794325979844006e+00,display,256,64,65,129,1.084305999115346086e+00,7.898243831441061069e-03,2.154347212090201771e-03,1.184930568342836173e-03,3.339277780433037943e-03,7.233153061271781030e-03,1.918222717850359471e+00,1.887402065739577500e-02,2.550250138472340278e-01,2.120525977034048992e-14,6.1.1-I-900
objective_profiles,0,3,2,1.000000000000000000e+00,4.152787295564890901e-01,4.152787295564890901e-01,1.400000000000000000e+01,16384,1.042794325979844006e+00,display,256,64,65,129,1.092843736319725645e+00,9.070876692060185487e-03,2.592374566311096695e-03,1.433222302751775310e-03,4.025596869062872223e-03,7.233153061271781030e-03,1.918222717850359471e+00,1.887402065739577500e-02,2.550250138472340278e-01,2.109423746787797427e-14,6.1.1-I-900
objective_profiles,0,3,2,1.000000000000000000e+00,4.152787295564890901e-01,4.152787295564890901e-01,1.400000000000000000e+01,16384,1.042794325979844006e+00,display,256,64,65,129,1.101355666059376404e+00,1.030375210839175326e-02,3.065625316551832697e-03,1.703516857962288208e-03,4.769142174514120688e-03,7.233153061271781030e-03,1.918222717850359471e+00,1.887402065739577500e-02,2.550250138472340278e-01,2.109423746787797427e-14,6.1.1-I-900
objective_profiles,0,3,2,1.000000000000000000e+00,4.152787295564890901e-01,4.152787295564890901e-01,1.400000000000000000e+01,16384,1.042794325979844006e+00,display,256,64,65,129,1.109836661066105457e+00,1.159447590456349868e-02,3.572614678604993810e-03,1.995249690532501126e-03,5.567864369137495370e-03,7.233153061271781030e-03,1.918222717850359471e+00,1.887402065739577500e-02,2.550250138472340278e-01,2.109423746787797427e-14,6.1.1-I-900
objective_profiles,0,3,2,1.000000000000000000e+00,4.152787295564890901e-01,4.152787295564890901e-01,1.400000000000000000e+01,16384,1.042794325979844006e+00,display,256,64,65,129,1.118281612705644745e+00,1.294055863888419686e-02,4.111818070633922913e-03,2.307810107576847153e-03,6.419628178210770066e-03,7.233153061271781030e-03,1.918222717850359471e+00,1.887402065739577500e-02,2.550250138472340278e-01,2.109423746787797427e-14,6.1.1-I-900
objective_profiles,0,3,2,1.000000000000000000e+00,4.152787295564890901e-01,4.152787295564890901e-01,1.400000000000000000e+01,16384,1.042794325979844006e+00,display,256,64,65,129,1.126685434054904400e+00,1.433942182988597394e-02,4.681675283890323301e-03,2.640542993391849745e-03,7.322218277282173046e-03,7.233153061271781030e-03,1.918222717850359471e+00,1.887402065739577500e-02,2.550250138472340278e-01,2.109423746787797427e-14,6.1.1-I-900
objective_profiles,0,3,2,1.000000000000000000e+00,4.152787295564890901e-01,4.152787295564890901e-01,1.400000000000000000e+01,16384,1.042794325979844006e+00,display,256,64,65,129,1.135043062966142324e+00,1.578840422608056293e-02,5.280594526932697562e-03,2.992750604819400476e-03,8.273345131752098472e-03,7.233153061271781030e-03,1.918222717850359471e+00,1.887402065739577500e-02,2.550250138472340278e-01,2.109423746787797427e-14,6.1.1-I-900
objective_profiles,0,3,2,1.000000000000000000e+00,4.152787295564890901e-01,4.152787295564890901e-01,1.400000000000000000e+01,16384,1.042794325979844006e+00,display,256,64,65,129,1.143349465116214381e+00,1.728476797793443778e-02,5.906956342503183466e-03,3.363694430462545789e-03,9.270650772965729688e-03,7.233153061271781030e-03,1.918222717850359471e+00,1.887402065739577500e-02,2.550250138472340278e-01,2.109423746787797427e-14,6.1.1-I-900
objective_profiles,0,3,2,1.000000000000000000e+00,4.152787295564890901e-01,4.152787295564890901e-01,1.400000000000000000e+01,16384,1.042794325979844006e+00,display,256,64,65,129,1.151599637039061541e+00,1.882570476913877910e-02,6.559117396881797984e-03,3.752597108912844332e-03,1.031171450579464188e-02,7.233153061271781030e-03,1.918222717850359471e+00,1.887402065739577500e-02,2.550250138472340278e-01,2.109423746787797427e-14,6.1.1-I-900
objective_profiles,0,3,2,1.000000000000000000e+00,4.152787295564890901e-01,4.152787295564890901e-01,1.400000000000000000e+01,16384,1.042794325979844006e+00,display,256,64,65,129,1.159788609139611903e+00,2.040834192911960068e-02,7.235414142113483216e-03,4.158644401197101985e-03,1.139405854331058607e-02,7.233153061271781030e-03,1.918222717850359471e+00,1.887402065739577500e-02,2.550250138472340278e-01,2.109423746787797427e-14,6.1.1-I-900
objective_profiles,0,3,2,1.000000000000000000e+00,4.152787295564890901e-01,4.152787295564890901e-01,1.400000000000000000e+01,16384,1.042794325979844006e+00,display,256,64,65,129,1.167911448687276810e+00,2.202974844997906967e-02,7.934166352014772675e-03,4.580987212705532781e-03,1.251515356472030632e-02,7.233153061271781030e-03,1.918222717850359471e+00,1.887402065739577500e-02,2.550250138472340278e-01,2.109423746787797427e-14,6.1.1-I-900
objective_profiles,0,3,2,1.000000000000000000e+00,4.152787295564890901e-01,4.152787295564890901e-01,1.400000000000000000e+01,16384,1.042794325979844006e+00,display,256,64,65,129,1.175963262787245833e+00,2.368694093786602103e-02,8.653680533301559563e-03,5.018743659920772530e-03,1.367242419322233296e-02,7.233153061271781030e-03,1.918222717850359471e+00,1.887402065739577500e-02,2.550250138472340278e-01,2.109423746787797427e-14,6.1.1-I-900
objective_profiles,0,3,2,1.000000000000000000e+00,4.152787295564890901e-01,4.152787295564890901e-01,1.400000000000000000e+01,16384,1.042794325979844006e+00,display,256,64,65,129,1.183939201327781188e+00,2.537688951532321088e-02,9.392253213553237307e-03,5.471001177330092093e-03,1.486325439088332853e-02,7.233153061271781030e-03,1.918222717850359471e+00,1.887402065739577500e-02,2.550250138472340278e-01,2.109423746787797427e-14,6.1.1-I-900
objective_profiles,0,3,2,1.000000000000000000e+00,4.152787295564890901e-01,4.152787295564890901e-01,1.400000000000000000e+01,16384,1.042794325979844006e+00,display,256,64,65,129,1.191834459901746301e+00,2.709652368558400359e-02,1.014817410804943858e-02,5.936818659966969051e-03,1.608499276801640676e-02,7.233153061271781030e-03,1.918222717850359471e+00,1.887402065739577500e-02,2.550250138472340278e-01,2.109423746787797427e-14,6.1.1-I-900
objective_profiles,0,3,2,1.000000000000000000e+00,4.152787295564890901e-01,4.152787295564890901e-01,1.400000000000000000e+01,16384,1.042794325979844006e+00,display,256,64,65,129,1.199644282700598641e+00,2.884273805767489929e-02,1.091972916777847295e-02,6.415228637097661335e-03,1.733495780487613602e-02,7.233153061271781030e-03,1.918222717850359471e+00,1.887402065739577500e-02,2.550250138472340278e-01,4.130029651605582330e-14,6.1.1-I-900
objective_profiles,0,3,2,1.000000000000000000e+00,4.152787295564890901e-01,4.152787295564890901e-01,1.400000000000000000e+01,16384,1.042794325979844006e+00,display,256,64,65,129,1.207363965379112170e+00,3.061239804957258809e-02,1.170520351113459034e-02,6.905239472637807012e-03,1.861044298377239822e-02,7.233153061271781030e-03,1.918222717850359471e+00,1.887402065739577500e-02,2.550250138472340278e-01,2.253752739989067777e-14,6.1.1-I-900
objective_profiles,0,3,2,1.000000000000000000e+00,4.152787295564890901e-01,4.152787295564890901e-01,1.400000000000000000e+01,16384,1.042794325979844006e+00,display,256,64,65,129,1.214988857889099272e+00,3.240234551110094535e-02,1.250288424199553008e-02,7.405837587958362736e-03,1.990872182995389456e-02,7.233153061271781030e-03,1.918222717850359471e+00,1.887402065739577500e-02,2.550250138472340278e-01,2.620126338115369435e-14,6.1.1-I-900
objective_profiles,0,3,2,1.000000000000000000e+00,4.152787295564890901e-01,4.152787295564890901e-01,1.400000000000000000e+01,16384,1.042794325979844006e+00,display,256,64,65,129,1.222514367280424175e+00,3.420940423391522628e-02,1.331106315700849099e-02,7.915989702814294621e-03,2.122705285982278561e-02,7.233153061271781030e-03,1.918222717850359471e+00,1.887402065739577500e-02,2.550250138472340278e-01,2.109423746787797427e-14,6.1.1-I-900
objective_profiles,0,3,2,1.000000000000000000e+00,4.152787295564890901e-01,4.152787295564890901e-01,1.400000000000000000e+01,16384,1.042794325979844006e+00,display,256,64,65,129,1.229935960467627432e+00,3.603038541228602287e-02,1.412803934501565342e-02,8.434645090206770168e-03,2.256268443522242359e-02,7.233153061271781030e-03,1.918222717850359471e+00,1.887402065739577500e-02,2.550250138472340278e-01,2.109423746787797427e-14,6.1.1-I-900
objective_profiles,0,3,2,1.000000000000000000e+00,4.152787295564890901e-01,4.152787295564890901e-01,1.400000000000000000e+01,16384,1.042794325979844006e+00,display,256,64,65,129,1.237249166960483926e+00,3.786209302158785595e-02,1.495212168161539311e-02,8.960737841068162901e-03,2.391285952268355774e-02,7.233153061271781030e-03,1.918222717850359471e+00,1.887402065739577500e-02,2.550250138472340278e-01,2.109423746787797427e-14,6.1.1-I-900
objective_profiles,0,3,2,1.000000000000000000e+00,4.152787295564890901e-01,4.152787295564890901e-01,1.400000000000000000e+01,16384,1.042794325979844006e+00,display,256,64,65,129,1.244449581556860585e+00,3.970132907564549035e-02,1.578163122190834669e-02,9.493189134738767854e-03,2.527482035664711454e-02,7.233153061271781030e-03,1.918222717850359471e+00,1.887402065739577500e-02,2.550250138472340278e-01,2.109423746787797427e-14,6.1.1-I-900
objective_profiles,0,3,2,1.000000000000000000e+00,4.152787295564890901e-01,4.152787295564890901e-01,1.400000000000000000e+01,16384,1.042794325979844006e+00,display,256,64,65,129,1.251532866996245774e+00,4.154489882726985356e-02,1.661490349448685802e-02,1.003090951128630948e-02,2.664581300577316750e-02,7.233153061271781030e-03,1.918222717850359471e+00,1.887402065739577500e-02,2.550250138472340278e-01,2.109423746787797427e-14,6.1.1-I-900
objective_profiles,0,3,2,1.000000000000000000e+00,4.152787295564890901e-01,4.152787295564890901e-01,1.400000000000000000e+01,16384,1.042794325979844006e+00,display,256,64,65,129,1.258494756572351658e+00,4.338961584605883354e-02,1.745029069973197747e-02,1.057280114179973661e-02,2.802309184153171234e-02,7.233153061271781030e-03,1.918222717850359471e+00,1.887402065739577500e-02,2.550250138472340278e-01,2.109423746787797427e-14,6.1.1-I-900
objective_profiles,0,3,2,1.000000000000000000e+00,4.152787295564890901e-01,4.152787295564890901e-01,1.400000000000000000e+01,16384,1.042794325979844006e+00,display,256,64,65,129,1.265331056703219215e+00,4.523230704204249386e-02,1.828616381546147029e-02,1.111776009287469141e-02,2.940392390833616171e-02,7.233153061271781030e-03,1.918222717850359471e+00,1.887402065739577500e-02,2.550250138472340278e-01,2.642330798607872566e-14,6.1.1-I-900
objective_profiles,0,3,2,1.000000000000000000e+00,4.152787295564890901e-01,4.152787295564890901e-01,1.400000000000000000e+01,16384,1.042794325979844006e+00,display,256,64,65,129,1.272037649457275599e+00,4.706981755473542417e-02,1.912091461293086506e-02,1.166467858158986085e-02,3.078559319452072590e-02,7.233153061271781030e-03,1.918222717850359471e+00,1.887402065739577500e-02,2.550250138472340278e-01,2.109423746787797427e-14,6.1.1-I-900
objective_profiles,0,3,2,1.000000000000000000e+00,4.152787295564890901e-01,4.152787295564890901e-01,1.400000000000000000e+01,16384,1.042794325979844006e+00,display,256,64,65,129,1.278610495033821737e+00,4.889901559520121177e-02,1.995295758615132573e-02,1.221244721736065159e-02,3.216540480351197384e-02,7.233153061271781030e-03,1.918222717850359471e+00,1.887402065739577500e-02,2.550250138472340278e-01,2.375877272697834997e-14,6.1.1-I-900
objective_profiles,0,3,2,1.000000000000000000e+00,4.152787295564890901e-01,4.152787295564890901e-01,1.400000000000000000e+01,16384,1.042794325979844006e+00,display,256,64,65,129,1.285045634196456454e+00,5.071679715290468987e-02,2.078073179741571005e-02,1.275995722714052399e-02,3.354068902455623058e-02,7.233153061271781030e-03,1.918222717850359471e+00,1.887402065739577500e-02,2.550250138472340278e-01,2.109423746787797427e-14,6.1.1-I-900
objective_profiles,0,3,2,1.000000000000000000e+00,4.152787295564890901e-01,4.152787295564890901e-01,1.400000000000000000e+01,16384,1.042794325979844006e+00,display,256,64,65,129,1.291339190657973424e+00,5.252009059779243205e-02,2.160270264186593681e-02,1.330610266052889221e-02,3.490880530239483248e-02,7.233153061271781030e-03,1.918222717850359471e+00,1.887402065739577500e-02,2.550250138472340278e-01,2.109423746787797427e-14,6.1.1-I-900
objective_profiles,0,3,2,1.000000000000000000e+00,4.152787295564890901e-01,4.152787295564890901e-01,1.400000000000000000e+01,16384,1.042794325979844006e+00,display,256,64,65,129,1.297487373415291412e+00,5.430586120521040117e-02,2.241736353384645927e-02,1.384978257142946943e-02,3.626714610527592697e-02,7.233153061271781030e-03,1.918222717850359471e+00,1.887402065739577500e-02,2.550250138472340278e-01,2.109423746787797427e-14,6.1.1-I-900
objective_profiles,0,3,2,1.000000000000000000e+00,4.152787295564890901e-01,4.152787295564890901e-01,1.400000000000000000e+01,16384,1.042794325979844006e+00,display,256,64,65,129,1.303486479033013179e+00,5.607111558445617566e-02,2.322323751771173186e-02,1.438990317299281528e-02,3.761314069070454541e-02,7.233153061271781030e-03,1.918222717850359471e+00,1.887402065739577500e-02,2.550250138472340278e-01,2.109423746787797427e-14,6.1.1-I-900
objective_profiles,0,3,2,1.000000000000000000e+00,4.152787295564890901e-01,4.152787295564890901e-01,1.400000000000000000e+01,16384,1.042794325979844006e+00,display,256,64,65,129,1.309332893874235459e+00,5.781290596273937210e-02,2.401887880566473329e-02,1.492537996266337860e-02,3.894425876832811190e-02,7.233153061271781030e-03,1.918222717850359471e+00,1.887402065739577500e-02,2.550250138472340278e-01,2.109423746787797427e-14,6.1.1-I-900
objective_profiles,0,3,2,1.000000000000000000e+00,4.152787295564890901e-01,4.152787295564890901e-01,1.400000000000000000e+01,16384,1.042794325979844006e+00,display,256,64,65,129,1.315023096277269543e+00,5.952833435826429542e-02,2.480287424510759994e-02,1.545513981424217857e-02,4.025801405934977678e-02,7.233153061271781030e-03,1.918222717850359471e+00,1.887402065739577500e-02,2.550250138472340278e-01,2.109423746787797427e-14,6.1.1-I-900
objective_profiles,0,3,2,1.000000000000000000e+00,4.152787295564890901e-01,4.152787295564890901e-01,1.400000000000000000e+01,16384,1.042794325979844006e+00,display,256,64,65,129,1.320553658676957731e+00,6.121455669119306442e-02,2.557384471789262564e-02,1.597812303396237490e-02,4.155196775185500402e-02,7.233153061271781030e-03,1.918222717850359471e+00,1.887402065739577500e-02,2.550250138472340278e-01,2.109423746787797427e-14,6.1.1-I-900
objective_profiles,0,3,2,1.000000000000000000e+00,4.152787295564890901e-01,4.152787295564890901e-01,1.400000000000000000e+01,16384,1.042794325979844006e+00,display,256,64,65,129,1.325921249669312019e+00,6.286878677231595713e-02,2.633044647376595049e-02,1.649328537766982239e-02,4.282373185143577288e-02,7.233153061271781030e-03,1.918222717850359471e+00,1.887402065739577500e-02,2.550250138472340278e-01,2.109423746787797427e-14,6.1.1-I-900
objective_profiles,0,3,2,1.000000000000000000e+00,4.152787295564890901e-01,4.152787295564890901e-01,1.400000000000000000e+01,16384,1.042794325979844006e+00,display,256,64,65,129,1.331122636018225558e+00,6.448830012279505031e-02,2.707137240018946123e-02,1.699960002628440187e-02,4.407097242647386309e-02,7.233153061271781030e-03,1.918222717850359471e+00,1.887402065739577500e-02,2.550250138472340278e-01,2.109423746787797427e-14,6.1.1-I-900
objective_profiles,0,3,2,1.000000000000000000e+00,4.152787295564890901e-01,4.152787295564890901e-01,1.400000000000000000e+01,16384,1.042794325979844006e+00,display,256,64,65,129,1.336154684603054088e+00,6.607043777036962495e-02,2.779535323063776070e-02,1.749605951681597327e-02,4.529141274745373397e-02,7.233153061271781030e-03,1.918222717850359471e+00,1.887402065739577500e-02,2.550250138472340278e-01,2.109423746787797427e-14,6.1.1-I-900
objective_profiles,0,3,2,1.000000000000000000e+00,4.152787295564890901e-01,4.152787295564890901e-01,1.400000000000000000e+01,16384,1.042794325979844006e+00,display,256,64,65,129,1.341014364305890716e+00,6.761260984230091364e-02,2.850115869336099228e-02,1.798167762629331382e-02,4.648283631965430263e-02,7.233153061271781030e-03,1.918222717850359471e+00,1.887402065739577500e-02,2.550250138472340278e-01,2.109423746787797427e-14,6.1.1-I-900
objective_profiles,0,3,2,1.000000000000000000e+00,4.152787295564890901e-01,4.152787295564890901e-01,1.400000000000000000e+01,16384,1.042794325979844006e+00,display,256,64,65,129,1.345698747837397402e+00,6.911229909451574449e-02,2.918759860250629348e-02,1.845549120606051335e-02,4.764308980856681031e-02,7.233153061271781030e-03,1.918222717850359471e+00,1.887402065739577500e-02,2.550250138472340278e-01,2.109423746787797427e-14,6.1.1-I-900
objective_profiles,0,3,2,1.000000000000000000e+00,4.152787295564890901e-01,4.152787295564890901e-01,1.400000000000000000e+01,16384,1.042794325979844006e+00,display,256,64,65,129,1.350205013500095141e+00,7.056706429120276902e-02,2.985352389339908027e-02,1.891656196398540379e-02,4.877008585738448754e-02,7.233153061271781030e-03,1.918222717850359471e+00,1.887402065739577500e-02,2.550250138472340278e-01,2.109423746787797427e-14,6.1.1-I-900
objective_profiles,0,3,2,1.000000000000000000e+00,4.152787295564890901e-01,4.152787295564890901e-01,1.400000000000000000e+01,16384,1.042794325979844006e+00,display,256,64,65,129,1.354530446888048800e+00,7.197454349131754414e-02,3.049782760368114146e-02,1.936397819221724950e-02,4.986180579589839096e-02,7.233153061271781030e-03,1.918222717850359471e+00,1.887402065739577500e-02,2.550250138472340278e-01,2.586819647376614739e-14,6.1.1-I-900
objective_profiles,0,3,2,1.000000000000000000e+00,4.152787295564890901e-01,4.152787295564890901e-01,1.400000000000000000e+01,16384,1.042794325979844006e+00,display,256,64,65,129,1.358672442521924095e+00,7.333245717554086329e-02,3.111944580191790960e-02,1.979685643822396215e-02,5.091630224014187522e-02,7.233153061271781030e-03,1.918222717850359471e+00,1.887402065739577500e-02,2.550250138472340278e-01,2.942091015256664832e-14,6.1.1-I-900
objective_profiles,0,3,2,1.000000000000000000e+00,4.152787295564890901e-01,4.152787295564890901e-01,1.400000000000000000e+01,16384,1.042794325979844006e+00,display,256,64,65,129,1.362628505418430169e+00,7.463861126439469418e-02,3.171735846518801416e-02,2.021434311693194943e-02,5.193170158211996013e-02,7.233153061271781030e-03,1.918222717850359471e+00,1.887402065739577500e-02,2.550250138472340278e-01,2.109423746787797427e-14,6.1.1-I-900
objective_profiles,0,3,2,1.000000000000000000e+00,4.152787295564890901e-01,4.152787295564890901e-01,1.400000000000000000e+01,16384,1.042794325979844006e+00,display,256,64,65,129,1.366396252593204963e+00,7.589090001769373262e-02,3.229059030708107680e-02,2.061561606188613491e-02,5.290620636896721518e-02,7.233153061271781030e-03,1.918222717850359471e+00,1.887402065739577500e-02,2.550250138472340278e-01,2.153832667772803688e-14,6.1.1-I-900
objective_profiles,0,3,2,1.000000000000000000e+00,4.152787295564890901e-01,4.152787295564890901e-01,1.400000000000000000e+01,16384,1.042794325979844006e+00,display,256,64,65,129,1.369973414496235664e+00,7.708730878462624614e-02,3.283821155744615083e-02,2.099988601344073696e-02,5.383809757088688780e-02,7.233153061271781030e-03,1.918222717850359471e+00,1.887402065739577500e-02,2.550250138472340278e-01,2.109423746787797427e-14,6.1.1-I-900
objective_profiles,0,3,2,1.000000000000000000e+00,4.152787295564890901e-01,4.152787295564890901e-01,1.400000000000000000e+01,16384,1.042794325979844006e+00,display,256,64,65,129,1.373357836378950259e+00,7.822591665136399697e-02,3.335933869514005889e-02,2.136639804208583307e-02,5.472573673722588850e-02,7.233153061271781030e-03,1.918222717850359471e+00,1.887402065739577500e-02,2.550250138472340278e-01,2.109423746787797427e-14,6.1.1-I-900
objective_profiles,0,3,2,1.000000000000000000e+00,4.152787295564890901e-01,4.152787295564890901e-01,1.400000000000000000e+01,16384,1.042794325979844006e+00,display,256,64,65,129,1.376547479592158396e+00,7.930489891001167579e-02,3.385313513495143145e-02,2.171443290511067617e-02,5.556756804006210415e-02,7.233153061271781030e-03,1.918222717850359471e+00,1.887402065739577500e-02,2.550250138472340278e-01,2.109423746787797427e-14,6.1.1-I-900
objective_profiles,0,3,2,1.000000000000000000e+00,4.152787295564890901e-01,4.152787295564890901e-01,1.400000000000000000e+01,16384,1.042794325979844006e+00,display,256,64,65,129,1.379540422814057088e+00,8.032252945667593680e-02,3.431881186978983506e-02,2.204330833489797151e-02,5.636212020468781003e-02,7.233153061271781030e-03,1.918222717850359471e+00,1.887402065739577500e-02,2.550250138472340278e-01,5.606626274357040529e-14,6.1.1-I-900
objective_profiles,0,3,2,1.000000000000000000e+00,4.152787295564890901e-01,4.152787295564890901e-01,1.400000000000000000e+01,16384,1.042794325979844006e+00,display,256,64,65,129,1.382334863207562714e+00,8.127718299388402012e-02,3.475562806915270114e-02,2.235238025724007802e-02,5.710800832639277569e-02,7.233153061271781030e-03,1.918222717850359471e+00,1.887402065739577500e-02,2.550250138472340278e-01,2.298161660974074039e-14,6.1.1-I-900
objective_profiles,0,3,2,1.000000000000000000e+00,4.152787295564890901e-01,4.152787295564890901e-01,1.400000000000000000e+01,16384,1.042794325979844006e+00,display,256,64,65,129,1.384929117506273011e+00,8.216733713035440090e-02,3.516289163481282898e-02,2.264104393816315439e-02,5.780393557297598683e-02,7.233153061271781030e-03,1.918222717850359471e+00,1.887402065739577500e-02,2.550250138472340278e-01,2.109423746787797427e-14,6.1.1-I-900
objective_profiles,0,3,2,1.000000000000000000e+00,4.152787295564890901e-01,4.152787295564890901e-01,1.400000000000000000e+01,16384,1.042794325979844006e+00,display,256,64,65,129,1.387321623028404005e+00,8.299157434201545613e-02,3.553995971458857178e-02,2.290873505784228950e-02,5.844869477243086475e-02,7.233153061271781030e-03,1.918222717850359471e+00,1.887402065739577500e-02,2.550250138472340278e-01,2.109423746787797427e-14,6.1.1-I-900
objective_profiles,0,3,2,1.000000000000000000e+00,4.152787295564890901e-01,4.152787295564890901e-01,1.400000000000000000e+01,16384,1.042794325979844006e+00,display,256,64,65,129,1.389510938618090385e+00,8.374858377374318208e-02,3.588623917499483840e-02,2.315493071028504671e-02,5.904116988527988164e-02,7.233153061271781030e-03,1.918222717850359471e+00,1.887402065739577500e-02,2.550250138472340278e-01,2.109423746787797427e-14,6.1.1-I-900
objective_profiles,0,3,2,1.000000000000000000e+00,4.152787295564890901e-01,4.152787295564890901e-01,1.400000000000000000e+01,16384,1.042794325979844006e+00,display,256,64,65,129,1.391495745513484872e+00,8.443716291597408441e-02,3.620118703349973349e-02,2.337915032756018863e-02,5.958033736105992212e-02,7.233153061271781030e-03,1.918222717850359471e+00,1.887402065739577500e-02,2.550250138472340278e-01,2.109423746787797427e-14,6.1.1-I-900
objective_profiles,0,3,2,1.000000000000000000e+00,4.152787295564890901e-01,4.152787295564890901e-01,1.400000000000000000e+01,16384,1.042794325979844006e+00,display,256,64,65,129,1.393274848141130562e+00,8.505621914221286883e-02,3.648431085105189459e-02,2.358095652744268689e-02,6.006526737849458147e-02,7.233153061271781030e-03,1.918222717850359471e+00,1.887402065739577500e-02,2.550250138472340278e-01,2.109423746787797427e-14,6.1.1-I-900
objective_profiles,0,3,2,1.000000000000000000e+00,4.152787295564890901e-01,4.152787295564890901e-01,1.400000000000000000e+01,16384,1.042794325979844006e+00,display,256,64,65,129,1.394847174836129300e+00,8.560477109026694287e-02,3.673516908547040660e-02,2.375995588344511841e-02,6.049512496891552848e-02,7.233153061271781030e-03,1.918222717850359471e+00,1.887402065739577500e-02,2.550250138472340278e-01,2.109423746787797427e-14,6.1.1-I-900
objective_profiles,0,3,2,1.000000000000000000e+00,4.152787295564890901e-01,4.152787295564890901e-01,1.400000000000000000e+01,16384,1.042794325979844006e+00,display,256,64,65,129,1.396211778487673305e+00,8.608194991189725698e-02,3.695337140623507211e-02,2.391579961630214968e-02,6.086917102253722178e-02,7.233153061271781030e-03,1.918222717850359471e+00,1.887402065739577500e-02,2.550250138472340278e-01,2.109423746787797427e-14,6.1.1-I-900
objective_profiles,0,3,2,1.000000000000000000e+00,4.152787295564890901e-01,4.152787295564890901e-01,1.400000000000000000e+01,16384,1.042794325979844006e+00,display,256,64,65,129,1.397367837109548372e+00,8.648700036991270601e-02,3.713857897114890283e-02,2.404818420607242324e-02,6.118676317722132607e-02,7.233153061271781030e-03,1.918222717850359471e+00,1.887402065739577500e-02,2.550250138472340278e-01,2.309263891220325604e-14,6.1.1-I-900
objective_profiles,0,3,2,1.000000000000000000e+00,4.152787295564890901e-01,4.152787295564890901e-01,1.400000000000000000e+01,16384,1.042794325979844006e+00,display,256,64,65,129,1.398314654335268692e+00,8.681928180164530384e-02,3.729050466528818775e-02,2.415685192412057869e-02,6.144735658940876644e-02,7.233153061271781030e-03,1.918222717850359471e+00,1.887402065739577500e-02,2.550250138472340278e-01,2.109423746787797427e-14,6.1.1-I-900
objective_profiles,0,3,2,1.000000000000000000e+00,4.152787295564890901e-01,4.152787295564890901e-01,1.400000000000000000e+01,16384,1.042794325979844006e+00,display,256,64,65,129,1.399051659837541539e+00,8.707826891916199685e-02,3.740891330259438208e-02,2.424159128433898275e-02,6.165050458693336483e-02,7.233153061271781030e-03,1.918222717850359471e+00,1.887402065739577500e-02,2.550250138472340278e-01,2.109423746787797427e-14,6.1.1-I-900
objective_profiles,0,3,2,1.000000000000000000e+00,4.152787295564890901e-01,4.152787295564890901e-01,1.400000000000000000e+01,16384,1.042794325979844006e+00,display,256,64,65,129,1.399578409671810242e+00,8.726355247921971370e-02,3.749362179040838933e-02,2.430223741306828528e-02,6.179585920347667460e-02,7.233153061271781030e-03,1.918222717850359471e+00,1.887402065739577500e-02,2.550250138472340278e-01,2.153832667772803688e-14,6.1.1-I-900
objective_profiles,0,3,2,1.000000000000000000e+00,4.152787295564890901e-01,4.152787295564890901e-01,1.400000000000000000e+01,16384,1.042794325979844006e+00,display,256,64,65,129,1.399894586543671382e+00,8.737483979367351161e-02,3.754449925719197806e-02,2.433867233727330867e-02,6.188317159446528326e-02,7.233153061271781030e-03,1.918222717850359471e+00,1.887402065739577500e-02,2.550250138472340278e-01,2.109423746787797427e-14,6.1.1-I-900
objective_profiles,0,3,2,1.000000000000000000e+00,4.152787295564890901e-01,4.152787295564890901e-01,1.400000000000000000e+01,16384,1.042794325979844006e+00,display,256,64,65,129,1.399999999999999911e+00,8.741195510219502973e-02,3.756146714362156025e-02,2.435082519062957418e-02,6.191229233425113443e-02,7.233153061271781030e-03,1.918222717850359471e+00,1.887402065739577500e-02,2.550250138472340278e-01,2.109423746787797427e-14,6.1.1-I-900
objective_profiles,0,3,2,1.100000000000000089e+00,4.152787295564890901e-01,4.568066025121380602e-01,1.400000000000000000e+01,16384,1.047073758577828473e+00,verification,128,32,33,65,6.999999999999999556e-01,4.438599499532309284e-02,3.657891128692040972e-02,2.169090334781606857e-02,5.826981463473647482e-02,1.124311554637301945e-02,1.320214074807287252e+00,2.175542229321470941e-02,2.560785178278074947e-01,1.010302952408892452e-14,6.1.1-I-900
objective_profiles,0,3,2,1.100000000000000089e+00,4.152787295564890901e-01,4.568066025121380602e-01,1.400000000000000000e+01,16384,1.047073758577828473e+00,verification,128,32,33,65,7.004215903281896249e-01,4.421100920674553986e-02,3.645421940557221768e-02,2.162614907458770483e-02,5.808036848015991904e-02,1.124311554637301945e-02,1.320214074807287252e+00,2.175542229321470941e-02,2.560785178278074947e-01,1.010302952408892452e-14,6.1.1-I-900
objective_profiles,0,3,2,1.100000000000000089e+00,4.152787295564890901e-01,4.568066025121380602e-01,1.400000000000000000e+01,16384,1.047073758577828473e+00,verification,128,32,33,65,7.016853456647310638e-01,4.368897535202462268e-02,3.608220547542990292e-02,2.143269728257808648e-02,5.751490275800798940e-02,1.124311554637301945e-02,1.320214074807287252e+00,2.175542229321470941e-02,2.560785178278074947e-01,1.010302952408892452e-14,6.1.1-I-900
objective_profiles,0,3,2,1.100000000000000089e+00,4.152787295564890901e-01,4.568066025121380602e-01,1.400000000000000000e+01,16384,1.047073758577828473e+00,verification,128,32,33,65,7.037882215123265617e-01,4.282859739911317604e-02,3.546900119593617701e-02,2.111296887758455990e-02,5.658197007352074037e-02,1.124311554637301945e-02,1.320214074807287252e+00,2.175542229321470941e-02,2.560785178278074947e-01,1.010302952408892452e-14,6.1.1-I-900
objective_profiles,0,3,2,1.100000000000000089e+00,4.152787295564890901e-01,4.568066025121380602e-01,1.400000000000000000e+01,16384,1.047073758577828473e+00,verification,128,32,33,65,7.067251518588693049e-01,4.164416267372614278e-02,3.462465024629007848e-02,2.067095838938036792e-02,5.529560863567044293e-02,1.124311554637301945e-02,1.320214074807287252e+00,2.175542229321470941e-02,2.560785178278074947e-01,1.043609643147647148e-14,6.1.1-I-900
objective_profiles,0,3,2,1.100000000000000089e+00,4.152787295564890901e-01,4.568066025121380602e-01,1.400000000000000000e+01,16384,1.047073758577828473e+00,verification,128,32,33,65,7.104890613819095924e-01,4.015522177404144688e-02,3.356285252013636172e-02,2.011217446242267656e-02,5.367502698255903482e-02,1.124311554637301945e-02,1.320214074807287252e+00,2.175542229321470941e-02,2.560785178278074947e-01,1.010302952408892452e-14,6.1.1-I-900
objective_profiles,0,3,2,1.100000000000000089e+00,4.152787295564890901e-01,4.568066025121380602e-01,1.400000000000000000e+01,16384,1.047073758577828473e+00,verification,128,32,33,65,7.150708824937268560e-01,3.838615799257148048e-02,3.230062142651281276e-02,1.944355842553406252e-02,5.174417985204687875e-02,1.124311554637301945e-02,1.320214074807287252e+00,2.175542229321470941e-02,2.560785178278074947e-01,1.010302952408892452e-14,6.1.1-I-900
objective_profiles,0,3,2,1.100000000000000089e+00,4.152787295564890901e-01,4.568066025121380602e-01,1.400000000000000000e+01,16384,1.047073758577828473e+00,verification,128,32,33,65,7.204595771859426678e-01,3.636566180420214289e-02,3.085786838656907546e-02,1.867338273616097818e-02,4.953125112273005365e-02,1.124311554637301945e-02,1.320214074807287252e+00,2.175542229321470941e-02,2.560785178278074947e-01,1.010302952408892452e-14,6.1.1-I-900
objective_profiles,0,3,2,1.100000000000000089e+00,4.152787295564890901e-01,4.568066025121380602e-01,1.400000000000000000e+01,16384,1.047073758577828473e+00,verification,128,32,33,65,7.266421636210496082e-01,3.412612969561366894e-02,2.925693105320552670e-02,1.781113148958277798e-02,4.706806254278830814e-02,1.124311554637301945e-02,1.320214074807287252e+00,2.175542229321470941e-02,2.560785178278074947e-01,1.010302952408892452e-14,6.1.1-I-900
objective_profiles,0,3,2,1.100000000000000089e+00,4.152787295564890901e-01,4.568066025121380602e-01,1.400000000000000000e+01,16384,1.047073758577828473e+00,verification,128,32,33,65,7.336037474067947928e-01,3.170300751074203727e-02,2.752206316755254067e-02,1.686736549967891158e-02,4.438942866723145225e-02,1.124311554637301945e-02,1.320214074807287252e+00,2.175542229321470941e-02,2.560785178278074947e-01,1.010302952408892452e-14,6.1.1-I-900
objective_profiles,0,3,2,1.100000000000000089e+00,4.152787295564890901e-01,4.568066025121380602e-01,1.400000000000000000e+01,16384,1.047073758577828473e+00,verification,128,32,33,65,7.413275574780756605e-01,2.913409962740096462e-02,2.567890432485925994e-02,1.585357468821832483e-02,4.153247901307758477e-02,1.124311554637301945e-02,1.320214074807287252e+00,2.175542229321470941e-02,2.560785178278074947e-01,1.010302952408892452e-14,6.1.1-I-900
objective_profiles,0,3,2,1.100000000000000089e+00,4.152787295564890901e-01,4.568066025121380602e-01,1.400000000000000000e+01,16384,1.047073758577828473e+00,verification,128,32,33,65,7.497949864999047254e-01,2.645886454525972487e-02,2.375394731726351502e-02,1.478202066139576096e-02,3.853596797865927598e-02,1.124311554637301945e-02,1.320214074807287252e+00,2.175542229321470941e-02,2.560785178278074947e-01,1.010302952408892452e-14,6.1.1-I-900
objective_profiles,0,3,2,1.100000000000000089e+00,4.152787295564890901e-01,4.568066025121380602e-01,1.400000000000000000e+01,16384,1.047073758577828473e+00,verification,128,32,33,65,7.589856356941091509e-01,2.371771626133583818e-02,2.177401928401576092e-02,1.366557240716985422e-02,3.543959169118561514e-02,1.124311554637301945e-02,1.320214074807287252e+00,2.175542229321470941e-02,2.560785178278074947e-01,1.010302952408892452e-14,6.1.1-I-900
objective_profiles,0,3,2,1.100000000000000089e+00,4.152787295564890901e-01,4.568066025121380602e-01,1.400000000000000000e+01,16384,1.047073758577828473e+00,verification,128,32,33,65,7.688773639817741978e-01,2.095134854362567037e-02,1.976579081074420277e-02,1.251753802037522401e-02,3.228332883111942331e-02,1.124311554637301945e-02,1.320214074807287252e+00,2.175542229321470941e-02,2.560785178278074947e-01,1.010302952408892452e-14,6.1.1-I-900
objective_profiles,0,3,2,1.100000000000000089e+00,4.152787295564890901e-01,4.568066025121380602e-01,1.400000000000000000e+01,16384,1.047073758577828473e+00,verification,128,32,33,65,7.794463413230420246e-01,1.820009698137344673e-02,1.775532458369578209e-02,1.135149526321402140e-02,2.910681984690980523e-02,1.124311554637301945e-02,1.320214074807287252e+00,2.175542229321470941e-02,2.560785178278074947e-01,1.010302952408892452e-14,6.1.1-I-900
objective_profiles,0,3,2,1.100000000000000089e+00,4.152787295564890901e-01,4.568066025121380602e-01,1.400000000000000000e+01,16384,1.047073758577828473e+00,verification,128,32,33,65,7.906671061257641853e-01,1.550335059610790690e-02,1.576767243206471381e-02,1.018112360745077917e-02,2.594879603951549124e-02,1.124311554637301945e-02,1.320214074807287252e+00,2.175542229321470941e-02,2.560785178278074947e-01,1.010302952408892452e-14,6.1.1-I-900
objective_profiles,0,3,2,1.100000000000000089e+00,4.152787295564890901e-01,4.568066025121380602e-01,1.400000000000000000e+01,16384,1.047073758577828473e+00,verification,128,32,33,65,8.025126265847083440e-01,1.289902071187272459e-02,1.382652677660666830e-02,9.020040193641630510e-03,2.284656697024829708e-02,1.124311554637301945e-02,1.320214074807287252e+00,2.175542229321470941e-02,2.560785178278074947e-01,1.332267629550187849e-14,6.1.1-I-900
objective_profiles,0,3,2,1.100000000000000089e+00,4.152787295564890901e-01,4.568066025121380602e-01,1.400000000000000000e+01,16384,1.047073758577828473e+00,verification,128,32,33,65,8.149543658035435234e-01,1.042307382858855165e-02,1.195392981248936254e-02,7.881641894715735522e-03,1.983557170720509633e-02,1.124311554637301945e-02,1.320214074807287252e+00,2.175542229321470941e-02,2.560785178278074947e-01,1.010302952408892452e-14,6.1.1-I-900
objective_profiles,0,3,2,1.100000000000000089e+00,4.152787295564890901e-01,4.568066025121380602e-01,1.400000000000000000e+01,16384,1.047073758577828473e+00,verification,128,32,33,65,8.279623505427240460e-01,8.109131290172474915e-03,1.017004131857971068e-02,6.778955398599688549e-03,1.694899671717940010e-02,1.124311554637301945e-02,1.320214074807287252e+00,2.175542229321470941e-02,2.560785178278074947e-01,1.010302952408892452e-14,6.1.1-I-900
objective_profiles,0,3,2,1.100000000000000089e+00,4.152787295564890901e-01,4.568066025121380602e-01,1.400000000000000000e+01,16384,1.047073758577828473e+00,verification,128,32,33,65,8.415052434276482085e-01,5.988136329956251364e-03,8.492963893660838981e-03,5.724496938879662308e-03,1.421746083254050129e-02,1.124311554637301945e-02,1.320214074807287252e+00,2.175542229321470941e-02,2.560785178278074947e-01,1.487698852997709764e-14,6.1.1-I-900
objective_profiles,0,3,2,1.100000000000000089e+00,4.152787295564890901e-01,4.568066025121380602e-01,1.400000000000000000e+01,16384,1.047073758577828473e+00,verification,128,32,33,65,8.555504184431391712e-01,4.088086831687734631e-03,6.938622722609803783e-03,4.730143013951085967e-03,1.166876573656088975e-02,1.124311554637301945e-02,1.320214074807287252e+00,2.175542229321470941e-02,2.560785178278074947e-01,1.010302952408892452e-14,6.1.1-I-900
objective_profiles,0,3,2,1.100000000000000089e+00,4.152787295564890901e-01,4.568066025121380602e-01,1.400000000000000000e+01,16384,1.047073758577828473e+00,verification,128,32,33,65,8.700640395323723242e-01,2.433831618046386654e-03,5.520695687658087533e-03,3.807013152347556596e-03,9.327708840005643695e-03,1.124311554637301945e-02,1.320214074807287252e+00,2.175542229321470941e-02,2.560785178278074947e-01,1.010302952408892452e-14,6.1.1-I-900
objective_profiles,0,3,2,1.100000000000000089e+00,4.152787295564890901e-01,4.568066025121380602e-01,1.400000000000000000e+01,16384,1.047073758577828473e+00,verification,128,32,33,65,8.850111421109007059e-01,1.046925593856293550e-03,4.250588748243386110e-03,2.965365511891679840e-03,7.215954260135066384e-03,1.124311554637301945e-02,1.320214074807287252e+00,2.175542229321470941e-02,2.560785178278074947e-01,1.010302952408892452e-14,6.1.1-I-900
objective_profiles,0,3,2,1.100000000000000089e+00,4.152787295564890901e-01,4.568066025121380602e-01,1.400000000000000000e+01,16384,1.047073758577828473e+00,verification,128,32,33,65,9.003557172994012259e-01,-5.446088784419050464e-05,3.137450983253490307e-03,2.214505848189759606e-03,5.351956831443249914e-03,1.124311554637301945e-02,1.320214074807287252e+00,2.175542229321470941e-02,2.560785178278074947e-01,1.010302952408892452e-14,6.1.1-I-900
objective_profiles,0,3,2,1.100000000000000089e+00,4.152787295564890901e-01,4.568066025121380602e-01,1.400000000000000000e+01,16384,1.047073758577828473e+00,verification,128,32,33,65,9.160607986722184570e-01,-8.555841194017172998e-04,2.188223473433935709e-03,1.562710157406016747e-03,3.750933630839952456e-03,1.124311554637301945e-02,1.320214074807287252e+00,2.175542229321470941e-02,2.560785178278074947e-01,1.010302952408892452e-14,6.1.1-I-900
objective_profiles,0,3,2,1.100000000000000089e+00,4.152787295564890901e-01,4.568066025121380602e-01,1.400000000000000000e+01,16384,1.047073758577828473e+00,verification,128,32,33,65,9.320885513127229460e-01,-1.345125133440037198e-03,1.407716243938035615e-03,1.017161091373955861e-03,2.424877335311991476e-03,1.124311554637301945e-02,1.320214074807287252e+00,2.175542229321470941e-02,2.560785178278074947e-01,1.010302952408892452e-14,6.1.1-I-900
objective_profiles,0,3,2,1.100000000000000089e+00,4.152787295564890901e-01,4.568066025121380602e-01,1.400000000000000000e+01,16384,1.047073758577828473e+00,verification,128,32,33,65,9.484003629609381036e-01,-1.515150909741908155e-03,7.987077303026209572e-04,5.838980608825234276e-04,1.382605791185144385e-03,1.124311554637301945e-02,1.320214074807287252e+00,2.175542229321470941e-02,2.560785178278074947e-01,1.010302952408892452e-14,6.1.1-I-900
objective_profiles,0,3,2,1.100000000000000089e+00,4.152787295564890901e-01,4.568066025121380602e-01,1.400000000000000000e+01,16384,1.047073758577828473e+00,verification,128,32,33,65,9.649569370338575425e-01,-1.361042799432279297e-03,3.620616207958711453e-04,2.677807853607384251e-04,6.298424061566095704e-04,1.124311554637301945e-02,1.320214074807287252e+00,2.175542229321470941e-02,2.560785178278074947e-01,1.409983241273948806e-14,6.1.1-I-900
objective_profiles,0,3,2,1.100000000000000089e+00,4.152787295564890901e-01,4.568066025121380602e-01,1.400000000000000000e+01,16384,1.047073758577828473e+00,verification,128,32,33,65,9.817183872943550105e-01,-8.813966119783232713e-04,9.685641472036827203e-05,7.246591334790245475e-05,1.693223280682707268e-04,1.124311554637301945e-02,1.320214074807287252e+00,2.175542229321470941e-02,2.560785178278074947e-01,1.598721155460225418e-14,6.1.1-I-900
objective_profiles,0,3,2,1.100000000000000089e+00,4.152787295564890901e-01,4.568066025121380602e-01,1.400000000000000000e+01,16384,1.047073758577828473e+00,verification,128,32,33,65,9.986443339406233521e-01,-7.790066515754787949e-05,5.235774213475183440e-07,3.962266979536085164e-07,9.198041193011268603e-07,1.124311554637301945e-02,1.320214074807287252e+00,2.175542229321470941e-02,2.560785178278074947e-01,1.154631945610162802e-14,6.1.1-I-900
objective_profiles,0,3,2,1.100000000000000089e+00,4.152787295564890901e-01,4.568066025121380602e-01,1.400000000000000000e+01,16384,1.047073758577828473e+00,verification,128,32,33,65,1.015694000884653558e+00,1.044807334832834013e-03,6.899073376478176574e-05,5.280185065277824986e-05,1.217925844175600156e-04,1.124311554637301945e-02,1.320214074807287252e+00,2.175542229321470941e-02,2.560785178278074947e-01,2.486899575160350651e-14,6.1.1-I-900
objective_profiles,0,3,2,1.100000000000000089e+00,4.152787295564890901e-01,4.568066025121380602e-01,1.400000000000000000e+01,16384,1.047073758577828473e+00,verification,128,32,33,65,1.032826313985403477e+00,2.479298082140182248e-03,2.968268956695448591e-04,2.297128197560005199e-04,5.265397154255453249e-04,1.124311554637301945e-02,1.320214074807287252e+00,2.175542229321470941e-02,2.560785178278074947e-01,1.010302952408892452e-14,6.1.1-I-900
objective_profiles,0,3,2,1.100000000000000089e+00,4.152787295564890901e-01,4.568066025121380602e-01,1.400000000000000000e+01,16384,1.047073758577828473e+00,verification,128,32,33,65,1.049999999999999822e+00,4.215517997958485169e-03,6.773872460540793445e-04,5.299822939854144854e-04,1.207369540039493830e-03,1.124311554637301945e-02,1.320214074807287252e+00,2.175542229321470941e-02,2.560785178278074947e-01,1.010302952408892452e-14,6.1.1-I-900
objective_profiles,0,3,2,1.100000000000000089e+00,4.152787295564890901e-01,4.568066025121380602e-01,1.400000000000000000e+01,16384,1.047073758577828473e+00,verification,128,32,33,65,1.067173686014596168e+00,6.240968875538914322e-03,1.202955487741188493e-03,9.513196784036464680e-04,2.154275166144835069e-03,1.124311554637301945e-02,1.320214074807287252e+00,2.175542229321470941e-02,2.560785178278074947e-01,1.010302952408892452e-14,6.1.1-I-900
objective_profiles,0,3,2,1.100000000000000089e+00,4.152787295564890901e-01,4.568066025121380602e-01,1.400000000000000000e+01,16384,1.047073758577828473e+00,verification,128,32,33,65,1.084305999115346086e+00,8.540895240421366580e-03,1.864882203194623018e-03,1.490332871073807514e-03,3.355215074268430749e-03,1.124311554637301945e-02,1.320214074807287252e+00,2.175542229321470941e-02,2.560785178278074947e-01,1.010302952408892452e-14,6.1.1-I-900
objective_profiles,0,3,2,1.100000000000000089e+00,4.152787295564890901e-01,4.568066025121380602e-01,1.400000000000000000e+01,16384,1.047073758577828473e+00,verification,128,32,33,65,1.101355666059376404e+00,1.109847689145863556e-02,2.653718055481683272e-03,2.142578846117686783e-03,4.796296901599370055e-03,1.124311554637301945e-02,1.320214074807287252e+00,2.175542229321470941e-02,2.560785178278074947e-01,1.243449787580175325e-14,6.1.1-I-900
objective_profiles,0,3,2,1.100000000000000089e+00,4.152787295564890901e-01,4.568066025121380602e-01,1.400000000000000000e+01,16384,1.047073758577828473e+00,verification,128,32,33,65,1.118281612705644745e+00,1.389502234849465494e-02,3.559340991863383340e-03,2.902621769922160942e-03,6.461962761785544282e-03,1.124311554637301945e-02,1.320214074807287252e+00,2.175542229321470941e-02,2.560785178278074947e-01,1.010302952408892452e-14,6.1.1-I-900
objective_profiles,0,3,2,1.100000000000000089e+00,4.152787295564890901e-01,4.568066025121380602e-01,1.400000000000000000e+01,16384,1.047073758577828473e+00,verification,128,32,33,65,1.135043062966142324e+00,1.691016783027224357e-02,4.571076890623049574e-03,3.764097847122045357e-03,8.335174737745094931e-03,1.124311554637301945e-02,1.320214074807287252e+00,2.175542229321470941e-02,2.560785178278074947e-01,1.010302952408892452e-14,6.1.1-I-900
objective_profiles,0,3,2,1.100000000000000089e+00,4.152787295564890901e-01,4.568066025121380602e-01,1.400000000000000000e+01,16384,1.047073758577828473e+00,verification,128,32,33,65,1.151599637039061541e+00,2.012207445033597705e-02,5.677813322505860863e-03,4.719786097788673113e-03,1.039759942029453398e-02,1.124311554637301945e-02,1.320214074807287252e+00,2.175542229321470941e-02,2.560785178278074947e-01,1.176836406102665933e-14,6.1.1-I-900
objective_profiles,0,3,2,1.100000000000000089e+00,4.152787295564890901e-01,4.568066025121380602e-01,1.400000000000000000e+01,16384,1.047073758577828473e+00,verification,128,32,33,65,1.167911448687276810e+00,2.350762877048333255e-02,6.868106284827796455e-03,5.761684277089661535e-03,1.262979056191745886e-02,1.124311554637301945e-02,1.320214074807287252e+00,2.175542229321470941e-02,2.560785178278074947e-01,1.010302952408892452e-14,6.1.1-I-900
objective_profiles,0,3,2,1.100000000000000089e+00,4.152787295564890901e-01,4.568066025121380602e-01,1.400000000000000000e+01,16384,1.047073758577828473e+00,verification,128,32,33,65,1.183939201327781188e+00,2.704264030424936849e-02,8.130279913820861667e-03,6.881089162601002930e-03,1.501136907642186546e-02,1.124311554637301945e-02,1.320214074807287252e+00,2.175542229321470941e-02,2.560785178278074947e-01,1.010302952408892452e-14,6.1.1-I-900
objective_profiles,0,3,2,1.100000000000000089e+00,4.152787295564890901e-01,4.568066025121380602e-01,1.400000000000000000e+01,16384,1.047073758577828473e+00,verification,128,32,33,65,1.199644282700598641e+00,3.070203653836978824e-02,9.452519294203105826e-03,8.068680451624935315e-03,1.752119974582803941e-02,1.124311554637301945e-02,1.320214074807287252e+00,2.175542229321470941e-02,2.560785178278074947e-01,1.010302952408892452e-14,6.1.1-I-900
objective_profiles,0,3,2,1.100000000000000089e+00,4.152787295564890901e-01,4.568066025121380602e-01,1.400000000000000000e+01,16384,1.047073758577828473e+00,verification,128,32,33,65,1.214988857889099272e+00,3.446005756471071796e-02,1.082295656923277019e-02,9.314607530637123572e-03,2.013756409986989376e-02,1.124311554637301945e-02,1.320214074807287252e+00,2.175542229321470941e-02,2.560785178278074947e-01,1.010302952408892452e-14,6.1.1-I-900
objective_profiles,0,3,2,1.100000000000000089e+00,4.152787295564890901e-01,4.568066025121380602e-01,1.400000000000000000e+01,16384,1.047073758577828473e+00,verification,128,32,33,65,1.229935960467627432e+00,3.829044706087354061e-02,1.222975061433596161e-02,1.060857840080588199e-02,2.283832901514184360e-02,1.124311554637301945e-02,1.320214074807287252e+00,2.175542229321470941e-02,2.560785178278074947e-01,1.010302952408892452e-14,6.1.1-I-900
objective_profiles,0,3,2,1.100000000000000089e+00,4.152787295564890901e-01,4.568066025121380602e-01,1.400000000000000000e+01,16384,1.047073758577828473e+00,verification,128,32,33,65,1.244449581556860585e+00,4.216663945768220345e-02,1.366116057706543048e-02,1.193995006695485438e-02,2.560111064402028486e-02,1.124311554637301945e-02,1.320214074807287252e+00,2.175542229321470941e-02,2.560785178278074947e-01,1.143529715363911237e-14,6.1.1-I-900
objective_profiles,0,3,2,1.100000000000000089e+00,4.152787295564890901e-01,4.568066025121380602e-01,1.400000000000000000e+01,16384,1.047073758577828473e+00,verification,128,32,33,65,1.258494756572351658e+00,4.606194193220896488e-02,1.510561360948360285e-02,1.329781972203442943e-02,2.840343333151803401e-02,1.124311554637301945e-02,1.320214074807287252e+00,2.175542229321470941e-02,2.560785178278074947e-01,1.010302952408892452e-14,6.1.1-I-900
objective_profiles,0,3,2,1.100000000000000089e+00,4.152787295564890901e-01,4.568066025121380602e-01,1.400000000000000000e+01,16384,1.047073758577828473e+00,verification,128,32,33,65,1.272037649457275599e+00,4.994971295004519557e-02,1.655176712943232445e-02,1.467111608485753560e-02,3.122288321428986005e-02,1.124311554637301945e-02,1.320214074807287252e+00,2.175542229321470941e-02,2.560785178278074947e-01,1.010302952408892452e-14,6.1.1-I-900
objective_profiles,0,3,2,1.100000000000000089e+00,4.152787295564890901e-01,4.568066025121380602e-01,1.400000000000000000e+01,16384,1.047073758577828473e+00,verification,128,32,33,65,1.285045634196456454e+00,5.380353540545795149e-02,1.798856594743677637e-02,1.604869027532864270e-02,3.403725622276541907e-02,1.124311554637301945e-02,1.320214074807287252e+00,2.175542229321470941e-02,2.560785178278074947e-01,1.010302952408892452e-14,6.1.1-I-900
objective_profiles,0,3,2,1.100000000000000089e+00,4.152787295564890901e-01,4.568066025121380602e-01,1.400000000000000000e+01,16384,1.047073758577828473e+00,verification,128,32,33,65,1.297487373415291412e+00,5.759738438132686045e-02,1.940529458863476595e-02,1.741940563850358920e-02,3.682470022713835167e-02,1.124311554637301945e-02,1.320214074807287252e+00,2.175542229321470941e-02,2.560785178278074947e-01,1.010302952408892452e-14,6.1.1-I-900
objective_profiles,0,3,2,1.100000000000000089e+00,4.152787295564890901e-01,4.568066025121380602e-01,1.400000000000000000e+01,16384,1.047073758577828473e+00,verification,128,32,33,65,1.309332893874235459e+00,6.130579022008517120e-02,2.079162512616245656e-02,1.877222595643915706e-02,3.956385108260161709e-02,1.124311554637301945e-02,1.320214074807287252e+00,2.175542229321470941e-02,2.560785178278074947e-01,1.221245327087672194e-14,6.1.1-I-900
objective_profiles,0,3,2,1.100000000000000089e+00,4.152787295564890901e-01,4.568066025121380602e-01,1.400000000000000000e+01,16384,1.047073758577828473e+00,verification,128,32,33,65,1.320553658676957731e+00,6.490399325011939058e-02,2.213766082552152265e-02,2.009630151484618002e-02,4.223396234036770613e-02,1.124311554637301945e-02,1.320214074807287252e+00,2.175542229321470941e-02,2.560785178278074947e-01,1.010302952408892452e-14,6.1.1-I-900
objective_profiles,0,3,2,1.100000000000000089e+00,4.152787295564890901e-01,4.568066025121380602e-01,1.400000000000000000e+01,16384,1.047073758577828473e+00,verification,128,32,33,65,1.331122636018225558e+00,6.836809299222731950e-02,2.343397587995376535e-02,2.138105251998918127e-02,4.481502839994294662e-02,1.124311554637301945e-02,1.320214074807287252e+00,2.175542229321470941e-02,2.560785178278074947e-01,1.010302952408892452e-14,6.1.1-I-900
objective_profiles,0,3,2,1.100000000000000089e+00,4.152787295564890901e-01,4.568066025121380602e-01,1.400000000000000000e+01,16384,1.047073758577828473e+00,verification,128,32,33,65,1.341014364305890716e+00,7.167518973570824459e-02,2.467165149581709849e-02,2.261624939003489126e-02,4.728790088585198975e-02,1.124311554637301945e-02,1.320214074807287252e+00,2.175542229321470941e-02,2.560785178278074947e-01,1.398881011027697241e-14,6.1.1-I-900
objective_profiles,0,3,2,1.100000000000000089e+00,4.152787295564890901e-01,4.568066025121380602e-01,1.400000000000000000e+01,16384,1.047073758577828473e+00,verification,128,32,33,65,1.350205013500095141e+00,7.480351745353683302e-02,2.584230856521486583e-02,2.379208947411943359e-02,4.963439803933429595e-02,1.124311554637301945e-02,1.320214074807287252e+00,2.175542229321470941e-02,2.560785178278074947e-01,1.010302952408892452e-14,6.1.1-I-900
objective_profiles,0,3,2,1.100000000000000089e+00,4.152787295564890901e-01,4.568066025121380602e-01,1.400000000000000000e+01,16384,1.047073758577828473e+00,verification,128,32,33,65,1.358672442521924095e+00,7.773256945700597609e-02,2.693813714130610659e-02,2.489926978175310487e-02,5.183740692305921494e-02,1.124311554637301945e-02,1.320214074807287252e+00,2.175542229321470941e-02,2.560785178278074947e-01,1.010302952408892452e-14,6.1.1-I-900
objective_profiles,0,3,2,1.100000000000000089e+00,4.152787295564890901e-01,4.568066025121380602e-01,1.400000000000000000e+01,16384,1.047073758577828473e+00,verification,128,32,33,65,1.366396252593204963e+00,8.044321614170102386e-02,2.795192291028108372e-02,2.592905533480729940e-02,5.388097824508838313e-02,1.124311554637301945e-02,1.320214074807287252e+00,2.175542229321470941e-02,2.560785178278074947e-01,1.010302952408892452e-14,6.1.1-I-900
objective_profiles,0,3,2,1.100000000000000089e+00,4.152787295564890901e-01,4.568066025121380602e-01,1.400000000000000000e+01,16384,1.047073758577828473e+00,verification,128,32,33,65,1.373357836378950259e+00,8.291781356818674065e-02,2.887707083323375751e-02,2.687334278421147499e-02,5.575041361744523249e-02,1.124311554637301945e-02,1.320214074807287252e+00,2.175542229321470941e-02,2.560785178278074947e-01,1.010302952408892452e-14,6.1.1-I-900
objective_profiles,0,3,2,1.100000000000000089e+00,4.152787295564890901e-01,4.568066025121380602e-01,1.400000000000000000e+01,16384,1.047073758577828473e+00,verification,128,32,33,65,1.379540422814057088e+00,8.514030209710944652e-02,2.970762611132701791e-02,2.772471896362508834e-02,5.743234507495210972e-02,1.124311554637301945e-02,1.320214074807287252e+00,2.175542229321470941e-02,2.560785178278074947e-01,1.010302952408892452e-14,6.1.1-I-900
objective_profiles,0,3,2,1.100000000000000089e+00,4.152787295564890901e-01,4.568066025121380602e-01,1.400000000000000000e+01,16384,1.047073758577828473e+00,verification,128,32,33,65,1.384929117506273011e+00,8.709629614109397344e-02,3.043829260883223684e-02,2.847651408272905763e-02,5.891480669156129446e-02,1.124311554637301945e-02,1.320214074807287252e+00,2.175542229321470941e-02,2.560785178278074947e-01,1.010302952408892452e-14,6.1.1-I-900
objective_profiles,0,3,2,1.100000000000000089e+00,4.152787295564890901e-01,4.568066025121380602e-01,1.400000000000000000e+01,16384,1.047073758577828473e+00,verification,128,32,33,65,1.389510938618090385e+00,8.877316395470057075e-02,3.106444885089000574e-02,2.912284929338562062e-02,6.018729814427562635e-02,1.124311554637301945e-02,1.320214074807287252e+00,2.175542229321470941e-02,2.560785178278074947e-01,1.110223024625156540e-14,6.1.1-I-900
objective_profiles,0,3,2,1.100000000000000089e+00,4.152787295564890901e-01,4.568066025121380602e-01,1.400000000000000000e+01,16384,1.047073758577828473e+00,verification,128,32,33,65,1.393274848141130562e+00,9.016009785153560052e-02,3.158216169617990288e-02,2.965867839274295356e-02,6.124084008892285991e-02,1.124311554637301945e-02,1.320214074807287252e+00,2.175542229321470941e-02,2.560785178278074947e-01,1.010302952408892452e-14,6.1.1-I-900
objective_profiles,0,3,2,1.100000000000000089e+00,4.152787295564890901e-01,4.568066025121380602e-01,1.400000000000000000e+01,16384,1.047073758577828473e+00,verification,128,32,33,65,1.396211778487673305e+00,9.124817293180111089e-02,3.198819776904348461e-02,3.007982345837920471e-02,6.206802122742269279e-02,1.124311554637301945e-02,1.320214074807287252e+00,2.175542229321470941e-02,2.560785178278074947e-01,1.010302952408892452e-14,6.1.1-I-900
objective_profiles,0,3,2,1.100000000000000089e+00,4.152787295564890901e-01,4.568066025121380602e-01,1.400000000000000000e+01,16384,1.047073758577828473e+00,verification,128,32,33,65,1.398314654335268692e+00,9.203039700164414305e-02,3.228003272089562808e-02,3.038300424178360867e-02,6.266303696267923329e-02,1.124311554637301945e-02,1.320214074807287252e+00,2.175542229321470941e-02,2.560785178278074947e-01,1.010302952408892452e-14,6.1.1-I-900
objective_profiles,0,3,2,1.100000000000000089e+00,4.152787295564890901e-01,4.568066025121380602e-01,1.400000000000000000e+01,16384,1.047073758577828473e+00,verification,128,32,33,65,1.399578409671810242e+00,9.250174794267573830e-02,3.245585837688783060e-02,3.056586117783086434e-02,6.302171955471869147e-02,1.124311554637301945e-02,1.320214074807287252e+00,2.175542229321470941e-02,2.560785178278074947e-01,1.010302952408892452e-14,6.1.1-I-900
objective_profiles,0,3,2,1.100000000000000089e+00,4.152787295564890901e-01,4.568066025121380602e-01,1.400000000000000000e+01,16384,1.047073758577828473e+00,verification,128,32,33,65,1.399999999999999911e+00,9.265920156544685260e-02,3.251458781059593517e-02,3.062697189939262224e-02,6.314155970998855394e-02,1.124311554637301945e-02,1.320214074807287252e+00,2.175542229321470941e-02,2.560785178278074947e-01,1.010302952408892452e-14,6.1.1-I-900
objective_profiles,0,3,2,1.100000000000000089e+00,4.152787295564890901e-01,4.568066025121380602e-01,1.400000000000000000e+01,16384,1.047073758577828473e+00,display,256,64,65,129,6.999999999999999556e-01,4.439094292271377612e-02,3.657882817168985057e-02,2.169096841647205967e-02,5.826979658816190677e-02,1.124311554637301945e-02,1.320207114619592836e+00,2.175534658243518521e-02,2.560753854392089912e-01,1.654232306691483245e-14,6.1.1-I-900
objective_profiles,0,3,2,1.100000000000000089e+00,4.152787295564890901e-01,4.568066025121380602e-01,1.400000000000000000e+01,16384,1.047073758577828473e+00,display,256,64,65,129,7.001054134563284848e-01,4.434714798677627523e-02,3.654762295288192103e-02,2.167476710338782364e-02,5.822239005626974467e-02,1.124311554637301945e-02,1.320207114619592836e+00,2.175534658243518521e-02,2.560753854392089912e-01,1.798561299892753595e-14,6.1.1-I-900
objective_profiles,0,3,2,1.100000000000000089e+00,4.152787295564890901e-01,4.568066025121380602e-01,1.400000000000000000e+01,16384,1.047073758577828473e+00,display,256,64,65,129,7.004215903281896249e-01,4.421594642900408823e-02,3.645413657366869398e-02,2.162621394899297972e-02,5.808035052266167370e-02,1.124311554637301945e-02,1.320207114619592836e+00,2.175534658243518521e-02,2.560753854392089912e-01,1.487698852997709764e-14,6.1.1-I-900
objective_profiles,0,3,2,1.100000000000000089e+00,4.152787295564890901e-01,4.568066025121380602e-01,1.400000000000000000e+01,16384,1.047073758577828473e+00,display,256,64,65,129,7.009483401624583276e-01,4.399788694768353575e-02,3.629875602376015503e-02,2.154546111677195508e-02,5.784421714053211011e-02,1.124311554637301945e-02,1.320207114619592836e+00,2.175534658243518521e-02,2.560753854392089912e-01,9.992007221626408864e-15,6.1.1-I-900
objective_profiles,0,3,2,1.100000000000000089e+00,4.152787295564890901e-01,4.568066025121380602e-01,1.400000000000000000e+01,16384,1.047073758577828473e+00,display,256,64,65,129,7.016853456647310638e-01,4.369388055802425619e-02,3.608212348882282317e-02,2.143276157666413814e-02,5.751488506548696478e-02,1.124311554637301945e-02,1.320207114619592836e+00,2.175534658243518521e-02,2.560753854392089912e-01,3.175237850427947706e-14,6.1.1-I-900
objective_profiles,0,3,2,1.100000000000000089e+00,4.152787295564890901e-01,4.568066025121380602e-01,1.400000000000000000e+01,16384,1.047073758577828473e+00,display,256,64,65,129,7.026321628904514949e-01,4.330519540403473394e-02,3.580513218683457899e-02,2.128846815508264601e-02,5.709360034191722499e-02,1.124311554637301945e-02,1.320207114619592836e+00,2.175534658243518521e-02,2.560753854392089912e-01,2.087219286295294296e-14,6.1.1-I-900
objective_profiles,0,3,2,1.100000000000000089e+00,4.152787295564890901e-01,4.568066025121380602e-01,1.400000000000000000e+01,16384,1.047073758577828473e+00,display,256,64,65,129,7.037882215123265617e-01,4.283344956767378559e-02,3.546892060266239322e-02,2.111303221254515541e-02,5.658195281520754516e-02,1.124311554637301945e-02,1.320207114619592836e+00,2.175534658243518521e-02,2.560753854392089912e-01,8.548717289613705361e-15,6.1.1-I-900
objective_profiles,0,3,2,1.100000000000000089e+00,4.152787295564890901e-01,4.568066025121380602e-01,1.400000000000000000e+01,16384,1.047073758577828473e+00,display,256,64,65,129,7.051528251638705669e-01,4.228060193375230563e-02,3.507486518322464053e-02,2.090700195642984996e-02,5.598186713965448702e-02,1.124311554637301945e-02,1.320207114619592836e+00,2.175534658243518521e-02,2.560753854392089912e-01,9.880984919163893210e-15,6.1.1-I-900
objective_profiles,0,3,2,1.100000000000000089e+00,4.152787295564890901e-01,4.568066025121380602e-01,1.400000000000000000e+01,16384,1.047073758577828473e+00,display,256,64,65,129,7.067251518588693049e-01,4.164894123535996945e-02,3.462457157156502430e-02,2.067102039839211272e-02,5.529559196995713355e-02,1.124311554637301945e-02,1.320207114619592836e+00,2.175534658243518521e-02,2.560753854392089912e-01,9.769962616701377556e-15,6.1.1-I-900
objective_profiles,0,3,2,1.100000000000000089e+00,4.152787295564890901e-01,4.568066025121380602e-01,1.400000000000000000e+01,16384,1.047073758577828473e+00,display,256,64,65,129,7.085042544865149949e-01,4.094107332307889840e-02,3.411986447280714735e-02,2.040582296790230746e-02,5.452568744070945828e-02,1.124311554637301945e-02,1.320207114619592836e+00,2.175534658243518521e-02,2.560753854392089912e-01,8.992806499463767977e-15,6.1.1-I-900
objective_profiles,0,3,2,1.100000000000000089e+00,4.152787295564890901e-01,4.568066025121380602e-01,1.400000000000000000e+01,16384,1.047073758577828473e+00,display,256,64,65,129,7.104890613819095924e-01,4.015990684659725973e-02,3.356277625804633680e-02,2.011223479518707558e-02,5.367501105323341237e-02,1.124311554637301945e-02,1.320207114619592836e+00,2.175534658243518521e-02,2.560753854392089912e-01,8.104628079763642745e-15,6.1.1-I-900
objective_profiles,0,3,2,1.100000000000000089e+00,4.152787295564890901e-01,4.568066025121380602e-01,1.400000000000000000e+01,16384,1.047073758577828473e+00,display,256,64,65,129,7.126783769715959727e-01,3.930863742680552886e-02,3.295553442359883123e-02,1.979116767854662701e-02,5.274670210214545824e-02,1.124311554637301945e-02,1.320207114619592836e+00,2.175534658243518521e-02,2.560753854392089912e-01,8.104628079763642745e-15,6.1.1-I-900
objective_profiles,0,3,2,1.100000000000000089e+00,4.152787295564890901e-01,4.568066025121380602e-01,1.400000000000000000e+01,16384,1.047073758577828473e+00,display,256,64,65,129,7.150708824937268560e-01,3.839073049784352126e-02,3.230054803248597062e-02,1.944361675257531494e-02,5.174416478506128902e-02,1.124311554637301945e-02,1.320207114619592836e+00,2.175534658243518521e-02,2.560753854392089912e-01,8.770761894538736669e-15,6.1.1-I-900
objective_profiles,0,3,2,1.100000000000000089e+00,4.152787295564890901e-01,4.568066025121380602e-01,1.400000000000000000e+01,16384,1.047073758577828473e+00,display,256,64,65,129,7.176651367924371527e-01,3.740990294202604233e-02,3.160039327252052443e-02,1.907065687521574543e-02,5.067105014773626986e-02,1.124311554637301945e-02,1.320207114619592836e+00,2.175534658243518521e-02,2.560753854392089912e-01,2.242650509742816212e-14,6.1.1-I-900
objective_profiles,0,3,2,1.100000000000000089e+00,4.152787295564890901e-01,4.568066025121380602e-01,1.400000000000000000e+01,16384,1.047073758577828473e+00,display,256,64,65,129,7.204595771859426678e-01,3.637010371188755670e-02,3.085779827079047216e-02,1.867343875281910967e-02,4.953123702360957836e-02,1.124311554637301945e-02,1.320207114619592836e+00,2.175534658243518521e-02,2.560753854392089912e-01,8.104628079763642745e-15,6.1.1-I-900
objective_profiles,0,3,2,1.100000000000000089e+00,4.152787295564890901e-01,4.568066025121380602e-01,1.400000000000000000e+01,16384,1.047073758577828473e+00,display,256,64,65,129,7.234525204078413596e-01,3.527549357370480393e-02,3.007562730770458465e-02,1.825318482345897678e-02,4.832881213116356489e-02,1.124311554637301945e-02,1.320207114619592836e+00,2.175534658243518521e-02,2.560753854392089912e-01,9.103828801926283631e-15,6.1.1-I-900
objective_profiles,0,3,2,1.100000000000000089e+00,4.152787295564890901e-01,4.568066025121380602e-01,1.400000000000000000e+01,16384,1.047073758577828473e+00,display,256,64,65,129,7.266421636210496082e-01,3.413042415706553367e-02,2.925686457510422861e-02,1.781118491964832698e-02,4.706804949475255906e-02,1.124311554637301945e-02,1.320207114619592836e+00,2.175534658243518521e-02,2.560753854392089912e-01,2.131628207280300558e-14,6.1.1-I-900
objective_profiles,0,3,2,1.100000000000000089e+00,4.152787295564890901e-01,4.568066025121380602e-01,1.400000000000000000e+01,16384,1.047073758577828473e+00,display,256,64,65,129,7.300265855037642027e-01,3.293941645838343452e-02,2.840459762230548163e-02,1.734879173233767197e-02,4.575338935464315360e-02,1.124311554637301945e-02,1.320207114619592836e+00,2.175534658243518521e-02,2.560753854392089912e-01,2.908784324517910136e-14,6.1.1-I-900
objective_profiles,0,3,2,1.100000000000000089e+00,4.152787295564890901e-01,4.568066025121380602e-01,1.400000000000000000e+01,16384,1.047073758577828473e+00,display,256,64,65,129,7.336037474067947928e-01,3.170713899268793462e-02,2.752200063144785019e-02,1.686741609862288035e-02,4.438941673007072708e-02,1.124311554637301945e-02,1.320207114619592836e+00,2.175534658243518521e-02,2.560753854392089912e-01,2.320366121466577169e-14,6.1.1-I-900
objective_profiles,0,3,2,1.100000000000000089e+00,4.152787295564890901e-01,4.568066025121380602e-01,1.400000000000000000e+01,16384,1.047073758577828473e+00,display,256,64,65,129,7.373714945815695865e-01,3.043838573569764699e-02,2.661231765929051099e-02,1.636852213597081787e-02,4.298083979526132886e-02,1.124311554637301945e-02,1.320207114619592836e+00,2.175534658243518521e-02,2.560753854392089912e-01,1.265654248072678456e-14,6.1.1-I-900
objective_profiles,0,3,2,1.100000000000000089e+00,4.152787295564890901e-01,4.568066025121380602e-01,1.400000000000000000e+01,16384,1.047073758577828473e+00,display,256,64,65,129,7.413275574780756605e-01,2.913805399493325093e-02,2.567884597681175871e-02,1.585362224597933883e-02,4.153246822279109407e-02,1.124311554637301945e-02,1.320207114619592836e+00,2.175534658243518521e-02,2.560753854392089912e-01,9.436895709313830594e-15,6.1.1-I-900
objective_profiles,0,3,2,1.100000000000000089e+00,4.152787295564890901e-01,4.568066025121380602e-01,1.400000000000000000e+01,16384,1.047073758577828473e+00,display,256,64,65,129,7.454695531119509555e-01,2.781112240507742014e-02,2.472491963078449553e-02,1.532427201073171923e-02,4.004919164151621302e-02,1.124311554637301945e-02,1.320207114619592836e+00,2.175534658243518521e-02,2.560753854392089912e-01,1.809663530139005161e-14,6.1.1-I-900
objective_profiles,0,3,2,1.100000000000000089e+00,4.152787295564890901e-01,4.568066025121380602e-01,1.400000000000000000e+01,16384,1.047073758577828473e+00,display,256,64,65,129,7.497949864999047254e-01,2.646262914166812655e-02,2.375389334313638898e-02,1.478206500469497059e-02,3.853595834783135610e-02,1.124311554637301945e-02,1.320207114619592836e+00,2.175534658243518521e-02,2.560753854392089912e-01,8.104628079763642745e-15,6.1.1-I-900
objective_profiles,0,3,2,1.100000000000000089e+00,4.152787295564890901e-01,4.568066025121380602e-01,1.400000000000000000e+01,16384,1.047073758577828473e+00,display,256,64,65,129,7.543012521626024647e-01,2.509765049742088833e-02,2.276912685455905611e-02,1.422862754484854192e-02,3.699775439940759802e-02,1.124311554637301945e-02,1.320207114619592836e+00,2.175534658243518521e-02,2.560753854392089912e-01,1.421085471520200372e-14,6.1.1-I-900
objective_profiles,0,3,2,1.100000000000000089e+00,4.152787295564890901e-01,4.568066025121380602e-01,1.400000000000000000e+01,16384,1.047073758577828473e+00,display,256,64,65,129,7.589856356941091509e-01,2.372127996292503968e-02,2.177396980871511983e-02,1.366561340133296693e-02,3.543958321004808676e-02,1.124311554637301945e-02,1.320207114619592836e+00,2.175534658243518521e-02,2.560753854392089912e-01,3.086420008457935182e-14,6.1.1-I-900
objective_profiles,0,3,2,1.100000000000000089e+00,4.152787295564890901e-01,4.568066025121380602e-01,1.400000000000000000e+01,16384,1.047073758577828473e+00,display,256,64,65,129,7.638453153969456677e-01,2.233860789850240433e-02,2.077174726272349239e-02,1.309469849038091480e-02,3.386644575310440719e-02,1.124311554637301945e-02,1.320207114619592836e+00,2.175534658243518521e-02,2.560753854392089912e-01,1.176836406102665933e-14,6.1.1-I-900
objective_profiles,0,3,2,1.100000000000000089e+00,4.152787295564890901e-01,4.568066025121380602e-01,1.400000000000000000e+01,16384,1.047073758577828473e+00,display,256,64,65,129,7.688773639817741978e-01,2.095470188551137175e-02,1.976574589857479566e-02,1.251757557064974401e-02,3.228332146922453794e-02,1.124311554637301945e-02,1.320207114619592836e+00,2.175534658243518521e-02,2.560753854392089912e-01,1.698641227676489507e-14,6.1.1-I-900
objective_profiles,0,3,2,1.100000000000000089e+00,4.152787295564890901e-01,4.568066025121380602e-01,1.400000000000000000e+01,16384,1.047073758577828473e+00,display,256,64,65,129,7.740787503306877371e-01,1.957458789418129591e-02,1.875920099894862192e-02,1.193594896333163673e-02,3.069514996228026038e-02,1.124311554637301945e-02,1.320207114619592836e+00,2.175534658243518521e-02,2.560753854392089912e-01,8.770761894538736669e-15,6.1.1-I-900
objective_profiles,0,3,2,1.100000000000000089e+00,4.152787295564890901e-01,4.568066025121380602e-01,1.400000000000000000e+01,16384,1.047073758577828473e+00,display,256,64,65,129,7.794463413230420246e-01,1.820323228732219703e-02,1.775528423974227082e-02,1.135152931557820502e-02,2.910681355532047584e-02,1.124311554637301945e-02,1.320207114619592836e+00,2.175534658243518521e-02,2.560753854392089912e-01,2.708944180085381959e-14,6.1.1-I-900
objective_profiles,0,3,2,1.100000000000000089e+00,4.152787295564890901e-01,4.568066025121380602e-01,1.400000000000000000e+01,16384,1.047073758577828473e+00,display,256,64,65,129,7.849769037227303237e-01,1.684552467556142338e-02,1.675709234064926695e-02,1.076602842586225732e-02,2.752312076651152600e-02,1.124311554637301945e-02,1.320207114619592836e+00,2.175534658243518521e-02,2.560753854392089912e-01,2.287059430727822473e-14,6.1.1-I-900
objective_profiles,0,3,2,1.100000000000000089e+00,4.152787295564890901e-01,4.568066025121380602e-01,1.400000000000000000e+01,16384,1.047073758577828473e+00,display,256,64,65,129,7.906671061257641853e-01,1.550626180797181827e-02,1.576763660448856491e-02,1.018115414891873800e-02,2.594879075340730118e-02,1.124311554637301945e-02,1.320207114619592836e+00,2.175534658243518521e-02,2.560753854392089912e-01,2.065014825802791165e-14,6.1.1-I-900
objective_profiles,0,3,2,1.100000000000000089e+00,4.152787295564890901e-01,4.568066025121380602e-01,1.400000000000000000e+01,16384,1.047073758577828473e+00,display,256,64,65,129,7.965135209669864658e-01,1.419013246450151131e-02,1.478983336581458224e-02,9.598605396871465884e-03,2.438843876268604813e-02,1.124311554637301945e-02,1.320207114619592836e+00,2.175534658243518521e-02,2.560753854392089912e-01,1.021405182655144017e-14,6.1.1-I-900
objective_profiles,0,3,2,1.100000000000000089e+00,4.152787295564890901e-01,4.568066025121380602e-01,1.400000000000000000e+01,16384,1.047073758577828473e+00,display,256,64,65,129,8.025126265847083440e-01,1.290170333235533991e-02,1.382649535973502070e-02,9.020067252076355985e-03,2.284656261181137668e-02,1.124311554637301945e-02,1.320207114619592836e+00,2.175534658243518521e-02,2.560753854392089912e-01,1.287858708565181587e-14,6.1.1-I-900
objective_profiles,0,3,2,1.100000000000000089e+00,4.152787295564890901e-01,4.568066025121380602e-01,1.400000000000000000e+01,16384,1.047073758577828473e+00,display,256,64,65,129,8.086608093420265542e-01,1.164540603058362642e-02,1.288032401291977491e-02,8.447206206105216733e-03,2.132753021902498991e-02,1.124311554637301945e-02,1.320207114619592836e+00,2.175534658243518521e-02,2.560753854392089912e-01,8.104628079763642745e-15,6.1.1-I-900
objective_profiles,0,3,2,1.100000000000000089e+00,4.152787295564890901e-01,4.568066025121380602e-01,1.400000000000000000e+01,16384,1.047073758577828473e+00,display,256,64,65,129,8.149543658035435234e-01,1.042552505487232169e-02,1.195390265056470343e-02,7.881665538168332319e-03,1.983556818873303401e-02,1.124311554637301945e-02,1.320207114619592836e+00,2.175534658243518521e-02,2.560753854392089912e-01,1.376676550535194110e-14,6.1.1-I-900
objective_profiles,0,3,2,1.100000000000000089e+00,4.152787295564890901e-01,4.568066025121380602e-01,1.400000000000000000e+01,16384,1.047073758577828473e+00,display,256,64,65,129,8.213895049661780190e-01,9.246186853833562869e-03,1.104969060563200725e-02,7.325060845137671209e-03,1.837475145076968019e-02,1.124311554637301945e-02,1.320207114619592836e+00,2.175534658243518521e-02,2.560753854392089912e-01,8.326672684688674053e-15,6.1.1-I-900
objective_profiles,0,3,2,1.100000000000000089e+00,4.152787295564890901e-01,4.568066025121380602e-01,1.400000000000000000e+01,16384,1.047073758577828473e+00,display,256,64,65,129,8.279623505427240460e-01,8.111349979553303391e-03,1.017001821003713120e-02,6.778975734198889637e-03,1.694899394423602171e-02,1.124311554637301945e-02,1.320207114619592836e+00,2.175534658243518521e-02,2.560753854392089912e-01,9.103828801926283631e-15,6.1.1-I-900
objective_profiles,0,3,2,1.100000000000000089e+00,4.152787295564890901e-01,4.568066025121380602e-01,1.400000000000000000e+01,16384,1.047073758577828473e+00,display,256,64,65,129,8.346689432967805411e-01,7.024796247063072943e-03,9.317082641630586304e-03,6.244957688030674733e-03,1.556204032966126104e-02,1.124311554637301945e-02,1.320207114619592836e+00,2.175534658243518521e-02,2.560753854392089912e-01,3.175237850427947706e-14,6.1.1-I-900
objective_profiles,0,3,2,1.100000000000000089e+00,4.152787295564890901e-01,4.568066025121380602e-01,1.400000000000000000e+01,16384,1.047073758577828473e+00,display,256,64,65,129,8.415052434276482085e-01,5.990122916365183021e-03,8.492944595802390598e-03,5.724514111300564242e-03,1.421745870710295484e-02,1.124311554637301945e-02,1.320207114619592836e+00,2.175534658243518521e-02,2.560753854392089912e-01,1.787459069646502030e-14,6.1.1-I-900
objective_profiles,0,3,2,1.100000000000000089e+00,4.152787295564890901e-01,4.568066025121380602e-01,1.400000000000000000e+01,16384,1.047073758577828473e+00,display,256,64,65,129,8.484671330037540926e-01,5.010735830007737555e-03,7.699525746318224700e-03,5.219108566176694150e-03,1.291863431249491885e-02,1.124311554637301945e-02,1.320207114619592836e+00,2.175534658243518521e-02,2.560753854392089912e-01,1.598721155460225418e-14,6.1.1-I-900
objective_profiles,0,3,2,1.100000000000000089e+00,4.152787295564890901e-01,4.568066025121380602e-01,1.400000000000000000e+01,16384,1.047073758577828473e+00,display,256,64,65,129,8.555504184431391712e-01,4.089843540326792114e-03,6.938606956552064928e-03,4.730157203496059004e-03,1.166876416004812393e-02,1.124311554637301945e-02,1.320207114619592836e+00,2.175534658243518521e-02,2.560753854392089912e-01,2.242650509742816212e-14,6.1.1-I-900
objective_profiles,0,3,2,1.100000000000000089e+00,4.152787295564890901e-01,4.568066025121380602e-01,1.400000000000000000e+01,16384,1.047073758577828473e+00,display,256,64,65,129,8.627508330395159408e-01,3.230452377729628368e-03,6.211827199561357517e-03,4.259025395201693036e-03,1.047085259476305055e-02,1.124311554637301945e-02,1.320207114619592836e+00,2.175534658243518521e-02,2.560753854392089912e-01,1.032507412901395583e-14,6.1.1-I-900
objective_profiles,0,3,2,1.100000000000000089e+00,4.152787295564890901e-01,4.568066025121380602e-01,1.400000000000000000e+01,16384,1.047073758577828473e+00,display,256,64,65,129,8.700640395323723242e-01,2.435362363822279538e-03,5.520683143438514726e-03,3.807024572675479085e-03,9.327707716113993811e-03,1.124311554637301945e-02,1.320207114619592836e+00,2.175534658243518521e-02,2.560753854392089912e-01,1.543210004228967591e-14,6.1.1-I-900
objective_profiles,0,3,2,1.100000000000000089e+00,4.152787295564890901e-01,4.568066025121380602e-01,1.400000000000000000e+01,16384,1.047073758577828473e+00,display,256,64,65,129,8.774856327195754702e-01,1.707163977558906693e-03,4.866529356986501638e-03,3.375409274644178715e-03,8.241938631630680787e-03,1.124311554637301945e-02,1.320207114619592836e+00,2.175534658243518521e-02,2.560753854392089912e-01,2.486899575160350651e-14,6.1.1-I-900
objective_profiles,0,3,2,1.100000000000000089e+00,4.152787295564890901e-01,4.568066025121380602e-01,1.400000000000000000e+01,16384,1.047073758577828473e+00,display,256,64,65,129,8.850111421109007059e-01,1.048235799825194799e-03,4.250579089982618568e-03,2.965374407433985643e-03,7.215953497416604211e-03,1.124311554637301945e-02,1.320207114619592836e+00,2.175534658243518521e-02,2.560753854392089912e-01,8.104628079763642745e-15,6.1.1-I-900
objective_profiles,0,3,2,1.100000000000000089e+00,4.152787295564890901e-01,4.568066025121380602e-01,1.400000000000000000e+01,16384,1.047073758577828473e+00,display,256,64,65,129,8.926360346208876972e-01,4.607428149567295832e-04,3.673905582038015753e-03,2.578052719493345493e-03,6.251958301531360812e-03,1.124311554637301945e-02,1.320207114619592836e+00,2.175534658243518521e-02,2.560753854392089912e-01,9.658940314238861902e-15,6.1.1-I-900
objective_profiles,0,3,2,1.100000000000000089e+00,4.152787295564890901e-01,4.568066025121380602e-01,1.400000000000000000e+01,16384,1.047073758577828473e+00,display,256,64,65,129,9.003557172994012259e-01,-5.336447736746128753e-05,3.137443854283472697e-03,2.214512491293410545e-03,5.351956345576882809e-03,1.124311554637301945e-02,1.320207114619592836e+00,2.175534658243518521e-02,2.560753854392089912e-01,1.731947918415244203e-14,6.1.1-I-900
objective_profiles,0,3,2,1.100000000000000089e+00,4.152787295564890901e-01,4.568066025121380602e-01,1.400000000000000000e+01,16384,1.047073758577828473e+00,display,256,64,65,129,9.081655400982534543e-01,-4.923503282051207557e-04,2.641992938748859588e-03,1.875755440955619241e-03,4.517748379704479046e-03,1.124311554637301945e-02,1.320207114619592836e+00,2.175534658243518521e-02,2.560753854392089912e-01,8.104628079763642745e-15,6.1.1-I-900
objective_profiles,0,3,2,1.100000000000000089e+00,4.152787295564890901e-01,4.568066025121380602e-01,1.400000000000000000e+01,16384,1.047073758577828473e+00,display,256,64,65,129,9.160607986722184570e-01,-8.546933624770707222e-04,2.188218501314971327e-03,1.562714845244416763e-03,3.750933346559388089e-03,1.124311554637301945e-02,1.320207114619592836e+00,2.175534658243518521e-02,2.560753854392089912e-01,8.104628079763642745e-15,6.1.1-I-900
objective_profiles,0,3,2,1.100000000000000089e+00,4.152787295564890901e-01,4.568066025121380602e-01,1.400000000000000000e+01,16384,1.047073758577828473e+00,display,256,64,65,129,9.240367372127540335e-01,-1.139085625000184386e-03,1.776655815422697278e-03,1.276253874899402254e-03,3.052909690322099315e-03,1.124311554637301945e-02,1.320207114619592836e+00,2.175534658243518521e-02,2.560753854392089912e-01,8.104628079763642745e-15,6.1.1-I-900
objective_profiles,0,3,2,1.100000000000000089e+00,4.152787295564890901e-01,4.568066025121380602e-01,1.400000000000000000e+01,16384,1.047073758577828473e+00,display,256,64,65,129,9.320885513127229460e-01,-1.344431040018369576e-03,1.407713045301005024e-03,1.017164142667121478e-03,2.424877187968126502e-03,1.124311554637301945e-02,1.320207114619592836e+00,2.175534658243518521e-02,2.560753854392089912e-01,8.104628079763642745e-15,6.1.1-I-900
objective_profiles,0,3,2,1.100000000000000089e+00,4.152787295564890901e-01,4.568066025121380602e-01,1.400000000000000000e+01,16384,1.047073758577828473e+00,display,256,64,65,129,9.402113908603878523e-01,-1.469843373921524360e-03,1.081674799250870482e-03,7.861644618249399473e-04,1.867839261075810321e-03,1.124311554637301945e-02,1.320207114619592836e+00,2.175534658243518521e-02,2.560753854392089912e-01,8.326672684688674053e-15,6.1.1-I-900
objective_profiles,0,3,2,1.100000000000000089e+00,4.152787295564890901e-01,4.568066025121380602e-01,1.400000000000000000e+01,16384,1.047073758577828473e+00,display,256,64,65,129,9.484003629609381036e-01,-1.514643774135466213e-03,7.987059154651964107e-04,5.838998124675749083e-04,1.382605727932771211e-03,1.124311554637301945e-02,1.320207114619592836e+00,2.175534658243518521e-02,2.560753854392089912e-01,8.104628079763642745e-15,6.1.1-I-900
objective_profiles,0,3,2,1.100000000000000089e+00,4.152787295564890901e-01,4.568066025121380602e-01,1.400000000000000000e+01,16384,1.047073758577828473e+00,display,256,64,65,129,9.566505348837854861e-01,-1.478357817091233888e-03,5.588554449325243379e-04,4.109405123508020762e-04,9.697959572833264683e-04,1.124311554637301945e-02,1.320207114619592836e+00,2.175534658243518521e-02,2.560753854392089912e-01,1.065814103640150279e-14,6.1.1-I-900
objective_profiles,0,3,2,1.100000000000000089e+00,4.152787295564890901e-01,4.568066025121380602e-01,1.400000000000000000e+01,16384,1.047073758577828473e+00,display,256,64,65,129,9.649569370338575425e-01,-1.360712149863701126e-03,3.620607981132371064e-04,2.677815886530459885e-04,6.298423867662830949e-04,1.124311554637301945e-02,1.320207114619592836e+00,2.175534658243518521e-02,2.560753854392089912e-01,8.104628079763642745e-15,6.1.1-I-900
objective_profiles,0,3,2,1.100000000000000089e+00,4.152787295564890901e-01,4.568066025121380602e-01,1.400000000000000000e+01,16384,1.047073758577828473e+00,display,256,64,65,129,9.733145659450954668e-01,-1.161630849286816088e-03,2.081520242819173466e-04,1.548423466235238891e-04,3.629943709054412357e-04,1.124311554637301945e-02,1.320207114619592836e+00,2.175534658243518521e-02,2.560753854392089912e-01,8.104628079763642745e-15,6.1.1-I-900
objective_profiles,0,3,2,1.100000000000000089e+00,4.152787295564890901e-01,4.568066025121380602e-01,1.400000000000000000e+01,16384,1.047073758577828473e+00,display,256,64,65,129,9.817183872943550105e-01,-8.812314110537960423e-04,9.685619464155899663e-05,7.246613073209853437e-05,1.693223253736575310e-04,1.124311554637301945e-02,1.320207114619592836e+00,2.175534658243518521e-02,2.560753854392089912e-01,2.997602166487922659e-14,6.1.1-I-900
objective_profiles,0,3,2,1.100000000000000089e+00,4.152787295564890901e-01,4.568066025121380602e-01,1.400000000000000000e+01,16384,1.047073758577828473e+00,display,256,64,65,129,9.901633389338944102e-01,-5.198204123282826761e-04,2.780186253216549306e-05,2.092027362223933051e-05,4.872213615440482018e-05,1.124311554637301945e-02,1.320207114619592836e+00,2.175534658243518521e-02,2.560753854392089912e-01,3.286260152890463360e-14,6.1.1-I-900
objective_profiles,0,3,2,1.100000000000000089e+00,4.152787295564890901e-01,4.568066025121380602e-01,1.400000000000000000e+01,16384,1.047073758577828473e+00,display,256,64,65,129,9.986443339406233521e-01,-7.788895936338854594e-05,5.235762316659077829e-07,3.962278865596472178e-07,9.198041182255550007e-07,1.124311554637301945e-02,1.320207114619592836e+00,2.175534658243518521e-02,2.560753854392089912e-01,8.104628079763642745e-15,6.1.1-I-900
objective_profiles,0,3,2,1.100000000000000089e+00,4.152787295564890901e-01,4.568066025121380602e-01,1.400000000000000000e+01,16384,1.047073758577828473e+00,display,256,64,65,129,1.007156263680274222e+00,4.438921728147820545e-04,1.446642199038206060e-05,1.100987543983530640e-05,2.547629743021736869e-05,1.124311554637301945e-02,1.320207114619592836e+00,2.175534658243518521e-02,2.560753854392089912e-01,8.104628079763642745e-15,6.1.1-I-900
objective_profiles,0,3,2,1.100000000000000089e+00,4.152787295564890901e-01,4.568066025121380602e-01,1.400000000000000000e+01,16384,1.047073758577828473e+00,display,256,64,65,129,1.015694000884653558e+00,1.044677552229299113e-03,6.899057700285142480e-05,5.280200904846148397e-05,1.217925860513129088e-04,1.124311554637301945e-02,1.320207114619592836e+00,2.175534658243518521e-02,2.560753854392089912e-01,1.687538997430237941e-14,6.1.1-I-900
objective_profiles,0,3,2,1.100000000000000089e+00,4.152787295564890901e-01,4.568066025121380602e-01,1.400000000000000000e+01,16384,1.047073758577828473e+00,display,256,64,65,129,1.024252402740116308e+00,1.723452303049393623e-03,1.633758540209659252e-04,1.257389803891203583e-04,2.891148344100863106e-04,1.124311554637301945e-02,1.320207114619592836e+00,2.175534658243518521e-02,2.560753854392089912e-01,1.387778780781445676e-14,6.1.1-I-900
objective_profiles,0,3,2,1.100000000000000089e+00,4.152787295564890901e-01,4.568066025121380602e-01,1.400000000000000000e+01,16384,1.047073758577828473e+00,display,256,64,65,129,1.032826313985403477e+00,2.479037495429421353e-03,2.968262212143737847e-04,2.297135088515261968e-04,5.265397300659000086e-04,1.124311554637301945e-02,1.320207114619592836e+00,2.175534658243518521e-02,2.560753854392089912e-01,8.104628079763642745e-15,6.1.1-I-900
objective_profiles,0,3,2,1.100000000000000089e+00,4.152787295564890901e-01,4.568066025121380602e-01,1.400000000000000000e+01,16384,1.047073758577828473e+00,display,256,64,65,129,1.041410570016980675e+00,3.310095718508795307e-03,4.684742827019324212e-04,3.645456451668040686e-04,8.330199278687364355e-04,1.124311554637301945e-02,1.320207114619592836e+00,2.175534658243518521e-02,2.560753854392089912e-01,8.215650382226158399e-15,6.1.1-I-900
objective_profiles,0,3,2,1.100000000000000089e+00,4.152787295564890901e-01,4.568066025121380602e-01,1.400000000000000000e+01,16384,1.047073758577828473e+00,display,256,64,65,129,1.049999999999999822e+00,4.215136714700053015e-03,6.773857068831430238e-04,5.299838838332422003e-04,1.207369590716385332e-03,1.124311554637301945e-02,1.320207114619592836e+00,2.175534658243518521e-02,2.560753854392089912e-01,8.881784197001252323e-15,6.1.1-I-900
objective_profiles,0,3,2,1.100000000000000089e+00,4.152787295564890901e-01,4.568066025121380602e-01,1.400000000000000000e+01,16384,1.047073758577828473e+00,display,256,64,65,129,1.058589429983019192e+00,5.192523207074133985e-03,9.225635913134301288e-04,7.257064182229219047e-04,1.648270009536352033e-03,1.124311554637301945e-02,1.320207114619592836e+00,2.175534658243518521e-02,2.560753854392089912e-01,1.110223024625156540e-14,6.1.1-I-900
objective_profiles,0,3,2,1.100000000000000089e+00,4.152787295564890901e-01,4.568066025121380602e-01,1.400000000000000000e+01,16384,1.047073758577828473e+00,display,256,64,65,129,1.067173686014596168e+00,6.240476767369933231e-03,1.202952754365065611e-03,9.513225321848790611e-04,2.154275286549944563e-03,1.124311554637301945e-02,1.320207114619592836e+00,2.175534658243518521e-02,2.560753854392089912e-01,3.341771304121721187e-14,6.1.1-I-900
objective_profiles,0,3,2,1.100000000000000089e+00,4.152787295564890901e-01,4.568066025121380602e-01,1.400000000000000000e+01,16384,1.047073758577828473e+00,display,256,64,65,129,1.075747597259883559e+00,7.357083803326665110e-03,1.517443945312653723e-03,1.206374121910635741e-03,2.723818067223289681e-03,1.124311554637301945e-02,1.320207114619592836e+00,2.175534658243518521e-02,2.560753854392089912e-01,8.104628079763642745e-15,6.1.1-I-900
objective_profiles,0,3,2,1.100000000000000089e+00,4.152787295564890901e-01,4.568066025121380602e-01,1.400000000000000000e+01,16384,1.047073758577828473e+00,display,256,64,65,129,1.084305999115346086e+00,8.540301617064758807e-03,1.864877965777246831e-03,1.490337341793875970e-03,3.355215307571123018e-03,1.124311554637301945e-02,1.320207114619592836e+00,2.175534658243518521e-02,2.560753854392089912e-01,9.436895709313830594e-15,6.1.1-I-900
objective_profiles,0,3,2,1.100000000000000089e+00,4.152787295564890901e-01,4.568066025121380602e-01,1.400000000000000000e+01,16384,1.047073758577828473e+00,display,256,64,65,129,1.092843736319725645e+00,9.787964434976984679e-03,2.244049696643093169e-03,1.802624367999909258e-03,4.046674064643002861e-03,1.124311554637301945e-02,1.320207114619592836e+00,2.175534658243518521e-02,2.560753854392089912e-01,9.214851104388799286e-15,6.1.1-I-900
objective_profiles,0,3,2,1.100000000000000089e+00,4.152787295564890901e-01,4.568066025121380602e-01,1.400000000000000000e+01,16384,1.047073758577828473e+00,display,256,64,65,129,1.101355666059376404e+00,1.109778958525630549e-02,2.653712025657933588e-03,2.142585273453774617e-03,4.796297299111708205e-03,1.124311554637301945e-02,1.320207114619592836e+00,2.175534658243518521e-02,2.560753854392089912e-01,8.104628079763642745e-15,6.1.1-I-900
objective_profiles,0,3,2,1.100000000000000089e+00,4.152787295564890901e-01,4.568066025121380602e-01,1.400000000000000000e+01,16384,1.047073758577828473e+00,display,256,64,65,129,1.109836661066105457e+00,1.246738363189770112e-02,3.092579671908456205e-03,2.509510007967750110e-03,5.602089679876206749e-03,1.124311554637301945e-02,1.320207114619592836e+00,2.175534658243518521e-02,2.560753854392089912e-01,2.509104035652853781e-14,6.1.1-I-900
objective_profiles,0,3,2,1.100000000000000089e+00,4.152787295564890901e-01,4.568066025121380602e-01,1.400000000000000000e+01,16384,1.047073758577828473e+00,display,256,64,65,129,1.118281612705644745e+00,1.389424861659175128e-02,3.559332904267641356e-03,2.902630477244967731e-03,6.461963381512609086e-03,1.124311554637301945e-02,1.320207114619592836e+00,2.175534658243518521e-02,2.560753854392089912e-01,8.104628079763642745e-15,6.1.1-I-900
objective_profiles,0,3,2,1.100000000000000089e+00,4.152787295564890901e-01,4.568066025121380602e-01,1.400000000000000000e+01,16384,1.047073758577828473e+00,display,256,64,65,129,1.126685434054904400e+00,1.537578825366288197e-02,4.052621151713147428e-03,3.321122714529761884e-03,7.373743866242909312e-03,1.124311554637301945e-02,1.320207114619592836e+00,2.175534658243518521e-02,2.560753854392089912e-01,8.437694987151189707e-15,6.1.1-I-900
objective_profiles,0,3,2,1.100000000000000089e+00,4.152787295564890901e-01,4.568066025121380602e-01,1.400000000000000000e+01,16384,1.047073758577828473e+00,display,256,64,65,129,1.135043062966142324e+00,1.690931416528015929e-02,4.571066504143619577e-03,3.764109138712072502e-03,8.335175642855692513e-03,1.124311554637301945e-02,1.320207114619592836e+00,2.175534658243518521e-02,2.560753854392089912e-01,8.104628079763642745e-15,6.1.1-I-900
objective_profiles,0,3,2,1.100000000000000089e+00,4.152787295564890901e-01,4.568066025121380602e-01,1.400000000000000000e+01,16384,1.047073758577828473e+00,display,256,64,65,129,1.143349465116214381e+00,1.849205207410932819e-02,5.113267102963677847e-03,4.230660892741854202e-03,9.343927995705532050e-03,1.124311554637301945e-02,1.320207114619592836e+00,2.175534658243518521e-02,2.560753854392089912e-01,1.154631945610162802e-14,6.1.1-I-900
objective_profiles,0,3,2,1.100000000000000089e+00,4.152787295564890901e-01,4.568066025121380602e-01,1.400000000000000000e+01,16384,1.047073758577828473e+00,display,256,64,65,129,1.151599637039061541e+00,2.012114799174412674e-02,5.677800421280899262e-03,4.719800256264832829e-03,1.039760067754573122e-02,1.124311554637301945e-02,1.320207114619592836e+00,2.175534658243518521e-02,2.560753854392089912e-01,1.376676550535194110e-14,6.1.1-I-900
objective_profiles,0,3,2,1.100000000000000089e+00,4.152787295564890901e-01,4.568066025121380602e-01,1.400000000000000000e+01,16384,1.047073758577828473e+00,display,256,64,65,129,1.159788609139611903e+00,2.179367443958429157e-02,6.263226434057076082e-03,5.230503126452274061e-03,1.149372956050935014e-02,1.124311554637301945e-02,1.320207114619592836e+00,2.175534658243518521e-02,2.560753854392089912e-01,1.576516694967722287e-14,6.1.1-I-900
objective_profiles,0,3,2,1.100000000000000089e+00,4.152787295564890901e-01,4.568066025121380602e-01,1.400000000000000000e+01,16384,1.047073758577828473e+00,display,256,64,65,129,1.167911448687276810e+00,2.350663658793739064e-02,6.868090678998718668e-03,5.761701561065628134e-03,1.262979224006434767e-02,1.124311554637301945e-02,1.320207114619592836e+00,2.175534658243518521e-02,2.560753854392089912e-01,2.575717417130363174e-14,6.1.1-I-900
objective_profiles,0,3,2,1.100000000000000089e+00,4.152787295564890901e-01,4.568066025121380602e-01,1.400000000000000000e+01,16384,1.047073758577828473e+00,display,256,64,65,129,1.175963262787245833e+00,2.525697843257944733e-02,7.490927209348035090e-03,6.312286377869113889e-03,1.380321358721714811e-02,1.124311554637301945e-02,1.320207114619592836e+00,2.175534658243518521e-02,2.560753854392089912e-01,2.953193245502916398e-14,6.1.1-I-900
objective_profiles,0,3,2,1.100000000000000089e+00,4.152787295564890901e-01,4.568066025121380602e-01,1.400000000000000000e+01,16384,1.047073758577828473e+00,display,256,64,65,129,1.183939201327781188e+00,2.704158892585500906e-02,8.130261440059183276e-03,6.881109804582408347e-03,1.501137124464159076e-02,1.124311554637301945e-02,1.320207114619592836e+00,2.175534658243518521e-02,2.560753854392089912e-01,1.021405182655144017e-14,6.1.1-I-900
objective_profiles,0,3,2,1.100000000000000089e+00,4.152787295564890901e-01,4.568066025121380602e-01,1.400000000000000000e+01,16384,1.047073758577828473e+00,display,256,64,65,129,1.191834459901746301e+00,2.885730800480967168e-02,8.784612889122432600e-03,7.466988173645884054e-03,1.625160106276831579e-02,1.124311554637301945e-02,1.320207114619592836e+00,2.175534658243518521e-02,2.560753854392089912e-01,1.176836406102665933e-14,6.1.1-I-900
objective_profiles,0,3,2,1.100000000000000089e+00,4.152787295564890901e-01,4.568066025121380602e-01,1.400000000000000000e+01,16384,1.047073758577828473e+00,display,256,64,65,129,1.199644282700598641e+00,3.070093264710889447e-02,9.452497816026394703e-03,8.068704656158245253e-03,1.752120247218463822e-02,1.124311554637301945e-02,1.320207114619592836e+00,2.175534658243518521e-02,2.560753854392089912e-01,8.326672684688674053e-15,6.1.1-I-900
objective_profiles,0,3,2,1.100000000000000089e+00,4.152787295564890901e-01,4.568066025121380602e-01,1.400000000000000000e+01,16384,1.047073758577828473e+00,display,256,64,65,129,1.207363965379112170e+00,3.256922286188760479e-02,1.013243175953728280e-02,8.685012029433641922e-03,1.881744378897092645e-02,1.124311554637301945e-02,1.320207114619592836e+00,2.175534658243518521e-02,2.560753854392089912e-01,8.104628079763642745e-15,6.1.1-I-900
objective_profiles,0,3,2,1.100000000000000089e+00,4.152787295564890901e-01,4.568066025121380602e-01,1.400000000000000000e+01,16384,1.047073758577828473e+00,display,256,64,65,129,1.214988857889099272e+00,3.445890761447548828e-02,1.082293197712494263e-02,9.314635472718805001e-03,2.013756744984374764e-02,1.124311554637301945e-02,1.320207114619592836e+00,2.175534658243518521e-02,2.560753854392089912e-01,8.104628079763642745e-15,6.1.1-I-900
objective_profiles,0,3,2,1.100000000000000089e+00,4.152787295564890901e-01,4.568066025121380602e-01,1.400000000000000000e+01,16384,1.047073758577828473e+00,display,256,64,65,129,1.222514367280424175e+00,3.636669073274455960e-02,1.152251978848388946e-02,9.956275385703931141e-03,2.147879517418781886e-02,1.124311554637301945e-02,1.320207114619592836e+00,2.175534658243518521e-02,2.560753854392089912e-01,1.754152378907747334e-14,6.1.1-I-900
objective_profiles,0,3,2,1.100000000000000089e+00,4.152787295564890901e-01,4.568066025121380602e-01,1.400000000000000000e+01,16384,1.047073758577828473e+00,display,256,64,65,129,1.229935960467627432e+00,3.828925668270292959e-02,1.222972282568653840e-02,1.060861022455832949e-02,2.283833305024486615e-02,1.124311554637301945e-02,1.320207114619592836e+00,2.175534658243518521e-02,2.560753854392089912e-01,3.463895836830488406e-14,6.1.1-I-900
objective_profiles,0,3,2,1.100000000000000089e+00,4.152787295564890901e-01,4.568066025121380602e-01,1.400000000000000000e+01,16384,1.047073758577828473e+00,display,256,64,65,129,1.237249166960483926e+00,4.022327635719025879e-02,1.294307719256226029e-02,1.127029935032062766e-02,2.421337654288288621e-02,1.124311554637301945e-02,1.320207114619592836e+00,2.175534658243518521e-02,2.560753854392089912e-01,1.187938636348917498e-14,6.1.1-I-900
objective_profiles,0,3,2,1.100000000000000089e+00,4.152787295564890901e-01,4.568066025121380602e-01,1.400000000000000000e+01,16384,1.047073758577828473e+00,display,256,64,65,129,1.244449581556860585e+00,4.216541274270043521e-02,1.366112953594170350e-02,1.193998588457346674e-02,2.560111542051517197e-02,1.124311554637301945e-02,1.320207114619592836e+00,2.175534658243518521e-02,2.560753854392089912e-01,8.104628079763642745e-15,6.1.1-I-900
objective_profiles,0,3,2,1.100000000000000089e+00,4.152787295564890901e-01,4.568066025121380602e-01,1.400000000000000000e+01,16384,1.047073758577828473e+00,display,256,64,65,129,1.251532866996245774e+00,4.411232657064041024e-02,1.438243903141393776e-02,1.261629956743593774e-02,2.699873859884987376e-02,1.124311554637301945e-02,1.320207114619592836e+00,2.175534658243518521e-02,2.560753854392089912e-01,8.104628079763642745e-15,6.1.1-I-900
objective_profiles,0,3,2,1.100000000000000089e+00,4.152787295564890901e-01,4.568066025121380602e-01,1.400000000000000000e+01,16384,1.047073758577828473e+00,display,256,64,65,129,1.258494756572351658e+00,4.606068181374189247e-02,1.510557928624888316e-02,1.329785961300821925e-02,2.840343889925710241e-02,1.124311554637301945e-02,1.320207114619592836e+00,2.175534658243518521e-02,2.560753854392089912e-01,3.075317778211683617e-14,6.1.1-I-900
objective_profiles,0,3,2,1.100000000000000089e+00,4.152787295564890901e-01,4.568066025121380602e-01,1.400000000000000000e+01,16384,1.047073758577828473e+00,display,256,64,65,129,1.265331056703219215e+00,4.800715117121791276e-02,1.582914016211954544e-02,1.398327755751080370e-02,2.981241771963034914e-02,1.124311554637301945e-02,1.320207114619592836e+00,2.175534658243518521e-02,2.560753854392089912e-01,1.609823385706476984e-14,6.1.1-I-900
objective_profiles,0,3,2,1.100000000000000089e+00,4.152787295564890901e-01,4.568066025121380602e-01,1.400000000000000000e+01,16384,1.047073758577828473e+00,display,256,64,65,129,1.272037649457275599e+00,4.994842144901726760e-02,1.655172952022273408e-02,1.467116009546374361e-02,3.122288961568647769e-02,1.124311554637301945e-02,1.320207114619592836e+00,2.175534658243518521e-02,2.560753854392089912e-01,2.442490654175344389e-14,6.1.1-I-900
objective_profiles,0,3,2,1.100000000000000089e+00,4.152787295564890901e-01,4.568066025121380602e-01,1.400000000000000000e+01,16384,1.047073758577828473e+00,display,256,64,65,129,1.278610495033821737e+00,5.188119884379414903e-02,1.727197489136380118e-02,1.536011189936091481e-02,3.263208679072471252e-02,1.124311554637301945e-02,1.320207114619592836e+00,2.175534658243518521e-02,2.560753854392089912e-01,8.104628079763642745e-15,6.1.1-I-900
objective_profiles,0,3,2,1.100000000000000089e+00,4.152787295564890901e-01,4.568066025121380602e-01,1.400000000000000000e+01,16384,1.047073758577828473e+00,display,256,64,65,129,1.285045634196456454e+00,5.380221416216035557e-02,1.798852507350823596e-02,1.604873841839995346e-02,3.403726349190819289e-02,1.124311554637301945e-02,1.320207114619592836e+00,2.175534658243518521e-02,2.560753854392089912e-01,1.587618925213973853e-14,6.1.1-I-900
objective_profiles,0,3,2,1.100000000000000089e+00,4.152787295564890901e-01,4.568066025121380602e-01,1.400000000000000000e+01,16384,1.047073758577828473e+00,display,256,64,65,129,1.291339190657973424e+00,5.570822791692146836e-02,1.870005165925265472e-02,1.673564865193980303e-02,3.543570031119246122e-02,1.124311554637301945e-02,1.320207114619592836e+00,2.175534658243518521e-02,2.560753854392089912e-01,1.942890293094023946e-14,6.1.1-I-900
objective_profiles,0,3,2,1.100000000000000089e+00,4.152787295564890901e-01,4.568066025121380602e-01,1.400000000000000000e+01,16384,1.047073758577828473e+00,display,256,64,65,129,1.297487373415291412e+00,5.759603532781975427e-02,1.940525049559106360e-02,1.741945789346479798e-02,3.682470838905586158e-02,1.124311554637301945e-02,1.320207114619592836e+00,2.175534658243518521e-02,2.560753854392089912e-01,8.104628079763642745e-15,6.1.1-I-900
objective_profiles,0,3,2,1.100000000000000089e+00,4.152787295564890901e-01,4.568066025121380602e-01,1.400000000000000000e+01,16384,1.047073758577828473e+00,display,256,64,65,129,1.303486479033013179e+00,5.946247127048537306e-02,2.010284307828592854e-02,1.809879044094712952e-02,3.820163351923305806e-02,1.124311554637301945e-02,1.320207114619592836e+00,2.175534658243518521e-02,2.560753854392089912e-01,8.104628079763642745e-15,6.1.1-I-900
objective_profiles,0,3,2,1.100000000000000089e+00,4.152787295564890901e-01,4.568066025121380602e-01,1.400000000000000000e+01,16384,1.047073758577828473e+00,display,256,64,65,129,1.309332893874235459e+00,6.130441505480086622e-02,2.079157788307469876e-02,1.877228226960847568e-02,3.956386015268317791e-02,1.124311554637301945e-02,1.320207114619592836e+00,2.175534658243518521e-02,2.560753854392089912e-01,8.104628079763642745e-15,6.1.1-I-900
objective_profiles,0,3,2,1.100000000000000089e+00,4.152787295564890901e-01,4.568066025121380602e-01,1.400000000000000000e+01,16384,1.047073758577828473e+00,display,256,64,65,129,1.315023096277269543e+00,6.311879513907578398e-02,2.147023163585966635e-02,1.943858366319581310e-02,4.090881529905547598e-02,1.124311554637301945e-02,1.320207114619592836e+00,2.175534658243518521e-02,2.560753854392089912e-01,8.881784197001252323e-15,6.1.1-I-900
objective_profiles,0,3,2,1.100000000000000089e+00,4.152787295564890901e-01,4.568066025121380602e-01,1.400000000000000000e+01,16384,1.047073758577828473e+00,display,256,64,65,129,1.320553658676957731e+00,6.490259373676915411e-02,2.213761052394832771e-02,2.009636179999470598e-02,4.223397232394303369e-02,1.124311554637301945e-02,1.320207114619592836e+00,2.175534658243518521e-02,2.560753854392089912e-01,9.103828801926283631e-15,6.1.1-I-900
objective_profiles,0,3,2,1.100000000000000089e+00,4.152787295564890901e-01,4.568066025121380602e-01,1.400000000000000000e+01,16384,1.047073758577828473e+00,display,256,64,65,129,1.325921249669312019e+00,6.665285127372880258e-02,2.279255135032866655e-02,2.074430328992267827e-02,4.353685464025134483e-02,1.124311554637301945e-02,1.320207114619592836e+00,2.175534658243518521e-02,2.560753854392089912e-01,2.131628207280300558e-14,6.1.1-I-900
objective_profiles,0,3,2,1.100000000000000089e+00,4.152787295564890901e-01,4.568066025121380602e-01,1.400000000000000000e+01,16384,1.047073758577828473e+00,display,256,64,65,129,1.331122636018225558e+00,6.836667076514922614e-02,2.343392263287123398e-02,2.138111665915059731e-02,4.481503929202183129e-02,1.124311554637301945e-02,1.320207114619592836e+00,2.175534658243518521e-02,2.560753854392089912e-01,3.863576125695544761e-14,6.1.1-I-900
objective_profiles,0,3,2,1.100000000000000089e+00,4.152787295564890901e-01,4.568066025121380602e-01,1.400000000000000000e+01,16384,1.047073758577828473e+00,display,256,64,65,129,1.336154684603054088e+00,7.004122205183943572e-02,2.406062565027306324e-02,2.200553477882314854e-02,4.606616042909621178e-02,1.124311554637301945e-02,1.320207114619592836e+00,2.175534658243518521e-02,2.560753854392089912e-01,2.398081733190338127e-14,6.1.1-I-900
objective_profiles,0,3,2,1.100000000000000089e+00,4.152787295564890901e-01,4.568066025121380602e-01,1.400000000000000000e+01,16384,1.047073758577828473e+00,display,256,64,65,129,1.341014364305890716e+00,7.167374591734383682e-02,2.467159543646677694e-02,2.261631723455605897e-02,4.728791267102283591e-02,1.124311554637301945e-02,1.320207114619592836e+00,2.175534658243518521e-02,2.560753854392089912e-01,8.104628079763642745e-15,6.1.1-I-900
objective_profiles,0,3,2,1.100000000000000089e+00,4.152787295564890901e-01,4.568066025121380602e-01,1.400000000000000000e+01,16384,1.047073758577828473e+00,display,256,64,65,129,1.345698747837397402e+00,7.326155808398161773e-02,2.526580172513330502e-02,2.321225263350829709e-02,4.847805435864160212e-02,1.124311554637301945e-02,1.320207114619592836e+00,2.175534658243518521e-02,2.560753854392089912e-01,8.104628079763642745e-15,6.1.1-I-900
objective_profiles,0,3,2,1.100000000000000089e+00,4.152787295564890901e-01,4.568066025121380602e-01,1.400000000000000000e+01,16384,1.047073758577828473e+00,display,256,64,65,129,1.350205013500095141e+00,7.480205308683743337e-02,2.584224984587744217e-02,2.379216084594108771e-02,4.963441069181852988e-02,1.124311554637301945e-02,1.320207114619592836e+00,2.175534658243518521e-02,2.560753854392089912e-01,9.547918011776346248e-15,6.1.1-I-900
objective_profiles,0,3,2,1.100000000000000089e+00,4.152787295564890901e-01,4.568066025121380602e-01,1.400000000000000000e+01,16384,1.047073758577828473e+00,display,256,64,65,129,1.354530446888048800e+00,7.629270797575853080e-02,2.639998157353510427e-02,2.435489517829191389e-02,5.075487675182702163e-02,1.124311554637301945e-02,1.320207114619592836e+00,2.175534658243518521e-02,2.560753854392089912e-01,1.687538997430237941e-14,6.1.1-I-900
objective_profiles,0,3,2,1.100000000000000089e+00,4.152787295564890901e-01,4.568066025121380602e-01,1.400000000000000000e+01,16384,1.047073758577828473e+00,display,256,64,65,129,1.358672442521924095e+00,7.773108594788592784e-02,2.693807593200816392e-02,2.489934447490874808e-02,5.183742040691691200e-02,1.124311554637301945e-02,1.320207114619592836e+00,2.175534658243518521e-02,2.560753854392089912e-01,8.104628079763642745e-15,6.1.1-I-900
objective_profiles,0,3,2,1.100000000000000089e+00,4.152787295564890901e-01,4.568066025121380602e-01,1.400000000000000000e+01,16384,1.047073758577828473e+00,display,256,64,65,129,1.362628505418430169e+00,7.911483977539371382e-02,2.745564995393649788e-02,2.542443514570659480e-02,5.288008509964309267e-02,1.124311554637301945e-02,1.320207114619592836e+00,2.175534658243518521e-02,2.560753854392089912e-01,1.365574320288942545e-14,6.1.1-I-900
objective_profiles,0,3,2,1.100000000000000089e+00,4.152787295564890901e-01,4.568066025121380602e-01,1.400000000000000000e+01,16384,1.047073758577828473e+00,display,256,64,65,129,1.366396252593204963e+00,8.044171514441754434e-02,2.795185939744170359e-02,2.592913311712713442e-02,5.388099251456883454e-02,1.124311554637301945e-02,1.320207114619592836e+00,2.175534658243518521e-02,2.560753854392089912e-01,1.898481372109017684e-14,6.1.1-I-900
objective_profiles,0,3,2,1.100000000000000089e+00,4.152787295564890901e-01,4.568066025121380602e-01,1.400000000000000000e+01,16384,1.047073758577828473e+00,display,256,64,65,129,1.369973414496235664e+00,8.170955379631360260e-02,2.842589942110454806e-02,2.641244570389926841e-02,5.483834512500381647e-02,1.124311554637301945e-02,1.320207114619592836e+00,2.175534658243518521e-02,2.560753854392089912e-01,8.104628079763642745e-15,6.1.1-I-900
objective_profiles,0,3,2,1.100000000000000089e+00,4.152787295564890901e-01,4.568066025121380602e-01,1.400000000000000000e+01,16384,1.047073758577828473e+00,display,256,64,65,129,1.373357836378950259e+00,8.291629659224140914e-02,2.887700521825737471e-02,2.687342339921717019e-02,5.575042861747454837e-02,1.124311554637301945e-02,1.320207114619592836e+00,2.175534658243518521e-02,2.560753854392089912e-01,1.709743457922741072e-14,6.1.1-I-900
objective_profiles,0,3,2,1.100000000000000089e+00,4.152787295564890901e-01,4.568066025121380602e-01,1.400000000000000000e+01,16384,1.047073758577828473e+00,display,256,64,65,129,1.376547479592158396e+00,8.405998637884590230e-02,2.930445261160955286e-02,2.731116158107321085e-02,5.661561419268276718e-02,1.124311554637301945e-02,1.320207114619592836e+00,2.175534658243518521e-02,2.560753854392089912e-01,1.298960938811433152e-14,6.1.1-I-900
objective_profiles,0,3,2,1.100000000000000089e+00,4.152787295564890901e-01,4.568066025121380602e-01,1.400000000000000000e+01,16384,1.047073758577828473e+00,display,256,64,65,129,1.379540422814057088e+00,8.513877069408050391e-02,2.970755860914866750e-02,2.772480213260019796e-02,5.743236074174886546e-02,1.124311554637301945e-02,1.320207114619592836e+00,2.175534658243518521e-02,2.560753854392089912e-01,1.709743457922741072e-14,6.1.1-I-900
objective_profiles,0,3,2,1.100000000000000089e+00,4.152787295564890901e-01,4.568066025121380602e-01,1.400000000000000000e+01,16384,1.047073758577828473e+00,display,256,64,65,129,1.382334863207562714e+00,8.615090436505028204e-02,3.008568192219439330e-02,2.811353497439923743e-02,5.819921689659363073e-02,1.124311554637301945e-02,1.320207114619592836e+00,2.175534658243518521e-02,2.560753854392089912e-01,1.920685832601520815e-14,6.1.1-I-900
objective_profiles,0,3,2,1.100000000000000089e+00,4.152787295564890901e-01,4.568066025121380602e-01,1.400000000000000000e+01,16384,1.047073758577828473e+00,display,256,64,65,129,1.384929117506273011e+00,8.709475193491685030e-02,3.043822344642091796e-02,2.847659950694901229e-02,5.891482295336993025e-02,1.124311554637301945e-02,1.320207114619592836e+00,2.175534658243518521e-02,2.560753854392089912e-01,8.215650382226158399e-15,6.1.1-I-900
objective_profiles,0,3,2,1.100000000000000089e+00,4.152787295564890901e-01,4.568066025121380602e-01,1.400000000000000000e+01,16384,1.047073758577828473e+00,display,256,64,65,129,1.387321623028404005e+00,8.796878989389204928e-02,3.076462670659432103e-02,2.881328596131433120e-02,5.957791266790865570e-02,1.124311554637301945e-02,1.320207114619592836e+00,2.175534658243518521e-02,2.560753854392089912e-01,1.576516694967722287e-14,6.1.1-I-900
objective_profiles,0,3,2,1.100000000000000089e+00,4.152787295564890901e-01,4.568066025121380602e-01,1.400000000000000000e+01,16384,1.047073758577828473e+00,display,256,64,65,129,1.389510938618090385e+00,8.877160880823145583e-02,3.106437826571572039e-02,2.912293665649040922e-02,6.018731492220612961e-02,1.124311554637301945e-02,1.320207114619592836e+00,2.175534658243518521e-02,2.560753854392089912e-01,2.520206265899105347e-14,6.1.1-I-900
objective_profiles,0,3,2,1.100000000000000089e+00,4.152787295564890901e-01,4.568066025121380602e-01,1.400000000000000000e+01,16384,1.047073758577828473e+00,display,256,64,65,129,1.391495745513484872e+00,8.950191524153390532e-02,3.133700809919769820e-02,2.940494716184450380e-02,6.074195526104220200e-02,1.124311554637301945e-02,1.320207114619592836e+00,2.175534658243518521e-02,2.560753854392089912e-01,3.197442310920450836e-14,6.1.1-I-900
objective_profiles,0,3,2,1.100000000000000089e+00,4.152787295564890901e-01,4.568066025121380602e-01,1.400000000000000000e+01,16384,1.047073758577828473e+00,display,256,64,65,129,1.393274848141130562e+00,9.015853354625456839e-02,3.158208993464959452e-02,2.965876736323489263e-02,6.124085729788449062e-02,1.124311554637301945e-02,1.320207114619592836e+00,2.175534658243518521e-02,2.560753854392089912e-01,8.881784197001252323e-15,6.1.1-I-900
objective_profiles,0,3,2,1.100000000000000089e+00,4.152787295564890901e-01,4.568066025121380602e-01,1.400000000000000000e+01,16384,1.047073758577828473e+00,display,256,64,65,129,1.394847174836129300e+00,9.074040746959474713e-02,3.179924155778419276e-02,2.988390243151198278e-02,6.168314398929617554e-02,1.124311554637301945e-02,1.320207114619592836e+00,2.175534658243518521e-02,2.560753854392089912e-01,8.104628079763642745e-15,6.1.1-I-900
objective_profiles,0,3,2,1.100000000000000089e+00,4.152787295564890901e-01,4.568066025121380602e-01,1.400000000000000000e+01,16384,1.047073758577828473e+00,display,256,64,65,129,1.396211778487673305e+00,9.124660160296213518e-02,3.198812508491103573e-02,3.007991369222762917e-02,6.206803877713866491e-02,1.124311554637301945e-02,1.320207114619592836e+00,2.175534658243518521e-02,2.560753854392089912e-01,8.326672684688674053e-15,6.1.1-I-900
objective_profiles,0,3,2,1.100000000000000089e+00,4.152787295564890901e-01,4.568066025121380602e-01,1.400000000000000000e+01,16384,1.047073758577828473e+00,display,256,64,65,129,1.397367837109548372e+00,9.167630265591977801e-02,3.214844720242521214e-02,3.024641939550155867e-02,6.239486659792677081e-02,1.124311554637301945e-02,1.320207114619592836e+00,2.175534658243518521e-02,2.560753854392089912e-01,8.104628079763642745e-15,6.1.1-I-900
objective_profiles,0,3,2,1.100000000000000089e+00,4.152787295564890901e-01,4.568066025121380602e-01,1.400000000000000000e+01,16384,1.047073758577828473e+00,display,256,64,65,129,1.398314654335268692e+00,9.202882057476072242e-02,3.227995937365079476e-02,3.038309538511771782e-02,6.266305475876851605e-02,1.124311554637301945e-02,1.320207114619592836e+00,2.175534658243518521e-02,2.560753854392089912e-01,2.731148640577885089e-14,6.1.1-I-900
objective_profiles,0,3,2,1.100000000000000089e+00,4.152787295564890901e-01,4.568066025121380602e-01,1.400000000000000000e+01,16384,1.047073758577828473e+00,display,256,64,65,129,1.399051659837541539e+00,9.230358948398866004e-02,3.238245801334582036e-02,3.048967566604491794e-02,6.287213367939073483e-02,1.124311554637301945e-02,1.320207114619592836e+00,2.175534658243518521e-02,2.560753854392089912e-01,1.199040866595169064e-14,6.1.1-I-900
objective_profiles,0,3,2,1.100000000000000089e+00,4.152787295564890901e-01,4.568066025121380602e-01,1.400000000000000000e+01,16384,1.047073758577828473e+00,display,256,64,65,129,1.399578409671810242e+00,9.250016845510163066e-02,3.245578463012892267e-02,3.056595286970160627e-02,6.302173749983053241e-02,1.124311554637301945e-02,1.320207114619592836e+00,2.175534658243518521e-02,2.560753854392089912e-01,8.104628079763642745e-15,6.1.1-I-900
objective_profiles,0,3,2,1.100000000000000089e+00,4.152787295564890901e-01,4.568066025121380602e-01,1.400000000000000000e+01,16384,1.047073758577828473e+00,display,256,64,65,129,1.399894586543671382e+00,9.261824210936137058e-02,3.249982593703933803e-02,3.061177861640684839e-02,6.311160455344619336e-02,1.124311554637301945e-02,1.320207114619592836e+00,2.175534658243518521e-02,2.560753854392089912e-01,8.104628079763642745e-15,6.1.1-I-900
objective_profiles,0,3,2,1.100000000000000089e+00,4.152787295564890901e-01,4.568066025121380602e-01,1.400000000000000000e+01,16384,1.047073758577828473e+00,display,256,64,65,129,1.399999999999999911e+00,9.265762104812910738e-02,3.251451393039099524e-02,3.062706377458410470e-02,6.314157770497509647e-02,1.124311554637301945e-02,1.320207114619592836e+00,2.175534658243518521e-02,2.560753854392089912e-01,8.548717289613705361e-15,6.1.1-I-900
objective_profiles,0,3,2,2.000000000000000000e+00,4.152787295564890901e-01,8.305574591129781803e-01,1.400000000000000000e+01,16384,1.085588651959688011e+00,verification,128,32,33,65,6.999999999999999556e-01,-3.048690877946755393e-03,3.140199873187582338e-03,4.786916207302401027e-02,5.100936194621159131e-02,8.182335630804137006e-02,5.135617720053490404e-02,8.395163178288599093e-02,2.655422910599233299e-01,5.995204332975845318e-15,6.1.1-I-900
objective_profiles,0,3,2,2.000000000000000000e+00,4.152787295564890901e-01,8.305574591129781803e-01,1.400000000000000000e+01,16384,1.085588651959688011e+00,verification,128,32,33,65,7.004215903281896249e-01,-3.148272348636111870e-03,3.129495414902156401e-03,4.772625733778155382e-02,5.085575275268371109e-02,8.182335630804137006e-02,5.135617720053490404e-02,8.395163178288599093e-02,2.655422910599233299e-01,5.107025913275720086e-15,6.1.1-I-900
objective_profiles,0,3,2,2.000000000000000000e+00,4.152787295564890901e-01,8.305574591129781803e-01,1.400000000000000000e+01,16384,1.085588651959688011e+00,verification,128,32,33,65,7.016853456647310638e-01,-3.444823810149291038e-03,3.097559032567163105e-03,4.729933297061554576e-02,5.039689200318270973e-02,8.182335630804137006e-02,5.135617720053490404e-02,8.395163178288599093e-02,2.655422910599233299e-01,9.325873406851314940e-15,6.1.1-I-900
objective_profiles,0,3,2,2.000000000000000000e+00,4.152787295564890901e-01,8.305574591129781803e-01,1.400000000000000000e+01,16384,1.085588651959688011e+00,verification,128,32,33,65,7.037882215123265617e-01,-3.931801314690354029e-03,3.044917115873682460e-03,4.659373161355977178e-02,4.963864872943345163e-02,8.182335630804137006e-02,5.135617720053490404e-02,8.395163178288599093e-02,2.655422910599233299e-01,5.107025913275720086e-15,6.1.1-I-900
objective_profiles,0,3,2,2.000000000000000000e+00,4.152787295564890901e-01,8.305574591129781803e-01,1.400000000000000000e+01,16384,1.085588651959688011e+00,verification,128,32,33,65,7.067251518588693049e-01,-4.598413126292866769e-03,2.972431887316522546e-03,4.561826870366887665e-02,4.859070059098540006e-02,8.182335630804137006e-02,5.135617720053490404e-02,8.395163178288599093e-02,2.655422910599233299e-01,9.992007221626408864e-15,6.1.1-I-900
objective_profiles,0,3,2,2.000000000000000000e+00,4.152787295564890901e-01,8.305574591129781803e-01,1.400000000000000000e+01,16384,1.085588651959688011e+00,verification,128,32,33,65,7.104890613819095924e-01,-5.429789346894154864e-03,2.881279445439144816e-03,4.438510114331312845e-02,4.726638058875227283e-02,8.182335630804137006e-02,5.135617720053490404e-02,8.395163178288599093e-02,2.655422910599233299e-01,5.107025913275720086e-15,6.1.1-I-900
objective_profiles,0,3,2,2.000000000000000000e+00,4.152787295564890901e-01,8.305574591129781803e-01,1.400000000000000000e+01,16384,1.085588651959688011e+00,verification,128,32,33,65,7.150708824937268560e-01,-6.407214480501606003e-03,2.772920345053689513e-03,4.290954759345756014e-02,4.568246793851125226e-02,8.182335630804137006e-02,5.135617720053490404e-02,8.395163178288599093e-02,2.655422910599233299e-01,5.107025913275720086e-15,6.1.1-I-900
objective_profiles,0,3,2,2.000000000000000000e+00,4.152787295564890901e-01,8.305574591129781803e-01,1.400000000000000000e+01,16384,1.085588651959688011e+00,verification,128,32,33,65,7.204595771859426678e-01,-7.508414906205799350e-03,2.649063927416341318e-03,4.120986435260188402e-02,4.385892828001822230e-02,8.182335630804137006e-02,5.135617720053490404e-02,8.395163178288599093e-02,2.655422910599233299e-01,5.773159728050814010e-15,6.1.1-I-900
objective_profiles,0,3,2,2.000000000000000000e+00,4.152787295564890901e-01,8.305574591129781803e-01,1.400000000000000000e+01,16384,1.085588651959688011e+00,verification,128,32,33,65,7.266421636210496082e-01,-8.707900978315042881e-03,2.511627819168715716e-03,3.930698165526717858e-02,4.181860947443589299e-02,8.182335630804137006e-02,5.135617720053490404e-02,8.395163178288599093e-02,2.655422910599233299e-01,5.107025913275720086e-15,6.1.1-I-900
objective_profiles,0,3,2,2.000000000000000000e+00,4.152787295564890901e-01,8.305574591129781803e-01,1.400000000000000000e+01,16384,1.085588651959688011e+00,verification,128,32,33,65,7.336037474067947928e-01,-9.977348067720985536e-03,2.362694137906509815e-03,3.722420592180447629e-02,3.958690005971098741e-02,8.182335630804137006e-02,5.135617720053490404e-02,8.395163178288599093e-02,2.655422910599233299e-01,6.772360450213454897e-15,6.1.1-I-900
objective_profiles,0,3,2,2.000000000000000000e+00,4.152787295564890901e-01,8.305574591129781803e-01,1.400000000000000000e+01,16384,1.085588651959688011e+00,verification,128,32,33,65,7.413275574780756605e-01,-1.128601708721493381e-02,2.204463973025697597e-03,3.498689399966935926e-02,3.719135797269505772e-02,8.182335630804137006e-02,5.135617720053490404e-02,8.395163178288599093e-02,2.655422910599233299e-01,5.107025913275720086e-15,6.1.1-I-900
objective_profiles,0,3,2,2.000000000000000000e+00,4.152787295564890901e-01,8.305574591129781803e-01,1.400000000000000000e+01,16384,1.085588651959688011e+00,verification,128,32,33,65,7.497949864999047254e-01,-1.260120066825785520e-02,2.039211658550577327e-03,3.262210574915441058e-02,3.466131740770498487e-02,8.182335630804137006e-02,5.135617720053490404e-02,8.395163178288599093e-02,2.655422910599233299e-01,5.107025913275720086e-15,6.1.1-I-900
objective_profiles,0,3,2,2.000000000000000000e+00,4.152787295564890901e-01,8.305574591129781803e-01,1.400000000000000000e+01,16384,1.085588651959688011e+00,verification,128,32,33,65,7.589856356941091509e-01,-1.388868812073839470e-02,1.869240231294121103e-03,3.015824144757540265e-02,3.202748167886952657e-02,8.182335630804137006e-02,5.135617720053490404e-02,8.395163178288599093e-02,2.655422910599233299e-01,5.107025913275720086e-15,6.1.1-I-900
objective_profiles,0,3,2,2.000000000000000000e+00,4.152787295564890901e-01,8.305574591129781803e-01,1.400000000000000000e+01,16384,1.085588651959688011e+00,verification,128,32,33,65,7.688773639817741978e-01,-1.511324305175122673e-02,1.696839288367371114e-03,2.762467042724212410e-02,2.932150971560949435e-02,8.182335630804137006e-02,5.135617720053490404e-02,8.395163178288599093e-02,2.655422910599233299e-01,5.107025913275720086e-15,6.1.1-I-900
objective_profiles,0,3,2,2.000000000000000000e+00,4.152787295564890901e-01,8.305574591129781803e-01,1.400000000000000000e+01,16384,1.085588651959688011e+00,verification,128,32,33,65,7.794463413230420246e-01,-1.623908393315220619e-02,1.524246240375731407e-03,2.505135714325456078e-02,2.657560338363029045e-02,8.182335630804137006e-02,5.135617720053490404e-02,8.395163178288599093e-02,2.655422910599233299e-01,5.107025913275720086e-15,6.1.1-I-900
objective_profiles,0,3,2,2.000000000000000000e+00,4.152787295564890901e-01,8.305574591129781803e-01,1.400000000000000000e+01,16384,1.085588651959688011e+00,verification,128,32,33,65,7.906671061257641853e-01,-1.723036153900879205e-02,1.353611718600756597e-03,2.246849051123644622e-02,2.382210222983720260e-02,8.182335630804137006e-02,5.135617720053490404e-02,8.395163178288599093e-02,2.655422910599233299e-01,5.329070518200751394e-15,6.1.1-I-900
objective_profiles,0,3,2,2.000000000000000000e+00,4.152787295564890901e-01,8.305574591129781803e-01,1.400000000000000000e+01,16384,1.085588651959688011e+00,verification,128,32,33,65,8.025126265847083440e-01,-1.805162691219915072e-02,1.186969652813314865e-03,1.990612188948302427e-02,2.109309154229633762e-02,8.182335630804137006e-02,5.135617720053490404e-02,8.395163178288599093e-02,2.655422910599233299e-01,5.107025913275720086e-15,6.1.1-I-900
objective_profiles,0,3,2,2.000000000000000000e+00,4.152787295564890901e-01,8.305574591129781803e-01,1.400000000000000000e+01,16384,1.085588651959688011e+00,verification,128,32,33,65,8.149543658035435234e-01,-1.866827999763470344e-02,1.026212305413660162e-03,1.739381653266508510e-02,1.842002883807874677e-02,8.182335630804137006e-02,5.135617720053490404e-02,8.395163178288599093e-02,2.655422910599233299e-01,5.107025913275720086e-15,6.1.1-I-900
objective_profiles,0,3,2,2.000000000000000000e+00,4.152787295564890901e-01,8.305574591129781803e-01,1.400000000000000000e+01,16384,1.085588651959688011e+00,verification,128,32,33,65,8.279623505427240460e-01,-1.904700156334089914e-02,8.730703384913448585e-04,1.496032274257687311e-02,1.583339308106821927e-02,8.182335630804137006e-02,5.135617720053490404e-02,8.395163178288599093e-02,2.655422910599233299e-01,9.992007221626408864e-15,6.1.1-I-900
objective_profiles,0,3,2,2.000000000000000000e+00,4.152787295564890901e-01,8.305574591129781803e-01,1.400000000000000000e+01,16384,1.085588651959688011e+00,verification,128,32,33,65,8.415052434276482085e-01,-1.915615623755957675e-02,7.290978108306022613e-04,1.263326231091940928e-02,1.336236012175001132e-02,8.182335630804137006e-02,5.135617720053490404e-02,8.395163178288599093e-02,2.655422910599233299e-01,5.107025913275720086e-15,6.1.1-I-900
objective_profiles,0,3,2,2.000000000000000000e+00,4.152787295564890901e-01,8.305574591129781803e-01,1.400000000000000000e+01,16384,1.085588651959688011e+00,verification,128,32,33,65,8.555504184431391712e-01,-1.896616948162730548e-02,5.956618561642865357e-04,1.043884521232743209e-02,1.103450706849171820e-02,8.182335630804137006e-02,5.135617720053490404e-02,8.395163178288599093e-02,2.655422910599233299e-01,5.107025913275720086e-15,6.1.1-I-900
objective_profiles,0,3,2,2.000000000000000000e+00,4.152787295564890901e-01,8.305574591129781803e-01,1.400000000000000000e+01,16384,1.085588651959688011e+00,verification,128,32,33,65,8.700640395323723242e-01,-1.844987019670444456e-02,4.739366834160002205e-04,8.401610881835762726e-03,8.875547565251763055e-03,8.182335630804137006e-02,5.135617720053490404e-02,8.395163178288599093e-02,2.655422910599233299e-01,6.217248937900876626e-15,6.1.1-I-900
objective_profiles,0,3,2,2.000000000000000000e+00,4.152787295564890901e-01,8.305574591129781803e-01,1.400000000000000000e+01,16384,1.085588651959688011e+00,verification,128,32,33,65,8.850111421109007059e-01,-1.758279951721547496e-02,3.649014631274497965e-04,6.544197815015883636e-03,6.909099278143333162e-03,8.182335630804137006e-02,5.135617720053490404e-02,8.395163178288599093e-02,2.655422910599233299e-01,9.658940314238861902e-15,6.1.1-I-900
objective_profiles,0,3,2,2.000000000000000000e+00,4.152787295564890901e-01,8.305574591129781803e-01,1.400000000000000000e+01,16384,1.085588651959688011e+00,verification,128,32,33,65,9.003557172994012259e-01,-1.634348627017817232e-02,2.693416187940985166e-04,4.887142672613876623e-03,5.156484291407975248e-03,8.182335630804137006e-02,5.135617720053490404e-02,8.395163178288599093e-02,2.655422910599233299e-01,6.217248937900876626e-15,6.1.1-I-900
objective_profiles,0,3,2,2.000000000000000000e+00,4.152787295564890901e-01,8.305574591129781803e-01,1.400000000000000000e+01,16384,1.085588651959688011e+00,verification,128,32,33,65,9.160607986722184570e-01,-1.471368095459850943e-02,1.878530232866820228e-04,3.448709562645357711e-03,3.636562585932039734e-03,8.182335630804137006e-02,5.135617720053490404e-02,8.395163178288599093e-02,2.655422910599233299e-01,5.107025913275720086e-15,6.1.1-I-900
objective_profiles,0,3,2,2.000000000000000000e+00,4.152787295564890901e-01,8.305574591129781803e-01,1.400000000000000000e+01,16384,1.085588651959688011e+00,verification,128,32,33,65,9.320885513127229460e-01,-1.267855466670953293e-02,1.208486041594947365e-04,2.244749716348547631e-03,2.365598320508042422e-03,8.182335630804137006e-02,5.135617720053490404e-02,8.395163178288599093e-02,2.655422910599233299e-01,9.103828801926283631e-15,6.1.1-I-900
objective_profiles,0,3,2,2.000000000000000000e+00,4.152787295564890901e-01,8.305574591129781803e-01,1.400000000000000000e+01,16384,1.085588651959688011e+00,verification,128,32,33,65,9.484003629609381036e-01,-1.022685920266397028e-02,6.856688253340821734e-05,1.288591372259475154e-03,1.357158254792883425e-03,8.182335630804137006e-02,5.135617720053490404e-02,8.395163178288599093e-02,2.655422910599233299e-01,5.107025913275720086e-15,6.1.1-I-900
objective_profiles,0,3,2,2.000000000000000000e+00,4.152787295564890901e-01,8.305574591129781803e-01,1.400000000000000000e+01,16384,1.085588651959688011e+00,verification,128,32,33,65,9.649569370338575425e-01,-7.351047973805571213e-03,3.108200369309036703e-05,5.909593348386505719e-04,6.220413385317409864e-04,8.182335630804137006e-02,5.135617720053490404e-02,8.395163178288599093e-02,2.655422910599233299e-01,5.107025913275720086e-15,6.1.1-I-900
objective_profiles,0,3,2,2.000000000000000000e+00,4.152787295564890901e-01,8.305574591129781803e-01,1.400000000000000000e+01,16384,1.085588651959688011e+00,verification,128,32,33,65,9.817183872943550105e-01,-4.047366842208970257e-03,8.314859314335558253e-06,1.599233787176373219e-04,1.682382380319728734e-04,8.182335630804137006e-02,5.135617720053490404e-02,8.395163178288599093e-02,2.655422910599233299e-01,5.662137425588298356e-15,6.1.1-I-900
objective_profiles,0,3,2,2.000000000000000000e+00,4.152787295564890901e-01,8.305574591129781803e-01,1.400000000000000000e+01,16384,1.085588651959688011e+00,verification,128,32,33,65,9.986443339406233521e-01,-3.159008894339274229e-04,4.494769511380334185e-08,8.744237027781555629e-07,9.193713978919588783e-07,8.182335630804137006e-02,5.135617720053490404e-02,8.395163178288599093e-02,2.655422910599233299e-01,7.216449660063517513e-15,6.1.1-I-900
objective_profiles,0,3,2,2.000000000000000000e+00,4.152787295564890901e-01,8.305574591129781803e-01,1.400000000000000000e+01,16384,1.085588651959688011e+00,verification,128,32,33,65,1.015694000884653558e+00,3.839412383953897268e-03,5.922666525527564805e-06,1.165272052585093445e-04,1.224498717840369203e-04,8.182335630804137006e-02,5.135617720053490404e-02,8.395163178288599093e-02,2.655422910599233299e-01,7.549516567451064475e-15,6.1.1-I-900
objective_profiles,0,3,2,2.000000000000000000e+00,4.152787295564890901e-01,8.305574591129781803e-01,1.400000000000000000e+01,16384,1.085588651959688011e+00,verification,128,32,33,65,1.032826313985403477e+00,8.410802099359461839e-03,2.548178027576943058e-05,5.069480059371745924e-04,5.324297862129439857e-04,8.182335630804137006e-02,5.135617720053490404e-02,8.395163178288599093e-02,2.655422910599233299e-01,5.107025913275720086e-15,6.1.1-I-900
objective_profiles,0,3,2,2.000000000000000000e+00,4.152787295564890901e-01,8.305574591129781803e-01,1.400000000000000000e+01,16384,1.085588651959688011e+00,verification,128,32,33,65,1.049999999999999822e+00,1.338672068337822332e-02,5.815184950347353291e-05,1.169605890534531527e-03,1.227757740038005162e-03,8.182335630804137006e-02,5.135617720053490404e-02,8.395163178288599093e-02,2.655422910599233299e-01,5.107025913275720086e-15,6.1.1-I-900
objective_profiles,0,3,2,2.000000000000000000e+00,4.152787295564890901e-01,8.305574591129781803e-01,1.400000000000000000e+01,16384,1.085588651959688011e+00,verification,128,32,33,65,1.067173686014596168e+00,1.875193134198551576e-02,1.032704511193563538e-04,2.099445797094765757e-03,2.202716248214121961e-03,8.182335630804137006e-02,5.135617720053490404e-02,8.395163178288599093e-02,2.655422910599233299e-01,5.107025913275720086e-15,6.1.1-I-900
objective_profiles,0,3,2,2.000000000000000000e+00,4.152787295564890901e-01,8.305574591129781803e-01,1.400000000000000000e+01,16384,1.085588651959688011e+00,verification,128,32,33,65,1.084305999115346086e+00,2.448762208627395381e-02,1.600950561936355647e-04,3.288981772876241154e-03,3.449076829069876692e-03,8.182335630804137006e-02,5.135617720053490404e-02,8.395163178288599093e-02,2.655422910599233299e-01,5.107025913275720086e-15,6.1.1-I-900
objective_profiles,0,3,2,2.000000000000000000e+00,4.152787295564890901e-01,8.305574591129781803e-01,1.400000000000000000e+01,16384,1.085588651959688011e+00,verification,128,32,33,65,1.101355666059376404e+00,3.057155213105329852e-02,2.278144648957580775e-04,4.728408604954058986e-03,4.956223069849816955e-03,8.182335630804137006e-02,5.135617720053490404e-02,8.395163178288599093e-02,2.655422910599233299e-01,5.107025913275720086e-15,6.1.1-I-900
objective_profiles,0,3,2,2.000000000000000000e+00,4.152787295564890901e-01,8.305574591129781803e-01,1.400000000000000000e+01,16384,1.085588651959688011e+00,verification,128,32,33,65,1.118281612705644745e+00,3.697821892353922446e-02,3.055597265760437485e-04,6.405730075556369425e-03,6.711289802132413065e-03,8.182335630804137006e-02,5.135617720053490404e-02,8.395163178288599093e-02,2.655422910599233299e-01,5.107025913275720086e-15,6.1.1-I-900
objective_profiles,0,3,2,2.000000000000000000e+00,4.152787295564890901e-01,8.305574591129781803e-01,1.400000000000000000e+01,16384,1.085588651959688011e+00,verification,128,32,33,65,1.135043062966142324e+00,4.367905898878602505e-02,3.924144969672131505e-04,8.306902069191490767e-03,8.699316566158703593e-03,8.182335630804137006e-02,5.135617720053490404e-02,8.395163178288599093e-02,2.655422910599233299e-01,1.088018564132653410e-14,6.1.1-I-900
objective_profiles,0,3,2,2.000000000000000000e+00,4.152787295564890901e-01,8.305574591129781803e-01,1.400000000000000000e+01,16384,1.085588651959688011e+00,verification,128,32,33,65,1.151599637039061541e+00,5.064266275133037787e-02,4.874248042940245297e-04,1.041598876921828731e-02,1.090341357351231125e-02,8.182335630804137006e-02,5.135617720053490404e-02,8.395163178288599093e-02,2.655422910599233299e-01,5.107025913275720086e-15,6.1.1-I-900
objective_profiles,0,3,2,2.000000000000000000e+00,4.152787295564890901e-01,8.305574591129781803e-01,1.400000000000000000e+01,16384,1.085588651959688011e+00,verification,128,32,33,65,1.167911448687276810e+00,5.783501542546937157e-02,5.896082121057252736e-04,1.271533020321943472e-02,1.330493841532516021e-02,8.182335630804137006e-02,5.135617720053490404e-02,8.395163178288599093e-02,2.655422910599233299e-01,5.107025913275720086e-15,6.1.1-I-900
objective_profiles,0,3,2,2.000000000000000000e+00,4.152787295564890901e-01,8.305574591129781803e-01,1.400000000000000000e+01,16384,1.085588651959688011e+00,verification,128,32,33,65,1.183939201327781188e+00,6.521975783821021277e-02,6.979623793092189048e-04,1.518571942724741657e-02,1.588368180655663417e-02,8.182335630804137006e-02,5.135617720053490404e-02,8.395163178288599093e-02,2.655422910599233299e-01,5.107025913275720086e-15,6.1.1-I-900
objective_profiles,0,3,2,2.000000000000000000e+00,4.152787295564890901e-01,8.305574591129781803e-01,1.400000000000000000e+01,16384,1.085588651959688011e+00,verification,128,32,33,65,1.199644282700598641e+00,7.275845811144474040e-02,8.114730276177875611e-04,1.780658767691032859e-02,1.861806070452811518e-02,8.182335630804137006e-02,5.135617720053490404e-02,8.395163178288599093e-02,2.655422910599233299e-01,5.107025913275720086e-15,6.1.1-I-900
objective_profiles,0,3,2,2.000000000000000000e+00,4.152787295564890901e-01,8.305574591129781803e-01,1.400000000000000000e+01,16384,1.085588651959688011e+00,verification,128,32,33,65,1.214988857889099272e+00,8.041090301108207161e-02,9.291213338646297192e-04,2.055619585689462403e-02,2.148531719075925245e-02,8.182335630804137006e-02,5.135617720053490404e-02,8.395163178288599093e-02,2.655422910599233299e-01,5.107025913275720086e-15,6.1.1-I-900
objective_profiles,0,3,2,2.000000000000000000e+00,4.152787295564890901e-01,8.305574591129781803e-01,1.400000000000000000e+01,16384,1.085588651959688011e+00,verification,128,32,33,65,1.229935960467627432e+00,8.813539828265820608e-02,1.049890769766722741e-03,2.341183078867429407e-02,2.446172155844101789e-02,8.182335630804137006e-02,5.135617720053490404e-02,8.395163178288599093e-02,2.655422910599233299e-01,9.992007221626408864e-15,6.1.1-I-900
objective_profiles,0,3,2,2.000000000000000000e+00,4.152787295564890901e-01,8.305574591129781803e-01,1.400000000000000000e+01,16384,1.085588651959688011e+00,verification,128,32,33,65,1.244449581556860585e+00,9.588908150059435864e-02,1.172773415129920891e-03,2.635000468786019567e-02,2.752277810299011765e-02,8.182335630804137006e-02,5.135617720053490404e-02,8.395163178288599093e-02,2.655422910599233299e-01,5.107025913275720086e-15,6.1.1-I-900
objective_profiles,0,3,2,2.000000000000000000e+00,4.152787295564890901e-01,8.305574591129781803e-01,1.400000000000000000e+01,16384,1.085588651959688011e+00,verification,128,32,33,65,1.258494756572351658e+00,1.036282376086933715e-01,1.296775772489497727e-03,2.934665639713950752e-02,3.064343216962900351e-02,8.182335630804137006e-02,5.135617720053490404e-02,8.395163178288599093e-02,2.655422910599233299e-01,8.659739592076221015e-15,6.1.1-I-900
objective_profiles,0,3,2,2.000000000000000000e+00,4.152787295564890901e-01,8.305574591129781803e-01,1.400000000000000000e+01,16384,1.085588651959688011e+00,verification,128,32,33,65,1.272037649457275599e+00,1.113086251662025600e-01,1.420924112070521975e-03,3.237735295745092917e-02,3.379827706952145266e-02,8.182335630804137006e-02,5.135617720053490404e-02,8.395163178288599093e-02,2.655422910599233299e-01,5.107025913275720086e-15,6.1.1-I-900
objective_profiles,0,3,2,2.000000000000000000e+00,4.152787295564890901e-01,8.305574591129781803e-01,1.400000000000000000e+01,16384,1.085588651959688011e+00,verification,128,32,33,65,1.285045634196456454e+00,1.188858027130389461e-01,1.544269375976912604e-03,3.541749015846407805e-02,3.696175953444098827e-02,8.182335630804137006e-02,5.135617720053490404e-02,8.395163178288599093e-02,2.655422910599233299e-01,5.107025913275720086e-15,6.1.1-I-900
objective_profiles,0,3,2,2.000000000000000000e+00,4.152787295564890901e-01,8.305574591129781803e-01,1.400000000000000000e+01,16384,1.085588651959688011e+00,verification,128,32,33,65,1.297487373415291412e+00,1.263154564334405261e-01,1.665891669886515689e-03,3.844249076925753544e-02,4.010838243914405243e-02,8.182335630804137006e-02,5.135617720053490404e-02,8.395163178288599093e-02,2.655422910599233299e-01,5.107025913275720086e-15,6.1.1-I-900
objective_profiles,0,3,2,2.000000000000000000e+00,4.152787295564890901e-01,8.305574591129781803e-01,1.400000000000000000e+01,16384,1.085588651959688011e+00,verification,128,32,33,65,1.309332893874235459e+00,1.335537235541554291e-01,1.784904369416946170e-03,4.142799921104669408e-02,4.321290358046363939e-02,8.182335630804137006e-02,5.135617720053490404e-02,8.395163178288599093e-02,2.655422910599233299e-01,5.107025913275720086e-15,6.1.1-I-900
objective_profiles,0,3,2,2.000000000000000000e+00,4.152787295564890901e-01,8.305574591129781803e-01,1.400000000000000000e+01,16384,1.085588651959688011e+00,verification,128,32,33,65,1.320553658676957731e+00,1.405575173604807493e-01,1.900457866875595323e-03,4.435007149572621488e-02,4.625052936260180825e-02,8.182335630804137006e-02,5.135617720053490404e-02,8.395163178288599093e-02,2.655422910599233299e-01,5.440092820663267048e-15,6.1.1-I-900
objective_profiles,0,3,2,2.000000000000000000e+00,4.152787295564890901e-01,8.305574591129781803e-01,1.400000000000000000e+01,16384,1.085588651959688011e+00,verification,128,32,33,65,1.331122636018225558e+00,1.472848381439234855e-01,2.011742982433280518e-03,4.718535931673173422e-02,4.919710229916501171e-02,8.182335630804137006e-02,5.135617720053490404e-02,8.395163178288599093e-02,2.655422910599233299e-01,5.107025913275720086e-15,6.1.1-I-900
objective_profiles,0,3,2,2.000000000000000000e+00,4.152787295564890901e-01,8.305574591129781803e-01,1.400000000000000000e+01,16384,1.085588651959688011e+00,verification,128,32,33,65,1.341014364305890716e+00,1.536950825923516228e-01,2.117994061955462675e-03,4.991128724219378449e-02,5.202928130414924413e-02,8.182335630804137006e-02,5.135617720053490404e-02,8.395163178288599093e-02,2.655422910599233299e-01,5.107025913275720086e-15,6.1.1-I-900
objective_profiles,0,3,2,2.000000000000000000e+00,4.152787295564890901e-01,8.305574591129781803e-01,1.400000000000000000e+01,16384,1.085588651959688011e+00,verification,128,32,33,65,1.350205013500095141e+00,1.597493401316418815e-01,2.218491781858446428e-03,5.250622202450511145e-02,5.472471380636356048e-02,8.182335630804137006e-02,5.135617720053490404e-02,8.395163178288599093e-02,2.655422910599233299e-01,5.107025913275720086e-15,6.1.1-I-900
objective_profiles,0,3,2,2.000000000000000000e+00,4.152787295564890901e-01,8.305574591129781803e-01,1.400000000000000000e+01,16384,1.085588651959688011e+00,verification,128,32,33,65,1.358672442521924095e+00,1.654106739697685791e-01,2.312565679484466456e-03,5.494963310519267174e-02,5.726219878467713603e-02,8.182335630804137006e-02,5.135617720053490404e-02,8.395163178288599093e-02,2.655422910599233299e-01,5.107025913275720086e-15,6.1.1-I-900
objective_profiles,0,3,2,2.000000000000000000e+00,4.152787295564890901e-01,8.305574591129781803e-01,1.400000000000000000e+01,16384,1.085588651959688011e+00,verification,128,32,33,65,1.366396252593204963e+00,1.706443910367691497e-01,2.399596425648662518e-03,5.722224345936555850e-02,5.962183988501422449e-02,8.182335630804137006e-02,5.135617720053490404e-02,8.395163178288599093e-02,2.655422910599233299e-01,5.218048215738235740e-15,6.1.1-I-900
objective_profiles,0,3,2,2.000000000000000000e+00,4.152787295564890901e-01,8.305574591129781803e-01,1.400000000000000000e+01,16384,1.085588651959688011e+00,verification,128,32,33,65,1.373357836378950259e+00,1.754182937601471703e-01,2.479017854229412492e-03,5.930616998995894701e-02,6.178518784418835647e-02,8.182335630804137006e-02,5.135617720053490404e-02,8.395163178288599093e-02,2.655422910599233299e-01,5.107025913275720086e-15,6.1.1-I-900
objective_profiles,0,3,2,2.000000000000000000e+00,4.152787295564890901e-01,8.305574591129781803e-01,1.400000000000000000e+01,16384,1.085588651959688011e+00,verification,128,32,33,65,1.379540422814057088e+00,1.797029132974096999e-01,2.550318761970653009e-03,6.118505274850323528e-02,6.373537151047388438e-02,8.182335630804137006e-02,5.135617720053490404e-02,8.395163178288599093e-02,2.655422910599233299e-01,5.107025913275720086e-15,6.1.1-I-900
objective_profiles,0,3,2,2.000000000000000000e+00,4.152787295564890901e-01,8.305574591129781803e-01,1.400000000000000000e+01,16384,1.085588651959688011e+00,verification,128,32,33,65,1.384929117506273011e+00,1.834717241209874450e-01,2.613044490049627744e-03,6.284417232619107785e-02,6.545721681624069865e-02,8.182335630804137006e-02,5.135617720053490404e-02,8.395163178288599093e-02,2.655422910599233299e-01,5.551115123125782702e-15,6.1.1-I-900
objective_profiles,0,3,2,2.000000000000000000e+00,4.152787295564890901e-01,8.305574591129781803e-01,1.400000000000000000e+01,16384,1.085588651959688011e+00,verification,128,32,33,65,1.389510938618090385e+00,1.867013359294401043e-01,2.666798297441060235e-03,6.427055482655551211e-02,6.693735312399656801e-02,8.182335630804137006e-02,5.135617720053490404e-02,8.395163178288599093e-02,2.655422910599233299e-01,5.107025913275720086e-15,6.1.1-I-900
objective_profiles,0,3,2,2.000000000000000000e+00,4.152787295564890901e-01,8.305574591129781803e-01,1.400000000000000000e+01,16384,1.085588651959688011e+00,verification,128,32,33,65,1.393274848141130562e+00,1.893716622827019691e-01,2.711242534678603034e-03,6.545306389910462985e-02,6.816430643378323939e-02,8.182335630804137006e-02,5.135617720053490404e-02,8.395163178288599093e-02,2.655422910599233299e-01,5.107025913275720086e-15,6.1.1-I-900
objective_profiles,0,3,2,2.000000000000000000e+00,4.152787295564890901e-01,8.305574591129781803e-01,1.400000000000000000e+01,16384,1.085588651959688011e+00,verification,128,32,33,65,1.396211778487673305e+00,1.914660675434016468e-01,2.746099625271447141e-03,6.638247938171180917e-02,6.912857900698325675e-02,8.182335630804137006e-02,5.135617720053490404e-02,8.395163178288599093e-02,2.655422910599233299e-01,5.107025913275720086e-15,6.1.1-I-900
objective_profiles,0,3,2,2.000000000000000000e+00,4.152787295564890901e-01,8.305574591129781803e-01,1.400000000000000000e+01,16384,1.085588651959688011e+00,verification,128,32,33,65,1.398314654335268692e+00,1.929714858986540105e-01,2.771152860771255305e-03,6.705156216842170225e-02,6.982271502919296102e-02,8.182335630804137006e-02,5.135617720053490404e-02,8.395163178288599093e-02,2.655422910599233299e-01,8.215650382226158399e-15,6.1.1-I-900
objective_profiles,0,3,2,2.000000000000000000e+00,4.152787295564890901e-01,8.305574591129781803e-01,1.400000000000000000e+01,16384,1.085588651959688011e+00,verification,128,32,33,65,1.399578409671810242e+00,1.938785163011674251e-01,2.786247014293731939e-03,6.745510498853683756e-02,7.024135200283057601e-02,8.182335630804137006e-02,5.135617720053490404e-02,8.395163178288599093e-02,2.655422910599233299e-01,5.107025913275720086e-15,6.1.1-I-900
objective_profiles,0,3,2,2.000000000000000000e+00,4.152787295564890901e-01,8.305574591129781803e-01,1.400000000000000000e+01,16384,1.085588651959688011e+00,verification,128,32,33,65,1.399999999999999911e+00,1.941814910589242937e-01,2.791288776166740530e-03,6.758996885233869989e-02,7.038125762850544476e-02,8.182335630804137006e-02,5.135617720053490404e-02,8.395163178288599093e-02,2.655422910599233299e-01,6.106226635438360972e-15,6.1.1-I-900
objective_profiles,0,3,2,2.000000000000000000e+00,4.152787295564890901e-01,8.305574591129781803e-01,1.400000000000000000e+01,16384,1.085588651959688011e+00,display,256,64,65,129,6.999999999999999556e-01,-3.045111161138798570e-03,3.140170881494725157e-03,4.786918476983272053e-02,5.100935565132744265e-02,8.182335630804137006e-02,5.135567870802545953e-02,8.395161085825879332e-02,2.655395811846286702e-01,1.132427485117659671e-14,6.1.1-I-900
objective_profiles,0,3,2,2.000000000000000000e+00,4.152787295564890901e-01,8.305574591129781803e-01,1.400000000000000000e+01,16384,1.085588651959688011e+00,display,256,64,65,129,7.001054134563284848e-01,-3.070041911738270735e-03,3.137492017125658936e-03,4.783343055016615192e-02,5.097092256729181259e-02,8.182335630804137006e-02,5.135567870802545953e-02,8.395161085825879332e-02,2.655395811846286702e-01,1.132427485117659671e-14,6.1.1-I-900
objective_profiles,0,3,2,2.000000000000000000e+00,4.152787295564890901e-01,8.305574591129781803e-01,1.400000000000000000e+01,16384,1.085588651959688011e+00,display,256,64,65,129,7.004215903281896249e-01,-3.144696834913366084e-03,3.129466522037520435e-03,4.772627996683304757e-02,5.085574648887056931e-02,8.182335630804137006e-02,5.135567870802545953e-02,8.395161085825879332e-02,2.655395811846286702e-01,1.132427485117659671e-14,6.1.1-I-900
objective_profiles,0,3,2,2.000000000000000000e+00,4.152787295564890901e-01,8.305574591129781803e-01,1.400000000000000000e+01,16384,1.085588651959688011e+00,display,256,64,65,129,7.009483401624583276e-01,-3.268664488300722457e-03,3.116127618011309882e-03,4.754806882512394722e-02,5.066419644313525927e-02,8.182335630804137006e-02,5.135567870802545953e-02,8.395161085825879332e-02,2.655395811846286702e-01,1.665334536937734811e-14,6.1.1-I-900
objective_profiles,0,3,2,2.000000000000000000e+00,4.152787295564890901e-01,8.305574591129781803e-01,1.400000000000000000e+01,16384,1.085588651959688011e+00,display,256,64,65,129,7.016853456647310638e-01,-3.441260949715767205e-03,3.097530434553117697e-03,4.729935539724400978e-02,5.039688583179712661e-02,8.182335630804137006e-02,5.135567870802545953e-02,8.395161085825879332e-02,2.655395811846286702e-01,1.132427485117659671e-14,6.1.1-I-900
objective_profiles,0,3,2,2.000000000000000000e+00,4.152787295564890901e-01,8.305574591129781803e-01,1.400000000000000000e+01,16384,1.085588651959688011e+00,display,256,64,65,129,7.026321628904514949e-01,-3.661532527522495199e-03,3.073751651459022578e-03,4.698091832582627914e-02,5.005466997728530432e-02,8.182335630804137006e-02,5.135567870802545953e-02,8.395161085825879332e-02,2.655395811846286702e-01,1.798561299892753595e-14,6.1.1-I-900
objective_profiles,0,3,2,2.000000000000000000e+00,4.152787295564890901e-01,8.305574591129781803e-01,1.400000000000000000e+01,16384,1.085588651959688011e+00,display,256,64,65,129,7.037882215123265617e-01,-3.928259532060282902e-03,3.044889003872738777e-03,4.659375370563258179e-02,4.963864270950531926e-02,8.182335630804137006e-02,5.135567870802545953e-02,8.395161085825879332e-02,2.655395811846286702e-01,1.132427485117659671e-14,6.1.1-I-900
objective_profiles,0,3,2,2.000000000000000000e+00,4.152787295564890901e-01,8.305574591129781803e-01,1.400000000000000000e+01,16384,1.085588651959688011e+00,display,256,64,65,129,7.051528251638705669e-01,-4.239961082340086562e-03,3.011060655189569564e-03,4.613907136002232817e-02,4.915013201521190034e-02,8.182335630804137006e-02,5.135567870802545953e-02,8.395161085825879332e-02,2.655395811846286702e-01,1.132427485117659671e-14,6.1.1-I-900
objective_profiles,0,3,2,2.000000000000000000e+00,4.152787295564890901e-01,8.305574591129781803e-01,1.400000000000000000e+01,16384,1.085588651959688011e+00,display,256,64,65,129,7.067251518588693049e-01,-4.594900934076871259e-03,2.972404444530777744e-03,4.561829033323316213e-02,4.859069477776394030e-02,8.182335630804137006e-02,5.135567870802545953e-02,8.395161085825879332e-02,2.655395811846286702e-01,1.132427485117659671e-14,6.1.1-I-900
objective_profiles,0,3,2,2.000000000000000000e+00,4.152787295564890901e-01,8.305574591129781803e-01,1.400000000000000000e+01,16384,1.085588651959688011e+00,display,256,64,65,129,7.085042544865149949e-01,-4.991094273494037052e-03,2.929077016769443022e-03,4.503303362376504665e-02,4.796211064053448880e-02,8.182335630804137006e-02,5.135567870802545953e-02,8.395161085825879332e-02,2.655395811846286702e-01,1.465494392505206633e-14,6.1.1-I-900
objective_profiles,0,3,2,2.000000000000000000e+00,4.152787295564890901e-01,8.305574591129781803e-01,1.400000000000000000e+01,16384,1.085588651959688011e+00,display,256,64,65,129,7.104890613819095924e-01,-5.426315464624071119e-03,2.881252844212442085e-03,4.438512218818015803e-02,4.726637503239260185e-02,8.182335630804137006e-02,5.135567870802545953e-02,8.395161085825879332e-02,2.655395811846286702e-01,1.132427485117659671e-14,6.1.1-I-900
objective_profiles,0,3,2,2.000000000000000000e+00,4.152787295564890901e-01,8.305574591129781803e-01,1.400000000000000000e+01,16384,1.085588651959688011e+00,display,256,64,65,129,7.126783769715959727e-01,-5.898106668051284612e-03,2.829123150018649207e-03,4.367656824836123330e-02,4.650569139837987948e-02,8.182335630804137006e-02,5.135567870802545953e-02,8.395161085825879332e-02,2.655395811846286702e-01,1.132427485117659671e-14,6.1.1-I-900
objective_profiles,0,3,2,2.000000000000000000e+00,4.152787295564890901e-01,8.305574591129781803e-01,1.400000000000000000e+01,16384,1.085588651959688011e+00,display,256,64,65,129,7.150708824937268560e-01,-6.403787338653176009e-03,2.772894744245395053e-03,4.290956793870179253e-02,4.568246268294718498e-02,8.182335630804137006e-02,5.135567870802545953e-02,8.395161085825879332e-02,2.655395811846286702e-01,2.542410726391608478e-14,6.1.1-I-900
objective_profiles,0,3,2,2.000000000000000000e+00,4.152787295564890901e-01,8.305574591129781803e-01,1.400000000000000000e+01,16384,1.085588651959688011e+00,display,256,64,65,129,7.176651367924371527e-01,-6.940464484638676768e-03,2.712788784058156339e-03,4.208649333279800009e-02,4.479928211685615946e-02,8.182335630804137006e-02,5.135567870802545953e-02,8.395161085825879332e-02,2.655395811846286702e-01,1.132427485117659671e-14,6.1.1-I-900
objective_profiles,0,3,2,2.000000000000000000e+00,4.152787295564890901e-01,8.305574591129781803e-01,1.400000000000000000e+01,16384,1.085588651959688011e+00,display,256,64,65,129,7.204595771859426678e-01,-7.505043698136567958e-03,2.649039470104436016e-03,4.120988389195390234e-02,4.385892336205833575e-02,8.182335630804137006e-02,5.135567870802545953e-02,8.395161085825879332e-02,2.655395811846286702e-01,1.132427485117659671e-14,6.1.1-I-900
objective_profiles,0,3,2,2.000000000000000000e+00,4.152787295564890901e-01,8.305574591129781803e-01,1.400000000000000000e+01,16384,1.085588651959688011e+00,display,256,64,65,129,7.234525204078413596e-01,-8.094240847863013247e-03,2.581892691342017616e-03,4.028243738018306291e-02,4.286433007152508357e-02,8.182335630804137006e-02,5.135567870802545953e-02,8.395161085825879332e-02,2.655395811846286702e-01,1.942890293094023946e-14,6.1.1-I-900
objective_profiles,0,3,2,2.000000000000000000e+00,4.152787295564890901e-01,8.305574591129781803e-01,1.400000000000000000e+01,16384,1.085588651959688011e+00,display,256,64,65,129,7.266421636210496082e-01,-8.704594378922047779e-03,2.511604630726818610e-03,3.930700029238145404e-02,4.181860492310827265e-02,8.182335630804137006e-02,5.135567870802545953e-02,8.395161085825879332e-02,2.655395811846286702e-01,1.132427485117659671e-14,6.1.1-I-900
objective_profiles,0,3,2,2.000000000000000000e+00,4.152787295564890901e-01,8.305574591129781803e-01,1.400000000000000000e+01,16384,1.085588651959688011e+00,display,256,64,65,129,7.300265855037642027e-01,-9.332478213783699031e-03,2.438440344110602044e-03,3.828655784395314926e-02,4.072499818806375044e-02,8.182335630804137006e-02,5.135567870802545953e-02,8.395161085825879332e-02,2.655395811846286702e-01,1.132427485117659671e-14,6.1.1-I-900
objective_profiles,0,3,2,2.000000000000000000e+00,4.152787295564890901e-01,8.305574591129781803e-01,1.400000000000000000e+01,16384,1.085588651959688011e+00,display,256,64,65,129,7.336037474067947928e-01,-9.974115126737586115e-03,2.362672324485221801e-03,3.722422357138605725e-02,3.958689589587127688e-02,8.182335630804137006e-02,5.135567870802545953e-02,8.395161085825879332e-02,2.655395811846286702e-01,1.132427485117659671e-14,6.1.1-I-900
objective_profiles,0,3,2,2.000000000000000000e+00,4.152787295564890901e-01,8.305574591129781803e-01,1.400000000000000000e+01,16384,1.085588651959688011e+00,display,256,64,65,129,7.373714945815695865e-01,-1.062559053024632327e-02,2.284579063346503947e-03,3.612322859411201681e-02,3.840780765745852032e-02,8.182335630804137006e-02,5.135567870802545953e-02,8.395161085825879332e-02,2.655395811846286702e-01,1.265654248072678456e-14,6.1.1-I-900
objective_profiles,0,3,2,2.000000000000000000e+00,4.152787295564890901e-01,8.305574591129781803e-01,1.400000000000000000e+01,16384,1.085588651959688011e+00,display,256,64,65,129,7.413275574780756605e-01,-1.128286663757921415e-02,2.204443620454204882e-03,3.498691058844605878e-02,3.719135420890026106e-02,8.182335630804137006e-02,5.135567870802545953e-02,8.395161085825879332e-02,2.655395811846286702e-01,1.132427485117659671e-14,6.1.1-I-900
objective_profiles,0,3,2,2.000000000000000000e+00,4.152787295564890901e-01,8.305574591129781803e-01,1.400000000000000000e+01,16384,1.085588651959688011e+00,display,256,64,65,129,7.454695531119509555e-01,-1.194179695085324441e-02,2.122552212647876944e-03,3.381870252449535597e-02,3.594125473714323421e-02,8.182335630804137006e-02,5.135567870802545953e-02,8.395161085825879332e-02,2.655395811846286702e-01,1.132427485117659671e-14,6.1.1-I-900
objective_profiles,0,3,2,2.000000000000000000e+00,4.152787295564890901e-01,8.305574591129781803e-01,1.400000000000000000e+01,16384,1.085588651959688011e+00,display,256,64,65,129,7.497949864999047254e-01,-1.259814095486946200e-02,2.039192831660422821e-03,3.262212121668427861e-02,3.466131404834470187e-02,8.182335630804137006e-02,5.135567870802545953e-02,8.395161085825879332e-02,2.655395811846286702e-01,1.731947918415244203e-14,6.1.1-I-900
objective_profiles,0,3,2,2.000000000000000000e+00,4.152787295564890901e-01,8.305574591129781803e-01,1.400000000000000000e+01,16384,1.085588651959688011e+00,display,256,64,65,129,7.543012521626024647e-01,-1.324757901562112483e-02,1.954653900068960108e-03,3.140075573796193703e-02,3.335540963803089454e-02,8.182335630804137006e-02,5.135567870802545953e-02,8.395161085825879332e-02,2.655395811846286702e-01,1.132427485117659671e-14,6.1.1-I-900
objective_profiles,0,3,2,2.000000000000000000e+00,4.152787295564890901e-01,8.305574591129781803e-01,1.400000000000000000e+01,16384,1.085588651959688011e+00,display,256,64,65,129,7.589856356941091509e-01,-1.388572736667080879e-02,1.869222973654209585e-03,3.015825574688225583e-02,3.202747872053646194e-02,8.182335630804137006e-02,5.135567870802545953e-02,8.395161085825879332e-02,2.655395811846286702e-01,1.176836406102665933e-14,6.1.1-I-900
objective_profiles,0,3,2,2.000000000000000000e+00,4.152787295564890901e-01,8.305574591129781803e-01,1.400000000000000000e+01,16384,1.085588651959688011e+00,display,256,64,65,129,7.638453153969456677e-01,-1.450815316179441400e-02,1.783185497523792195e-03,2.889831977558359605e-02,3.068150527310738868e-02,8.182335630804137006e-02,5.135567870802545953e-02,8.395161085825879332e-02,2.655395811846286702e-01,1.176836406102665933e-14,6.1.1-I-900
objective_profiles,0,3,2,2.000000000000000000e+00,4.152787295564890901e-01,8.305574591129781803e-01,1.400000000000000000e+01,16384,1.085588651959688011e+00,display,256,64,65,129,7.688773639817741978e-01,-1.511038953509740400e-02,1.696823622408049010e-03,2.762468352527503931e-02,2.932150714768308811e-02,8.182335630804137006e-02,5.135567870802545953e-02,8.395161085825879332e-02,2.655395811846286702e-01,1.132427485117659671e-14,6.1.1-I-900
objective_profiles,0,3,2,2.000000000000000000e+00,4.152787295564890901e-01,8.305574591129781803e-01,1.400000000000000000e+01,16384,1.085588651959688011e+00,display,256,64,65,129,7.740787503306877371e-01,-1.568795058236360784e-02,1.610415086577221327e-03,2.634110821419679768e-02,2.795152330077401923e-02,8.182335630804137006e-02,5.135567870802545953e-02,8.395161085825879332e-02,2.655395811846286702e-01,1.132427485117659671e-14,6.1.1-I-900
objective_profiles,0,3,2,2.000000000000000000e+00,4.152787295564890901e-01,8.305574591129781803e-01,1.400000000000000000e+01,16384,1.085588651959688011e+00,display,256,64,65,129,7.794463413230420246e-01,-1.623634625467550857e-02,1.524232167870596911e-03,2.505136902117003836e-02,2.657560118904063462e-02,8.182335630804137006e-02,5.135567870802545953e-02,8.395161085825879332e-02,2.655395811846286702e-01,1.132427485117659671e-14,6.1.1-I-900
objective_profiles,0,3,2,2.000000000000000000e+00,4.152787295564890901e-01,8.305574591129781803e-01,1.400000000000000000e+01,16384,1.085588651959688011e+00,display,256,64,65,129,7.849769037227303237e-01,-1.675109706607144991e-02,1.438540709386377202e-03,2.375924366583411981e-02,2.519778437522049788e-02,8.182335630804137006e-02,5.135567870802545953e-02,8.395161085825879332e-02,2.655395811846286702e-01,1.132427485117659671e-14,6.1.1-I-900
objective_profiles,0,3,2,2.000000000000000000e+00,4.152787295564890901e-01,8.305574591129781803e-01,1.400000000000000000e+01,16384,1.085588651959688011e+00,display,256,64,65,129,7.906671061257641853e-01,-1.722774860456516288e-02,1.353599221467842147e-03,2.246850116450483867e-02,2.382210038597267973e-02,8.182335630804137006e-02,5.135567870802545953e-02,8.395161085825879332e-02,2.655395811846286702e-01,1.132427485117659671e-14,6.1.1-I-900
objective_profiles,0,3,2,2.000000000000000000e+00,4.152787295564890901e-01,8.305574591129781803e-01,1.400000000000000000e+01,16384,1.085588651959688011e+00,display,256,64,65,129,7.965135209669864658e-01,-1.766188579447474510e-02,1.269658061748251375e-03,2.118289079830239230e-02,2.245254886005064454e-02,8.182335630804137006e-02,5.135567870802545953e-02,8.395161085825879332e-02,2.655395811846286702e-01,1.443289932012703503e-14,6.1.1-I-900
objective_profiles,0,3,2,2.000000000000000000e+00,4.152787295564890901e-01,8.305574591129781803e-01,1.400000000000000000e+01,16384,1.085588651959688011e+00,display,256,64,65,129,8.025126265847083440e-01,-1.804914689303797198e-02,1.186958694192528007e-03,1.990613132782330721e-02,2.109309002201583544e-02,8.182335630804137006e-02,5.135567870802545953e-02,8.395161085825879332e-02,2.655395811846286702e-01,1.221245327087672194e-14,6.1.1-I-900
objective_profiles,0,3,2,2.000000000000000000e+00,4.152787295564890901e-01,8.305574591129781803e-01,1.400000000000000000e+01,16384,1.085588651959688011e+00,display,256,64,65,129,8.086608093420265542e-01,-1.838523707240292959e-02,1.105733027305982148e-03,1.864190048618842577e-02,1.974763351349440726e-02,8.182335630804137006e-02,5.135567870802545953e-02,8.395161085825879332e-02,2.655395811846286702e-01,1.132427485117659671e-14,6.1.1-I-900
objective_profiles,0,3,2,2.000000000000000000e+00,4.152787295564890901e-01,8.305574591129781803e-01,1.400000000000000000e+01,16384,1.085588651959688011e+00,display,256,64,65,129,8.149543658035435234e-01,-1.866594173222503247e-02,1.026202830974718002e-03,1.739382477981438885e-02,1.842002761078910533e-02,8.182335630804137006e-02,5.135567870802545953e-02,8.395161085825879332e-02,2.655395811846286702e-01,1.698641227676489507e-14,6.1.1-I-900
objective_profiles,0,3,2,2.000000000000000000e+00,4.152787295564890901e-01,8.305574591129781803e-01,1.400000000000000000e+01,16384,1.085588651959688011e+00,display,256,64,65,129,8.213895049661780190e-01,-1.888713933030500974e-02,9.485792307634900895e-04,1.616546962374827007e-02,1.711404885451175972e-02,8.182335630804137006e-02,5.135567870802545953e-02,8.395161085825879332e-02,2.655395811846286702e-01,1.620925615952728549e-14,6.1.1-I-900
objective_profiles,0,3,2,2.000000000000000000e+00,4.152787295564890901e-01,8.305574591129781803e-01,1.400000000000000000e+01,16384,1.085588651959688011e+00,display,256,64,65,129,8.279623505427240460e-01,-1.904481385927907222e-02,8.730622779257380577e-04,1.496032983590311546e-02,1.583339211382885428e-02,8.182335630804137006e-02,5.135567870802545953e-02,8.395161085825879332e-02,2.655395811846286702e-01,2.131628207280300558e-14,6.1.1-I-900
objective_profiles,0,3,2,2.000000000000000000e+00,4.152787295564890901e-01,8.305574591129781803e-01,1.400000000000000000e+01,16384,1.085588651959688011e+00,display,256,64,65,129,8.346689432967805411e-01,-1.913506676938062437e-02,7.998405928807725924e-04,1.378182051203914044e-02,1.458166110491991227e-02,8.182335630804137006e-02,5.135567870802545953e-02,8.395161085825879332e-02,2.655395811846286702e-01,1.265654248072678456e-14,6.1.1-I-900
objective_profiles,0,3,2,2.000000000000000000e+00,4.152787295564890901e-01,8.305574591129781803e-01,1.400000000000000000e+01,16384,1.085588651959688011e+00,display,256,64,65,129,8.415052434276482085e-01,-1.915412854455786004e-02,7.290910794820740963e-04,1.263326830088718107e-02,1.336235938036925593e-02,8.182335630804137006e-02,5.135567870802545953e-02,8.395161085825879332e-02,2.655395811846286702e-01,1.132427485117659671e-14,6.1.1-I-900
objective_profiles,0,3,2,2.000000000000000000e+00,4.152787295564890901e-01,8.305574591129781803e-01,1.400000000000000000e+01,16384,1.085588651959688011e+00,display,256,64,65,129,8.484671330037540926e-01,-1.909836966766606525e-02,6.609787070385112883e-04,1.151790309640602847e-02,1.217888180344453911e-02,8.182335630804137006e-02,5.135567870802545953e-02,8.395161085825879332e-02,2.655395811846286702e-01,1.132427485117659671e-14,6.1.1-I-900
objective_profiles,0,3,2,2.000000000000000000e+00,4.152787295564890901e-01,8.305574591129781803e-01,1.400000000000000000e+01,16384,1.085588651959688011e+00,display,256,64,65,129,8.555504184431391712e-01,-1.896431111218446069e-02,5.956563567546062886e-04,1.043885016182858651e-02,1.103450651858319323e-02,8.182335630804137006e-02,5.135567870802545953e-02,8.395161085825879332e-02,2.655395811846286702e-01,1.743050148661495768e-14,6.1.1-I-900
objective_profiles,0,3,2,2.000000000000000000e+00,4.152787295564890901e-01,8.305574591129781803e-01,1.400000000000000000e+01,16384,1.085588651959688011e+00,display,256,64,65,129,8.627508330395159408e-01,-1.874863425930151789e-02,5.332647290225742782e-04,9.399122697882717967e-03,9.932387426905291486e-03,8.182335630804137006e-02,5.135567870802545953e-02,8.395161085825879332e-02,2.655395811846286702e-01,1.132427485117659671e-14,6.1.1-I-900
objective_profiles,0,3,2,2.000000000000000000e+00,4.152787295564890901e-01,8.305574591129781803e-01,1.400000000000000000e+01,16384,1.085588651959688011e+00,display,256,64,65,129,8.700640395323723242e-01,-1.844819032719826821e-02,4.739323078261288330e-04,8.401614865397345755e-03,8.875547173223474751e-03,8.182335630804137006e-02,5.135567870802545953e-02,8.395161085825879332e-02,2.655395811846286702e-01,1.354472090042690979e-14,6.1.1-I-900
objective_profiles,0,3,2,2.000000000000000000e+00,4.152787295564890901e-01,8.305574591129781803e-01,1.400000000000000000e+01,16384,1.085588651959688011e+00,display,256,64,65,129,8.774856327195754702e-01,-1.806000914482585457e-02,4.177753783970462311e-04,7.449095270409748608e-03,7.866870648806794514e-03,8.182335630804137006e-02,5.135567870802545953e-02,8.395161085825879332e-02,2.655395811846286702e-01,1.132427485117659671e-14,6.1.1-I-900
objective_profiles,0,3,2,2.000000000000000000e+00,4.152787295564890901e-01,8.305574591129781803e-01,1.400000000000000000e+01,16384,1.085588651959688011e+00,display,256,64,65,129,8.850111421109007059e-01,-1.758130744054975381e-02,3.648980941982194305e-04,6.544200917898816000e-03,6.909099012097035322e-03,8.182335630804137006e-02,5.135567870802545953e-02,8.395161085825879332e-02,2.655395811846286702e-01,1.176836406102665933e-14,6.1.1-I-900
objective_profiles,0,3,2,2.000000000000000000e+00,4.152787295564890901e-01,8.305574591129781803e-01,1.400000000000000000e+01,16384,1.085588651959688011e+00,display,256,64,65,129,8.926360346208876972e-01,-1.700949650587939982e-02,3.153925892849000160e-04,5.689431638380886350e-03,6.004824227665786149e-03,8.182335630804137006e-02,5.135567870802545953e-02,8.395161085825879332e-02,2.655395811846286702e-01,1.132427485117659671e-14,6.1.1-I-900
objective_profiles,0,3,2,2.000000000000000000e+00,4.152787295564890901e-01,8.305574591129781803e-01,1.400000000000000000e+01,16384,1.085588651959688011e+00,display,256,64,65,129,9.003557172994012259e-01,-1.634218932715235384e-02,2.693391321149694677e-04,4.887144989816383754e-03,5.156484121931353276e-03,8.182335630804137006e-02,5.135567870802545953e-02,8.395161085825879332e-02,2.655395811846286702e-01,1.676436767183986376e-14,6.1.1-I-900
objective_profiles,0,3,2,2.000000000000000000e+00,4.152787295564890901e-01,8.305574591129781803e-01,1.400000000000000000e+01,16384,1.085588651959688011e+00,display,256,64,65,129,9.081655400982534543e-01,-1.557720709545010705e-02,2.268063169337602113e-04,4.139551635598559022e-03,4.366357952532319044e-03,8.182335630804137006e-02,5.135567870802545953e-02,8.395161085825879332e-02,2.655395811846286702e-01,2.486899575160350651e-14,6.1.1-I-900
objective_profiles,0,3,2,2.000000000000000000e+00,4.152787295564890901e-01,8.305574591129781803e-01,1.400000000000000000e+01,16384,1.085588651959688011e+00,display,256,64,65,129,9.160607986722184570e-01,-1.471258507092419905e-02,1.878512889457568079e-04,3.448711197825458409e-03,3.636562486771215217e-03,8.182335630804137006e-02,5.135567870802545953e-02,8.395161085825879332e-02,2.655395811846286702e-01,1.132427485117659671e-14,6.1.1-I-900
objective_profiles,0,3,2,2.000000000000000000e+00,4.152787295564890901e-01,8.305574591129781803e-01,1.400000000000000000e+01,16384,1.085588651959688011e+00,display,256,64,65,129,9.240367372127540335e-01,-1.374657792521776639e-02,1.525199995976493314e-04,2.816528583591521029e-03,2.969048583189170306e-03,8.182335630804137006e-02,5.135567870802545953e-02,8.395161085825879332e-02,2.655395811846286702e-01,1.709743457922741072e-14,6.1.1-I-900
objective_profiles,0,3,2,2.000000000000000000e+00,4.152787295564890901e-01,8.305574591129781803e-01,1.400000000000000000e+01,16384,1.085588651959688011e+00,display,256,64,65,129,9.320885513127229460e-01,-1.267766447391700455e-02,1.208474884325488316e-04,2.244750780680002632e-03,2.365598269112551260e-03,8.182335630804137006e-02,5.135567870802545953e-02,8.395161085825879332e-02,2.655395811846286702e-01,2.087219286295294296e-14,6.1.1-I-900
objective_profiles,0,3,2,2.000000000000000000e+00,4.152787295564890901e-01,8.305574591129781803e-01,1.400000000000000000e+01,16384,1.085588651959688011e+00,display,256,64,65,129,9.402113908603878523e-01,-1.150455177383471334e-02,9.285818812760832422e-05,1.734964117784419451e-03,1.827822305912027694e-03,8.182335630804137006e-02,5.135567870802545953e-02,8.395161085825879332e-02,2.655395811846286702e-01,1.132427485117659671e-14,6.1.1-I-900
objective_profiles,0,3,2,2.000000000000000000e+00,4.152787295564890901e-01,8.305574591129781803e-01,1.400000000000000000e+01,16384,1.085588651959688011e+00,display,256,64,65,129,9.484003629609381036e-01,-1.022617866423055667e-02,6.856624949408624600e-05,1.288591983235532010e-03,1.357158232729618365e-03,8.182335630804137006e-02,5.135567870802545953e-02,8.395161085825879332e-02,2.655395811846286702e-01,1.132427485117659671e-14,6.1.1-I-900
objective_profiles,0,3,2,2.000000000000000000e+00,4.152787295564890901e-01,8.305574591129781803e-01,1.400000000000000000e+01,16384,1.085588651959688011e+00,display,256,64,65,129,9.566505348837854861e-01,-8.841718784019911639e-03,4.797588339639858104e-05,9.068929951597678139e-04,9.548688785561663950e-04,8.182335630804137006e-02,5.135567870802545953e-02,8.395161085825879332e-02,2.655395811846286702e-01,1.132427485117659671e-14,6.1.1-I-900
objective_profiles,0,3,2,2.000000000000000000e+00,4.152787295564890901e-01,8.305574591129781803e-01,1.400000000000000000e+01,16384,1.085588651959688011e+00,display,256,64,65,129,9.649569370338575425e-01,-7.350582957382455901e-03,3.108171673049535036e-05,5.909596150376429441e-04,6.220413317681382876e-04,8.182335630804137006e-02,5.135567870802545953e-02,8.395161085825879332e-02,2.655395811846286702e-01,1.887379141862766119e-14,6.1.1-I-900
objective_profiles,0,3,2,2.000000000000000000e+00,4.152787295564890901e-01,8.305574591129781803e-01,1.400000000000000000e+01,16384,1.085588651959688011e+00,display,256,64,65,129,9.733145659450954668e-01,-5.752420963332915450e-03,1.786915979118594013e-05,3.417171957655502088e-04,3.595863555567361354e-04,8.182335630804137006e-02,5.135567870802545953e-02,8.395161085825879332e-02,2.655395811846286702e-01,1.132427485117659671e-14,6.1.1-I-900
objective_profiles,0,3,2,2.000000000000000000e+00,4.152787295564890901e-01,8.305574591129781803e-01,1.400000000000000000e+01,16384,1.085588651959688011e+00,display,256,64,65,129,9.817183872943550105e-01,-4.047122805242141415e-03,8.314782547933061743e-06,1.599234545441230644e-04,1.682382370920561363e-04,8.182335630804137006e-02,5.135567870802545953e-02,8.395161085825879332e-02,2.655395811846286702e-01,1.132427485117659671e-14,6.1.1-I-900
objective_profiles,0,3,2,2.000000000000000000e+00,4.152787295564890901e-01,8.305574591129781803e-01,1.400000000000000000e+01,16384,1.085588651959688011e+00,display,256,64,65,129,9.901633389338944102e-01,-2.234819394012666979e-03,2.386697538943936183e-06,4.616836022396972843e-05,4.855505776291366588e-05,8.182335630804137006e-02,5.135567870802545953e-02,8.395161085825879332e-02,2.655395811846286702e-01,1.132427485117659671e-14,6.1.1-I-900
objective_profiles,0,3,2,2.000000000000000000e+00,4.152787295564890901e-01,8.305574591129781803e-01,1.400000000000000000e+01,16384,1.085588651959688011e+00,display,256,64,65,129,9.986443339406233521e-01,-3.158826707244439440e-04,4.494728013710631347e-08,8.744241173796788886e-07,9.193713975167852220e-07,8.182335630804137006e-02,5.135567870802545953e-02,8.395161085825879332e-02,2.655395811846286702e-01,1.132427485117659671e-14,6.1.1-I-900
objective_profiles,0,3,2,2.000000000000000000e+00,4.152787295564890901e-01,8.305574591129781803e-01,1.400000000000000000e+01,16384,1.085588651959688011e+00,display,256,64,65,129,1.007156263680274222e+00,1.709074748970386892e-03,1.241894269559212620e-06,2.429738274488895913e-05,2.553927701444817132e-05,8.182335630804137006e-02,5.135567870802545953e-02,8.395161085825879332e-02,2.655395811846286702e-01,1.132427485117659671e-14,6.1.1-I-900
objective_profiles,0,3,2,2.000000000000000000e+00,4.152787295564890901e-01,8.305574591129781803e-01,1.400000000000000000e+01,16384,1.085588651959688011e+00,display,256,64,65,129,1.015694000884653558e+00,3.839200522051297235e-03,5.922611844890745808e-06,1.165272605090207994e-04,1.224498723539115528e-04,8.182335630804137006e-02,5.135567870802545953e-02,8.395161085825879332e-02,2.655395811846286702e-01,1.132427485117659671e-14,6.1.1-I-900
objective_profiles,0,3,2,2.000000000000000000e+00,4.152787295564890901e-01,8.305574591129781803e-01,1.400000000000000000e+01,16384,1.085588651959688011e+00,display,256,64,65,129,1.024252402740116308e+00,6.073404017433061200e-03,1.402527432338654552e-05,2.774897998766319559e-04,2.915150742000185285e-04,8.182335630804137006e-02,5.135567870802545953e-02,8.395161085825879332e-02,2.655395811846286702e-01,1.643130076445231680e-14,6.1.1-I-900
objective_profiles,0,3,2,2.000000000000000000e+00,4.152787295564890901e-01,8.305574591129781803e-01,1.400000000000000000e+01,16384,1.085588651959688011e+00,display,256,64,65,129,1.032826313985403477e+00,8.410358292933097640e-03,2.548154501687603676e-05,5.069482463028175635e-04,5.324297913196936443e-04,8.182335630804137006e-02,5.135567870802545953e-02,8.395161085825879332e-02,2.655395811846286702e-01,1.643130076445231680e-14,6.1.1-I-900
objective_profiles,0,3,2,2.000000000000000000e+00,4.152787295564890901e-01,8.305574591129781803e-01,1.400000000000000000e+01,16384,1.085588651959688011e+00,display,256,64,65,129,1.041410570016980675e+00,1.084850252767981423e-02,4.021696087050388659e-05,8.045054748351282035e-04,8.447224357056320630e-04,8.182335630804137006e-02,5.135567870802545953e-02,8.395161085825879332e-02,2.655395811846286702e-01,1.132427485117659671e-14,6.1.1-I-900
objective_profiles,0,3,2,2.000000000000000000e+00,4.152787295564890901e-01,8.305574591129781803e-01,1.400000000000000000e+01,16384,1.085588651959688011e+00,display,256,64,65,129,1.049999999999999822e+00,1.338604496555424565e-02,5.815131262027248933e-05,1.169606445094503256e-03,1.227757757714775799e-03,8.182335630804137006e-02,5.135567870802545953e-02,8.395161085825879332e-02,2.655395811846286702e-01,2.164934898019055254e-14,6.1.1-I-900
objective_profiles,0,3,2,2.000000000000000000e+00,4.152787295564890901e-01,8.305574591129781803e-01,1.400000000000000000e+01,16384,1.085588651959688011e+00,display,256,64,65,129,1.058589429983019192e+00,1.602096634837193306e-02,7.919901950308428599e-05,1.601540971134597690e-03,1.680739990637682016e-03,8.182335630804137006e-02,5.135567870802545953e-02,8.395161085825879332e-02,2.655395811846286702e-01,2.198241588757809950e-14,6.1.1-I-900
objective_profiles,0,3,2,2.000000000000000000e+00,4.152787295564890901e-01,8.305574591129781803e-01,1.400000000000000000e+01,16384,1.085588651959688011e+00,display,256,64,65,129,1.067173686014596168e+00,1.875102373944679754e-02,1.032694976815750048e-04,2.099446792531443721e-03,2.202716290213018943e-03,8.182335630804137006e-02,5.135567870802545953e-02,8.395161085825879332e-02,2.655395811846286702e-01,1.132427485117659671e-14,6.1.1-I-900
objective_profiles,0,3,2,2.000000000000000000e+00,4.152787295564890901e-01,8.305574591129781803e-01,1.400000000000000000e+01,16384,1.085588651959688011e+00,display,256,64,65,129,1.075747597259883559e+00,2.157375487088552049e-02,1.302675216659663563e-04,2.662312932945453542e-03,2.792580454611419925e-03,8.182335630804137006e-02,5.135567870802545953e-02,8.395161085825879332e-02,2.655395811846286702e-01,1.132427485117659671e-14,6.1.1-I-900
objective_profiles,0,3,2,2.000000000000000000e+00,4.152787295564890901e-01,8.305574591129781803e-01,1.400000000000000000e+01,16384,1.085588651959688011e+00,display,256,64,65,129,1.084305999115346086e+00,2.448648287466249213e-02,1.600935781263517908e-04,3.288983332322593153e-03,3.449076910448945106e-03,8.182335630804137006e-02,5.135567870802545953e-02,8.395161085825879332e-02,2.655395811846286702e-01,1.132427485117659671e-14,6.1.1-I-900
objective_profiles,0,3,2,2.000000000000000000e+00,4.152787295564890901e-01,8.305574591129781803e-01,1.400000000000000000e+01,16384,1.085588651959688011e+00,display,256,64,65,129,1.092843736319725645e+00,2.748632139576183062e-02,1.926442115901213538e-04,3.978160738865955948e-03,4.170804950456076868e-03,8.182335630804137006e-02,5.135567870802545953e-02,8.395161085825879332e-02,2.655395811846286702e-01,1.298960938811433152e-14,6.1.1-I-900
objective_profiles,0,3,2,2.000000000000000000e+00,4.152787295564890901e-01,8.305574591129781803e-01,1.400000000000000000e+01,16384,1.085588651959688011e+00,display,256,64,65,129,1.101355666059376404e+00,3.057018020643654035e-02,2.278123616133998213e-04,4.728410846893984359e-03,4.956223208507384154e-03,8.182335630804137006e-02,5.135567870802545953e-02,8.395161085825879332e-02,2.655395811846286702e-01,1.132427485117659671e-14,6.1.1-I-900
objective_profiles,0,3,2,2.000000000000000000e+00,4.152787295564890901e-01,8.305574591129781803e-01,1.400000000000000000e+01,16384,1.085588651959688011e+00,display,256,64,65,129,1.109836661066105457e+00,3.373477110809242063e-02,2.654876910995590512e-04,5.538166666727872313e-03,5.803654357827430985e-03,8.182335630804137006e-02,5.135567870802545953e-02,8.395161085825879332e-02,2.655395811846286702e-01,3.064215547965432052e-14,6.1.1-I-900
objective_profiles,0,3,2,2.000000000000000000e+00,4.152787295564890901e-01,8.305574591129781803e-01,1.400000000000000000e+01,16384,1.085588651959688011e+00,display,256,64,65,129,1.118281612705644745e+00,3.697661429027036817e-02,3.055569055155698210e-04,6.405733112785848629e-03,6.711290018301418504e-03,8.182335630804137006e-02,5.135567870802545953e-02,8.395161085825879332e-02,2.655395811846286702e-01,1.132427485117659671e-14,6.1.1-I-900
objective_profiles,0,3,2,2.000000000000000000e+00,4.152787295564890901e-01,8.305574591129781803e-01,1.400000000000000000e+01,16384,1.085588651959688011e+00,display,256,64,65,129,1.126685434054904400e+00,4.029204501986766163e-02,3.479040628258413259e-04,7.329291796136915005e-03,7.677195858962756331e-03,8.182335630804137006e-02,5.135567870802545953e-02,8.395161085825879332e-02,2.655395811846286702e-01,1.132427485117659671e-14,6.1.1-I-900
objective_profiles,0,3,2,2.000000000000000000e+00,4.152787295564890901e-01,8.305574591129781803e-01,1.400000000000000000e+01,16384,1.085588651959688011e+00,display,256,64,65,129,1.135043062966142324e+00,4.367722065219894340e-02,3.924108740256718165e-04,8.306906007847591686e-03,8.699316881873263990e-03,8.182335630804137006e-02,5.135567870802545953e-02,8.395161085825879332e-02,2.655395811846286702e-01,1.132427485117659671e-14,6.1.1-I-900
objective_profiles,0,3,2,2.000000000000000000e+00,4.152787295564890901e-01,8.305574591129781803e-01,1.400000000000000000e+01,16384,1.085588651959688011e+00,display,256,64,65,129,1.143349465116214381e+00,4.712812797142538340e-02,4.389569942117054250e-04,9.336525879562549562e-03,9.775482873774254608e-03,8.182335630804137006e-02,5.135567870802545953e-02,8.395161085825879332e-02,2.655395811846286702e-01,1.132427485117659671e-14,6.1.1-I-900
objective_profiles,0,3,2,2.000000000000000000e+00,4.152787295564890901e-01,8.305574591129781803e-01,1.400000000000000000e+01,16384,1.085588651959688011e+00,display,256,64,65,129,1.151599637039061541e+00,5.064059077877541837e-02,4.874203041759468734e-04,1.041599370788222866e-02,1.090341401205817580e-02,8.182335630804137006e-02,5.135567870802545953e-02,8.395161085825879332e-02,2.655395811846286702e-01,1.132427485117659671e-14,6.1.1-I-900
objective_profiles,0,3,2,2.000000000000000000e+00,4.152787295564890901e-01,8.305574591129781803e-01,1.400000000000000000e+01,16384,1.085588651959688011e+00,display,256,64,65,129,1.159788609139611903e+00,5.421027792168341131e-02,5.376771825527147750e-04,1.154304942923589476e-02,1.208072661178860932e-02,8.182335630804137006e-02,5.135567870802545953e-02,8.395161085825879332e-02,2.655395811846286702e-01,1.132427485117659671e-14,6.1.1-I-900
objective_profiles,0,3,2,2.000000000000000000e+00,4.152787295564890901e-01,8.305574591129781803e-01,1.400000000000000000e+01,16384,1.085588651959688011e+00,display,256,64,65,129,1.167911448687276810e+00,5.783271147043464455e-02,5.896027685859235807e-04,1.271533623209909064e-02,1.330493900068501455e-02,8.182335630804137006e-02,5.135567870802545953e-02,8.395161085825879332e-02,2.655395811846286702e-01,1.132427485117659671e-14,6.1.1-I-900
objective_profiles,0,3,2,2.000000000000000000e+00,4.152787295564890901e-01,8.305574591129781803e-01,1.400000000000000000e+01,16384,1.085588651959688011e+00,display,256,64,65,129,1.175963262787245833e+00,6.150327522628533383e-02,6.430712156163789685e-04,1.393040629356374384e-02,1.457347750918012302e-02,8.182335630804137006e-02,5.135567870802545953e-02,8.395161085825879332e-02,2.655395811846286702e-01,1.620925615952728549e-14,6.1.1-I-900
objective_profiles,0,3,2,2.000000000000000000e+00,4.152787295564890901e-01,8.305574591129781803e-01,1.400000000000000000e+01,16384,1.085588651959688011e+00,display,256,64,65,129,1.183939201327781188e+00,6.521722343894556517e-02,6.979559354165548648e-04,1.518572662744382788e-02,1.588368256286038296e-02,8.182335630804137006e-02,5.135567870802545953e-02,8.395161085825879332e-02,2.655395811846286702e-01,1.132427485117659671e-14,6.1.1-I-900
objective_profiles,0,3,2,2.000000000000000000e+00,4.152787295564890901e-01,8.305574591129781803e-01,1.400000000000000000e+01,16384,1.085588651959688011e+00,display,256,64,65,129,1.191834459901746301e+00,6.896968968951888712e-02,7.541298335241651378e-04,1.647868503127655412e-02,1.723281486480071970e-02,8.182335630804137006e-02,5.135567870802545953e-02,8.395161085825879332e-02,2.655395811846286702e-01,1.620925615952728549e-14,6.1.1-I-900
objective_profiles,0,3,2,2.000000000000000000e+00,4.152787295564890901e-01,8.305574591129781803e-01,1.400000000000000000e+01,16384,1.085588651959688011e+00,display,256,64,65,129,1.199644282700598641e+00,7.275569611053497865e-02,8.114655357453817979e-04,1.780659611977201268e-02,1.861806165551739556e-02,8.182335630804137006e-02,5.135567870802545953e-02,8.395161085825879332e-02,2.655395811846286702e-01,1.132427485117659671e-14,6.1.1-I-900
objective_profiles,0,3,2,2.000000000000000000e+00,4.152787295564890901e-01,8.305574591129781803e-01,1.400000000000000000e+01,16384,1.085588651959688011e+00,display,256,64,65,129,1.207363965379112170e+00,7.657016271070604674e-02,8.698356060147522783e-04,1.916670743245671785e-02,2.003654303847146947e-02,8.182335630804137006e-02,5.135567870802545953e-02,8.395161085825879332e-02,2.655395811846286702e-01,1.132427485117659671e-14,6.1.1-I-900
objective_profiles,0,3,2,2.000000000000000000e+00,4.152787295564890901e-01,8.305574591129781803e-01,1.400000000000000000e+01,16384,1.085588651959688011e+00,display,256,64,65,129,1.214988857889099272e+00,8.040791689766930983e-02,9.291127558118223665e-04,2.055620560346266626e-02,2.148531835927448841e-02,8.182335630804137006e-02,5.135567870802545953e-02,8.395161085825879332e-02,2.655395811846286702e-01,1.132427485117659671e-14,6.1.1-I-900
objective_profiles,0,3,2,2.000000000000000000e+00,4.152787295564890901e-01,8.305574591129781803e-01,1.400000000000000000e+01,16384,1.085588651959688011e+00,display,256,64,65,129,1.222514367280424175e+00,8.426370311772878041e-02,9.891700453446296802e-04,2.197222258161932867e-02,2.296139262696395705e-02,8.182335630804137006e-02,5.135567870802545953e-02,8.395161085825879332e-02,2.655395811846286702e-01,1.132427485117659671e-14,6.1.1-I-900
objective_profiles,0,3,2,2.000000000000000000e+00,4.152787295564890901e-01,8.305574591129781803e-01,1.400000000000000000e+01,16384,1.085588651959688011e+00,display,256,64,65,129,1.229935960467627432e+00,8.813219264945210130e-02,1.049881076717885421e-03,2.341184188922049506e-02,2.446172296593837961e-02,8.182335630804137006e-02,5.135567870802545953e-02,8.395161085825879332e-02,2.655395811846286702e-01,1.132427485117659671e-14,6.1.1-I-900
objective_profiles,0,3,2,2.000000000000000000e+00,4.152787295564890901e-01,8.305574591129781803e-01,1.400000000000000000e+01,16384,1.085588651959688011e+00,display,256,64,65,129,1.237249166960483926e+00,9.200799352342456383e-02,1.111120179308490745e-03,2.487210490805606689e-02,2.598322508736455871e-02,8.182335630804137006e-02,5.135567870802545953e-02,8.395161085825879332e-02,2.655395811846286702e-01,1.132427485117659671e-14,6.1.1-I-900
objective_profiles,0,3,2,2.000000000000000000e+00,4.152787295564890901e-01,8.305574591129781803e-01,1.400000000000000000e+01,16384,1.085588651959688011e+00,display,256,64,65,129,1.244449581556860585e+00,9.588566055346843531e-02,1.172762587574983180e-03,2.635001718151979214e-02,2.752277976909477467e-02,8.182335630804137006e-02,5.135567870802545953e-02,8.395161085825879332e-02,2.655395811846286702e-01,1.132427485117659671e-14,6.1.1-I-900
objective_profiles,0,3,2,2.000000000000000000e+00,4.152787295564890901e-01,8.305574591129781803e-01,1.400000000000000000e+01,16384,1.085588651959688011e+00,display,256,64,65,129,1.251532866996245774e+00,9.975970544772547188e-02,1.234684611528188546e-03,2.784255472183193997e-02,2.907723933336012895e-02,8.182335630804137006e-02,5.135567870802545953e-02,8.395161085825879332e-02,2.655395811846286702e-01,1.132427485117659671e-14,6.1.1-I-900
objective_profiles,0,3,2,2.000000000000000000e+00,4.152787295564890901e-01,8.305574591129781803e-01,1.400000000000000000e+01,16384,1.085588651959688011e+00,display,256,64,65,129,1.258494756572351658e+00,1.036246069419874960e-01,1.296763800090790968e-03,2.934667031163932030e-02,3.064343411173011192e-02,8.182335630804137006e-02,5.135567870802545953e-02,8.395161085825879332e-02,2.655395811846286702e-01,1.132427485117659671e-14,6.1.1-I-900
objective_profiles,0,3,2,2.000000000000000000e+00,4.152787295564890901e-01,8.305574591129781803e-01,1.400000000000000000e+01,16384,1.085588651959688011e+00,display,256,64,65,129,1.265331056703219215e+00,1.074748210421046513e-01,1.358879097571981647e-03,3.085929978949320321e-02,3.221817888706518529e-02,8.182335630804137006e-02,5.135567870802545953e-02,8.395161085825879332e-02,2.655395811846286702e-01,1.132427485117659671e-14,6.1.1-I-900
objective_profiles,0,3,2,2.000000000000000000e+00,4.152787295564890901e-01,8.305574591129781803e-01,1.400000000000000000e+01,16384,1.085588651959688011e+00,display,256,64,65,129,1.272037649457275599e+00,1.113047912248470717e-01,1.420910993480274664e-03,3.237736830893307022e-02,3.379827930241334488e-02,8.182335630804137006e-02,5.135567870802545953e-02,8.395161085825879332e-02,2.655395811846286702e-01,1.132427485117659671e-14,6.1.1-I-900
objective_profiles,0,3,2,2.000000000000000000e+00,4.152787295564890901e-01,8.305574591129781803e-01,1.400000000000000000e+01,16384,1.085588651959688011e+00,display,256,64,65,129,1.278610495033821737e+00,1.151089586778411694e-01,1.482741665894733761e-03,3.389779656114604023e-02,3.538053822704077117e-02,8.182335630804137006e-02,5.135567870802545953e-02,8.395161085825879332e-02,2.655395811846286702e-01,1.132427485117659671e-14,6.1.1-I-900
objective_profiles,0,3,2,2.000000000000000000e+00,4.152787295564890901e-01,8.305574591129781803e-01,1.400000000000000000e+01,16384,1.085588651959688011e+00,display,256,64,65,129,1.285045634196456454e+00,1.188817725486916860e-01,1.544255118609469488e-03,3.541750695140476191e-02,3.696176207001423270e-02,8.182335630804137006e-02,5.135567870802545953e-02,8.395161085825879332e-02,2.655395811846286702e-01,1.210143096841420629e-14,6.1.1-I-900
objective_profiles,0,3,2,2.000000000000000000e+00,4.152787295564890901e-01,8.305574591129781803e-01,1.400000000000000000e+01,16384,1.085588651959688011e+00,display,256,64,65,129,1.291339190657973424e+00,1.226177001498041652e-01,1.605337312261950538e-03,3.693342971973250649e-02,3.853876703199445725e-02,8.182335630804137006e-02,5.135567870802545953e-02,8.395161085825879332e-02,2.655395811846286702e-01,1.132427485117659671e-14,6.1.1-I-900
objective_profiles,0,3,2,2.000000000000000000e+00,4.152787295564890901e-01,8.305574591129781803e-01,1.400000000000000000e+01,16384,1.085588651959688011e+00,display,256,64,65,129,1.297487373415291412e+00,1.263112371093848274e-01,1.665876289649085695e-03,3.844250899647985026e-02,4.010838528612893639e-02,8.182335630804137006e-02,5.135567870802545953e-02,8.395161085825879332e-02,2.655395811846286702e-01,1.132427485117659671e-14,6.1.1-I-900
objective_profiles,0,3,2,2.000000000000000000e+00,4.152787295564890901e-01,8.305574591129781803e-01,1.400000000000000000e+01,16384,1.085588651959688011e+00,display,256,64,65,129,1.303486479033013179e+00,1.299569174486451262e-01,1.725762295429349863e-03,3.994170878374698336e-02,4.166747107917632975e-02,8.182335630804137006e-02,5.135567870802545953e-02,8.395161085825879332e-02,2.655395811846286702e-01,1.487698852997709764e-14,6.1.1-I-900
objective_profiles,0,3,2,2.000000000000000000e+00,4.152787295564890901e-01,8.305574591129781803e-01,1.400000000000000000e+01,16384,1.085588651959688011e+00,display,256,64,65,129,1.309332893874235459e+00,1.335493236174315201e-01,1.784887890402441640e-03,4.142801885382572935e-02,4.321290674422817446e-02,8.182335630804137006e-02,5.135567870802545953e-02,8.395161085825879332e-02,2.655395811846286702e-01,1.132427485117659671e-14,6.1.1-I-900
objective_profiles,0,3,2,2.000000000000000000e+00,4.152787295564890901e-01,8.305574591129781803e-01,1.400000000000000000e+01,16384,1.085588651959688011e+00,display,256,64,65,129,1.315023096277269543e+00,1.370830963958324933e-01,1.843148060550861816e-03,4.289846055608777242e-02,4.474160861663863120e-02,8.182335630804137006e-02,5.135567870802545953e-02,8.395161085825879332e-02,2.655395811846286702e-01,1.132427485117659671e-14,6.1.1-I-900
objective_profiles,0,3,2,2.000000000000000000e+00,4.152787295564890901e-01,8.305574591129781803e-01,1.400000000000000000e+01,16384,1.085588651959688011e+00,display,256,64,65,129,1.320553658676957731e+00,1.405529446972141328e-01,1.900440321020875883e-03,4.435009252398419005e-02,4.625053284500506290e-02,8.182335630804137006e-02,5.135567870802545953e-02,8.395161085825879332e-02,2.655395811846286702e-01,1.132427485117659671e-14,6.1.1-I-900
objective_profiles,0,3,2,2.000000000000000000e+00,4.152787295564890901e-01,8.305574591129781803e-01,1.400000000000000000e+01,16384,1.085588651959688011e+00,display,256,64,65,129,1.325921249669312019e+00,1.439536552510815859e-01,1.956664815213211926e-03,4.578001627408513630e-02,4.773668108929834952e-02,8.182335630804137006e-02,5.135567870802545953e-02,8.395161085825879332e-02,2.655395811846286702e-01,1.132427485117659671e-14,6.1.1-I-900
objective_profiles,0,3,2,2.000000000000000000e+00,4.152787295564890901e-01,8.305574591129781803e-01,1.400000000000000000e+01,16384,1.085588651959688011e+00,display,256,64,65,129,1.331122636018225558e+00,1.472801021033489366e-01,2.011724409145907583e-03,4.718538168932043253e-02,4.919710609846633664e-02,8.182335630804137006e-02,5.135567870802545953e-02,8.395161085825879332e-02,2.655395811846286702e-01,1.432187701766451937e-14,6.1.1-I-900
objective_profiles,0,3,2,2.000000000000000000e+00,4.152787295564890901e-01,8.305574591129781803e-01,1.400000000000000000e+01,16384,1.085588651959688011e+00,display,256,64,65,129,1.336154684603054088e+00,1.505272559476967253e-01,2.065524781245121119e-03,4.856339237885416021e-02,5.062891716009928350e-02,8.182335630804137006e-02,5.135567870802545953e-02,8.395161085825879332e-02,2.655395811846286702e-01,1.132427485117659671e-14,6.1.1-I-900
objective_profiles,0,3,2,2.000000000000000000e+00,4.152787295564890901e-01,8.305574591129781803e-01,1.400000000000000000e+01,16384,1.085588651959688011e+00,display,256,64,65,129,1.341014364305890716e+00,1.536901932957429884e-01,2.117974507711848590e-03,4.991131090726102365e-02,5.202928541497287007e-02,8.182335630804137006e-02,5.135567870802545953e-02,8.395161085825879332e-02,2.655395811846286702e-01,1.243449787580175325e-14,6.1.1-I-900
objective_profiles,0,3,2,2.000000000000000000e+00,4.152787295564890901e-01,8.305574591129781803e-01,1.400000000000000000e+01,16384,1.085588651959688011e+00,display,256,64,65,129,1.345698747837397402e+00,1.567641054702686443e-01,2.168985143605203694e-03,5.122646388593878747e-02,5.339544902954398986e-02,8.182335630804137006e-02,5.135567870802545953e-02,8.395161085825879332e-02,2.655395811846286702e-01,1.132427485117659671e-14,6.1.1-I-900
objective_profiles,0,3,2,2.000000000000000000e+00,4.152787295564890901e-01,8.305574591129781803e-01,1.400000000000000000e+01,16384,1.085588651959688011e+00,display,256,64,65,129,1.350205013500095141e+00,1.597443073322512563e-01,2.218471299776112859e-03,5.250624691994146276e-02,5.472471821971757605e-02,8.182335630804137006e-02,5.135567870802545953e-02,8.395161085825879332e-02,2.655395811846286702e-01,1.132427485117659671e-14,6.1.1-I-900
objective_profiles,0,3,2,2.000000000000000000e+00,4.152787295564890901e-01,8.305574591129781803e-01,1.400000000000000000e+01,16384,1.085588651959688011e+00,display,256,64,65,129,1.354530446888048800e+00,1.626262458073286232e-01,2.266350715777520463e-03,5.374812940367481445e-02,5.601448011945233535e-02,8.182335630804137006e-02,5.135567870802545953e-02,8.395161085825879332e-02,2.655395811846286702e-01,1.132427485117659671e-14,6.1.1-I-900
objective_profiles,0,3,2,2.000000000000000000e+00,4.152787295564890901e-01,8.305574591129781803e-01,1.400000000000000000e+01,16384,1.085588651959688011e+00,display,256,64,65,129,1.358672442521924095e+00,1.654055081739934652e-01,2.312544328870939307e-03,5.494965915915429183e-02,5.726220348802522897e-02,8.182335630804137006e-02,5.135567870802545953e-02,8.395161085825879332e-02,2.655395811846286702e-01,1.132427485117659671e-14,6.1.1-I-900
objective_profiles,0,3,2,2.000000000000000000e+00,4.152787295564890901e-01,8.305574591129781803e-01,1.400000000000000000e+01,16384,1.085588651959688011e+00,display,256,64,65,129,1.362628505418430169e+00,1.680778300825912508e-01,2.356976339241772904e-03,5.610846691078282683e-02,5.846544325002459713e-02,8.182335630804137006e-02,5.135567870802545953e-02,8.395161085825879332e-02,2.655395811846286702e-01,1.132427485117659671e-14,6.1.1-I-900
objective_profiles,0,3,2,2.000000000000000000e+00,4.152787295564890901e-01,8.305574591129781803e-01,1.400000000000000000e+01,16384,1.085588651959688011e+00,display,256,64,65,129,1.366396252593204963e+00,1.706391032627314619e-01,2.399574271529382550e-03,5.722227059086854722e-02,5.962184486239793108e-02,8.182335630804137006e-02,5.135567870802545953e-02,8.395161085825879332e-02,2.655395811846286702e-01,1.743050148661495768e-14,6.1.1-I-900
objective_profiles,0,3,2,2.000000000000000000e+00,4.152787295564890901e-01,8.305574591129781803e-01,1.400000000000000000e+01,16384,1.085588651959688011e+00,display,256,64,65,129,1.369973414496235664e+00,1.730853830342296562e-01,2.440269032771657902e-03,5.828887947036014844e-02,6.072914850313180374e-02,8.182335630804137006e-02,5.135567870802545953e-02,8.395161085825879332e-02,2.655395811846286702e-01,1.132427485117659671e-14,6.1.1-I-900
objective_profiles,0,3,2,2.000000000000000000e+00,4.152787295564890901e-01,8.305574591129781803e-01,1.400000000000000000e+01,16384,1.085588651959688011e+00,display,256,64,65,129,1.373357836378950259e+00,1.754128954346061697e-01,2.478994966856914398e-03,5.930619810954027016e-02,6.178519307639718239e-02,8.182335630804137006e-02,5.135567870802545953e-02,8.395161085825879332e-02,2.655395811846286702e-01,1.132427485117659671e-14,6.1.1-I-900
objective_profiles,0,3,2,2.000000000000000000e+00,4.152787295564890901e-01,8.305574591129781803e-01,1.400000000000000000e+01,16384,1.085588651959688011e+00,display,256,64,65,129,1.376547479592158396e+00,1.776180440658141901e-01,2.515689905570510278e-03,6.027223012368330968e-02,6.278792002925381865e-02,8.182335630804137006e-02,5.135567870802545953e-02,8.395161085825879332e-02,2.655395811846286702e-01,1.132427485117659671e-14,6.1.1-I-900
objective_profiles,0,3,2,2.000000000000000000e+00,4.152787295564890901e-01,8.305574591129781803e-01,1.400000000000000000e+01,16384,1.085588651959688011e+00,display,256,64,65,129,1.379540422814057088e+00,1.796974166200268896e-01,2.550295216317121066e-03,6.118508175894290385e-02,6.373537697526002188e-02,8.182335630804137006e-02,5.135567870802545953e-02,8.395161085825879332e-02,2.655395811846286702e-01,1.132427485117659671e-14,6.1.1-I-900
objective_profiles,0,3,2,2.000000000000000000e+00,4.152787295564890901e-01,8.305574591129781803e-01,1.400000000000000000e+01,16384,1.085588651959688011e+00,display,256,64,65,129,1.382334863207562714e+00,1.816477910844559174e-01,2.582755846593939864e-03,6.204296527400299244e-02,6.462572112059693230e-02,8.182335630804137006e-02,5.135567870802545953e-02,8.395161085825879332e-02,2.655395811846286702e-01,1.665334536937734811e-14,6.1.1-I-900
objective_profiles,0,3,2,2.000000000000000000e+00,4.152787295564890901e-01,8.305574591129781803e-01,1.400000000000000000e+01,16384,1.085588651959688011e+00,display,256,64,65,129,1.384929117506273011e+00,1.834661415427533415e-01,2.613020365284855501e-03,6.284420212329000499e-02,6.545722248857485659e-02,8.182335630804137006e-02,5.135567870802545953e-02,8.395161085825879332e-02,2.655395811846286702e-01,1.132427485117659671e-14,6.1.1-I-900
objective_profiles,0,3,2,2.000000000000000000e+00,4.152787295564890901e-01,8.305574591129781803e-01,1.400000000000000000e+01,16384,1.085588651959688011e+00,display,256,64,65,129,1.387321623028404005e+00,1.851496436801931267e-01,2.641041000839679676e-03,6.358722593781337973e-02,6.622826693865306591e-02,8.182335630804137006e-02,5.135567870802545953e-02,8.395161085825879332e-02,2.655395811846286702e-01,1.132427485117659671e-14,6.1.1-I-900
objective_profiles,0,3,2,2.000000000000000000e+00,4.152787295564890901e-01,8.305574591129781803e-01,1.400000000000000000e+01,16384,1.085588651959688011e+00,display,256,64,65,129,1.389510938618090385e+00,1.866956799260278410e-01,2.666773676397727645e-03,6.427058529996314273e-02,6.693735897636086951e-02,8.182335630804137006e-02,5.135567870802545953e-02,8.395161085825879332e-02,2.655395811846286702e-01,1.543210004228967591e-14,6.1.1-I-900
objective_profiles,0,3,2,2.000000000000000000e+00,4.152787295564890901e-01,8.305574591129781803e-01,1.400000000000000000e+01,16384,1.085588651959688011e+00,display,256,64,65,129,1.391495745513484872e+00,1.881018441443653433e-01,2.690178041909617804e-03,6.489294630886938142e-02,6.758312435077899749e-02,8.182335630804137006e-02,5.135567870802545953e-02,8.395161085825879332e-02,2.655395811846286702e-01,1.132427485117659671e-14,6.1.1-I-900
objective_profiles,0,3,2,2.000000000000000000e+00,4.152787295564890901e-01,8.305574591129781803e-01,1.400000000000000000e+01,16384,1.085588651959688011e+00,display,256,64,65,129,1.393274848141130562e+00,1.893659460160150299e-01,2.711217503306715456e-03,6.545309493319018124e-02,6.816431243649689886e-02,8.182335630804137006e-02,5.135567870802545953e-02,8.395161085825879332e-02,2.655395811846286702e-01,1.665334536937734811e-14,6.1.1-I-900
objective_profiles,0,3,2,2.000000000000000000e+00,4.152787295564890901e-01,8.305574591129781803e-01,1.400000000000000000e+01,16384,1.085588651959688011e+00,display,256,64,65,129,1.394847174836129300e+00,1.904860150157945409e-01,2.729859248762200354e-03,6.594993914846923599e-02,6.867979839723144242e-02,8.182335630804137006e-02,5.135567870802545953e-02,8.395161085825879332e-02,2.655395811846286702e-01,1.132427485117659671e-14,6.1.1-I-900
objective_profiles,0,3,2,2.000000000000000000e+00,4.152787295564890901e-01,8.305574591129781803e-01,1.400000000000000000e+01,16384,1.085588651959688011e+00,display,256,64,65,129,1.396211778487673305e+00,1.914603039533002982e-01,2.746074272083718227e-03,6.638251085647282890e-02,6.912858512855654669e-02,8.182335630804137006e-02,5.135567870802545953e-02,8.395161085825879332e-02,2.655395811846286702e-01,1.132427485117659671e-14,6.1.1-I-900
objective_profiles,0,3,2,2.000000000000000000e+00,4.152787295564890901e-01,8.305574591129781803e-01,1.400000000000000000e+01,16384,1.085588651959688011e+00,display,256,64,65,129,1.397367837109548372e+00,1.922872921561912529e-01,2.759837393272691116e-03,6.674996758418619280e-02,6.950980497745888609e-02,8.182335630804137006e-02,5.135567870802545953e-02,8.395161085825879332e-02,2.655395811846286702e-01,1.132427485117659671e-14,6.1.1-I-900
objective_profiles,0,3,2,2.000000000000000000e+00,4.152787295564890901e-01,8.305574591129781803e-01,1.400000000000000000e+01,16384,1.085588651959688011e+00,display,256,64,65,129,1.398314654335268692e+00,1.929656882126664363e-01,2.771127276281145062e-03,6.705159396042337239e-02,6.982272123670452135e-02,8.182335630804137006e-02,5.135567870802545953e-02,8.395161085825879332e-02,2.655395811846286702e-01,1.132427485117659671e-14,6.1.1-I-900
objective_profiles,0,3,2,2.000000000000000000e+00,4.152787295564890901e-01,8.305574591129781803e-01,1.400000000000000000e+01,16384,1.085588651959688011e+00,display,256,64,65,129,1.399051659837541539e+00,1.934944323096280117e-01,2.779926443992380460e-03,6.728680296827248275e-02,7.006672941226486928e-02,8.182335630804137006e-02,5.135567870802545953e-02,8.395161085825879332e-02,2.655395811846286702e-01,1.132427485117659671e-14,6.1.1-I-900
objective_profiles,0,3,2,2.000000000000000000e+00,4.152787295564890901e-01,8.305574591129781803e-01,1.400000000000000000e+01,16384,1.085588651959688011e+00,display,256,64,65,129,1.399578409671810242e+00,1.938726981583258901e-01,2.786221290447822661e-03,6.745513697187534297e-02,7.024135826232316693e-02,8.182335630804137006e-02,5.135567870802545953e-02,8.395161085825879332e-02,2.655395811846286702e-01,1.643130076445231680e-14,6.1.1-I-900
objective_profiles,0,3,2,2.000000000000000000e+00,4.152787295564890901e-01,8.305574591129781803e-01,1.400000000000000000e+01,16384,1.085588651959688011e+00,display,256,64,65,129,1.399894586543671382e+00,1.940998944793658199e-01,2.790002090338238819e-03,6.755626851631035823e-02,7.034627060664859488e-02,8.182335630804137006e-02,5.135567870802545953e-02,8.395161085825879332e-02,2.655395811846286702e-01,1.132427485117659671e-14,6.1.1-I-900
objective_profiles,0,3,2,2.000000000000000000e+00,4.152787295564890901e-01,8.305574591129781803e-01,1.400000000000000000e+01,16384,1.085588651959688011e+00,display,256,64,65,129,1.399999999999999911e+00,1.941756660764073494e-01,2.791263005773089896e-03,6.759000089962191593e-02,7.038126390539500843e-02,8.182335630804137006e-02,5.135567870802545953e-02,8.395161085825879332e-02,2.655395811846286702e-01,1.132427485117659671e-14,6.1.1-I-900
