dataset,shard_index,shard_count,d,lambda_ratio,lambda_star,lambda,log2N,N,alpha,radial_order,angular_order,state_bins,gamma,delta,beta,objective,derivative_logdelta,derivative_scaled,neighbor_left,neighbor_right,H_constant,scale_type,theory_scale,collapse_ratio,row_error,steps,evaluations,cgal_version
phase_regimes,2,4,2,0.000000000000000000e+00,4.152787295564890901e-01,0.000000000000000000e+00,1.400000000000000000e+01,16384,1.000000000000000000e+00,128,32,33,9.923017018840215586e-01,7.698298115978441380e-03,5.015174817272545216e-01,1.095436443828402480e+04,-1.939143658091779798e-03,1.770201885300378018e-07,6.414202825908432715e-03,6.337543656627531163e-03,2.445374419422549350e-01,subcritical,7.726676123125863702e-03,9.963272684534444368e-01,6.883382752675970551e-15,16384,30,6.1.1-I-900
phase_regimes,2,4,2,0.000000000000000000e+00,4.152787295564890901e-01,0.000000000000000000e+00,1.400000000000000000e+01,16384,1.000000000000000000e+00,256,64,65,9.923012222514059344e-01,7.698777748594065606e-03,5.015110615509048575e-01,1.095436365599743112e+04,-5.832089300383813679e-05,5.323987301800765890e-09,6.376463590640923940e-03,6.375045428285375237e-03,2.445337089232247907e-01,subcritical,7.726617146596832623e-03,9.963969486937722664e-01,1.021405182655144017e-14,16384,30,6.1.1-I-900
phase_regimes,2,4,2,0.000000000000000000e+00,4.152787295564890901e-01,0.000000000000000000e+00,1.400000000000000000e+01,16384,1.000000000000000000e+00,512,128,129,9.923009170150918212e-01,7.699082984908178773e-03,5.015069759841372932e-01,1.095436357054891960e+04,1.245975909114349633e-03,1.137424279457171833e-07,6.350376772388699464e-03,6.401133854524232447e-03,2.445332417712827722e-01,subcritical,7.726609766211639009e-03,9.964374050021479468e-01,1.820765760385256726e-14,16384,30,6.1.1-I-900
phase_regimes,2,4,2,0.000000000000000000e+00,4.152787295564890901e-01,0.000000000000000000e+00,2.200000000000000000e+01,4194304,1.000000000000000000e+00,128,32,33,9.995172015270484822e-01,4.827984729515177875e-04,5.007405121165889872e-01,2.796709185940357391e+06,-6.356008816510438919e-02,2.272674201687978782e-08,1.025932896882295609e-01,1.000504731200635433e-01,2.445374419422549350e-01,subcritical,4.829172576953664814e-04,9.997540267158486760e-01,8.881784197001252323e-15,4194304,30,6.1.1-I-900
phase_regimes,2,4,2,0.000000000000000000e+00,4.152787295564890901e-01,0.000000000000000000e+00,2.200000000000000000e+01,4194304,1.000000000000000000e+00,256,64,65,9.995171714469073265e-01,4.828285530926734737e-04,5.007364265498284173e-01,2.796709091598292347e+06,2.183986362069845200e-02,7.809129553841861613e-09,1.008880818262696266e-01,1.017620302736759186e-01,2.445337089232247907e-01,subcritical,4.829135716623020390e-04,9.998239466136022990e-01,1.998401444325281773e-14,4194304,30,6.1.1-I-900
phase_regimes,2,4,2,0.000000000000000000e+00,4.152787295564890901e-01,0.000000000000000000e+00,2.200000000000000000e+01,4194304,1.000000000000000000e+00,512,128,129,9.995171905890322117e-01,4.828094109677882884e-04,5.007390264559550275e-01,2.796709087133171503e+06,6.144051440060138702e-03,2.196886143191330239e-09,1.012004013173282146e-01,1.014466960914433002e-01,2.445332417712827722e-01,subcritical,4.829131103882274381e-04,9.997852627766602440e-01,1.731947918415244203e-14,4194304,30,6.1.1-I-900
phase_regimes,2,4,2,0.000000000000000000e+00,4.152787295564890901e-01,0.000000000000000000e+00,3.000000000000000000e+01,1073741824,1.000000000000000000e+00,128,32,33,9.999698073923678487e-01,3.019260763215125820e-05,5.005148370524317158e-01,7.158360262535278797e+08,1.174956560134887695e+00,1.641376679914057453e-09,1.595581173896789551e+00,1.644248485565185547e+00,2.445374419422549350e-01,subcritical,3.018232860596040508e-05,1.000340564385374220e+00,9.436895709313830594e-15,1073741824,30,6.1.1-I-900
phase_regimes,2,4,2,0.000000000000000000e+00,4.152787295564890901e-01,0.000000000000000000e+00,3.000000000000000000e+01,1073741824,1.000000000000000000e+00,256,64,65,9.999698214445819078e-01,3.017855541809222331e-05,5.005372241865955196e-01,7.158359899485480785e+08,-1.708745956420898438e+00,2.387063489981437511e-09,1.654715895652770996e+00,1.585626840591430664e+00,2.445337089232247907e-01,subcritical,3.018209822889387744e-05,9.998826188035442319e-01,5.062616992290713824e-14,1073741824,30,6.1.1-I-900
phase_regimes,2,4,2,0.000000000000000000e+00,4.152787295564890901e-01,0.000000000000000000e+00,3.000000000000000000e+01,1073741824,1.000000000000000000e+00,512,128,129,9.999698163757995140e-01,3.018362420048603667e-05,5.005291477085908047e-01,7.158359850169605017e+08,2.036690711975097656e-01,2.845191852050916310e-10,1.614581227302551270e+00,1.625667691230773926e+00,2.445332417712827722e-01,subcritical,3.018206939926421488e-05,1.000051514069537628e+00,6.883382752675970551e-14,1073741824,30,6.1.1-I-900
phase_regimes,2,4,2,1.000000000000000056e-01,4.152787295564890901e-01,4.152787295564891457e-02,1.400000000000000000e+01,16384,1.004279432597984467e+00,128,32,33,9.918501116107162341e-01,8.149888389283765910e-03,4.956431416097643594e-01,1.093679717723974500e+04,3.263846792833646759e-03,2.984280260427563626e-07,6.061083504391717725e-03,6.194640733156120405e-03,2.455855332018677117e-01,subcritical,8.205945828292695796e-03,9.931686803469195191e-01,4.440892098500626162e-15,16384,30,6.1.1-I-900
phase_regimes,2,4,2,1.000000000000000056e-01,4.152787295564890901e-01,4.152787295564891457e-02,1.400000000000000000e+01,16384,1.004279432597984467e+00,256,64,65,9.918506193474522226e-01,8.149380652547777437e-03,4.956495617861139680e-01,1.093679638455204804e+04,1.215358224726514891e-03,1.111256150332265531e-07,6.101931274315575138e-03,6.153545618872158229e-03,2.455818589349663961e-01,subcritical,8.205884442453854899e-03,9.931142352415115448e-01,1.076916333886401844e-14,16384,30,6.1.1-I-900
phase_regimes,2,4,2,1.000000000000000056e-01,4.152787295564890901e-01,4.152787295564891457e-02,1.400000000000000000e+01,16384,1.004279432597984467e+00,512,128,129,9.918509424361782179e-01,8.149057563821782146e-03,4.956536473528819209e-01,1.093679630112990162e+04,4.000685294158756733e-05,3.658004761179869426e-09,6.125428863015258685e-03,6.130025920356274582e-03,2.455814007545169264e-01,subcritical,8.205876787618127804e-03,9.930757888197785377e-01,3.941291737419305719e-14,16384,30,6.1.1-I-900
phase_regimes,2,4,2,1.000000000000000056e-01,4.152787295564890901e-01,4.152787295564891457e-02,2.200000000000000000e+01,4194304,1.002723275289626459e+00,128,32,33,9.994885801954109805e-01,5.114198045890194777e-04,4.969638340875371929e-01,2.794142349937392399e+06,-5.884713027626276016e-02,2.106089200415337753e-08,9.784746635705232620e-02,9.551487630233168602e-02,2.452043846408659133e-01,subcritical,5.124734715511065908e-04,9.979439580376756602e-01,9.214851104388799286e-15,4194304,30,6.1.1-I-900
phase_regimes,2,4,2,1.000000000000000056e-01,4.152787295564890901e-01,4.152787295564891457e-02,2.200000000000000000e+01,4194304,1.002723275289626459e+00,256,64,65,9.994885483320543607e-01,5.114516679456393433e-04,4.969597485207746246e-01,2.794142259643621277e+06,2.494151704013347626e-02,8.926359047772549314e-09,9.617467224597930908e-02,9.719346510246396065e-02,2.452006891100353414e-01,subcritical,5.124696097346621631e-04,9.980136543324981124e-01,1.076916333886401844e-14,4194304,30,6.1.1-I-900
phase_regimes,2,4,2,1.000000000000000056e-01,4.152787295564890901e-01,4.152787295564891457e-02,2.200000000000000000e+01,4194304,1.002723275289626459e+00,512,128,129,9.994885686089655108e-01,5.114313910344892022e-04,4.969623484268935742e-01,2.794142255427617114e+06,9.618117474019527435e-03,3.442243305735901268e-09,9.647934185341000557e-02,9.688556194305419922e-02,2.452002276852742746e-01,subcritical,5.124691275454005537e-04,9.979750262891311507e-01,2.398081733190338127e-14,4194304,30,6.1.1-I-900
phase_regimes,2,4,2,1.000000000000000056e-01,4.152787295564890901e-01,4.152787295564891457e-02,3.000000000000000000e+01,1073741824,1.001997068545726011e+00,128,32,33,9.999680175096642420e-01,3.198249033575795153e-05,4.977452731643889905e-01,7.153593396763027906e+08,-1.015067100524902344e-01,1.418961134951024879e-10,1.542427182197570801e+00,1.540576338768005371e+00,2.450265248979255628e-01,subcritical,3.201797348392030761e-05,9.988917740787006672e-01,1.743050148661495768e-14,1073741824,30,6.1.1-I-900
phase_regimes,2,4,2,1.000000000000000056e-01,4.152787295564890901e-01,4.152787295564891457e-02,3.000000000000000000e+01,1073741824,1.001997068545726011e+00,256,64,65,9.999680259491958711e-01,3.197405080412885070e-05,4.977579647726617651e-01,7.153593037991352081e+08,-1.165926456451416016e+00,1.629847337218381905e-09,1.564726352691650391e+00,1.517379760742187500e+00,2.450228194044682672e-01,subcritical,3.201773138188693360e-05,9.986357378904492377e-01,1.199040866595169064e-14,1073741824,30,6.1.1-I-900
phase_regimes,2,4,2,1.000000000000000056e-01,4.152787295564890901e-01,4.152787295564891457e-02,3.000000000000000000e+01,1073741824,1.001997068545726011e+00,512,128,129,9.999680246815086937e-01,3.197531849130630377e-05,4.977560581747549895e-01,7.153592989619615078e+08,-2.858340740203857422e-01,3.995671467962348973e-10,1.546037793159484863e+00,1.537129759788513184e+00,2.450223564592882153e-01,subcritical,3.201770113478289749e-05,9.986762746238969646e-01,1.798561299892753595e-14,1073741824,30,6.1.1-I-900
phase_regimes,2,4,2,2.000000000000000111e-01,4.152787295564890901e-01,8.305574591129782913e-02,1.400000000000000000e+01,16384,1.008558865195968712e+00,128,32,33,9.913404158606301531e-01,8.659584139369846945e-03,4.893918957733746633e-01,1.091921143648088946e+04,-2.323071385035291314e-03,2.127508381488017901e-07,5.924474206040031277e-03,5.836827996972715482e-03,2.466338369813139419e-01,subcritical,8.769009543602258178e-03,9.875213496246851852e-01,1.154631945610162802e-14,16384,30,6.1.1-I-900
phase_regimes,2,4,2,2.000000000000000111e-01,4.152787295564890901e-01,8.305574591129782913e-02,1.400000000000000000e+01,16384,1.008558865195968712e+00,256,64,65,9.913398763363185928e-01,8.660123663681407180e-03,4.893854755970246662e-01,1.091921063101233085e+04,-6.634577403019648045e-04,6.076059549741051344e-08,5.891206050364417024e-03,5.869952919965726323e-03,2.466302206058429425e-01,subcritical,8.768945253666102224e-03,9.875901163895168811e-01,9.436895709313830594e-15,16384,30,6.1.1-I-900
phase_regimes,2,4,2,2.000000000000000111e-01,4.152787295564890901e-01,8.305574591129782913e-02,1.400000000000000000e+01,16384,1.008558865195968712e+00,512,128,129,9.913395329851641957e-01,8.660467014835804278e-03,4.893813900302562137e-01,1.091921054975478546e+04,5.405740921560209244e-04,4.950670102868935849e-08,5.867138046596664935e-03,5.894049316339078359e-03,2.466297712322783886e-01,subcritical,8.768937264916848093e-03,9.876301715015094462e-01,5.329070518200751394e-14,16384,30,6.1.1-I-900
phase_regimes,2,4,2,2.000000000000000111e-01,4.152787295564890901e-01,8.305574591129782913e-02,2.200000000000000000e+01,4194304,1.005446550579252918e+00,128,32,33,9.994555635394486437e-01,5.444364605513563049e-04,4.928613042334127337e-01,2.791579029166494496e+06,-2.267654053866863251e-03,8.123194902148036530e-10,9.198273858055472374e-02,9.193455753847956657e-02,2.458714130583609658e-01,subcritical,5.472153217878527503e-04,9.949218139078829237e-01,9.325873406851314940e-15,4194304,30,6.1.1-I-900
phase_regimes,2,4,2,2.000000000000000111e-01,4.152787295564890901e-01,8.305574591129782913e-02,2.200000000000000000e+01,4194304,1.005446550579252918e+00,256,64,65,9.994555974577525870e-01,5.444025422474130238e-04,4.928653898001814637e-01,2.791578943096040748e+06,2.246606163680553436e-02,8.047797355818004043e-09,9.148990828543901443e-02,9.243118157610297203e-02,2.458677546650997747e-01,subcritical,5.472112506836368561e-04,9.948672319278617504e-01,8.770761894538736669e-15,4194304,30,6.1.1-I-900
phase_regimes,2,4,2,2.000000000000000111e-01,4.152787295564890901e-01,8.305574591129782913e-02,2.200000000000000000e+01,4194304,1.005446550579252918e+00,512,128,129,9.994556190410276431e-01,5.443809589723569431e-04,4.928679897063118487e-01,2.791578939108557068e+06,7.495982572436332703e-03,2.685212467905366224e-09,9.178719948977231979e-02,9.213069546967744827e-02,2.458672989017994803e-01,subcritical,5.472107435026088863e-04,9.948287116730586410e-01,7.727152251391089521e-14,4194304,30,6.1.1-I-900
phase_regimes,2,4,2,2.000000000000000111e-01,4.152787295564890901e-01,8.305574591129782913e-02,3.000000000000000000e+01,1073741824,1.003994137091452021e+00,128,32,33,9.999659327831209588e-01,3.406721687904123996e-05,4.947085461048709720e-01,7.148832685403501987e+08,1.323074102401733398e+00,1.850755445855081004e-09,1.433862566947937012e+00,1.486612915992736816e+00,2.455156538652161491e-01,subcritical,3.417620542636896230e-05,9.968109816181163207e-01,3.996802888650563546e-15,1073741824,30,6.1.1-I-900
phase_regimes,2,4,2,2.000000000000000111e-01,4.152787295564890901e-01,8.305574591129782913e-02,3.000000000000000000e+01,1073741824,1.003994137091452021e+00,256,64,65,9.999659417727697619e-01,3.405822723023810283e-05,4.947212377132143568e-01,7.148832330917277336e+08,4.815161228179931641e-01,6.735591220058857993e-10,1.453729748725891113e+00,1.466966867446899414e+00,2.455119757089958554e-01,subcritical,3.417594942254311747e-05,9.965554082828972371e-01,5.373479439185757656e-14,1073741824,30,6.1.1-I-900
phase_regimes,2,4,2,2.000000000000000111e-01,4.152787295564890901e-01,8.305574591129782913e-02,3.000000000000000000e+01,1073741824,1.003994137091452021e+00,512,128,129,9.999659474922202307e-01,3.405250777976931431e-05,4.947293141912674774e-01,7.148832283536351919e+08,-1.344978809356689453e-01,1.881396507866263002e-10,1.464973568916320801e+00,1.456947803497314453e+00,2.455115169340969239e-01,subcritical,3.417591749115765068e-05,9.963889861502542855e-01,1.831867990631508292e-14,1073741824,30,6.1.1-I-900
phase_regimes,2,4,2,2.999999999999999889e-01,4.152787295564890901e-01,1.245836188669467159e-01,1.400000000000000000e+01,16384,1.012838297793953179e+00,128,32,33,9.907530093767975554e-01,9.246990623202444581e-03,4.826285970690166183e-01,1.090159654525468977e+04,2.024771674768999219e-03,1.857316647487155142e-07,5.591536773863481358e-03,5.680368174580507912e-03,2.476823556079995048e-01,subcritical,9.444536000920107643e-03,9.790836333623570420e-01,1.332267629550187849e-14,16384,30,6.1.1-I-900
phase_regimes,2,4,2,2.999999999999999889e-01,4.152787295564890901e-01,1.245836188669467159e-01,1.400000000000000000e+01,16384,1.012838297793953179e+00,256,64,65,9.907535854628263250e-01,9.246414537173675008e-03,4.826350172453667264e-01,1.090159572418142307e+04,6.700156518490985036e-05,6.146032826762235703e-09,5.630574338283622637e-03,5.641092187943286262e-03,2.476787962726360315e-01,subcritical,9.444468139017572761e-03,9.790296712394330747e-01,7.216449660063517513e-15,16384,30,6.1.1-I-900
phase_regimes,2,4,2,2.999999999999999889e-01,4.152787295564890901e-01,1.245836188669467159e-01,1.400000000000000000e+01,16384,1.012838297793953179e+00,512,128,129,9.907539520443396919e-01,9.246047955660308126e-03,4.826391028121342908e-01,1.090159564518478874e+04,-1.012617303786100820e-03,9.288707238314894767e-08,5.652144041960127652e-03,5.619473866318003275e-03,2.476783555470524756e-01,subcritical,9.444459736157404667e-03,9.789917278446863547e-01,1.598721155460225418e-14,16384,30,6.1.1-I-900
phase_regimes,2,4,2,2.999999999999999889e-01,4.152787295564890901e-01,1.245836188669467159e-01,2.200000000000000000e+01,4194304,1.008169825868879377e+00,128,32,33,9.994171865231492591e-01,5.828134768507409191e-04,4.883944609635578749e-01,2.789019006751642097e+06,-7.076608017086982727e-02,2.537310789190022886e-08,8.853329112753272057e-02,8.577019535005092621e-02,2.465385277948201337e-01,subcritical,5.889189216080924823e-04,9.896327923363709145e-01,1.088018564132653410e-14,4194304,30,6.1.1-I-900
phase_regimes,2,4,2,2.999999999999999889e-01,4.152787295564890901e-01,1.245836188669467159e-01,2.200000000000000000e+01,4194304,1.008169825868879377e+00,256,64,65,9.994171502117011885e-01,5.828497882988115109e-04,4.883903753967906991e-01,2.789018925102692097e+06,9.336043149232864380e-03,3.347429113945187737e-09,8.693299908190965652e-02,8.737431373447179794e-02,2.465349061915502737e-01,subcritical,5.889145960397035480e-04,9.897017194315164135e-01,9.769962616701377556e-15,4194304,30,6.1.1-I-900
phase_regimes,2,4,2,2.999999999999999889e-01,4.152787295564890901e-01,1.245836188669467159e-01,2.200000000000000000e+01,4194304,1.008169825868879377e+00,512,128,129,9.994171733192480644e-01,5.828266807519355552e-04,4.883929753029143117e-01,2.789018921318745241e+06,-5.280482582747936249e-03,1.893311853277474586e-09,8.722322760149836540e-02,8.708067331463098526e-02,2.465344560239185467e-01,subcritical,5.889140583665316122e-04,9.896633854666662122e-01,2.819966482547897613e-14,4194304,30,6.1.1-I-900
phase_regimes,2,4,2,2.999999999999999889e-01,4.152787295564890901e-01,1.245836188669467159e-01,3.000000000000000000e+01,1073741824,1.005991205637178254e+00,128,32,33,9.999634967795187901e-01,3.650322048120990814e-05,4.913872241222833059e-01,7.144078080550134182e+08,-5.653798580169677734e-01,7.913965268047999485e-10,1.387433052062988281e+00,1.368111610412597656e+00,2.460048290809516425e-01,subcritical,3.676757124018058064e-05,9.928102197111735583e-01,9.769962616701377556e-15,1073741824,30,6.1.1-I-900
phase_regimes,2,4,2,2.999999999999999889e-01,4.152787295564890901e-01,1.245836188669467159e-01,3.000000000000000000e+01,1073741824,1.005991205637178254e+00,256,64,65,9.999634990536635515e-01,3.650094633644851427e-05,4.913902202045744017e-01,7.144077730405197144e+08,8.410215377807617188e-02,1.177228985347365042e-10,1.376389980316162109e+00,1.378584146499633789e+00,2.460011780734498443e-01,subcritical,3.676729840168185213e-05,9.927557346660761395e-01,1.632027846198980114e-14,1073741824,30,6.1.1-I-900
phase_regimes,2,4,2,2.999999999999999889e-01,4.152787295564890901e-01,1.245836188669467159e-01,3.000000000000000000e+01,1073741824,1.005991205637178254e+00,512,128,129,9.999635005007727617e-01,3.649949922723827456e-05,4.913921268023266897e-01,7.144077684078712463e+08,5.270242691040039062e-01,7.377079203359307315e-10,1.367140293121337891e+00,1.388549208641052246e+00,2.460007234344399885e-01,subcritical,3.676726442652776148e-05,9.927172934003680727e-01,1.287858708565181587e-13,1073741824,30,6.1.1-I-900
phase_regimes,2,4,2,4.000000000000000222e-01,4.152787295564890901e-01,1.661114918225956583e-01,1.400000000000000000e+01,16384,1.017117730391937647e+00,128,32,33,9.900736596277874835e-01,9.926340372212516527e-03,4.753230256754601424e-01,1.088393957798999327e+04,2.932135885203024372e-03,2.694002354747104261e-07,5.331842972736922093e-03,5.459859055918059312e-03,2.487310914070754164e-01,subcritical,1.027724325193793420e-02,9.658563224472428432e-01,3.996802888650563546e-15,16384,30,6.1.1-I-900
phase_regimes,2,4,2,4.000000000000000222e-01,4.152787295564890901e-01,1.661114918225956583e-01,1.400000000000000000e+01,16384,1.017117730391937647e+00,256,64,65,9.900742780371962759e-01,9.925721962803724097e-03,4.753294458518092513e-01,1.088393873823657850e+04,1.023084678308805451e-03,9.399948887203735015e-08,5.369912225432926789e-03,5.421561445473344065e-03,2.487275882714304609e-01,subcritical,1.027717087919247270e-02,9.658029509755156061e-01,1.021405182655144017e-14,16384,30,6.1.1-I-900
phase_regimes,2,4,2,4.000000000000000222e-01,4.152787295564890901e-01,1.661114918225956583e-01,1.400000000000000000e+01,16384,1.017117730391937647e+00,512,128,129,9.900746715503968565e-01,9.925328449603143532e-03,4.753335314185768712e-01,1.088393866158523451e+04,-9.330051398137584329e-06,8.572311631144999706e-10,5.390530359363765456e-03,5.400879950684611686e-03,2.487271560362802614e-01,subcritical,1.027716194943027912e-02,9.657655000905537301e-01,1.643130076445231680e-14,16384,30,6.1.1-I-900
phase_regimes,2,4,2,4.000000000000000222e-01,4.152787295564890901e-01,1.661114918225956583e-01,2.200000000000000000e+01,4194304,1.010893101158505836e+00,128,32,33,9.993714802734178226e-01,6.285197265821773627e-04,4.834433797310543901e-01,2.786462009194264654e+06,-1.549767330288887024e-02,5.561774483826602879e-09,8.252926543354988098e-02,8.200536016374826431e-02,2.472057294498361812e-01,subcritical,6.403551130731084976e-04,9.815174639050943117e-01,4.107825191113079200e-15,4194304,30,6.1.1-I-900
phase_regimes,2,4,2,4.000000000000000222e-01,4.152787295564890901e-01,1.661114918225956583e-01,2.200000000000000000e+01,4194304,1.010893101158505836e+00,256,64,65,9.993715194300957227e-01,6.284805699042772531e-04,4.834474652978235643e-01,2.786461932230067439e+06,1.120881643146276474e-02,4.022598084622709889e-09,8.199551654979586601e-02,8.253977028653025627e-02,2.472021442917934353e-01,subcritical,6.403504696074963694e-04,9.814634325004949478e-01,5.451195050909518613e-14,4194304,30,6.1.1-I-900
phase_regimes,2,4,2,4.000000000000000222e-01,4.152787295564890901e-01,1.661114918225956583e-01,2.200000000000000000e+01,4194304,1.010893101158505836e+00,512,128,129,9.993715443467114934e-01,6.284556532885066105e-04,4.834500652039466773e-01,2.786461928616985213e+06,-3.066961653530597687e-03,1.100665191952877021e-09,8.227932965382933617e-02,8.225248707458376884e-02,2.472016996552071355e-01,subcritical,6.403498937156980363e-04,9.814254042299065395e-01,8.315570454442422488e-14,4194304,30,6.1.1-I-900
phase_regimes,2,4,2,4.000000000000000222e-01,4.152787295564890901e-01,1.661114918225956583e-01,3.000000000000000000e+01,1073741824,1.007988274182904265e+00,128,32,33,9.999605592837109702e-01,3.944071628902978688e-05,4.876651573824107300e-01,7.139329523679009676e+08,6.740689277648925781e-01,9.441627894177016530e-10,1.277642726898193359e+00,1.305942654609680176e+00,2.464940507814835646e-01,subcritical,3.996454325051262090e-05,9.868927074131864652e-01,3.441691376337985275e-15,1073741824,30,6.1.1-I-900
phase_regimes,2,4,2,4.000000000000000222e-01,4.152787295564890901e-01,1.661114918225956583e-01,3.000000000000000000e+01,1073741824,1.007988274182904265e+00,256,64,65,9.999605696913174135e-01,3.943030868258645683e-05,4.876778489906795633e-01,7.139329177944915295e+08,7.939338684082031250e-02,1.112056677342814663e-10,1.291282892227172852e+00,1.293201923370361328e+00,2.464904267366683499e-01,subcritical,3.996424946283772174e-05,9.866395394026411525e-01,3.264055692397960229e-14,1073741824,30,6.1.1-I-900
phase_regimes,2,4,2,4.000000000000000222e-01,4.152787295564890901e-01,1.661114918225956583e-01,3.000000000000000000e+01,1073741824,1.007988274182904265e+00,512,128,129,9.999605712545636127e-01,3.942874543638730245e-05,4.876797555885244995e-01,7.139329132745934725e+08,5.197227001190185547e-01,7.279713408017685828e-10,1.280786871910095215e+00,1.304254531860351562e+00,2.464899761986266979e-01,subcritical,3.996421293926324660e-05,9.866013249481545566e-01,3.530509218307997799e-14,1073741824,30,6.1.1-I-900
phase_regimes,2,4,2,5.000000000000000000e-01,4.152787295564890901e-01,2.076393647782445451e-01,1.400000000000000000e+01,16384,1.021397162989921892e+00,128,32,33,9.892780095514722705e-01,1.072199044852772953e-02,4.673773881969416344e-01,1.086622469777800143e+04,2.496526121831266209e-03,2.297510120825839861e-07,5.106762922878260724e-03,5.220669701884617098e-03,2.497800467025041160e-01,subcritical,1.134170660552113671e-02,9.453595319868590696e-01,5.440092820663267048e-15,16384,30,6.1.1-I-900
phase_regimes,2,4,2,5.000000000000000000e-01,4.152787295564890901e-01,2.076393647782445451e-01,1.400000000000000000e+01,16384,1.021397162989921892e+00,256,64,65,9.892786775297528479e-01,1.072132247024715213e-02,4.673838083732906878e-01,1.086622383625999828e+04,6.373247742885723710e-04,5.865190924577259395e-08,5.143833119291230105e-03,5.183369234146084636e-03,2.497765989369090112e-01,subcritical,1.134162832929115107e-02,9.453071603975963244e-01,2.131628207280300558e-14,16384,30,6.1.1-I-900
phase_regimes,2,4,2,5.000000000000000000e-01,4.152787295564890901e-01,2.076393647782445451e-01,1.400000000000000000e+01,16384,1.021397162989921892e+00,512,128,129,9.892791025851730424e-01,1.072089741482695757e-02,4.673878939400582522e-01,1.086622376221674858e+04,-3.491290954116266221e-04,3.212975391005596504e-08,5.163520074347616173e-03,5.163594456462305970e-03,2.497761750367041567e-01,subcritical,1.134161870524984239e-02,9.452704850555799787e-01,3.996802888650563546e-14,16384,30,6.1.1-I-900
phase_regimes,2,4,2,5.000000000000000000e-01,4.152787295564890901e-01,2.076393647782445451e-01,2.200000000000000000e+01,4194304,1.013616376448132073e+00,128,32,33,9.993162698198855276e-01,6.837301801144723967e-04,4.779220578046706192e-01,2.783907682884634007e+06,-5.584559403359889984e-03,2.006014580761267052e-09,7.736479910090565681e-02,7.726934459060430527e-02,2.478730186227803278e-01,subcritical,7.061454781762032057e-04,9.682568270215028416e-01,4.218847493575594854e-15,4194304,30,6.1.1-I-900
phase_regimes,2,4,2,5.000000000000000000e-01,4.152787295564890901e-01,2.076393647782445451e-01,2.200000000000000000e+01,4194304,1.013616376448132073e+00,256,64,65,9.993163124161658084e-01,6.836875838341915923e-04,4.779261433714401819e-01,2.783907610902145039e+06,2.171180676668882370e-02,7.799039983102369734e-09,7.681809645146131516e-02,7.781462930142879486e-02,2.478694695676335324e-01,subcritical,7.061404228494305583e-04,9.682034361881778350e-01,1.421085471520200372e-14,4194304,30,6.1.1-I-900
phase_regimes,2,4,2,5.000000000000000000e-01,4.152787295564890901e-01,2.076393647782445451e-01,2.200000000000000000e+01,4194304,1.013616376448132073e+00,512,128,129,9.993163395215078904e-01,6.836604784921096467e-04,4.779287432775640165e-01,2.783907607417792547e+06,7.716706022620201111e-03,2.771897315147543839e-09,7.709599286317825317e-02,7.753293123096227646e-02,2.478690303971885223e-01,subcritical,7.061397972860207831e-04,9.681659086765705968e-01,4.929390229335695039e-14,4194304,30,6.1.1-I-900
phase_regimes,2,4,2,5.000000000000000000e-01,4.152787295564890901e-01,2.076393647782445451e-01,3.000000000000000000e+01,1073741824,1.009985342728630275e+00,128,32,33,9.999569724063734899e-01,4.302759362651009667e-05,4.834792772156457641e-01,7.134586940520800352e+08,-7.476210594177246094e-01,1.047882751517988871e-09,1.216946005821228027e+00,1.190761804580688477e+00,2.469833192035101044e-01,subcritical,4.405481515216656005e-05,9.766831043982726612e-01,9.992007221626408864e-15,1073741824,30,6.1.1-I-900
phase_regimes,2,4,2,5.000000000000000000e-01,4.152787295564890901e-01,2.076393647782445451e-01,3.000000000000000000e+01,1073741824,1.009985342728630275e+00,256,64,65,9.999569750869856666e-01,4.302491301433342130e-05,4.834822732979572324e-01,7.134586599320652485e+08,6.407499313354492188e-02,8.980897805577981564e-11,1.202286839485168457e+00,1.206108450889587402e+00,2.469797219352896367e-01,subcritical,4.405449432571546781e-05,9.766293694402693459e-01,2.575717417130363174e-14,1073741824,30,6.1.1-I-900
phase_regimes,2,4,2,5.000000000000000000e-01,4.152787295564890901e-01,2.076393647782445451e-01,3.000000000000000000e+01,1073741824,1.009985342728630275e+00,512,128,129,9.999569733811608518e-01,4.302661883914815633e-05,4.834803667000941996e-01,7.134586555359761715e+08,1.152724027633666992e+00,1.615684410987625680e-09,1.180707097053527832e+00,1.227945804595947266e+00,2.469792754626395637e-01,subcritical,4.405445450638219198e-05,9.766689730073689901e-01,1.038058528024521365e-13,1073741824,30,6.1.1-I-900
phase_regimes,2,4,2,5.999999999999999778e-01,4.152787295564890901e-01,2.491672377338934319e-01,1.400000000000000000e+01,16384,1.025676595587906359e+00,128,32,33,9.883361680620244005e-01,1.166383193797559947e-02,4.587010251697759000e-01,1.084843228952644131e+04,-2.949303052446339279e-03,2.718644476671276874e-07,4.994348644686397165e-03,4.894292465905891731e-03,2.508292238162653787e-01,subcritical,1.277418287961248899e-02,9.130785153069161941e-01,7.882583474838611437e-15,16384,30,6.1.1-I-900
phase_regimes,2,4,2,5.999999999999999778e-01,4.152787295564890901e-01,2.491672377338934319e-01,1.400000000000000000e+01,16384,1.025676595587906359e+00,256,64,65,9.883354413618971046e-01,1.166455863810289539e-02,4.586946049934260694e-01,1.084843140283396497e+04,-1.677126874710666016e-03,1.545962556644406376e-07,4.968952516719582491e-03,4.919790475469199009e-03,2.508258306018241734e-01,subcritical,1.277409647483126499e-02,9.131415800002382621e-01,3.030908857226677355e-14,16384,30,6.1.1-I-900
phase_regimes,2,4,2,5.999999999999999778e-01,4.152787295564890901e-01,2.491672377338934319e-01,1.400000000000000000e+01,16384,1.025676595587906359e+00,512,128,129,9.883349788927882074e-01,1.166502110721179264e-02,4.586905194266578945e-01,1.084843133155514806e+04,-6.608838702959474176e-04,6.091976342917111284e-08,4.948676778440130875e-03,4.940166432788828388e-03,2.508254148853583110e-01,subcritical,1.277408588899082466e-02,9.131785404124403982e-01,5.440092820663267048e-14,16384,30,6.1.1-I-900
phase_regimes,2,4,2,5.999999999999999778e-01,4.152787295564890901e-01,2.491672377338934319e-01,2.200000000000000000e+01,4194304,1.016339651737758532e+00,128,32,33,9.992480676984688559e-01,7.519323015311440983e-04,4.716868000672161387e-01,2.781355557159173302e+06,-7.452082354575395584e-02,2.679298709362717685e-08,7.373826531693339348e-02,7.092336984351277351e-02,2.485403959129438844e-01,subcritical,7.947354260257749603e-04,9.461416679149738940e-01,7.771561172376095783e-15,4194304,30,6.1.1-I-900
phase_regimes,2,4,2,5.999999999999999778e-01,4.152787295564890901e-01,2.491672377338934319e-01,2.200000000000000000e+01,4194304,1.016339651737758532e+00,256,64,65,9.992480208502887429e-01,7.519791497112571221e-04,4.716827145004465760e-01,2.781355490505682770e+06,-2.069398760795593262e-03,7.440252667663681640e-10,7.228841772302985191e-02,7.237218506634235382e-02,2.485368826210568871e-01,subcritical,7.947298089360829276e-04,9.462073037350181570e-01,1.698641227676489507e-14,4194304,30,6.1.1-I-900
phase_regimes,2,4,2,5.999999999999999778e-01,4.152787295564890901e-01,2.491672377338934319e-01,2.200000000000000000e+01,4194304,1.016339651737758532e+00,512,128,129,9.992479910362908058e-01,7.520089637091942336e-04,4.716801145943221307e-01,2.781355487094855867e+06,1.285842154175043106e-02,4.623077345349024915e-09,7.198899984359741211e-02,7.266982225701212883e-02,2.485364488537243066e-01,subcritical,7.947291154213496564e-04,9.462456441028890275e-01,1.153521722585537646e-13,4194304,30,6.1.1-I-900
phase_regimes,2,4,2,5.999999999999999778e-01,4.152787295564890901e-01,2.491672377338934319e-01,3.000000000000000000e+01,1073741824,1.011982411274356286e+00,128,32,33,9.999524340309285941e-01,4.756596907140586694e-05,4.786570234549202274e-01,7.129850232731597424e+08,-1.190662384033203125e+00,1.669968295500977107e-09,1.138516902923583984e+00,1.088871240615844727e+00,2.474726345833000718e-01,subcritical,4.956415287698596783e-05,9.596848994768573116e-01,1.110223024625156540e-14,1073741824,30,6.1.1-I-900
phase_regimes,2,4,2,5.999999999999999778e-01,4.152787295564890901e-01,2.491672377338934319e-01,3.000000000000000000e+01,1073741824,1.011982411274356286e+00,256,64,65,9.999524369942808244e-01,4.756300571917559949e-05,4.786600195372234801e-01,7.129849896255688667e+08,-3.638863563537597656e-01,5.103702906071813985e-10,1.120920300483703613e+00,1.106718182563781738e+00,2.474690639070574461e-01,subcritical,4.956379530577037046e-05,9.596320343458073499e-01,1.432187701766451937e-14,1073741824,30,6.1.1-I-900
phase_regimes,2,4,2,5.999999999999999778e-01,4.152787295564890901e-01,2.491672377338934319e-01,3.000000000000000000e+01,1073741824,1.011982411274356286e+00,512,128,129,9.999524449816094007e-01,4.755501839059927960e-05,4.786680960151654118e-01,7.129849853681361675e+08,-4.523694515228271484e-01,6.344726197694819994e-10,1.121156454086303711e+00,1.106418848037719727e+00,2.474686214649007565e-01,subcritical,4.956375099897511791e-05,9.594717395699656759e-01,1.620925615952728549e-14,1073741824,30,6.1.1-I-900
phase_regimes,2,4,2,6.999999999999999556e-01,4.152787295564890901e-01,2.906951106895423464e-01,1.400000000000000000e+01,16384,1.029956028185890826e+00,128,32,33,9.871970231595493805e-01,1.280297684045061946e-02,4.490983498024365694e-01,1.083053783085742725e+04,4.367523615655954927e-03,4.032600858668704752e-07,4.647567729989532381e-03,4.844856113777495921e-03,2.518786250692455764e-01,subcritical,1.485904188807215913e-02,8.616286929460768018e-01,4.440892098500626162e-15,16384,30,6.1.1-I-900
phase_regimes,2,4,2,6.999999999999999556e-01,4.152787295564890901e-01,2.906951106895423464e-01,1.400000000000000000e+01,16384,1.029956028185890826e+00,256,64,65,9.872004016059076070e-01,1.279959839409239297e-02,4.491255461058807352e-01,1.083053691531056757e+04,-2.175533609261037782e-03,2.008703378486803234e-07,4.777966056281002238e-03,4.713512562375399284e-03,2.518752855970204929e-01,subcritical,1.485894338522751081e-02,8.614070369779804892e-01,1.010302952408892452e-14,16384,30,6.1.1-I-900
phase_regimes,2,4,2,6.999999999999999556e-01,4.152787295564890901e-01,2.906951106895423464e-01,1.400000000000000000e+01,16384,1.029956028185890826e+00,512,128,129,9.871998941354539481e-01,1.280010586454605193e-02,4.491214605391123937e-01,1.083053684695674565e+04,-1.201410668727476150e-03,1.109280810087505933e-07,4.758543589559849352e-03,4.733057008706964552e-03,2.518748779139108329e-01,subcritical,1.485893135994546983e-02,8.614418866655983997e-01,1.265654248072678456e-14,16384,30,6.1.1-I-900
phase_regimes,2,4,2,6.999999999999999556e-01,4.152787295564890901e-01,2.906951106895423464e-01,2.200000000000000000e+01,4194304,1.019062927027384990e+00,128,32,33,9.991607591407336564e-01,8.392408592663436195e-04,4.644830664044507507e-01,2.778804984408478718e+06,2.532382495701313019e-02,9.113206971738532387e-09,6.677142297849059105e-02,6.799812149256467819e-02,2.492078619187490240e-01,subcritical,9.237533724737443698e-04,9.085118217418980402e-01,1.265654248072678456e-14,4194304,30,6.1.1-I-900
phase_regimes,2,4,2,6.999999999999999556e-01,4.152787295564890901e-01,2.906951106895423464e-01,2.200000000000000000e+01,4194304,1.019062927027384990e+00,256,64,65,9.991609805994037252e-01,8.390194005962747781e-04,4.645003731430021321e-01,2.778804923503678292e+06,-1.589197199791669846e-02,5.718995192321445246e-09,6.758887879550457001e-02,6.716645695269107819e-02,2.492043840534275967e-01,subcritical,9.237469266477502062e-04,9.082784217112915837e-01,2.631228568361621001e-14,4194304,30,6.1.1-I-900
phase_regimes,2,4,2,6.999999999999999556e-01,4.152787295564890901e-01,2.906951106895423464e-01,2.200000000000000000e+01,4194304,1.019062927027384990e+00,512,128,129,9.991609473344884584e-01,8.390526655115415622e-04,4.644977732368756884e-01,2.778804920087417588e+06,-2.757064066827297211e-03,9.921761858477505721e-10,6.732540950179100037e-02,6.742854509502649307e-02,2.492039556262672928e-01,subcritical,9.237461326038489372e-04,9.083152133437635278e-01,1.332267629550187849e-14,4194304,30,6.1.1-I-900
phase_regimes,2,4,2,6.999999999999999556e-01,4.152787295564890901e-01,2.906951106895423464e-01,3.000000000000000000e+01,1073741824,1.013979479820082297e+00,128,32,33,9.999464630804978382e-01,5.353691950216177275e-05,4.729702115099237991e-01,7.125119263067553043e+08,-5.801320075988769531e-01,8.142067327994657444e-10,1.030663251876831055e+00,1.010002970695495605e+00,2.479619971571330184e-01,subcritical,5.759008871182298532e-05,9.296203687071398214e-01,3.552713678800500929e-15,1073741824,30,6.1.1-I-900
phase_regimes,2,4,2,6.999999999999999556e-01,4.152787295564890901e-01,2.906951106895423464e-01,3.000000000000000000e+01,1073741824,1.013979479820082297e+00,256,64,65,9.999464664158392857e-01,5.353358416071429815e-05,4.729732075921953549e-01,7.125118931619708538e+08,6.220936775207519531e-01,8.730993594507415854e-10,1.009899020195007324e+00,1.032333374023437500e+00,2.479584528900804219e-01,subcritical,5.758967712580233516e-05,9.295690969715342256e-01,1.143529715363911237e-14,1073741824,30,6.1.1-I-900
phase_regimes,2,4,2,6.999999999999999556e-01,4.152787295564890901e-01,2.906951106895423464e-01,3.000000000000000000e+01,1073741824,1.013979479820082297e+00,512,128,129,9.999464754058162708e-01,5.352459418372923494e-05,4.729812840701410614e-01,7.125118890662267208e+08,6.521046161651611328e-01,9.152192772807881489e-10,1.006842374801635742e+00,1.034991621971130371e+00,2.479580144439761102e-01,subcritical,5.758962621005324025e-05,9.294138147120950544e-01,3.519406988061746233e-14,1073741824,30,6.1.1-I-900
phase_regimes,2,4,2,8.000000000000000444e-01,4.152787295564890901e-01,3.322229836451913165e-01,1.400000000000000000e+01,16384,1.034235460783875293e+00,128,32,33,9.858197288410210923e-01,1.418027115897890766e-02,4.385693620949215887e-01,1.081251048046483629e+04,-5.612877430394291878e-03,5.191095481974497815e-07,4.676646851294208318e-03,4.480354455154156312e-03,2.529282527801379743e-01,subcritical,1.833214867546122118e-02,7.735193189852386242e-01,5.551115123125782702e-15,16384,30,6.1.1-I-900
phase_regimes,2,4,2,8.000000000000000444e-01,4.152787295564890901e-01,3.322229836451913165e-01,1.400000000000000000e+01,16384,1.034235460783875293e+00,256,64,65,9.858159859669104463e-01,1.418401403308955366e-02,4.385421657914773119e-01,1.081250953251728606e+04,1.473781594540923834e-04,1.363033799053501777e-08,4.562003767205169424e-03,4.596153867169050500e-03,2.529249662511419139e-01,subcritical,1.833202957185527809e-02,7.737285158467084312e-01,7.660538869913580129e-15,16384,30,6.1.1-I-900
phase_regimes,2,4,2,8.000000000000000444e-01,4.152787295564890901e-01,3.322229836451913165e-01,1.400000000000000000e+01,16384,1.034235460783875293e+00,512,128,129,9.858165483035122856e-01,1.418345169648771442e-02,4.385462513582450983e-01,1.081250946713318990e+04,-7.320418262679595500e-04,6.770323101155645266e-08,4.579498283419525251e-03,4.578465588565450162e-03,2.529245664540858973e-01,subcritical,1.833201508318210021e-02,7.736984522503310702e-01,2.353672812205331866e-14,16384,30,6.1.1-I-900
phase_regimes,2,4,2,8.000000000000000444e-01,4.152787295564890901e-01,3.322229836451913165e-01,2.200000000000000000e+01,4194304,1.021786202317011449e+00,128,32,33,9.990456953946986740e-01,9.543046053013259922e-04,4.560573883976765108e-01,2.776255039301195182e+06,6.471632514148950577e-02,2.331065562253931395e-08,6.117881229147315025e-02,6.404143525287508965e-02,2.498754172391289552e-01,subcritical,1.138823662332556601e-03,8.379739874272582600e-01,1.432187701766451937e-14,4194304,30,6.1.1-I-900
phase_regimes,2,4,2,8.000000000000000444e-01,4.152787295564890901e-01,3.322229836451913165e-01,2.200000000000000000e+01,4194304,1.021786202317011449e+00,256,64,65,9.990459472163616406e-01,9.540527836383594362e-04,4.560746951362343315e-01,2.776254984546302818e+06,2.626609057188034058e-02,9.460979167290990071e-09,6.193779455497860909e-02,6.326206773519515991e-02,2.498719744665371112e-01,subcritical,1.138815816974177815e-03,8.377586343797613910e-01,4.130029651605582330e-14,4194304,30,6.1.1-I-900
phase_regimes,2,4,2,8.000000000000000444e-01,4.152787295564890901e-01,3.322229836451913165e-01,2.200000000000000000e+01,4194304,1.021786202317011449e+00,512,128,129,9.990459850405487563e-01,9.540149594512437048e-04,4.560772950423618299e-01,2.776254981014044955e+06,1.276913098990917206e-02,4.599408583589524857e-09,6.220581941306591034e-02,6.298991758376359940e-02,2.498715513164384283e-01,subcritical,1.138814852699912127e-03,8.377261300987222103e-01,1.354472090042690979e-14,4194304,30,6.1.1-I-900
phase_regimes,2,4,2,8.000000000000000444e-01,4.152787295564890901e-01,3.322229836451913165e-01,3.000000000000000000e+01,1073741824,1.015976548365808529e+00,128,32,33,9.999382310283173592e-01,6.176897168264083859e-05,4.660919387080363352e-01,7.120393827351955175e+08,-7.804334163665771484e-01,1.096053722995848809e-09,9.414373636245727539e-01,9.122272729873657227e-01,2.484514071614334907e-01,subcritical,7.097337600302057524e-05,8.703118713137162343e-01,4.773959005888173124e-15,1073741824,30,6.1.1-I-900
phase_regimes,2,4,2,8.000000000000000444e-01,4.152787295564890901e-01,3.322229836451913165e-01,3.000000000000000000e+01,1073741824,1.015976548365808529e+00,256,64,65,9.999382473278982664e-01,6.175267210173362997e-05,4.661046303162756921e-01,7.120393501467360258e+08,-4.066824913024902344e-01,5.711517084254988286e-10,9.342116117477416992e-01,9.202885627746582031e-01,2.484478891205025852e-01,subcritical,7.097287351416666358e-05,8.700883738264786338e-01,8.548717289613705361e-15,1073741824,30,6.1.1-I-900
phase_regimes,2,4,2,8.000000000000000444e-01,4.152787295564890901e-01,3.322229836451913165e-01,3.000000000000000000e+01,1073741824,1.015976548365808529e+00,512,128,129,9.999382497761324373e-01,6.175022386756268133e-05,4.661065369141036419e-01,7.120393462474778891e+08,5.152821540832519531e-01,7.236708993665069555e-10,9.158217906951904297e-01,9.388285875320434570e-01,2.484474546362348824e-01,subcritical,7.097281145565899818e-05,8.700546392493099246e-01,7.838174553853605175e-14,1073741824,30,6.1.1-I-900
phase_regimes,2,4,2,8.499999999999999778e-01,4.152787295564890901e-01,3.529869201230156905e-01,1.400000000000000000e+01,16384,1.036375177082867305e+00,128,32,33,9.850119702698052482e-01,1.498802973019475182e-02,4.328603889477295463e-01,1.080343520570898363e+04,-3.779695816774619743e-03,3.498605531301073097e-07,4.571769890389987268e-03,4.452149743883637711e-03,2.534531522818099791e-01,subcritical,2.124549968105446038e-02,7.054684500341610320e-01,4.218847493575594854e-15,16384,30,6.1.1-I-900
phase_regimes,2,4,2,8.499999999999999778e-01,4.152787295564890901e-01,3.529869201230156905e-01,1.400000000000000000e+01,16384,1.036375177082867305e+00,256,64,65,9.850080141883017504e-01,1.499198581169824962e-02,4.328331926442852695e-01,1.080343424137556030e+04,1.900497409224044532e-03,1.759160436174470977e-07,4.458818093553418294e-03,4.566436982713639736e-03,2.534498919282680562e-01,subcritical,2.124536303240307650e-02,7.056591967307276336e-01,2.997602166487922659e-14,16384,30,6.1.1-I-900
phase_regimes,2,4,2,8.499999999999999778e-01,4.152787295564890901e-01,3.529869201230156905e-01,1.400000000000000000e+01,16384,1.036375177082867305e+00,512,128,129,9.850086085575922024e-01,1.499139144240779764e-02,4.328372782110532779e-01,1.080343417724242499e+04,1.030307430482935160e-03,9.536851093639197959e-08,4.476113459531916305e-03,4.548921051537035964e-03,2.534494960195509683e-01,subcritical,2.124534643893041114e-02,7.056317714328848023e-01,9.880984919163893210e-15,16384,30,6.1.1-I-900
phase_regimes,2,4,2,8.499999999999999778e-01,4.152787295564890901e-01,3.529869201230156905e-01,2.200000000000000000e+01,4194304,1.023147839961824790e+00,128,32,33,9.989733381853632688e-01,1.026661814636731229e-03,4.512646933027515961e-01,2.774979896187347360e+06,5.714409053325653076e-02,2.059261424263614185e-08,5.906658899039030075e-02,6.166417663916945457e-02,2.502092285792646420e-01,subcritical,1.319318889865938845e-03,7.781756348088477715e-01,1.076916333886401844e-14,4194304,30,6.1.1-I-900
phase_regimes,2,4,2,8.499999999999999778e-01,4.152787295564890901e-01,3.529869201230156905e-01,2.200000000000000000e+01,4194304,1.023147839961824790e+00,256,64,65,9.989736091006287122e-01,1.026390899371287802e-03,4.512820000413089727e-01,2.774979844638342969e+06,1.916813198477029800e-02,6.907485119867038030e-09,5.981440702453255653e-02,6.089219218119978905e-02,2.502058032285411349e-01,subcritical,1.319309859133127117e-03,7.779756152551560167e-01,1.088018564132653410e-14,4194304,30,6.1.1-I-900
phase_regimes,2,4,2,8.499999999999999778e-01,4.152787295564890901e-01,3.529869201230156905e-01,2.200000000000000000e+01,4194304,1.023147839961824790e+00,512,128,129,9.989736497927184100e-01,1.026350207281589988e-03,4.512845999474375258e-01,2.774979840992091689e+06,5.647889338433742523e-03,2.035290222654211300e-09,6.008267728611826897e-02,6.061970209702849388e-02,2.502053826947144843e-01,subcritical,1.319308750416523348e-03,7.779454255552823438e-01,5.262457136723242002e-14,4194304,30,6.1.1-I-900
phase_regimes,2,4,2,8.499999999999999778e-01,4.152787295564890901e-01,3.529869201230156905e-01,3.000000000000000000e+01,1073741824,1.016975082638671424e+00,128,32,33,9.999327807545528302e-01,6.721924544716983974e-05,4.620255375437469780e-01,7.118033089632794857e+08,2.116560935974121094e-01,2.973519382843035083e-10,8.737868070602416992e-01,8.874499797821044922e-01,2.486961300237221228e-01,subcritical,8.220772876090265164e-05,8.176754967002419772e-01,4.996003610813204432e-15,1073741824,30,6.1.1-I-900
phase_regimes,2,4,2,8.499999999999999778e-01,4.152787295564890901e-01,3.529869201230156905e-01,3.000000000000000000e+01,1073741824,1.016975082638671424e+00,256,64,65,9.999328204110061735e-01,6.717958899382647786e-05,4.620539168425585874e-01,7.118032766851722002e+08,-6.466209888458251953e-01,9.084265414695795487e-10,8.909507989883422852e-01,8.706371784210205078e-01,2.486926250281707163e-01,subcritical,8.220714946210376604e-05,8.171988620624199839e-01,8.437694987151189707e-15,1073741824,30,6.1.1-I-900
phase_regimes,2,4,2,8.499999999999999778e-01,4.152787295564890901e-01,3.529869201230156905e-01,3.000000000000000000e+01,1073741824,1.016975082638671424e+00,512,128,129,9.999328403096551243e-01,6.715969034487567768e-05,4.620681632007411221e-01,7.118032729037351608e+08,-7.307231426239013672e-01,1.026580194894277969e-09,8.938199281692504883e-01,8.678759336471557617e-01,2.486921925128267041e-01,subcritical,8.220707797653199083e-05,8.169575175029094583e-01,3.597122599785507191e-14,1073741824,30,6.1.1-I-900
phase_regimes,2,4,2,9.000000000000000222e-01,4.152787295564890901e-01,3.737508566008401756e-01,1.400000000000000000e+01,16384,1.038514893381859538e+00,128,32,33,9.841083737497218209e-01,1.589162625027817910e-02,4.268278157920183391e-01,1.079431145423644921e+04,4.555024588626110926e-03,4.219838021107310274e-07,4.352050589659484103e-03,4.569611561237252317e-03,2.539781092667016682e-01,subcritical,2.611523617063760822e-02,6.085193389193149782e-01,4.551914400963141816e-15,16384,30,6.1.1-I-900
phase_regimes,2,4,2,9.000000000000000222e-01,4.152787295564890901e-01,3.737508566008401756e-01,1.400000000000000000e+01,16384,1.038514893381859538e+00,256,64,65,9.841125672281214598e-01,1.588743277187854019e-02,4.268550120954625049e-01,1.079431047279871018e+04,-1.590087322256295010e-03,1.473079106130271277e-07,4.474314700928516686e-03,4.446045832082745619e-03,2.539748748926921040e-01,subcritical,2.611506988325503278e-02,6.083626367037046068e-01,9.547918011776346248e-15,16384,30,6.1.1-I-900
phase_regimes,2,4,2,9.000000000000000222e-01,4.152787295564890901e-01,3.737508566008401756e-01,1.400000000000000000e+01,16384,1.038514893381859538e+00,512,128,129,9.841119373331460585e-01,1.588806266685394153e-02,4.268509265286944410e-01,1.079431040982735249e+04,-6.861928341095335782e-04,6.356986301642856017e-08,4.456323602425982244e-03,4.464214491235907190e-03,2.539744828366277685e-01,subcritical,2.611504972658506077e-02,6.083872262621016214e-01,3.386180225106727448e-14,16384,30,6.1.1-I-900
phase_regimes,2,4,2,9.000000000000000222e-01,4.152787295564890901e-01,3.737508566008401756e-01,2.200000000000000000e+01,4194304,1.024509477606637908e+00,128,32,33,9.988876348265741667e-01,1.112365173425833298e-03,4.460069910405032867e-01,2.773704343198997900e+06,1.239043194800615311e-02,4.467106228674643093e-09,5.785922519862651825e-02,5.870992084965109825e-02,2.505430624723824495e-01,subcritical,1.621126939963119786e-03,6.861678416442449358e-01,1.265654248072678456e-14,4194304,30,6.1.1-I-900
phase_regimes,2,4,2,9.000000000000000222e-01,4.152787295564890901e-01,3.737508566008401756e-01,2.200000000000000000e+01,4194304,1.024509477606637908e+00,256,64,65,9.988879283572206225e-01,1.112071642779377534e-03,4.460242977790556673e-01,2.773704294900115579e+06,-2.602150198072195053e-02,9.381498247151475119e-09,5.861350940540432930e-02,5.792708648368716240e-02,2.505396544611056542e-01,subcritical,1.621115914238388349e-03,6.859914414582973796e-01,9.658940314238861902e-15,4194304,30,6.1.1-I-900
phase_regimes,2,4,2,9.000000000000000222e-01,4.152787295564890901e-01,3.737508566008401756e-01,2.200000000000000000e+01,4194304,1.024509477606637908e+00,512,128,129,9.988878842665012137e-01,1.112115733498786341e-03,4.460216978729291126e-01,2.773704291090842802e+06,-1.651002094149589539e-02,5.952336373609182059e-09,5.842299619689583778e-02,5.811747256666421890e-02,2.505392365274027866e-01,subcritical,1.621114562118579653e-03,6.860192114031719024e-01,1.654232306691483245e-14,4194304,30,6.1.1-I-900
phase_regimes,2,4,2,9.000000000000000222e-01,4.152787295564890901e-01,3.737508566008401756e-01,3.000000000000000000e+01,1073741824,1.017973616911534540e+00,128,32,33,9.999260590683853867e-01,7.394093161461334773e-05,4.574422417880678604e-01,7.115673597127338648e+08,-6.759464740753173828e-01,9.499402478891149064e-10,8.458906412124633789e-01,8.255054950714111328e-01,2.489408648322130879e-01,subcritical,1.009959471684644601e-04,7.321178095520755047e-01,1.232347557333923760e-14,1073741824,30,6.1.1-I-900
phase_regimes,2,4,2,9.000000000000000222e-01,4.152787295564890901e-01,3.737508566008401756e-01,3.000000000000000000e+01,1073741824,1.017973616911534540e+00,256,64,65,9.999260785799001239e-01,7.392142009987612283e-05,4.574549333963502940e-01,7.115673277771948576e+08,2.305209636688232422e-01,3.239622656494477206e-10,8.296056985855102539e-01,8.427534103393554688e-01,2.489373728365148752e-01,subcritical,1.009952388101760659e-04,7.319297520432018755e-01,2.975397705995419528e-14,1073741824,30,6.1.1-I-900
phase_regimes,2,4,2,9.000000000000000222e-01,4.152787295564890901e-01,3.737508566008401756e-01,3.000000000000000000e+01,1073741824,1.017973616911534540e+00,512,128,129,9.999261004754849136e-01,7.389952451508641218e-05,4.574691797545177296e-01,7.115673241317014694e+08,2.295076847076416016e-01,3.225382573429732516e-10,8.296121358871459961e-01,8.426549434661865234e-01,2.489369422804037779e-01,subcritical,1.009951514706666076e-04,7.317135866324241400e-01,1.474376176702207886e-13,1073741824,30,6.1.1-I-900
phase_regimes,2,4,2,9.250000000000000444e-01,4.152787295564890901e-01,3.841328248397524181e-01,1.400000000000000000e+01,16384,1.039584751531355655e+00,128,32,33,9.836237797376667924e-01,1.637622026233320760e-02,4.237324126950526293e-01,1.078972944224920320e+04,1.418976808054139838e-03,1.315118062643786807e-07,4.393785886350087821e-03,4.487939733735402115e-03,2.542406094059699861e-01,subcritical,3.021015503994380416e-02,5.420766705990288647e-01,4.884981308350688778e-15,16384,30,6.1.1-I-900
phase_regimes,2,4,2,9.250000000000000444e-01,4.152787295564890901e-01,3.841328248397524181e-01,1.400000000000000000e+01,16384,1.039584751531355655e+00,256,64,65,9.836247999735555636e-01,1.637520002644443640e-02,4.237388328714025154e-01,1.078972845280568072e+04,-2.145907274098135531e-04,1.988842706732002759e-08,4.426342520673642866e-03,4.455150212379521690e-03,2.542373879485814725e-01,subcritical,3.020996364440774878e-02,5.420463334280012369e-01,8.548717289613705361e-15,16384,30,6.1.1-I-900
phase_regimes,2,4,2,9.250000000000000444e-01,4.152787295564890901e-01,3.841328248397524181e-01,1.400000000000000000e+01,16384,1.039584751531355655e+00,512,128,129,9.836241507398898465e-01,1.637584926011015352e-02,4.237347473046346735e-01,1.078972839038293569e+04,6.828677214798517525e-04,6.328868501347106705e-08,4.408486394822830334e-03,4.473197097468073480e-03,2.542369978054818680e-01,subcritical,3.020994046486387419e-02,5.420682400601328776e-01,9.325873406851314940e-15,16384,30,6.1.1-I-900
phase_regimes,2,4,2,9.250000000000000444e-01,4.152787295564890901e-01,3.841328248397524181e-01,2.200000000000000000e+01,4194304,1.025190296429044468e+00,128,32,33,9.988387052989553538e-01,1.161294701044646160e-03,4.431840979163777505e-01,2.773066324048244394e+06,-3.602553624659776688e-02,1.299122777345119667e-08,5.785949854180216789e-02,5.679780943319201469e-02,2.507099878996458253e-01,subcritical,1.874978659109633209e-03,6.193642233752716386e-01,3.330669073875469621e-15,4194304,30,6.1.1-I-900
phase_regimes,2,4,2,9.250000000000000444e-01,4.152787295564890901e-01,3.841328248397524181e-01,2.200000000000000000e+01,4194304,1.025190296429044468e+00,256,64,65,9.988387776474284552e-01,1.161222352571544825e-03,4.431881834831448708e-01,2.773066277362570632e+06,-1.733412500470876694e-02,6.250887382754890312e-09,5.747581878677010536e-02,5.716181639581918716e-02,2.507065885270287064e-01,subcritical,1.874965947664089267e-03,6.193298358395490366e-01,3.952393967665557284e-14,4194304,30,6.1.1-I-900
phase_regimes,2,4,2,9.250000000000000444e-01,4.152787295564890901e-01,3.841328248397524181e-01,2.200000000000000000e+01,4194304,1.025190296429044468e+00,512,128,129,9.988387316080125089e-01,1.161268391987491100e-03,4.431855835770180385e-01,2.773066273450735491e+06,-8.251750841736793518e-03,2.975677473250041747e-09,5.729404883459210396e-02,5.734372604638338089e-02,2.507061718879922685e-01,subcritical,1.874964389698790179e-03,6.193549052811860856e-01,1.347810751894940040e-13,4194304,30,6.1.1-I-900
phase_regimes,2,4,2,9.250000000000000444e-01,4.152787295564890901e-01,3.841328248397524181e-01,3.000000000000000000e+01,1073741824,1.018472884047965987e+00,128,32,33,9.999220356628506501e-01,7.796433714934991599e-05,4.548942041535971592e-01,7.114494293563096523e+08,2.490878105163574219e-01,3.501131636885588326e-10,8.069586753845214844e-01,8.219347000122070312e-01,2.490632367254384805e-01,subcritical,1.168006722065234154e-04,6.674990449669307990e-01,9.103828801926283631e-15,1073741824,30,6.1.1-I-900
phase_regimes,2,4,2,9.250000000000000444e-01,4.152787295564890901e-01,3.841328248397524181e-01,3.000000000000000000e+01,1073741824,1.018472884047965987e+00,256,64,65,9.999220973661954170e-01,7.790263380458295472e-05,4.549322789783902810e-01,7.114493976087321043e+08,-9.171962738037109375e-01,1.289193970627452968e-09,8.306273221969604492e-01,7.985150814056396484e-01,2.490597512133318203e-01,subcritical,1.167998549209482207e-04,6.669754329515952262e-01,1.054711873393898713e-14,1073741824,30,6.1.1-I-900
phase_regimes,2,4,2,9.250000000000000444e-01,4.152787295564890901e-01,3.841328248397524181e-01,3.000000000000000000e+01,1073741824,1.018472884047965987e+00,512,128,129,9.999220942775606247e-01,7.790572243937532448e-05,4.549303723805646071e-01,7.114493940397377014e+08,5.227923393249511719e-01,7.348271622756499650e-10,8.020808696746826172e-01,8.275338411331176758e-01,2.490593216337852744e-01,subcritical,1.167997541924079794e-04,6.670024520003589030e-01,9.303668946358811809e-14,1073741824,30,6.1.1-I-900
phase_regimes,2,4,2,9.499999999999999556e-01,4.152787295564890901e-01,3.945147930786646051e-01,1.400000000000000000e+01,16384,1.040654609680851772e+00,128,32,33,9.831083862556060371e-01,1.689161374439396290e-02,4.205392162023226521e-01,1.078513288180177551e+04,2.995259364979574457e-03,2.777211368469651510e-07,4.346645593614084646e-03,4.506045437665306963e-03,2.545031240243855186e-01,subcritical,3.706700571501678199e-02,4.557048355689206076e-01,4.440892098500626162e-15,16384,30,6.1.1-I-900
phase_regimes,2,4,2,9.499999999999999556e-01,4.152787295564890901e-01,3.945147930786646051e-01,1.400000000000000000e+01,16384,1.040654609680851772e+00,256,64,65,9.831094386004257668e-01,1.689056139957423319e-02,4.205456363786719831e-01,1.078513188400654144e+04,1.376851741952123120e-03,1.276620218241262567e-07,4.378898982395185158e-03,4.473556509765330702e-03,2.544999154356670790e-01,subcritical,3.706677205746999187e-02,4.556793176753116126e-01,1.809663530139005161e-14,16384,30,6.1.1-I-900
phase_regimes,2,4,2,9.499999999999999556e-01,4.152787295564890901e-01,3.945147930786646051e-01,1.400000000000000000e+01,16384,1.040654609680851772e+00,512,128,129,9.831101082402666780e-01,1.688989175973332202e-02,4.205497219454397695e-01,1.078513182196833986e+04,5.141464498592540622e-04,4.767178170339876260e-08,4.396018797706346959e-03,4.456162252608919516e-03,2.544995271969509032e-01,subcritical,3.706674378484471621e-02,4.556615994588389951e-01,1.110223024625156540e-14,16384,30,6.1.1-I-900
phase_regimes,2,4,2,9.499999999999999556e-01,4.152787295564890901e-01,3.945147930786646051e-01,2.200000000000000000e+01,4194304,1.025871115251451027e+00,128,32,33,9.987846076222098857e-01,1.215392377790114331e-03,4.401982788797074164e-01,2.772428086665459443e+06,-1.251511275768280029e-02,4.514134313483803883e-09,5.650179553776979446e-02,5.640843184664845467e-02,2.508769189932962829e-01,subcritical,2.300124358689007061e-03,5.284028983906099430e-01,3.552713678800500929e-15,4194304,30,6.1.1-I-900
phase_regimes,2,4,2,9.499999999999999556e-01,4.152787295564890901e-01,3.945147930786646051e-01,2.200000000000000000e+01,4194304,1.025871115251451027e+00,256,64,65,9.987846833409596004e-01,1.215316659040399649e-03,4.402023644464773677e-01,2.772428041575222742e+06,4.268018528819084167e-03,1.539451507781643044e-09,5.615564482286572456e-02,5.673310346901416779e-02,2.508735282391921784e-01,subcritical,2.300108814846844874e-03,5.283735496319650338e-01,1.121325254871408106e-14,4194304,30,6.1.1-I-900
phase_regimes,2,4,2,9.499999999999999556e-01,4.152787295564890901e-01,3.945147930786646051e-01,2.200000000000000000e+01,4194304,1.025871115251451027e+00,512,128,129,9.987847315231623835e-01,1.215268476837616518e-03,4.402049643526030898e-01,2.772428037544921972e+06,-9.439070709049701691e-03,3.404622439689477109e-09,5.642747879028320312e-02,5.645678425207734108e-02,2.508731128907872310e-01,subcritical,2.300106910805933391e-03,5.283530392123377828e-01,1.474376176702207886e-13,4194304,30,6.1.1-I-900
phase_regimes,2,4,2,9.499999999999999556e-01,4.152787295564890901e-01,3.945147930786646051e-01,3.000000000000000000e+01,1073741824,1.018972151184397434e+00,128,32,33,9.999174921058788801e-01,8.250789412111991794e-05,4.521702771836018653e-01,7.113315268707811832e+08,1.419484615325927734e-01,1.995531705968921660e-10,7.873805761337280273e-01,8.009585142135620117e-01,2.491856116162476098e-01,subcritical,1.432723755274161088e-04,5.758813854896367435e-01,3.774758283725532237e-15,1073741824,30,6.1.1-I-900
phase_regimes,2,4,2,9.499999999999999556e-01,4.152787295564890901e-01,3.945147930786646051e-01,3.000000000000000000e+01,1073741824,1.018972151184397434e+00,256,64,65,9.999175305066227981e-01,8.246949337720188566e-05,4.521926643178459937e-01,7.113314953247073889e+08,5.131661891937255859e-01,7.214163755809467896e-10,7.810888290405273438e-01,8.078310489654541016e-01,2.491821325755884664e-01,subcritical,1.432713753650143170e-04,5.756173776310397061e-01,3.497202527569243102e-14,1073741824,30,6.1.1-I-900
phase_regimes,2,4,2,9.499999999999999556e-01,4.152787295564890901e-01,3.945147930786646051e-01,3.000000000000000000e+01,1073741824,1.018972151184397434e+00,512,128,129,9.999175720473322260e-01,8.242795266777402929e-05,4.522168937518333265e-01,7.113314918391852379e+08,-1.890361309051513672e-01,2.657497004896949499e-10,7.948212623596191406e-01,7.940703630447387695e-01,2.491817039715219506e-01,subcritical,1.432712521484741559e-04,5.753279281900370856e-01,8.992806499463767977e-14,1073741824,30,6.1.1-I-900
phase_regimes,2,4,2,9.749999999999999778e-01,4.152787295564890901e-01,4.048967613175768476e-01,1.400000000000000000e+01,16384,1.041724467830347889e+00,128,32,33,9.825665503822256230e-01,1.743344961777437696e-02,4.172855800671358972e-01,1.078052087679891338e+04,1.220110334543278441e-03,1.131773082661631900e-07,4.371359196738922037e-03,4.462065320694819093e-03,2.547656531585597572e-01,subcritical,5.251588854229623932e-02,3.319652414094354520e-01,4.551914400963141816e-15,16384,30,6.1.1-I-900
phase_regimes,2,4,2,9.749999999999999778e-01,4.152787295564890901e-01,4.048967613175768476e-01,1.400000000000000000e+01,16384,1.041724467830347889e+00,256,64,65,9.825676364833331178e-01,1.743236351666688222e-02,4.172920002434852282e-01,1.078051987109124457e+04,-3.836280484392773360e-04,3.558530136083734977e-08,4.403311657370068133e-03,4.429863789482624270e-03,2.547624573896704048e-01,subcritical,5.251555916279192215e-02,3.319466419966823345e-01,2.375877272697834997e-14,16384,30,6.1.1-I-900
phase_regimes,2,4,2,9.749999999999999778e-01,4.152787295564890901e-01,4.048967613175768476e-01,1.400000000000000000e+01,16384,1.041724467830347889e+00,512,128,129,9.825669453359120453e-01,1.743305466408795468e-02,4.172879146767174974e-01,1.078051980944808747e+04,5.036154107074253261e-04,4.671531796324468001e-08,4.385672449643607251e-03,4.447717252332950011e-03,2.547620710455065773e-01,subcritical,5.251551934317388870e-02,3.319600545158457039e-01,1.543210004228967591e-14,16384,30,6.1.1-I-900
phase_regimes,2,4,2,9.749999999999999778e-01,4.152787295564890901e-01,4.048967613175768476e-01,2.200000000000000000e+01,4194304,1.026551934073857808e+00,128,32,33,9.987248256295652160e-01,1.275174370434783988e-03,4.370495339305107696e-01,2.771789581961570773e+06,3.675010520964860916e-02,1.325862015241463152e-08,5.472260434180498123e-02,5.663046380504965782e-02,2.510438557624677935e-01,subcritical,3.258180161332124587e-03,3.913762613769712351e-01,1.121325254871408106e-14,4194304,30,6.1.1-I-900
phase_regimes,2,4,2,9.749999999999999778e-01,4.152787295564890901e-01,4.048967613175768476e-01,2.200000000000000000e+01,4194304,1.026551934073857808e+00,256,64,65,9.987251621222623665e-01,1.274837877737633463e-03,4.370668406690689234e-01,2.771789538423864637e+06,-4.811445251107215881e-03,1.735862403840072857e-09,5.553586222231388092e-02,5.578045221045613289e-02,2.510404736061984110e-01,subcritical,3.258158213550248813e-03,3.912756208203000963e-01,7.660538869913580129e-15,4194304,30,6.1.1-I-900
phase_regimes,2,4,2,9.749999999999999778e-01,4.152787295564890901e-01,4.048967613175768476e-01,2.200000000000000000e+01,4194304,1.026551934073857808e+00,512,128,129,9.987251115782893596e-01,1.274888421710640429e-03,4.370642407629453108e-01,2.771789534256628715e+06,3.456603735685348511e-03,1.247065728824314050e-09,5.537072569131851196e-02,5.594627745449542999e-02,2.510400595449177596e-01,subcritical,3.258155526577707212e-03,3.912914565652286236e-01,1.998401444325281773e-14,4194304,30,6.1.1-I-900
phase_regimes,2,4,2,9.749999999999999778e-01,4.152787295564890901e-01,4.048967613175768476e-01,3.000000000000000000e+01,1073741824,1.019471418320829104e+00,128,32,33,9.999123063318301474e-01,8.769366816985257884e-05,4.492389265433988088e-01,7.112136507364022732e+08,5.790591239929199219e-02,8.141844906848351532e-11,7.712205648422241211e-01,7.793339490890502930e-01,2.493079895084106823e-01,subcritical,2.029310078386017285e-04,4.321353799198517920e-01,6.106226635438360972e-15,1073741824,30,6.1.1-I-900
phase_regimes,2,4,2,9.749999999999999778e-01,4.152787295564890901e-01,4.048967613175768476e-01,3.000000000000000000e+01,1073741824,1.019471418320829104e+00,256,64,65,9.999123580673091594e-01,8.764193269084064042e-05,4.492673058422246846e-01,7.112136194088711739e+08,8.094310760498046875e-02,1.138098391201461324e-10,7.705382108688354492e-01,7.803982496261596680e-01,2.493045169285569018e-01,subcritical,2.029295945333465666e-04,4.318834465341565010e-01,2.142730437526552123e-14,1073741824,30,6.1.1-I-900
phase_regimes,2,4,2,9.749999999999999778e-01,4.152787295564890901e-01,4.048967613175768476e-01,3.000000000000000000e+01,1073741824,1.019471418320829104e+00,512,128,129,9.999123840269209529e-01,8.761597307904711585e-05,4.492815522003970052e-01,7.112136160146607161e+08,3.198385238647460938e-01,4.497080998772007009e-10,7.665311098098754883e-01,7.847135066986083984e-01,2.493040892965835142e-01,subcritical,2.029294204907314486e-04,4.317558926013336240e-01,1.576516694967722287e-14,1073741824,30,6.1.1-I-900
phase_regimes,2,4,2,1.000000000000000000e+00,4.152787295564890901e-01,4.152787295564890901e-01,1.400000000000000000e+01,16384,1.042794325979844006e+00,128,32,33,9.819888077616985012e-01,1.801119223830149885e-02,4.139258933698714005e-01,1.077589249291615306e+04,5.960505859547993168e-03,5.531333820810020949e-07,4.272467713235528208e-03,4.555284876914811321e-03,2.550281968443779412e-01,critical,1.887409807986076271e-02,9.542809495898503247e-01,6.106226635438360972e-15,16384,30,6.1.1-I-900
phase_regimes,2,4,2,1.000000000000000000e+00,4.152787295564890901e-01,4.152787295564890901e-01,1.400000000000000000e+01,16384,1.042794325979844006e+00,256,64,65,9.819935605506462384e-01,1.800643944935376162e-02,4.139530896733158438e-01,1.077589147864385450e+04,-7.788048606016673148e-05,7.227289381534119665e-09,4.392441609525121748e-03,4.433699770743260160e-03,2.550250138472340278e-01,critical,1.887402065739577500e-02,9.540330476589760078e-01,2.875477633779155440e-14,16384,30,6.1.1-I-900
phase_regimes,2,4,2,1.000000000000000000e+00,4.152787295564890901e-01,4.152787295564890901e-01,1.400000000000000000e+01,16384,1.042794325979844006e+00,512,128,129,9.819928466426224301e-01,1.800715335737756995e-02,4.139490041065479464e-01,1.077589141728634604e+04,8.056908882281277329e-04,7.476791079535783882e-08,4.374883230411796831e-03,4.451488102859002538e-03,2.550246293900401140e-01,critical,1.887401130591425877e-02,9.540713452754446822e-01,1.820765760385256726e-14,16384,30,6.1.1-I-900
phase_regimes,2,4,2,1.000000000000000000e+00,4.152787295564890901e-01,4.152787295564890901e-01,2.200000000000000000e+01,4194304,1.027232752896264367e+00,128,32,33,9.986591378033994326e-01,1.340862196600567380e-03,4.337556049449675655e-01,2.771150754538865760e+06,-5.953246727585792542e-03,2.148294068027505904e-09,5.488121230155229568e-02,5.511389439925551414e-02,2.512107982164820674e-01,critical,1.363620156465742772e-03,9.833106310747415924e-01,8.215650382226158399e-15,4194304,30,6.1.1-I-900
phase_regimes,2,4,2,1.000000000000000000e+00,4.152787295564890901e-01,4.152787295564890901e-01,2.200000000000000000e+01,4194304,1.027232752896264367e+00,256,64,65,9.986592213388986172e-01,1.340778661101382774e-03,4.337596905117341306e-01,2.771150712496852968e+06,6.004003807902336121e-03,2.166610347400639452e-09,5.462939012795686722e-02,5.534035526216030121e-02,2.512074246378540598e-01,critical,1.363613854390599784e-03,9.832539151639654307e-01,1.865174681370262988e-14,4194304,30,6.1.1-I-900
phase_regimes,2,4,2,1.000000000000000000e+00,4.152787295564890901e-01,4.152787295564890901e-01,2.200000000000000000e+01,4194304,1.027232752896264367e+00,512,128,129,9.986592744951430234e-01,1.340725504856976613e-03,4.337622904178607963e-01,2.771150708173509687e+06,-7.895985618233680725e-03,2.849352651569786046e-09,5.490518361330032349e-02,5.505989165976643562e-02,2.512070118595978729e-01,critical,1.363613083289395844e-03,9.832154892667879231e-01,7.371880883511039428e-14,4194304,30,6.1.1-I-900
phase_regimes,2,4,2,1.000000000000000000e+00,4.152787295564890901e-01,4.152787295564890901e-01,3.000000000000000000e+01,1073741824,1.019970685457260551e+00,128,32,33,9.999063476990343036e-01,9.365230096569643337e-05,4.460775344538280840e-01,7.110957991382142305e+08,-3.116428852081298828e-01,4.382572440813372183e-10,7.613077163696289062e-01,7.557103633880615234e-01,2.494303704055561011e-01,critical,9.463646528078026006e-05,9.896005803665228751e-01,1.110223024625156540e-14,1073741824,30,6.1.1-I-900
phase_regimes,2,4,2,1.000000000000000000e+00,4.152787295564890901e-01,4.152787295564890901e-01,3.000000000000000000e+01,1073741824,1.019970685457260551e+00,256,64,65,9.999063912865971959e-01,9.360871340280407793e-05,4.460999215880560587e-01,7.110957680499305725e+08,4.468560218811035156e-01,6.284048393460934324e-10,7.469574213027954102e-01,7.706221342086791992e-01,2.494269042748054610e-01,critical,9.463600014381188966e-05,9.891448630600753189e-01,4.019007349143066676e-14,1073741824,30,6.1.1-I-900
phase_regimes,2,4,2,1.000000000000000000e+00,4.152787295564890901e-01,4.152787295564890901e-01,3.000000000000000000e+01,1073741824,1.019970685457260551e+00,512,128,129,9.999064264336136043e-01,9.357356638639569013e-05,4.461179811418868324e-01,7.110957647560262680e+08,4.293918609619140625e-01,6.038453359502660597e-10,7.472622394561767578e-01,7.701107263565063477e-01,2.494264776134705597e-01,critical,9.463594288779865883e-05,9.887740696717891575e-01,7.882583474838611437e-14,1073741824,30,6.1.1-I-900
phase_regimes,2,4,2,1.024999999999999911e+00,4.152787295564890901e-01,4.256606977954012772e-01,1.400000000000000000e+01,16384,1.043864184129340122e+00,128,32,33,9.813881252794071086e-01,1.861187472059289139e-02,4.105452006098343487e-01,1.077124675293441396e+04,-7.948478923935908824e-04,7.379349026397990428e-08,4.408035423693945631e-03,4.423243084602290764e-03,2.552907551181176626e-01,supercritical,8.141822679437244262e-03,2.285959232150623244e+00,4.773959005888173124e-15,16384,30,6.1.1-I-900
phase_regimes,2,4,2,1.024999999999999911e+00,4.152787295564890901e-01,4.256606977954012772e-01,1.400000000000000000e+01,16384,1.043864184129340122e+00,256,64,65,9.813869656903629890e-01,1.861303430963701100e-02,4.105387804334848512e-01,1.077124573199034057e+04,3.811437636613845825e-04,3.538530019136011367e-08,4.384827623653109185e-03,4.447088795132003725e-03,2.552875848447416218e-01,supercritical,8.141822679437244262e-03,2.286101655916132902e+00,8.215650382226158399e-15,16384,30,6.1.1-I-900
phase_regimes,2,4,2,1.024999999999999911e+00,4.152787295564890901e-01,4.256606977954012772e-01,1.400000000000000000e+01,16384,1.043864184129340122e+00,512,128,129,9.813877036190226111e-01,1.861229638097738892e-02,4.105428660002525820e-01,1.077124567080617635e+04,-4.884363988821860403e-04,4.534632426089942756e-08,4.402061091241193935e-03,4.429534465089091100e-03,2.552872022649196881e-01,supercritical,8.141822679437244262e-03,2.286011021584156477e+00,9.992007221626408864e-15,16384,30,6.1.1-I-900
phase_regimes,2,4,2,1.024999999999999911e+00,4.152787295564890901e-01,4.256606977954012772e-01,2.200000000000000000e+01,4194304,1.027913571718670926e+00,128,32,33,9.985864200161816973e-01,1.413579983818302743e-03,4.302923076347232034e-01,2.770511541922126431e+06,-7.776718121021986008e-02,2.806961098464383956e-08,5.574791226536035538e-02,5.314505007117986679e-02,2.513777463649592425e-01,supercritical,5.444913786213655170e-04,2.596147596308028493e+00,4.218847493575594854e-15,4194304,30,6.1.1-I-900
phase_regimes,2,4,2,1.024999999999999911e+00,4.152787295564890901e-01,4.256606977954012772e-01,2.200000000000000000e+01,4194304,1.027913571718670926e+00,256,64,65,9.985860469025884534e-01,1.413953097411546622e-03,4.302750008961659933e-01,2.770511501274036244e+06,2.002622932195663452e-02,7.228350906591600099e-09,5.379095394164323807e-02,5.509964842349290848e-02,2.513743813429768492e-01,supercritical,5.444913786213655170e-04,2.596832847916949571e+00,2.708944180085381959e-14,4194304,30,6.1.1-I-900
phase_regimes,2,4,2,1.024999999999999911e+00,4.152787295564890901e-01,4.256606977954012772e-01,2.200000000000000000e+01,4194304,1.027913571718670926e+00,512,128,129,9.985861029598920302e-01,1.413897040107969794e-03,4.302776008022929921e-01,2.770511496772618033e+06,5.982816219329833984e-03,2.159462693549276183e-09,5.406945943832397461e-02,5.481635266914963722e-02,2.513739698441857517e-01,supercritical,5.444913786213655170e-04,2.596729894397797889e+00,1.909583602355269250e-14,4194304,30,6.1.1-I-900
phase_regimes,2,4,2,1.024999999999999911e+00,4.152787295564890901e-01,4.256606977954012772e-01,3.000000000000000000e+01,1073741824,1.020469952593691998e+00,128,32,33,9.998994311118011291e-01,1.005688881988708872e-04,4.426509438265326946e-01,7.109779698975170851e+08,-1.474916934967041016e-01,2.074490346275624820e-10,7.440116405487060547e-01,7.440623044967651367e-01,2.495527543113389979e-01,supercritical,3.641240738962538744e-05,2.761940102524639506e+00,4.551914400963141816e-15,1073741824,30,6.1.1-I-900
phase_regimes,2,4,2,1.024999999999999911e+00,4.152787295564890901e-01,4.256606977954012772e-01,3.000000000000000000e+01,1073741824,1.020469952593691998e+00,256,64,65,9.998995107050743236e-01,1.004892949256763757e-04,4.426890186513553482e-01,7.109779390738188028e+08,-3.886818885803222656e-01,5.466862854938267180e-10,7.490458488464355469e-01,7.393008470535278320e-01,2.495492946187833072e-01,supercritical,3.641240738962538744e-05,2.759754219225498240e+00,1.110223024625156540e-14,1073741824,30,6.1.1-I-900
phase_regimes,2,4,2,1.024999999999999911e+00,4.152787295564890901e-01,4.256606977954012772e-01,3.000000000000000000e+01,1073741824,1.020469952593691998e+00,512,128,129,9.998995404700852241e-01,1.004595299147759135e-04,4.427032650095068522e-01,7.109779358901823759e+08,-3.644824028015136719e-02,5.126493867143179599e-11,7.422415018081665039e-01,7.463190555572509766e-01,2.495488689260894066e-01,supercritical,3.641240738962538744e-05,2.758936777780828908e+00,1.887379141862766119e-14,1073741824,30,6.1.1-I-900
phase_regimes,2,4,2,1.050000000000000044e+00,4.152787295564890901e-01,4.360426660343135752e-01,1.400000000000000000e+01,16384,1.044934042278836239e+00,128,32,33,9.807432233655412057e-01,1.925677663445879428e-02,4.070349969383400546e-01,1.076658264782305014e+04,4.539640030998270959e-03,4.216416832982899840e-07,4.310560329031432047e-03,4.541998980130301788e-03,2.555533280158067688e-01,supercritical,9.113143847335455905e-03,2.113077216496388466e+00,3.885780586188047891e-15,16384,30,6.1.1-I-900
phase_regimes,2,4,2,1.050000000000000044e+00,4.152787295564890901e-01,4.360426660343135752e-01,1.400000000000000000e+01,16384,1.044934042278836239e+00,256,64,65,9.807483048389908920e-01,1.925169516100910805e-02,4.070621932417841093e-01,1.076658161946296605e+04,-1.481392700952710584e-03,1.375917401930773639e-07,4.430108017913880758e-03,4.420674642460653558e-03,2.555501704183356093e-01,supercritical,9.113143847335455905e-03,2.112519618203767102e+00,7.549516567451064475e-15,16384,30,6.1.1-I-900
phase_regimes,2,4,2,1.050000000000000044e+00,4.152787295564890901e-01,4.360426660343135752e-01,1.400000000000000000e+01,16384,1.044934042278836239e+00,512,128,129,9.807475415598492230e-01,1.925245844015077701e-02,4.070581076750162675e-01,1.076658155832248485e+04,-6.014383870933670551e-04,5.586159207872806939e-08,4.412639025758835487e-03,4.438408808709937148e-03,2.555497897077602110e-01,supercritical,9.113143847335455905e-03,2.112603374057340666e+00,4.840572387365682516e-14,16384,30,6.1.1-I-900
phase_regimes,2,4,2,1.050000000000000044e+00,4.152787295564890901e-01,4.360426660343135752e-01,2.200000000000000000e+01,4194304,1.028594390541077486e+00,128,32,33,9.985044473352545635e-01,1.495552664745436466e-03,4.265957077229881045e-01,2.769871873629576527e+06,4.839373286813497543e-02,1.747146982821300545e-08,5.284070177003741264e-02,5.532618612051010132e-02,2.515447002169528545e-01,supercritical,6.499925273333183491e-04,2.300876705277123957e+00,4.440892098500626162e-15,4194304,30,6.1.1-I-900
phase_regimes,2,4,2,1.050000000000000044e+00,4.152787295564890901e-01,4.360426660343135752e-01,2.200000000000000000e+01,4194304,1.028594390541077486e+00,256,64,65,9.985048419813213894e-01,1.495158018678610645e-03,4.266130144615434272e-01,2.769871834268749226e+06,-5.698530003428459167e-04,2.057326239043432436e-10,5.379704665392637253e-02,5.432328488677740097e-02,2.515413437318410050e-01,supercritical,6.499925273333183491e-04,2.300269550501906846e+00,8.548717289613705361e-15,4194304,30,6.1.1-I-900
phase_regimes,2,4,2,1.050000000000000044e+00,4.152787295564890901e-01,4.360426660343135752e-01,2.200000000000000000e+01,4194304,1.028594390541077486e+00,512,128,129,9.985047827022335287e-01,1.495217297766471276e-03,4.266104145554189819e-01,2.769871829567747191e+06,6.651272997260093689e-03,2.401292697466820709e-09,5.365346465259790421e-02,5.446857493370771408e-02,2.515409335087394060e-01,supercritical,6.499925273333183491e-04,2.300360750147083966e+00,7.072120666862247162e-14,4194304,30,6.1.1-I-900
phase_regimes,2,4,2,1.050000000000000044e+00,4.152787295564890901e-01,4.360426660343135752e-01,3.000000000000000000e+01,1073741824,1.020969219730123445e+00,128,32,33,9.998913978717716144e-01,1.086021282283855527e-04,4.389553334755574854e-01,7.108601603877298832e+08,-1.315861940383911133e+00,1.851084100234553107e-09,7.559463977813720703e-01,7.097717523574829102e-01,2.496751412293558847e-01,supercritical,4.635934063734745890e-05,2.342615894344597383e+00,9.769962616701377556e-15,1073741824,30,6.1.1-I-900
phase_regimes,2,4,2,1.050000000000000044e+00,4.152787295564890901e-01,4.360426660343135752e-01,3.000000000000000000e+01,1073741824,1.020969219730123445e+00,256,64,65,9.998914484172686246e-01,1.085515827313754400e-04,4.389777206098046114e-01,7.108601298590494394e+08,-8.723139762878417969e-02,1.227124633450473181e-10,7.319624423980712891e-01,7.347033023834228516e-01,2.496716879639947484e-01,supercritical,4.635934063734745890e-05,2.341525596330967129e+00,2.720046410331633524e-14,1073741824,30,6.1.1-I-900
phase_regimes,2,4,2,1.050000000000000044e+00,4.152787295564890901e-01,4.360426660343135752e-01,3.000000000000000000e+01,1073741824,1.020969219730123445e+00,512,128,129,9.998914891748447165e-01,1.085108251552835412e-04,4.389957801636352186e-01,7.108601267975330353e+08,9.208917617797851562e-03,1.295461268770914281e-11,7.295783758163452148e-01,7.369403839111328125e-01,2.496712632374725183e-01,supercritical,4.635934063734745890e-05,2.340646429899098990e+00,5.906386491005832795e-14,1073741824,30,6.1.1-I-900
phase_regimes,2,4,2,1.074999999999999956e+00,4.152787295564890901e-01,4.464246342732257622e-01,1.400000000000000000e+01,16384,1.046003900428332356e+00,128,32,33,9.800697319683178144e-01,1.993026803168218564e-02,4.034925055300865315e-01,1.076189912948377605e+04,1.601299118192400783e-03,1.487933587674512399e-07,4.384610014312784187e-03,4.501509718465968035e-03,2.558159155736396961e-01,supercritical,1.014701170983266579e-02,1.964151476475516578e+00,3.663735981263016583e-15,16384,30,6.1.1-I-900
phase_regimes,2,4,2,1.074999999999999956e+00,4.152787295564890901e-01,4.464246342732257622e-01,1.400000000000000000e+01,16384,1.046003900428332356e+00,256,64,65,9.800709736208109701e-01,1.992902637918902986e-02,4.034989257064359180e-01,1.076189809502548633e+04,5.662241164827719331e-05,5.261377793053996069e-09,4.415376286488026381e-03,4.470479963856632821e-03,2.558127706042190863e-01,supercritical,1.014701170983266579e-02,1.964029110154410063e+00,2.209343819004061515e-14,16384,30,6.1.1-I-900
phase_regimes,2,4,2,1.074999999999999956e+00,4.152787295564890901e-01,4.464246342732257622e-01,1.400000000000000000e+01,16384,1.046003900428332356e+00,512,128,129,9.800717637230307311e-01,1.992823627696926891e-02,4.035030112732038710e-01,1.076189803393712464e+04,-8.241986506618559361e-04,7.658487824943010791e-08,4.432818781424430199e-03,4.452685434443992563e-03,2.558123917533725034e-01,supercritical,1.014701170983266579e-02,1.963951244646578331e+00,9.325873406851314940e-15,16384,30,6.1.1-I-900
phase_regimes,2,4,2,1.074999999999999956e+00,4.152787295564890901e-01,4.464246342732257622e-01,2.200000000000000000e+01,4194304,1.029275209363484267e+00,128,32,33,9.984140986370404480e-01,1.585901362959551975e-03,4.227491473173219938e-01,2.769231670414722525e+06,-3.316905349493026733e-03,1.197770986418151151e-09,5.365225998684763908e-02,5.411558318883180618e-02,2.517116597820430179e-01,supercritical,7.695699970041866783e-04,2.060762983397498971e+00,4.884981308350688778e-15,4194304,30,6.1.1-I-900
phase_regimes,2,4,2,1.074999999999999956e+00,4.152787295564890901e-01,4.464246342732257622e-01,2.200000000000000000e+01,4194304,1.029275209363484267e+00,256,64,65,9.984141974384402873e-01,1.585802561559712665e-03,4.227532328840886700e-01,2.769231632174373139e+06,-1.692795194685459137e-03,6.112869631480748434e-10,5.360417813062667847e-02,5.413167225196957588e-02,2.517083118131878683e-01,supercritical,7.695699970041866783e-04,2.060634598195081768e+00,9.992007221626408864e-15,4194304,30,6.1.1-I-900
phase_regimes,2,4,2,1.074999999999999956e+00,4.152787295564890901e-01,4.464246342732257622e-01,2.200000000000000000e+01,4194304,1.029275209363484267e+00,512,128,129,9.984141345655344058e-01,1.585865434465594248e-03,4.227506329779639471e-01,2.769231627248514909e+06,5.242880433797836304e-03,1.893261792263696427e-09,5.346635682508349419e-02,5.427150381729006767e-02,2.517079028615771263e-01,supercritical,7.695699970041866783e-04,2.060716296943898129e+00,2.353672812205331866e-14,4194304,30,6.1.1-I-900
phase_regimes,2,4,2,1.074999999999999956e+00,4.152787295564890901e-01,4.464246342732257622e-01,3.000000000000000000e+01,1073741824,1.021468486866555114e+00,128,32,33,9.998818681843013589e-01,1.181318156986410628e-04,4.349104936834625179e-01,7.107423674339472055e+08,3.205835819244384766e-01,4.510545545242620973e-10,7.168118953704833984e-01,7.365173101425170898e-01,2.497975311636280449e-01,supercritical,5.836420481708941467e-05,2.024045664099432873e+00,6.883382752675970551e-15,1073741824,30,6.1.1-I-900
phase_regimes,2,4,2,1.074999999999999956e+00,4.152787295564890901e-01,4.464246342732257622e-01,3.000000000000000000e+01,1073741824,1.021468486866555114e+00,256,64,65,9.998819763844878361e-01,1.180236155121638930e-04,4.349545606728958402e-01,7.107423372393262386e+08,1.460611820220947266e-01,2.055051097552838674e-10,7.195929288864135742e-01,7.344048023223876953e-01,2.497940843140280531e-01,supercritical,5.836420481708941467e-05,2.022191784879862286e+00,2.342570581959080300e-14,1073741824,30,6.1.1-I-900
phase_regimes,2,4,2,1.074999999999999956e+00,4.152787295564890901e-01,4.464246342732257622e-01,3.000000000000000000e+01,1073741824,1.021468486866555114e+00,512,128,129,9.998820358341644621e-01,1.179641658355379263e-04,4.349787901068592477e-01,7.107423343125131130e+08,-1.301467418670654297e-01,1.831138171795461965e-10,7.252440452575683594e-01,7.281701564788818359e-01,2.497936605517401543e-01,supercritical,5.836420481708941467e-05,2.021173186634374730e+00,2.886579864025407005e-14,1073741824,30,6.1.1-I-900
phase_regimes,2,4,2,1.100000000000000089e+00,4.152787295564890901e-01,4.568066025121380602e-01,1.400000000000000000e+01,16384,1.047073758577828473e+00,128,32,33,9.793634690894575945e-01,2.063653091054240551e-02,3.999039801330306343e-01,1.075719512357905660e+04,-6.094766376918414608e-03,5.665757947960887572e-07,4.560899427815456875e-03,4.373128787847235799e-03,2.560785178278074947e-01,supercritical,1.124311554637301945e-02,1.835481528712000321e+00,3.996802888650563546e-15,16384,30,6.1.1-I-900
phase_regimes,2,4,2,1.100000000000000089e+00,4.152787295564890901e-01,4.568066025121380602e-01,1.400000000000000000e+01,16384,1.047073758577828473e+00,256,64,65,9.793580220894381183e-01,2.064197791056188169e-02,3.998767838295861354e-01,1.075719408255339658e+04,-3.386562639207113534e-04,3.148184008969053759e-08,4.447006944246822968e-03,4.489509658014867455e-03,2.560753854392089912e-01,supercritical,1.124311554637301945e-02,1.835966002966223698e+00,3.130828929442941444e-14,16384,30,6.1.1-I-900
phase_regimes,2,4,2,1.100000000000000089e+00,4.152787295564890901e-01,4.568066025121380602e-01,1.400000000000000000e+01,16384,1.047073758577828473e+00,512,128,129,9.793572036892375099e-01,2.064279631076249011e-02,3.998726982628183491e-01,1.075719402134893244e+04,5.440519998956006020e-04,5.057564257146098271e-08,4.429502712810062803e-03,4.507320061748032458e-03,2.560750084403942695e-01,supercritical,1.124311554637301945e-02,1.836038794195419266e+00,1.709743457922741072e-14,16384,30,6.1.1-I-900
phase_regimes,2,4,2,1.100000000000000089e+00,4.152787295564890901e-01,4.568066025121380602e-01,2.200000000000000000e+01,4194304,1.029956028185890826e+00,128,32,33,9.983125053063774956e-01,1.687494693622504371e-03,4.186773326858708177e-01,2.768590843388260342e+06,5.635875277221202850e-02,2.035647589704478966e-08,5.247731599956750870e-02,5.537948198616504669e-02,2.518786250692455764e-01,supercritical,9.041786040721105314e-04,1.866328937692848022e+00,4.440892098500626162e-15,4194304,30,6.1.1-I-900
phase_regimes,2,4,2,1.100000000000000089e+00,4.152787295564890901e-01,4.568066025121380602e-01,2.200000000000000000e+01,4194304,1.029956028185890826e+00,256,64,65,9.983129506020593791e-01,1.687049397940620921e-03,4.186946394244264735e-01,2.768590806043980643e+06,-8.665956556797027588e-04,3.130096559548917170e-10,5.359499296173453331e-02,5.420759087428450584e-02,2.518752855970204929e-01,supercritical,9.041786040721105314e-04,1.865836451274923702e+00,9.325873406851314940e-15,4194304,30,6.1.1-I-900
phase_regimes,2,4,2,1.100000000000000089e+00,4.152787295564890901e-01,4.568066025121380602e-01,2.200000000000000000e+01,4194304,1.029956028185890826e+00,512,128,129,9.983128837149823909e-01,1.687116285017609130e-03,4.186920395183015287e-01,2.768590800867215730e+06,5.842186510562896729e-03,2.110166120877425266e-09,5.346200894564390182e-02,5.434308759868144989e-02,2.518748779139108329e-01,supercritical,9.041786040721105314e-04,1.865910426788928156e+00,5.262457136723242002e-14,4194304,30,6.1.1-I-900
phase_regimes,2,4,2,1.100000000000000089e+00,4.152787295564890901e-01,4.568066025121380602e-01,3.000000000000000000e+01,1073741824,1.021967754002986561e+00,128,32,33,9.998706942755799520e-01,1.293057244200479516e-04,4.305642078085792912e-01,7.106245872044136524e+08,-6.141960620880126953e-01,8.643045472212700624e-10,7.341358661651611328e-01,7.179198265075683594e-01,2.499199241174994701e-01,supercritical,7.271265251480139185e-05,1.778311200980138507e+00,3.330669073875469621e-15,1073741824,30,6.1.1-I-900
phase_regimes,2,4,2,1.100000000000000089e+00,4.152787295564890901e-01,4.568066025121380602e-01,3.000000000000000000e+01,1073741824,1.021967754002986561e+00,256,64,65,9.998707966120582435e-01,1.292033879417564535e-04,4.306022826333818498e-01,7.106245573906940222e+08,1.448392868041992188e-02,2.038197038053781835e-11,7.211571931838989258e-01,7.310342788696289062e-01,2.499164836725164263e-01,supercritical,7.271265251480139185e-05,1.776903791475022976e+00,1.065814103640150279e-14,1073741824,30,6.1.1-I-900
phase_regimes,2,4,2,1.100000000000000089e+00,4.152787295564890901e-01,4.568066025121380602e-01,3.000000000000000000e+01,1073741824,1.021967754002986561e+00,512,128,129,9.998708451237130479e-01,1.291548762869521028e-04,4.306203421871938053e-01,7.106245546121354103e+08,2.328455448150634766e-01,3.276632411641791046e-10,7.169417142868041992e-01,7.351197004318237305e-01,2.499160608720684684e-01,supercritical,7.271265251480139185e-05,1.776236622101790674e+00,3.441691376337985275e-14,1073741824,30,6.1.1-I-900
phase_regimes,2,4,2,1.149999999999999911e+00,4.152787295564890901e-01,4.775705389899624342e-01,1.400000000000000000e+01,16384,1.049213474876820484e+00,128,32,33,9.778166909195756817e-01,2.218330908042431826e-02,3.924558286892609882e-01,1.074772121523054193e+04,-3.540771103871520609e-03,3.294438916831887671e-07,4.584411935866228305e-03,4.505920163865084760e-03,2.566037665693119973e-01,supercritical,1.361986624673269634e-02,1.628746470674477198e+00,6.883382752675970551e-15,16384,30,6.1.1-I-900
phase_regimes,2,4,2,1.149999999999999911e+00,4.152787295564890901e-01,4.775705389899624342e-01,1.400000000000000000e+01,16384,1.049213474876820484e+00,256,64,65,9.778153088168827223e-01,2.218469118311727772e-02,3.924494085129114906e-01,1.074772016566250204e+04,-2.215037511632544920e-03,2.060937089439011624e-07,4.558311673463322222e-03,4.532849519819137640e-03,2.566006591999061559e-01,supercritical,1.361986624673269634e-02,1.628847947639663341e+00,1.543210004228967591e-14,16384,30,6.1.1-I-900
phase_regimes,2,4,2,1.149999999999999911e+00,4.152787295564890901e-01,4.775705389899624342e-01,1.400000000000000000e+01,16384,1.049213474876820484e+00,512,128,129,9.778144292521533387e-01,2.218557074784666128e-02,3.924453229461435932e-01,1.074772010391109507e+04,-1.321645868301857263e-03,1.229698815678043412e-07,4.540617761449539103e-03,4.550896626824396662e-03,2.566002858785330076e-01,supercritical,1.361986624673269634e-02,1.628912527182035497e+00,1.154631945610162802e-14,16384,30,6.1.1-I-900
phase_regimes,2,4,2,1.149999999999999911e+00,4.152787295564890901e-01,4.775705389899624342e-01,2.200000000000000000e+01,4194304,1.031317665830703945e+00,128,32,33,9.980730775620260120e-01,1.926922437973987989e-03,4.099766264945072236e-01,2.767306910151685122e+06,2.341577783226966858e-03,8.461576034942280032e-10,5.439225491136312485e-02,5.525785544887185097e-02,2.522125728481251494e-01,supercritical,1.222179732988812545e-03,1.576627713553834909e+00,8.215650382226158399e-15,4194304,30,6.1.1-I-900
phase_regimes,2,4,2,1.149999999999999911e+00,4.152787295564890901e-01,4.775705389899624342e-01,2.200000000000000000e+01,4194304,1.031317665830703945e+00,256,64,65,9.980731976089840529e-01,1.926802391015947080e-03,4.099807120612766198e-01,2.767306873737750109e+06,-1.129950396716594696e-02,4.083213204289091321e-09,5.464552063494920731e-02,5.496522458270192146e-02,2.522092503072565495e-01,supercritical,1.222179732988812545e-03,1.576529489900798664e+00,3.486100297322991537e-14,4194304,30,6.1.1-I-900
phase_regimes,2,4,2,1.149999999999999911e+00,4.152787295564890901e-01,4.775705389899624342e-01,2.200000000000000000e+01,4194304,1.031317665830703945e+00,512,128,129,9.980731212163307386e-01,1.926878783669261352e-03,4.099781121551533958e-01,2.767306867976574227e+06,-4.858011379837989807e-03,1.755501508002297085e-09,5.451830849051475525e-02,5.509586073458194733e-02,2.522088451489349348e-01,supercritical,1.222179732988812545e-03,1.576591995153710624e+00,2.320366121466577169e-14,4194304,30,6.1.1-I-900
phase_regimes,2,4,2,1.149999999999999911e+00,4.152787295564890901e-01,4.775705389899624342e-01,3.000000000000000000e+01,1073741824,1.022966288275849678e+00,128,32,33,9.998415063469667796e-01,1.584936530332203830e-04,4.207762437185328941e-01,7.103890455844823122e+08,5.404353141784667969e-01,7.607596394364671979e-10,7.328569889068603516e-01,7.658410072326660156e-01,2.501647190991740932e-01,supercritical,1.096692778607354476e-04,1.445196468189432482e+00,3.552713678800500929e-15,1073741824,30,6.1.1-I-900
phase_regimes,2,4,2,1.149999999999999911e+00,4.152787295564890901e-01,4.775705389899624342e-01,3.000000000000000000e+01,1073741824,1.022966288275849678e+00,256,64,65,9.998417153529622903e-01,1.582846470377097248e-04,4.208397017598878298e-01,7.103890167146236897e+08,-5.957484245300292969e-02,8.386227975275022795e-11,7.447183132171630859e-01,7.535055875778198242e-01,2.501612914304393032e-01,supercritical,1.096692778607354476e-04,1.443290683820394493e+00,4.740652315149418428e-14,1073741824,30,6.1.1-I-900
phase_regimes,2,4,2,1.149999999999999911e+00,4.152787295564890901e-01,4.775705389899624342e-01,3.000000000000000000e+01,1073741824,1.022966288275849678e+00,512,128,129,9.998417747836806369e-01,1.582252163193631489e-04,4.208577613137003959e-01,7.103890142748645544e+08,1.512467861175537109e-01,2.129069890979945927e-10,7.401399612426757812e-01,7.574068307876586914e-01,2.501608705487236572e-01,supercritical,1.096692778607354476e-04,1.442748775279498963e+00,6.994405055138486205e-14,1073741824,30,6.1.1-I-900
phase_regimes,2,4,2,1.199999999999999956e+00,4.152787295564890901e-01,4.983344754677868638e-01,1.400000000000000000e+01,16384,1.051353191175812718e+00,128,32,33,9.761079785305931678e-01,2.389202146940683225e-02,3.848090904624267838e-01,1.073815190908092882e+04,-5.049304036219837144e-03,4.702209541243120419e-07,4.728014471766073257e-03,4.597266075506922789e-03,2.571290745296306302e-01,supercritical,1.623746643671170053e-02,1.471413139637890444e+00,5.218048215738235740e-15,16384,30,6.1.1-I-900
phase_regimes,2,4,2,1.199999999999999956e+00,4.152787295564890901e-01,4.983344754677868638e-01,1.400000000000000000e+01,16384,1.051353191175812718e+00,256,64,65,9.761016722457833694e-01,2.389832775421663058e-02,3.847818941589825625e-01,1.073815085322471168e+04,1.053612777468515560e-03,9.811864182855199997e-08,4.607441896951058879e-03,4.720845037809340283e-03,2.571259919908097658e-01,supercritical,1.623746643671170053e-02,1.471801518258063490e+00,2.453592884421595954e-14,16384,30,6.1.1-I-900
phase_regimes,2,4,2,1.199999999999999956e+00,4.152787295564890901e-01,4.983344754677868638e-01,1.400000000000000000e+01,16384,1.051353191175812718e+00,512,128,129,9.761026197141366989e-01,2.389738028586330110e-02,3.847859797257504599e-01,1.073815079073440938e+04,1.177072590508032590e-04,1.096159491002574738e-08,4.625939960533287376e-03,4.701901703811017796e-03,2.571256223134309460e-01,supercritical,1.623746643671170053e-02,1.471743167507530980e+00,1.132427485117659671e-14,16384,30,6.1.1-I-900
phase_regimes,2,4,2,1.199999999999999956e+00,4.152787295564890901e-01,4.983344754677868638e-01,2.200000000000000000e+01,4194304,1.032679303475517285e+00,128,32,33,9.977732369035600124e-01,2.226763096439987599e-03,4.004925547978918088e-01,2.766019149684751406e+06,3.447115886956453323e-02,1.246237173502333872e-08,5.601605866104364395e-02,5.832549929618835449e-02,2.525465436281755793e-01,supercritical,1.611050096541115102e-03,1.382181163218197284e+00,2.997602166487922659e-15,4194304,30,6.1.1-I-900
phase_regimes,2,4,2,1.199999999999999956e+00,4.152787295564890901e-01,4.983344754677868638e-01,2.200000000000000000e+01,4194304,1.032679303475517285e+00,256,64,65,9.977733756305428026e-01,2.226624369457197439e-03,4.004966403646594286e-01,2.766019112568481360e+06,7.482129149138927460e-03,2.705017154487823077e-09,5.653392290696501732e-02,5.776340328156948090e-02,2.525432379387304582e-01,supercritical,1.611050096541115102e-03,1.382095053554017516e+00,5.395683899678260786e-14,4194304,30,6.1.1-I-900
phase_regimes,2,4,2,1.199999999999999956e+00,4.152787295564890901e-01,4.983344754677868638e-01,2.200000000000000000e+01,4194304,1.032679303475517285e+00,512,128,129,9.977734639068500666e-01,2.226536093149933393e-03,4.004992402707833743e-01,2.766019106112307403e+06,-8.659320883452892303e-03,3.130607762006291169e-09,5.685344664379954338e-02,5.743735749274492264e-02,2.525428352908384300e-01,supercritical,1.611050096541115102e-03,1.382040259288181971e+00,5.895284260759581230e-14,4194304,30,6.1.1-I-900
phase_regimes,2,4,2,1.199999999999999956e+00,4.152787295564890901e-01,4.983344754677868638e-01,3.000000000000000000e+01,1073741824,1.023964822548712572e+00,128,32,33,9.998002231270768370e-01,1.997768729231630402e-04,4.096440933224539394e-01,7.101534874591813087e+08,1.334875822067260742e+00,1.879700438905452205e-09,7.858215570449829102e-01,8.539189100265502930e-01,2.504095262040205161e-01,supercritical,1.598405466606407058e-04,1.249851036528995429e+00,2.031708135064036469e-14,1073741824,30,6.1.1-I-900
phase_regimes,2,4,2,1.199999999999999956e+00,4.152787295564890901e-01,4.983344754677868638e-01,3.000000000000000000e+01,1073741824,1.023964822548712572e+00,256,64,65,9.998005516472907583e-01,1.994483527092416608e-04,4.097232390544043312e-01,7.101534598535805941e+08,-5.066394805908203125e-03,7.134225336243228831e-12,8.115899562835693359e-01,8.265289068222045898e-01,2.504061112666071121e-01,supercritical,1.598405466606407058e-04,1.247795736914568687e+00,4.196643033083091723e-14,1073741824,30,6.1.1-I-900
phase_regimes,2,4,2,1.199999999999999956e+00,4.152787295564890901e-01,4.983344754677868638e-01,3.000000000000000000e+01,1073741824,1.023964822548712572e+00,512,128,129,9.998006265336368825e-01,1.993734663631174797e-04,4.097412986082011876e-01,7.101534577988055944e+08,5.543231964111328125e-02,7.805681861063032282e-11,8.099371194839477539e-01,8.272701501846313477e-01,2.504056922951169439e-01,supercritical,1.598405466606407058e-04,1.247327230345436577e+00,2.420286193682841258e-14,1073741824,30,6.1.1-I-900
phase_regimes,2,4,2,1.250000000000000000e+00,4.152787295564890901e-01,5.190984119456113488e-01,1.400000000000000000e+01,16384,1.053492907474804952e+00,128,32,33,9.742214926595202940e-01,2.577850734047970604e-02,3.769776757426855363e-01,1.072847809776931535e+04,-2.533608494559302926e-03,2.361573068864348420e-07,4.836604151932988316e-03,4.815697206140612252e-03,2.576544419973758604e-01,supercritical,1.908779818426089084e-02,1.350522836192585618e+00,1.065814103640150279e-14,16384,30,6.1.1-I-900
phase_regimes,2,4,2,1.250000000000000000e+00,4.152787295564890901e-01,5.190984119456113488e-01,1.400000000000000000e+01,16384,1.053492907474804952e+00,256,64,65,9.742198865625990578e-01,2.578011343740094219e-02,3.769712555663358167e-01,1.072847703908229596e+04,-1.046910711011150852e-03,9.758241614326115083e-08,4.807333520147949457e-03,4.845927140195271932e-03,2.576513841025958595e-01,supercritical,1.908779818426089084e-02,1.350606978790162005e+00,6.439293542825907934e-15,16384,30,6.1.1-I-900
phase_regimes,2,4,2,1.250000000000000000e+00,4.152787295564890901e-01,5.190984119456113488e-01,1.400000000000000000e+01,16384,1.053492907474804952e+00,512,128,129,9.742188644488218863e-01,2.578113555117811373e-02,3.769671699995676972e-01,1.072847697556697312e+04,-1.045291355694644153e-04,9.743147681401469995e-09,4.788716449183993973e-03,4.865012326263240539e-03,2.576510180346247569e-01,supercritical,1.908779818426089084e-02,1.350660526809022377e+00,1.010302952408892452e-14,16384,30,6.1.1-I-900
phase_regimes,2,4,2,1.250000000000000000e+00,4.152787295564890901e-01,5.190984119456113488e-01,2.200000000000000000e+01,4194304,1.034040941120330404e+00,128,32,33,9.974013047540293275e-01,2.598695245970672474e-03,3.903634922080237435e-01,2.764726468807177152e+06,6.139697507023811340e-02,2.220725115592626081e-08,5.956483259797096252e-02,6.315282545983791351e-02,2.528805374840923936e-01,supercritical,2.077231763000139762e-03,1.251037699431951866e+00,4.884981308350688778e-15,4194304,30,6.1.1-I-900
phase_regimes,2,4,2,1.250000000000000000e+00,4.152787295564890901e-01,5.190984119456113488e-01,2.200000000000000000e+01,4194304,1.034040941120330404e+00,256,64,65,9.974014666523252082e-01,2.598533347674791827e-03,3.903675777747910858e-01,2.764726428809052333e+06,1.857045572251081467e-02,6.716923428301120515e-09,6.039714487269520760e-02,6.227192096412181854e-02,2.528772485658531965e-01,supercritical,2.077231763000139762e-03,1.250959759984479502e+00,3.019806626980425790e-14,4194304,30,6.1.1-I-900
phase_regimes,2,4,2,1.250000000000000000e+00,4.152787295564890901e-01,5.190984119456113488e-01,2.200000000000000000e+01,4194304,1.034040941120330404e+00,512,128,129,9.974015696732619896e-01,2.598430326738010443e-03,3.903701776809169188e-01,2.764726421555134933e+06,1.286040060222148895e-03,4.651599703303600085e-10,6.073914607986807823e-02,6.192247942090034485e-02,2.528768484135791028e-01,supercritical,2.077231763000139762e-03,1.250910164682396797e+00,3.308464613382966490e-14,4194304,30,6.1.1-I-900
phase_regimes,2,4,2,1.250000000000000000e+00,4.152787295564890901e-01,5.190984119456113488e-01,3.000000000000000000e+01,1073741824,1.024963356821575688e+00,128,32,33,9.997428377961814494e-01,2.571622038185505943e-04,3.975011253365646757e-01,7.099178488178972006e+08,-1.583993434906005859e-01,2.231234835894822002e-10,9.498031139373779297e-01,9.641541242599487305e-01,2.506543454614779676e-01,supercritical,2.260479994236512047e-04,1.137644236950694054e+00,1.521005543736464460e-14,1073741824,30,6.1.1-I-900
phase_regimes,2,4,2,1.250000000000000000e+00,4.152787295564890901e-01,5.190984119456113488e-01,3.000000000000000000e+01,1073741824,1.024963356821575688e+00,256,64,65,9.997431769166534865e-01,2.568230833465134921e-04,3.975645833779368754e-01,7.099178228764766455e+08,2.895891666412353516e-01,4.079192792594853974e-10,9.402043819427490234e-01,9.719550609588623047e-01,2.506509432119079506e-01,supercritical,2.260479994236512047e-04,1.136144022514371965e+00,1.110223024625156540e-14,1073741824,30,6.1.1-I-900
phase_regimes,2,4,2,1.250000000000000000e+00,4.152787295564890901e-01,5.190984119456113488e-01,3.000000000000000000e+01,1073741824,1.024963356821575688e+00,512,128,129,9.997432733453381903e-01,2.567266546618096612e-04,3.975826429317392829e-01,7.099178212206540108e+08,-3.710389137268066406e-02,5.226505133915798751e-11,9.459975957870483398e-01,9.647871255874633789e-01,2.506505261417271702e-01,supercritical,2.260479994236512047e-04,1.135717437519372153e+00,1.129096816043784202e-13,1073741824,30,6.1.1-I-900
phase_regimes,2,4,2,1.300000000000000044e+00,4.152787295564890901e-01,5.398623484234358338e-01,1.400000000000000000e+01,16384,1.055632623773797185e+00,128,32,33,9.721539252551725241e-01,2.784607474482747591e-02,3.690273009946575811e-01,1.071869084717663463e+04,2.838586624420713633e-03,2.648258695854087358e-07,4.938240868796128780e-03,5.142751839230186306e-03,2.581798692612222723e-01,supercritical,2.216104826552876828e-02,1.256532381103185214e+00,7.105427357601001859e-15,16384,30,6.1.1-I-900
phase_regimes,2,4,2,1.300000000000000044e+00,4.152787295564890901e-01,5.398623484234358338e-01,1.400000000000000000e+01,16384,1.055632623773797185e+00,256,64,65,9.721556600611509502e-01,2.784433993884904979e-02,3.690337211710071896e-01,1.071868978801568119e+04,1.276303464692318812e-03,1.190727122375837530e-07,4.969061084921122529e-03,5.111072468935162760e-03,2.581768358240961181e-01,supercritical,2.216104826552876828e-02,1.256454099337916741e+00,2.864375403532903874e-14,16384,30,6.1.1-I-900
phase_regimes,2,4,2,1.300000000000000044e+00,4.152787295564890901e-01,5.398623484234358338e-01,1.400000000000000000e+01,16384,1.055632623773797185e+00,512,128,129,9.721567639723192045e-01,2.784323602768079553e-02,3.690378067377750315e-01,1.071868972327643496e+04,2.606216185085941106e-04,2.431469006352845717e-08,4.989096865756437182e-03,5.090472230222076178e-03,2.581764733322036709e-01,supercritical,2.216104826552876828e-02,1.256404286208364862e+00,6.772360450213454897e-15,16384,30,6.1.1-I-900
phase_regimes,2,4,2,1.300000000000000044e+00,4.152787295564890901e-01,5.398623484234358338e-01,2.200000000000000000e+01,4194304,1.035402578765143744e+00,128,32,33,9.969466757784645194e-01,3.053324221535480554e-03,3.797910678353242919e-01,2.763427634494449478e+06,3.742019180208444595e-02,1.354122370891402796e-08,6.634494429454207420e-02,6.922753527760505676e-02,2.532145544906040935e-01,supercritical,2.626456875656274156e-03,1.162525929831817573e+00,4.551914400963141816e-15,4194304,30,6.1.1-I-900
phase_regimes,2,4,2,1.300000000000000044e+00,4.152787295564890901e-01,5.398623484234358338e-01,2.200000000000000000e+01,4194304,1.035402578765143744e+00,256,64,65,9.969464855450050900e-01,3.053514454994910032e-03,3.797869822685575047e-01,2.763427589002924971e+06,1.885381061583757401e-02,6.822617929583686038e-09,6.670260848477482796e-02,6.884276261553168297e-02,2.532112822636979899e-01,supercritical,2.626456875656274156e-03,1.162598359522627467e+00,3.197442310920450836e-14,4194304,30,6.1.1-I-900
phase_regimes,2,4,2,1.300000000000000044e+00,4.152787295564890901e-01,5.398623484234358338e-01,2.200000000000000000e+01,4194304,1.035402578765143744e+00,512,128,129,9.969466066040324481e-01,3.053393395967551882e-03,3.797895821746833378e-01,2.763427580872148275e+06,7.566995918750762939e-05,2.738264599777422092e-11,6.707384530454874039e-02,6.846278952434659004e-02,2.532108845908478401e-01,supercritical,2.626456875656274156e-03,1.162552267379070914e+00,5.062616992290713824e-14,4194304,30,6.1.1-I-900
phase_regimes,2,4,2,1.300000000000000044e+00,4.152787295564890901e-01,5.398623484234358338e-01,3.000000000000000000e+01,1073741824,1.025961891094438583e+00,128,32,33,9.996651903399479400e-01,3.348096600520600319e-04,3.848123741963379585e-01,7.096820510811583996e+08,7.914900779724121094e-01,1.115274194643395603e-09,1.152032732963562012e+00,1.211359500885009766e+00,2.508991769009962791e-01,supercritical,3.112693096564449397e-04,1.075626956032373016e+00,5.107025913275720086e-15,1073741824,30,6.1.1-I-900
phase_regimes,2,4,2,1.300000000000000044e+00,4.152787295564890901e-01,5.398623484234358338e-01,3.000000000000000000e+01,1073741824,1.025961891094438583e+00,256,64,65,9.996657409128922867e-01,3.342590871077133485e-04,3.848915199282843536e-01,7.096820272248374224e+08,-7.298588752746582031e-01,1.028430828562364759e-09,1.180083870887756348e+00,1.178615212440490723e+00,2.508957872941913192e-01,supercritical,3.112693096564449397e-04,1.073858156708872968e+00,2.131628207280300558e-14,1073741824,30,6.1.1-I-900
phase_regimes,2,4,2,1.300000000000000044e+00,4.152787295564890901e-01,5.398623484234358338e-01,3.000000000000000000e+01,1073741824,1.025961891094438583e+00,512,128,129,9.996657541648615863e-01,3.342458351384136606e-04,3.848934265261026444e-01,7.096820259317027330e+08,2.580881118774414062e-01,3.636672515956870281e-10,1.160086274147033691e+00,1.197986841201782227e+00,2.508953721179142393e-01,supercritical,3.112693096564449397e-04,1.073815582741930008e+00,2.908784324517910136e-14,1073741824,30,6.1.1-I-900
phase_regimes,2,4,2,1.399999999999999911e+00,4.152787295564890901e-01,5.813902213790846929e-01,1.400000000000000000e+01,16384,1.059912056371781652e+00,128,32,33,9.675120525235667568e-01,3.248794747643324321e-02,3.531393992726035713e-01,1.069874280735224966e+04,-6.319136446109041572e-03,5.906428970108981117e-07,5.697118887837859802e-03,5.560411311307689175e-03,2.592309043324863005e-01,supercritical,2.893113926204838801e-02,1.122940482300696763e+00,3.774758283725532237e-15,16384,30,6.1.1-I-900
phase_regimes,2,4,2,1.399999999999999911e+00,4.152787295564890901e-01,5.813902213790846929e-01,1.400000000000000000e+01,16384,1.059912056371781652e+00,256,64,65,9.675034773492168227e-01,3.249652265078317726e-02,3.531122029691592945e-01,1.069874174720597875e+04,1.091092144633876160e-03,1.019832210567022533e-07,5.551097587158437818e-03,5.710837123842793517e-03,2.592279192582084835e-01,supercritical,2.893113926204838801e-02,1.123236881770909967e+00,3.097522238704186748e-14,16384,30,6.1.1-I-900
phase_regimes,2,4,2,1.399999999999999911e+00,4.152787295564890901e-01,5.813902213790846929e-01,1.400000000000000000e+01,16384,1.059912056371781652e+00,512,128,129,9.675047656998965184e-01,3.249523430010348157e-02,3.531162885359273584e-01,1.069874167943826978e+04,-4.821276888833381236e-05,4.506396203676280670e-09,5.573528418608475477e-03,5.687685419616173021e-03,2.592275638194923570e-01,supercritical,2.893113926204838801e-02,1.123192350144691432e+00,1.532107773982716026e-14,16384,30,6.1.1-I-900
phase_regimes,2,4,2,1.399999999999999911e+00,4.152787295564890901e-01,5.813902213790846929e-01,2.200000000000000000e+01,4194304,1.038125854054769981e+00,128,32,33,9.957564233063314063e-01,4.243576693668593691e-03,3.582047060596035837e-01,2.760806210036077537e+06,1.048250123858451843e-01,3.796898601748485401e-08,8.570794481784105301e-02,9.198993770405650139e-02,2.538826582535179122e-01,supercritical,3.993079604768010916e-03,1.062732806178337208e+00,1.043609643147647148e-14,4194304,30,6.1.1-I-900
phase_regimes,2,4,2,1.399999999999999911e+00,4.152787295564890901e-01,5.813902213790846929e-01,2.200000000000000000e+01,4194304,1.038125854054769981e+00,256,64,65,9.957566876804769818e-01,4.243312319523018239e-03,3.582087916263716476e-01,2.760806145118154120e+06,4.493980668485164642e-03,1.627778421325136445e-09,8.768570609390735626e-02,8.995430823415517807e-02,2.538794191706129633e-01,supercritical,3.993079604768010916e-03,1.062666598095417969e+00,1.121325254871408106e-14,4194304,30,6.1.1-I-900
phase_regimes,2,4,2,1.399999999999999911e+00,4.152787295564890901e-01,5.813902213790846929e-01,2.200000000000000000e+01,4194304,1.038125854054769981e+00,512,128,129,9.957565194442901113e-01,4.243480555709888691e-03,3.582061917202469248e-01,2.760806135143938009e+06,1.677288673818111420e-02,6.075358397921931124e-09,8.744656341150403023e-02,9.020655462518334389e-02,2.538790264173089173e-01,supercritical,3.993079604768010916e-03,1.062708730034553239e+00,6.328271240363392280e-14,4194304,30,6.1.1-I-900
phase_regimes,2,4,2,1.399999999999999911e+00,4.152787295564890901e-01,5.813902213790846929e-01,3.000000000000000000e+01,1073741824,1.027958959640164815e+00,128,32,33,9.994367382453941406e-01,5.632617546058593661e-04,3.597968954479128234e-01,7.092096143514171839e+08,-1.235902309417724609e+00,1.742647426668032020e-09,1.959969878196716309e+00,1.960590720176696777e+00,2.513888764442386847e-01,supercritical,5.511062979915796458e-04,1.022056464712122414e+00,8.992806499463767977e-15,1073741824,30,6.1.1-I-900
phase_regimes,2,4,2,1.399999999999999911e+00,4.152787295564890901e-01,5.813902213790846929e-01,3.000000000000000000e+01,1073741824,1.027958959640164815e+00,256,64,65,9.994372541523620646e-01,5.627458476379354479e-04,3.598409624373234417e-01,7.092095955821539164e+08,2.120733261108398438e-01,2.990277168158725885e-10,1.928125143051147461e+00,1.986575722694396973e+00,2.513855119920922476e-01,supercritical,5.511062979915796458e-04,1.021120335022071668e+00,1.199040866595169064e-14,1073741824,30,6.1.1-I-900
phase_regimes,2,4,2,1.399999999999999911e+00,4.152787295564890901e-01,5.813902213790846929e-01,3.000000000000000000e+01,1073741824,1.027958959640164815e+00,512,128,129,9.994372764628721706e-01,5.627235371278294096e-04,3.598428690351530013e-01,7.092095947376403809e+08,2.701878547668457031e-01,3.809703884037227863e-10,1.926419496536254883e+00,1.987331032752990723e+00,2.513851005783209747e-01,supercritical,5.511062979915796458e-04,1.021079851888078593e+00,6.794564910705958027e-14,1073741824,30,6.1.1-I-900
phase_regimes,2,4,2,1.500000000000000000e+00,4.152787295564890901e-01,6.229180943347336630e-01,1.400000000000000000e+01,16384,1.064191488969765897e+00,128,32,33,9.621997374348284504e-01,3.780026256517154959e-02,3.375328524400176833e-01,1.067824972830860315e+04,-5.200600298849167302e-03,4.870274090951536287e-07,6.489124607469420880e-03,6.428516064261202700e-03,2.602821820517467466e-01,supercritical,3.645048689656281427e-02,1.037030387891362260e+00,4.107825191113079200e-15,16384,30,6.1.1-I-900
phase_regimes,2,4,2,1.500000000000000000e+00,4.152787295564890901e-01,6.229180943347336630e-01,1.400000000000000000e+01,16384,1.064191488969765897e+00,256,64,65,9.621897600780808801e-01,3.781023992191911987e-02,3.375056561365734620e-01,1.067824865937353570e+04,3.213180207239929587e-03,3.009089139743293865e-07,6.323594230707385577e-03,6.599605967494426295e-03,2.602792446111833469e-01,supercritical,3.645048689656281427e-02,1.037304111443420274e+00,6.661338147750939243e-15,16384,30,6.1.1-I-900
phase_regimes,2,4,2,1.500000000000000000e+00,4.152787295564890901e-01,6.229180943347336630e-01,1.400000000000000000e+01,16384,1.064191488969765897e+00,512,128,129,9.621912590953395350e-01,3.780874090466046500e-02,3.375097417033412484e-01,1.067824858756556569e+04,1.901741143228719011e-03,1.780948558776977479e-07,6.349377354126772843e-03,6.572918851816211827e-03,2.602788960941731511e-01,supercritical,3.645048689656281427e-02,1.037262986690741018e+00,1.265654248072678456e-14,16384,30,6.1.1-I-900
phase_regimes,2,4,2,1.500000000000000000e+00,4.152787295564890901e-01,6.229180943347336630e-01,2.200000000000000000e+01,4194304,1.040849129344396440e+00,128,32,33,9.941738436002992563e-01,5.826156399700743727e-03,3.374199933806515950e-01,2.758144396737284493e+06,-9.807420428842306137e-02,3.555803836972379876e-08,1.228560451418161392e-01,1.220372715033590794e-01,2.545508555135814754e-01,supercritical,5.740990570907118090e-03,1.014834692330834010e+00,1.820765760385256726e-14,4194304,30,6.1.1-I-900
phase_regimes,2,4,2,1.500000000000000000e+00,4.152787295564890901e-01,6.229180943347336630e-01,2.200000000000000000e+01,4194304,1.040849129344396440e+00,256,64,65,9.941723057897942084e-01,5.827694210205791592e-03,3.374026866420964388e-01,2.758144303264405113e+06,-3.699422813951969147e-02,1.341272394476791016e-08,1.216803127899765968e-01,1.233062869869172573e-01,2.545476492592978479e-01,supercritical,5.740990570907118090e-03,1.015102557342290490e+00,7.105427357601001859e-15,4194304,30,6.1.1-I-900
phase_regimes,2,4,2,1.500000000000000000e+00,4.152787295564890901e-01,6.229180943347336630e-01,2.200000000000000000e+01,4194304,1.040849129344396440e+00,512,128,129,9.941720747370272893e-01,5.827925262972710740e-03,3.374000867359713274e-01,2.758144291656635236e+06,-1.694145612418651581e-02,6.142338591724257401e-09,1.212896509096026421e-01,1.237180312164127827e-01,2.545472613658111838e-01,supercritical,5.740990570907118090e-03,1.015142803492160573e+00,2.176037128265306819e-14,4194304,30,6.1.1-I-900
phase_regimes,2,4,2,1.500000000000000000e+00,4.152787295564890901e-01,6.229180943347336630e-01,3.000000000000000000e+01,1073741824,1.029956028185890826e+00,128,32,33,9.990920147333730572e-01,9.079852666269427885e-04,3.368347830551724487e-01,7.087353927463437319e+08,-2.878308296203613281e+00,4.061188880451127027e-09,3.308536291122436523e+00,3.280398845672607422e+00,2.518786250692455764e-01,supercritical,9.041786040721105314e-04,1.004210078116965388e+00,3.885780586188047891e-15,1073741824,30,6.1.1-I-900
phase_regimes,2,4,2,1.500000000000000000e+00,4.152787295564890901e-01,6.229180943347336630e-01,3.000000000000000000e+01,1073741824,1.029956028185890826e+00,256,64,65,9.990924373269938208e-01,9.075626730061792102e-04,3.368571701894249593e-01,7.087353790781130791e+08,-5.411505699157714844e-01,7.635438922488568529e-10,3.257917523384094238e+00,3.323138236999511719e+00,2.518752855970204929e-01,supercritical,9.041786040721105314e-04,1.003742699637912184e+00,1.232347557333923760e-14,1073741824,30,6.1.1-I-900
phase_regimes,2,4,2,1.500000000000000000e+00,4.152787295564890901e-01,6.229180943347336630e-01,3.000000000000000000e+01,1073741824,1.029956028185890826e+00,512,128,129,9.990924013445178220e-01,9.075986554821779961e-04,3.368552635915972315e-01,7.087353782557382584e+08,-2.180933952331542969e-01,3.077218972332125113e-10,3.251385331153869629e+00,3.329559564590454102e+00,2.518748779139108329e-01,supercritical,9.041786040721105314e-04,1.003782495399321295e+00,1.953992523340275511e-14,1073741824,30,6.1.1-I-900
phase_regimes,2,4,2,1.600000000000000089e+00,4.152787295564890901e-01,6.644459672903826331e-01,1.400000000000000000e+01,16384,1.068470921567750365e+00,128,32,33,9.563204614631952705e-01,4.367953853680472953e-02,3.226356125101401129e-01,1.065717036119651675e+04,-4.513281055551487952e-04,4.234971294054425261e-08,7.456855868440470658e-03,7.624467152709257789e-03,2.613337047257164314e-01,supercritical,4.461677887704591089e-02,9.789935453918802155e-01,3.219646771412953967e-15,16384,30,6.1.1-I-900
phase_regimes,2,4,2,1.600000000000000089e+00,4.152787295564890901e-01,6.644459672903826331e-01,1.400000000000000000e+01,16384,1.068470921567750365e+00,256,64,65,9.563177400654263582e-01,4.368225993457364176e-02,3.226291923337906709e-01,1.065716926956847601e+04,1.667153355811024085e-03,1.564349137788002475e-07,7.415182000841014087e-03,7.667517733352724463e-03,2.613308141995886458e-01,supercritical,4.461677887704591089e-02,9.790545403322906681e-01,2.553512956637860043e-14,16384,30,6.1.1-I-900
phase_regimes,2,4,2,1.600000000000000089e+00,4.152787295564890901e-01,6.644459672903826331e-01,1.400000000000000000e+01,16384,1.068470921567750365e+00,512,128,129,9.563194718836236508e-01,4.368052811637634925e-02,3.226332779005585127e-01,1.065716919319651788e+04,1.348234945908188820e-04,1.265096688873903905e-08,7.445264380294247530e-03,7.636293910763924941e-03,2.613304724756875808e-01,supercritical,4.461677887704591089e-02,9.790157249305320164e-01,7.549516567451064475e-15,16384,30,6.1.1-I-900
phase_regimes,2,4,2,1.600000000000000089e+00,4.152787295564890901e-01,6.644459672903826331e-01,2.200000000000000000e+01,4194304,1.043572404634022899e+00,128,32,33,9.921962030871586125e-01,7.803796912841387545e-03,3.182549114152067871e-01,2.755432761311268434e+06,-1.151888864114880562e-01,4.180428135603331427e-08,1.703269165009260178e-01,1.702117794193327427e-01,2.552191468674205321e-01,supercritical,7.887791106366566496e-03,9.893513668918813009e-01,3.774758283725532237e-15,4194304,30,6.1.1-I-900
phase_regimes,2,4,2,1.600000000000000089e+00,4.152787295564890901e-01,6.644459672903826331e-01,2.200000000000000000e+01,4194304,1.043572404634022899e+00,256,64,65,9.921941432796201887e-01,7.805856720379811264e-03,3.182376046766511313e-01,2.755432634606520180e+06,-1.004338264465332031e-02,3.644938554662770772e-09,1.683021942153573036e-01,1.723950873129069805e-01,2.552159731284244226e-01,supercritical,7.887791106366566496e-03,9.896125055948017391e-01,8.881784197001252323e-15,4194304,30,6.1.1-I-900
phase_regimes,2,4,2,1.600000000000000089e+00,4.152787295564890901e-01,6.644459672903826331e-01,2.200000000000000000e+01,4194304,1.043572404634022899e+00,512,128,129,9.921938337979061551e-01,7.806166202093844930e-03,3.182350047705265750e-01,2.755432622004370671e+06,2.191890962421894073e-02,7.954797896046747542e-09,1.676783626899123192e-01,1.730499374680221081e-01,2.552155900377110487e-01,supercritical,7.887791106366566496e-03,9.896517411310704615e-01,1.421085471520200372e-14,4194304,30,6.1.1-I-900
phase_regimes,2,4,2,1.600000000000000089e+00,4.152787295564890901e-01,6.644459672903826331e-01,3.000000000000000000e+01,1073741824,1.031953096731616837e+00,128,32,33,9.986101018850990219e-01,1.389898114900978143e-03,3.163601717720840867e-01,7.082585405925945044e+08,3.234118223190307617e+00,4.566296116223809582e-09,5.206506013870239258e+00,5.478723287582397461e+00,2.523684230120284977e-01,supercritical,1.394425766103982471e-03,9.967530353260363185e-01,4.107825191113079200e-15,1073741824,30,6.1.1-I-900
phase_regimes,2,4,2,1.600000000000000089e+00,4.152787295564890901e-01,6.644459672903826331e-01,3.000000000000000000e+01,1073741824,1.031953096731616837e+00,256,64,65,9.986104686510693940e-01,1.389531348930606036e-03,3.163728633803578605e-01,7.082585304687089920e+08,2.205401659011840820e+00,3.113837058273562192e-09,5.221590518951416016e+00,5.452522397041320801e+00,2.523651083453083421e-01,supercritical,1.394425766103982471e-03,9.964900123819058209e-01,5.551115123125782702e-14,1073741824,30,6.1.1-I-900
phase_regimes,2,4,2,1.600000000000000089e+00,4.152787295564890901e-01,6.644459672903826331e-01,3.000000000000000000e+01,1073741824,1.031953096731616837e+00,512,128,129,9.986105237401531332e-01,1.389476259846866846e-03,3.163747699781826461e-01,7.082585293740450144e+08,2.629160881042480469e-01,3.712148561579792592e-10,5.259791851043701172e+00,5.413035154342651367e+00,2.523647043599007711e-01,supercritical,1.394425766103982471e-03,9.964505057368923113e-01,1.942890293094023946e-14,1073741824,30,6.1.1-I-900
phase_regimes,2,4,2,1.750000000000000000e+00,4.152787295564890901e-01,7.267377767238558661e-01,1.400000000000000000e+01,16384,1.074890070464727065e+00,128,32,33,9.467210217276543771e-01,5.327897827234562289e-02,3.021635552552422443e-01,1.062440675350250785e+04,-6.758278686902485788e-03,6.361088052915998827e-07,9.636300404963549227e-03,9.622368263080716133e-03,2.629114530702571506e-01,supercritical,5.785969666311364251e-02,9.208305840689224864e-01,1.354472090042690979e-14,16384,30,6.1.1-I-900
phase_regimes,2,4,2,1.750000000000000000e+00,4.152787295564890901e-01,7.267377767238558661e-01,1.400000000000000000e+01,16384,1.074890070464727065e+00,256,64,65,9.467177022490733673e-01,5.328229775092663267e-02,3.021571350788927468e-01,1.062440560440707304e+04,-4.153281224716920406e-03,3.909189256662144159e-07,9.585288264133851044e-03,9.675559285824419931e-03,2.629086315872787294e-01,supercritical,5.785969666311364251e-02,9.208879552404365398e-01,6.106226635438360972e-15,16384,30,6.1.1-I-900
phase_regimes,2,4,2,1.750000000000000000e+00,4.152787295564890901e-01,7.267377767238558661e-01,1.400000000000000000e+01,16384,1.074890070464727065e+00,512,128,129,9.467155897459325065e-01,5.328441025406749354e-02,3.021530495121247384e-01,1.062440551997765215e+04,-2.295716967637417838e-03,2.160795691881917800e-07,9.548879508656682447e-03,9.713468822155846283e-03,2.629082998165351293e-01,supercritical,5.785969666311364251e-02,9.209244660288210538e-01,4.884981308350688778e-15,16384,30,6.1.1-I-900
phase_regimes,2,4,2,1.750000000000000000e+00,4.152787295564890901e-01,7.267377767238558661e-01,2.200000000000000000e+01,4194304,1.047657317568462698e+00,128,32,33,9.885323904097247372e-01,1.146760959027526283e-02,2.930132497802607205e-01,2.751255111457464751e+06,-2.302560023963451385e-01,8.369125837784198315e-08,2.722073253244161606e-01,2.703807135112583637e-01,2.562217616282994603e-01,supercritical,1.186705084904690795e-02,9.663403094962109696e-01,4.551914400963141816e-15,4194304,30,6.1.1-I-900
phase_regimes,2,4,2,1.750000000000000000e+00,4.152787295564890901e-01,7.267377767238558661e-01,2.200000000000000000e+01,4194304,1.047657317568462698e+00,256,64,65,9.885293635410163926e-01,1.147063645898360740e-02,2.929959430417050092e-01,2.751254935305074323e+06,1.686508767306804657e-03,6.129961806392163243e-10,2.677178471349179745e-01,2.751724496483802795e-01,2.562186360817706454e-01,supercritical,1.186705084904690795e-02,9.665953744442632445e-01,1.199040866595169064e-14,4194304,30,6.1.1-I-900
phase_regimes,2,4,2,1.750000000000000000e+00,4.152787295564890901e-01,7.267377767238558661e-01,2.200000000000000000e+01,4194304,1.047657317568462698e+00,512,128,129,9.885298183035901021e-01,1.147018169640989793e-02,2.929985429478299541e-01,2.751254922561922576e+06,-5.050643812865018845e-02,1.835760027704718853e-08,2.687409627251327038e-01,2.741072471253573895e-01,2.562182600892862205e-01,supercritical,1.186705084904690795e-02,9.665570529961212687e-01,3.197442310920450836e-14,4194304,30,6.1.1-I-900
phase_regimes,2,4,2,1.750000000000000000e+00,4.152787295564890901e-01,7.267377767238558661e-01,3.000000000000000000e+01,1073741824,1.034948699550205964e+00,128,32,33,9.975912117559933012e-01,2.408788244006698775e-03,2.899158904161431849e-01,7.075363939277431965e+08,2.371817827224731445e+00,3.352220249841949677e-09,9.951976180076599121e+00,1.032017588615417480e+01,2.531032129115768359e-01,supercritical,2.433832243860256130e-03,9.897100550308119971e-01,6.661338147750939243e-15,1073741824,30,6.1.1-I-900
phase_regimes,2,4,2,1.750000000000000000e+00,4.152787295564890901e-01,7.267377767238558661e-01,3.000000000000000000e+01,1073741824,1.034948699550205964e+00,256,64,65,9.975910616795233832e-01,2.408938320476616823e-03,2.899128943338475373e-01,7.075363842998088598e+08,9.325444698333740234e-01,1.318016275242491322e-09,9.977435231208801270e+00,1.028802657127380371e+01,2.530999351296059352e-01,supercritical,2.433832243860256130e-03,9.897717176496291236e-01,8.326672684688674053e-15,1073741824,30,6.1.1-I-900
phase_regimes,2,4,2,1.750000000000000000e+00,4.152787295564890901e-01,7.267377767238558661e-01,3.000000000000000000e+01,1073741824,1.034948699550205964e+00,512,128,129,9.975909661714469356e-01,2.409033828553064360e-03,2.899109877360229737e-01,7.075363825702779293e+08,1.625776290893554688e+00,2.297798856629213728e-09,9.964280247688293457e+00,1.030263996124267578e+01,2.530995366323156026e-01,supercritical,2.433832243860256130e-03,9.898109594982358317e-01,5.095923683029468521e-14,1073741824,30,6.1.1-I-900
phase_regimes,2,4,2,2.000000000000000000e+00,4.152787295564890901e-01,8.305574591129781803e-01,1.400000000000000000e+01,16384,1.085588651959688011e+00,128,32,33,9.295077290559281558e-01,7.049227094407184424e-02,2.733136504625129914e-01,1.056676264160652499e+04,-1.503055591456359252e-02,1.422437166836787303e-06,1.441028199405991472e-02,1.422071985689399298e-02,2.655422910599233299e-01,supercritical,8.182335630804137006e-02,8.615177148036894383e-01,6.439293542825907934e-15,16384,30,6.1.1-I-900
phase_regimes,2,4,2,2.000000000000000000e+00,4.152787295564890901e-01,8.305574591129781803e-01,1.400000000000000000e+01,16384,1.085588651959688011e+00,256,64,65,9.294891226630772607e-01,7.051087733692273929e-02,2.732864541590688812e-01,1.056676136641889389e+04,3.233419192838482559e-03,3.059990739560249509e-07,1.405285363944130950e-02,1.459403179251239635e-02,2.655395811846286702e-01,supercritical,8.182335630804137006e-02,8.617451118904191354e-01,4.773959005888173124e-15,16384,30,6.1.1-I-900
phase_regimes,2,4,2,2.000000000000000000e+00,4.152787295564890901e-01,8.305574591129781803e-01,1.400000000000000000e+01,16384,1.085588651959688011e+00,512,128,129,9.294919181233090022e-01,7.050808187669099780e-02,2.732905397258367786e-01,1.056676126646877674e+04,3.185732566635124385e-04,3.014861873282142496e-08,1.410990122349176090e-02,1.453445687911880668e-02,2.655392653903888012e-01,supercritical,8.182335630804137006e-02,8.617109473149497934e-01,1.065814103640150279e-14,16384,30,6.1.1-I-900
phase_regimes,2,4,2,2.000000000000000000e+00,4.152787295564890901e-01,8.305574591129781803e-01,2.200000000000000000e+01,4194304,1.054465505792528734e+00,128,32,33,9.807794137638818910e-01,1.922058623611810901e-02,2.591456295534050880e-01,2.743953187333492097e+06,3.257918870076537132e-01,1.187308473451948513e-07,5.139147248119115829e-01,5.417024390771985054e-01,2.578932651417299438e-01,supercritical,2.045773635727837769e-02,9.395265390288344287e-01,4.329869796038110508e-15,4194304,30,6.1.1-I-900
phase_regimes,2,4,2,2.000000000000000000e+00,4.152787295564890901e-01,8.305574591129781803e-01,2.200000000000000000e+01,4194304,1.054465505792528734e+00,256,64,65,9.807806112033132795e-01,1.921938879668672051e-02,2.591497151201727633e-01,2.743952952561052982e+06,8.118909318000078201e-02,2.958836925546533060e-08,5.187721247784793377e-01,5.367750693112611771e-01,2.578902183870192544e-01,supercritical,2.045773635727837769e-02,9.394680066765508375e-01,9.992007221626408864e-15,4194304,30,6.1.1-I-900
phase_regimes,2,4,2,2.000000000000000000e+00,4.152787295564890901e-01,8.305574591129781803e-01,2.200000000000000000e+01,4194304,1.054465505792528734e+00,512,128,129,9.807813731713824756e-01,1.921862682861752436e-02,2.591523150262979303e-01,2.743952939779478591e+06,-2.633256372064352036e-02,9.596579933604754946e-09,5.208757920190691948e-01,5.345769706182181835e-01,2.578898539487800012e-01,supercritical,2.045773635727837769e-02,9.394307607146374917e-01,3.108624468950438313e-14,4194304,30,6.1.1-I-900
phase_regimes,2,4,2,2.000000000000000000e+00,4.152787295564890901e-01,8.305574591129781803e-01,3.000000000000000000e+01,1073741824,1.039941370914521102e+00,128,32,33,9.949927858328305730e-01,5.007214167169427022e-03,2.547258707123452592e-01,7.063071049653522968e+08,-1.562893390655517578e+00,2.212767477020049112e-09,2.404664158821105957e+01,2.464697718620300293e+01,2.543281126680932425e-01,supercritical,5.114654933874077623e-03,9.789935453918745534e-01,3.996802888650563546e-15,1073741824,30,6.1.1-I-900
phase_regimes,2,4,2,2.000000000000000000e+00,4.152787295564890901e-01,8.305574591129781803e-01,3.000000000000000000e+01,1073741824,1.039941370914521102e+00,256,64,65,9.949914641816390848e-01,5.008535818360915215e-03,2.547131791040712079e-01,7.063070849117420912e+08,7.918089628219604492e+00,1.121054821248044501e-08,2.386560511589050293e+01,2.484552872180938721e+01,2.543248955057571536e-01,supercritical,5.114654933874077623e-03,9.792519501539895810e-01,1.332267629550187849e-14,1073741824,30,6.1.1-I-900
phase_regimes,2,4,2,2.000000000000000000e+00,4.152787295564890901e-01,8.305574591129781803e-01,3.000000000000000000e+01,1073741824,1.039941370914521102e+00,512,128,129,9.949916627490549281e-01,5.008337250945071872e-03,2.547150857018964931e-01,7.063070821417229176e+08,1.807361841201782227e+00,2.558889591934077389e-09,2.398602724075317383e+01,2.472149991989135742e+01,2.543245059982529588e-01,supercritical,5.114654933874077623e-03,9.792131269257541293e-01,4.840572387365682516e-14,1073741824,30,6.1.1-I-900
