dataset,shard_index,shard_count,d,lambda_ratio,lambda_star,lambda,log2N,N,alpha,radial_order,angular_order,state_bins,gamma,delta,beta,objective,derivative_logdelta,derivative_scaled,neighbor_left,neighbor_right,H_constant,scale_type,theory_scale,collapse_ratio,row_error,steps,evaluations,cgal_version
phase_regimes,0,4,2,0.000000000000000000e+00,4.152787295564890901e-01,0.000000000000000000e+00,1.000000000000000000e+01,1024,1.000000000000000000e+00,128,32,33,9.695291908688737914e-01,3.047080913112620859e-02,5.036428379479099826e-01,6.906268304145319235e+02,4.941919371503900038e-04,7.155701391643926532e-07,1.618176459260212141e-03,1.638880714722290577e-03,2.445374419422549350e-01,subcritical,3.090670449250345481e-02,9.858964141103113699e-01,4.773959005888173124e-15,1024,30,6.1.1-I-900
phase_regimes,0,4,2,0.000000000000000000e+00,4.152787295564890901e-01,0.000000000000000000e+00,1.000000000000000000e+01,1024,1.000000000000000000e+00,256,64,65,9.695310891953823340e-01,3.046891080461766599e-02,5.036518261947993125e-01,6.906266936143449584e+02,6.928547691131825559e-05,1.003226164756501218e-07,1.626644590942305513e-03,1.630352449751626409e-03,2.445337089232247907e-01,subcritical,3.090646858638733049e-02,9.858425177063940836e-01,3.164135620181696140e-14,1024,30,6.1.1-I-900
phase_regimes,0,4,2,0.000000000000000000e+00,4.152787295564890901e-01,0.000000000000000000e+00,1.000000000000000000e+01,1024,1.000000000000000000e+00,512,128,129,9.695322971597656325e-01,3.046770284023436748e-02,5.036575459882743910e-01,6.906266816349021838e+02,-2.468277102707361337e-04,3.573967192904095014e-07,1.632961891118611675e-03,1.624024326588369149e-03,2.445332417712827722e-01,subcritical,3.090643906484655604e-02,9.858043748200285838e-01,2.531308496145356912e-14,1024,30,6.1.1-I-900
phase_regimes,0,4,2,0.000000000000000000e+00,4.152787295564890901e-01,0.000000000000000000e+00,1.800000000000000000e+01,262144,1.000000000000000000e+00,128,32,33,9.980699384405299357e-01,1.930061559470064303e-03,5.009520789755270709e-01,1.748893121119413117e+05,8.116279786918312311e-03,4.640809486244264501e-08,2.520392133737914264e-02,2.552951499819755554e-02,2.445374419422549350e-01,subcritical,1.931669030781465925e-03,9.991678329538931091e-01,9.992007221626408864e-15,262144,30,6.1.1-I-900
phase_regimes,0,4,2,0.000000000000000000e+00,4.152787295564890901e-01,0.000000000000000000e+00,1.800000000000000000e+01,262144,1.000000000000000000e+00,256,64,65,9.980700586830546506e-01,1.929941316945349428e-03,5.009570724460192803e-01,1.748893088880968571e+05,2.435161150060594082e-03,1.392401379788592379e-08,2.531617693603038788e-02,2.541450053104199469e-02,2.445337089232247907e-01,subcritical,1.931654286649208156e-03,9.991132110358991181e-01,3.552713678800500929e-14,262144,30,6.1.1-I-900
phase_regimes,0,4,2,0.000000000000000000e+00,4.152787295564890901e-01,0.000000000000000000e+00,1.800000000000000000e+01,262144,1.000000000000000000e+00,512,128,129,9.980701351971246194e-01,1.929864802875380647e-03,5.009602501090615334e-01,1.748893083979691437e+05,-2.677857992239296436e-03,1.531173069851531362e-08,2.541837250464595854e-02,2.531215612543746829e-02,2.445332417712827722e-01,subcritical,1.931652441552909752e-03,9.990745546977943814e-01,2.242650509742816212e-14,262144,30,6.1.1-I-900
phase_regimes,0,4,2,0.000000000000000000e+00,4.152787295564890901e-01,0.000000000000000000e+00,2.600000000000000000e+01,67108864,1.000000000000000000e+00,128,32,33,9.998792295694711729e-01,1.207704305288270774e-04,5.005940427527038050e-01,4.474127053232446313e+07,4.386771470308303833e-01,9.804753906438507621e-09,3.963031396269798279e-01,4.139117300510406494e-01,2.445374419422549350e-01,subcritical,1.207293144238416203e-04,1.000340564387213416e+00,5.551115123125782702e-15,67108864,30,6.1.1-I-900
phase_regimes,0,4,2,0.000000000000000000e+00,4.152787295564890901e-01,0.000000000000000000e+00,2.600000000000000000e+01,67108864,1.000000000000000000e+00,256,64,65,9.998792614383424926e-01,1.207385616575074039e-04,5.006086869161051611e-01,4.474126841150362045e+07,1.685172319412231445e-01,3.766483113337371441e-09,4.018100723624229431e-01,4.084879681468009949e-01,2.445337089232247907e-01,subcritical,1.207283929155755097e-04,1.000084228255560426e+00,3.885780586188047891e-14,67108864,30,6.1.1-I-900
phase_regimes,0,4,2,0.000000000000000000e+00,4.152787295564890901e-01,0.000000000000000000e+00,2.600000000000000000e+01,67108864,1.000000000000000000e+00,512,128,129,9.998792817141546330e-01,1.207182858453670349e-04,5.006180059291635009e-01,4.474126820530373603e+07,-5.905143916606903076e-02,1.319842765634187667e-09,4.063339233398437500e-01,4.039770588278770447e-01,2.445332417712827722e-01,subcritical,1.207282775970568595e-04,9.999172376854147393e-01,2.509104035652853781e-14,67108864,30,6.1.1-I-900
phase_regimes,0,4,2,1.000000000000000056e-01,4.152787295564890901e-01,4.152787295564891457e-02,1.000000000000000000e+01,1024,1.005991205637178254e+00,128,32,33,9.678029087811399478e-01,3.219709121886005221e-02,4.956925832915620167e-01,6.887434313151373999e+02,1.726325081108370796e-03,2.506485002422453098e-06,1.545039594930130988e-03,1.615839441910793539e-03,2.460048290809516425e-01,subcritical,3.285179190036523200e-02,9.800710815565010225e-01,3.885780586188047891e-15,1024,30,6.1.1-I-900
phase_regimes,0,4,2,1.000000000000000056e-01,4.152787295564890901e-01,4.152787295564891457e-02,1.000000000000000000e+01,1024,1.005991205637178254e+00,256,64,65,9.678114049415977860e-01,3.218859505840221402e-02,4.957306581163840598e-01,6.887432998378870934e+02,-2.840913282398105366e-04,4.124778103927522850e-07,1.585188565741191269e-03,1.575563103301647061e-03,2.460011780734498443e-01,subcritical,3.285154811941153052e-02,9.798197315207319846e-01,5.995204332975845318e-15,1024,30,6.1.1-I-900
phase_regimes,0,4,2,1.000000000000000056e-01,4.152787295564890901e-01,4.152787295564891457e-02,1.000000000000000000e+01,1024,1.005991205637178254e+00,512,128,129,9.678101287483585891e-01,3.218987125164141094e-02,4.957249383229090922e-01,6.887432883782155386e+02,3.508827717269014101e-05,5.094536348268821388e-08,1.578807095256706816e-03,1.581949777119007194e-03,2.460007234344399885e-01,subcritical,3.285151776264184226e-02,9.798594842472440059e-01,6.994405055138486205e-15,1024,30,6.1.1-I-900
phase_regimes,0,4,2,1.000000000000000056e-01,4.152787295564890901e-01,4.152787295564891457e-02,1.800000000000000000e+01,262144,1.003328447576210092e+00,128,32,33,9.979562611961017016e-01,2.043738803898298428e-03,4.963651920814713403e-01,1.746877903362884244e+05,-1.138413063017651439e-02,6.516843912365668157e-08,2.449283187161199749e-02,2.404463416314683855e-02,2.453526057490252876e-01,subcritical,2.050513352373071595e-03,9.966961695387485110e-01,6.328271240363392280e-15,262144,30,6.1.1-I-900
phase_regimes,0,4,2,1.000000000000000056e-01,4.152787295564890901e-01,4.152787295564891457e-02,1.800000000000000000e+01,262144,1.003328447576210092e+00,256,64,65,9.979561338635700718e-01,2.043866136429928204e-03,4.963601986109762998e-01,1.746877871844716137e+05,-2.081331331282854080e-03,1.191457837338652995e-08,2.430540928617119789e-02,2.422932127956300974e-02,2.453489185014358920e-01,subcritical,2.050497944387492770e-03,9.967657573245968239e-01,1.765254609153998899e-14,262144,30,6.1.1-I-900
phase_regimes,0,4,2,1.000000000000000056e-01,4.152787295564890901e-01,4.152787295564891457e-02,1.800000000000000000e+01,262144,1.003328447576210092e+00,512,128,129,9.979560528296467226e-01,2.043947170353277443e-03,4.963570209479351569e-01,1.746877866854364111e+05,2.621061867102980614e-03,1.500426513401750493e-08,2.421130976290442050e-02,2.432333381148055196e-02,2.453484583411772446e-01,subcritical,2.050496021497201331e-03,9.968062112409551423e-01,4.862776847858185647e-14,262144,30,6.1.1-I-900
phase_regimes,0,4,2,1.000000000000000056e-01,4.152787295564890901e-01,4.152787295564891457e-02,2.600000000000000000e+01,67108864,1.002304309860453158e+00,128,32,33,9.998720700386569682e-01,1.279299613430318061e-04,4.973983921127565488e-01,4.470681048038896918e+07,2.334602177143096924e-01,5.222028035677451453e-09,3.811702877283096313e-01,3.905732631683349609e-01,2.451017725075065046e-01,subcritical,1.280915578559496031e-04,9.987384296387469274e-01,8.881784197001252323e-15,67108864,30,6.1.1-I-900
phase_regimes,0,4,2,1.000000000000000056e-01,4.152787295564890901e-01,4.152787295564891457e-02,2.600000000000000000e+01,67108864,1.002304309860453158e+00,256,64,65,9.998721037967834846e-01,1.278962032165154028e-04,4.974130362761481905e-01,4.470680839933330566e+07,-4.623085260391235352e-03,1.034089756328966092e-10,3.859681487083435059e-01,3.858761936426162720e-01,2.450980712318988897e-01,subcritical,1.280905906986262450e-04,9.984824218465180312e-01,4.085620730620576069e-14,67108864,30,6.1.1-I-900
phase_regimes,0,4,2,1.000000000000000056e-01,4.152787295564890901e-01,4.152787295564891457e-02,2.600000000000000000e+01,67108864,1.002304309860453158e+00,512,128,129,9.998721088673309110e-01,1.278911326690890249e-04,4.974152361967016378e-01,4.470680820228098333e+07,3.408454358577728271e-02,7.624016331373496486e-10,3.852139264345169067e-01,3.866380453109741211e-01,2.450976089300280769e-01,subcritical,1.280904698968848322e-04,9.984437778395514052e-01,1.754152378907747334e-14,67108864,30,6.1.1-I-900
phase_regimes,0,4,2,2.000000000000000111e-01,4.152787295564890901e-01,8.305574591129782913e-02,1.000000000000000000e+01,1024,1.011982411274356286e+00,128,32,33,9.658941959803191146e-01,3.410580401968088538e-02,4.873838916276355127e-01,6.868517633177855259e+02,-3.944270758893253515e-04,5.742535681703358602e-07,1.541036026651454449e-03,1.527886525877875101e-03,2.474726345833000718e-01,subcritical,3.513563405922433963e-02,9.706898689288606663e-01,4.884981308350688778e-15,1024,30,6.1.1-I-900
phase_regimes,0,4,2,2.000000000000000111e-01,4.152787295564890901e-01,8.305574591129782913e-02,1.000000000000000000e+01,1024,1.011982411274356286e+00,256,64,65,9.658920710618315031e-01,3.410792893816849691e-02,4.873749033807461273e-01,6.868516372140933299e+02,1.492422541105042910e-04,2.172845575732174082e-07,1.530141897546855034e-03,1.538741538297472289e-03,2.474690639070574461e-01,subcritical,3.513538057983143365e-02,9.707573498648049970e-01,1.132427485117659671e-14,1024,30,6.1.1-I-900
phase_regimes,0,4,2,2.000000000000000111e-01,4.152787295564890901e-01,8.305574591129782913e-02,1.000000000000000000e+01,1024,1.011982411274356286e+00,512,128,129,9.658934232980046497e-01,3.410657670199535030e-02,4.873806231742212614e-01,6.868516262511720925e+02,-1.498484039075265173e-04,2.181670657539202514e-07,1.536113535621552728e-03,1.532748461386290728e-03,2.474686214649007565e-01,subcritical,3.513534917109641109e-02,9.707197311718374078e-01,3.497202527569243102e-14,1024,30,6.1.1-I-900
phase_regimes,0,4,2,2.000000000000000111e-01,4.152787295564890901e-01,8.305574591129782913e-02,1.800000000000000000e+01,262144,1.006656895152420184e+00,128,32,33,9.978251083474406480e-01,2.174891652559352018e-03,4.913800418456668595e-01,1.744864337455678324e+05,1.994176273001357913e-02,1.142883277624448812e-07,2.275342747452668846e-02,2.356520539615303278e-02,2.461678978045254429e-01,subcritical,2.190180611862931753e-03,9.930193157492270828e-01,1.887379141862766119e-14,262144,30,6.1.1-I-900
phase_regimes,0,4,2,2.000000000000000111e-01,4.152787295564890901e-01,8.305574591129782913e-02,1.800000000000000000e+01,262144,1.006656895152420184e+00,256,64,65,9.978256822573113860e-01,2.174317742688613997e-03,4.914011945261246295e-01,1.744864306397209875e+05,-9.385956218466162682e-03,5.379189765103427437e-08,2.333832069416530430e-02,2.297689794795587659e-02,2.461642558052596352e-01,subcritical,2.190164410185631641e-03,9.927646219510641856e-01,7.105427357601001859e-15,262144,30,6.1.1-I-900
phase_regimes,0,4,2,2.000000000000000111e-01,4.152787295564890901e-01,8.305574591129782913e-02,1.800000000000000000e+01,262144,1.006656895152420184e+00,512,128,129,9.978255960513244816e-01,2.174403948675518450e-03,4.913980168630818768e-01,1.744864301295053738e+05,-4.926048859488219023e-03,2.823170177664854425e-08,2.324909504386596382e-02,2.306609009974636137e-02,2.461638025376756411e-01,subcritical,2.190162393786084741e-03,9.928048964975035862e-01,2.120525977034048992e-14,262144,30,6.1.1-I-900
phase_regimes,0,4,2,2.000000000000000111e-01,4.152787295564890901e-01,8.305574591129782913e-02,2.600000000000000000e+01,67108864,1.004608619720906315e+00,128,32,33,9.998638110320970940e-01,1.361889679029060218e-04,4.939270206977183220e-01,4.467239871106093377e+07,-1.297183334827423096e-01,2.903769155575339946e-09,3.687191829085350037e-01,3.636929988861083984e-01,2.456661643794033623e-01,subcritical,1.367467179354196186e-04,9.959212912680142082e-01,3.663735981263016583e-15,67108864,30,6.1.1-I-900
phase_regimes,0,4,2,2.000000000000000111e-01,4.152787295564890901e-01,8.305574591129782913e-02,2.600000000000000000e+01,67108864,1.004608619720906315e+00,256,64,65,9.998638195166479337e-01,1.361804833520663394e-04,4.939304777157695336e-01,4.467239667126367986e+07,3.955699503421783447e-02,8.854907724183865225e-10,3.653830811381340027e-01,3.671445548534393311e-01,2.456624945964742679e-01,subcritical,1.367456965643112693e-04,9.958666837315856002e-01,8.770761894538736669e-15,67108864,30,6.1.1-I-900
phase_regimes,0,4,2,2.000000000000000111e-01,4.152787295564890901e-01,8.305574591129782913e-02,2.600000000000000000e+01,67108864,1.004608619720906315e+00,512,128,129,9.998638249156323043e-01,1.361750843676956535e-04,4.939326776363320293e-01,4.467239648379479349e+07,8.137151598930358887e-02,1.821516694740602150e-09,3.645518496632575989e-01,3.679845631122589111e-01,2.456620370985125867e-01,subcritical,1.367455692333023598e-04,9.958281290662266416e-01,1.151301276536287332e-13,67108864,30,6.1.1-I-900
phase_regimes,0,4,2,2.999999999999999889e-01,4.152787295564890901e-01,1.245836188669467159e-01,1.000000000000000000e+01,1024,1.017973616911534540e+00,128,32,33,9.637480734275156724e-01,3.625192657248432759e-02,4.785798522020613954e-01,6.849498931313995627e+02,-4.543472300611028913e-04,6.633291495001981890e-07,1.498699459034469328e-03,1.484150434180264710e-03,2.489408648322130879e-01,subcritical,3.787400045034122753e-02,9.571718366539152534e-01,4.329869796038110508e-15,1024,30,6.1.1-I-900
phase_regimes,0,4,2,2.999999999999999889e-01,4.152787295564890901e-01,1.245836188669467159e-01,1.000000000000000000e+01,1024,1.017973616911534540e+00,256,64,65,9.637458147976080136e-01,3.625418520239198639e-02,4.785708639551721766e-01,6.849497718189930993e+02,6.599134394491557032e-05,9.634479294688289176e-08,1.488277922589986701e-03,1.494544401452913007e-03,2.489373728365148752e-01,subcritical,3.787373481233410194e-02,9.572381858307069669e-01,2.753353101070388220e-14,1024,30,6.1.1-I-900
phase_regimes,0,4,2,2.999999999999999889e-01,4.152787295564890901e-01,1.245836188669467159e-01,1.000000000000000000e+01,1024,1.017973616911534540e+00,512,128,129,9.637472521238305001e-01,3.625274787616949990e-02,4.785765837486472551e-01,6.849497613067087514e+02,-2.255001447792892577e-04,3.292214371300644542e-07,1.494094709187265835e-03,1.488699981678109907e-03,2.489369422804037779e-01,subcritical,3.787370205956813729e-02,9.572010631321653529e-01,2.364775042451583431e-14,1024,30,6.1.1-I-900
phase_regimes,0,4,2,2.999999999999999889e-01,4.152787295564890901e-01,1.245836188669467159e-01,1.800000000000000000e+01,262144,1.009985342728630275e+00,128,32,33,9.976745308944987567e-01,2.325469105501243305e-03,4.860145839596646256e-01,1.742851932187120547e+05,-2.189128281315788627e-02,1.256060965872546631e-07,2.246670075692236423e-02,2.161265973700210452e-02,2.469833192035101044e-01,subcritical,2.357799719850820278e-03,9.862878029557053949e-01,2.886579864025407005e-15,262144,30,6.1.1-I-900
phase_regimes,0,4,2,2.999999999999999889e-01,4.152787295564890901e-01,1.245836188669467159e-01,1.800000000000000000e+01,262144,1.009985342728630275e+00,256,64,65,9.976739170883159868e-01,2.326082911684013155e-03,4.859934312792063560e-01,1.742851901274948905e+05,7.870330591686069965e-03,4.515777035288359978e-08,2.187041865545324981e-02,2.220692543778568506e-02,2.469797219352896367e-01,subcritical,2.357782549321018033e-03,9.865553175605046299e-01,8.326672684688674053e-15,262144,30,6.1.1-I-900
phase_regimes,0,4,2,2.999999999999999889e-01,4.152787295564890901e-01,1.245836188669467159e-01,1.800000000000000000e+01,262144,1.009985342728630275e+00,512,128,129,9.976740093077368643e-01,2.325990692263135706e-03,4.859966089422472213e-01,1.742851896041452419e+05,3.349116013851016760e-03,1.921629727378373004e-08,2.196072664810344577e-02,2.211638024891726673e-02,2.469792754626395637e-01,subcritical,2.357780418202943488e-03,9.865170964631060357e-01,6.827871601444712724e-14,262144,30,6.1.1-I-900
phase_regimes,0,4,2,2.999999999999999889e-01,4.152787295564890901e-01,1.245836188669467159e-01,2.600000000000000000e+01,67108864,1.006912929581359473e+00,128,32,33,9.998540727309741527e-01,1.459272690258472949e-04,4.900947261024078405e-01,4.463803424871259183e+07,1.860205084085464478e-01,4.167309594595587790e-09,3.422526121139526367e-01,3.499447628855705261e-01,2.462306179213340496e-01,subcritical,1.471377617115212613e-04,9.917730657881879130e-01,7.993605777301127091e-15,67108864,30,6.1.1-I-900
phase_regimes,0,4,2,2.999999999999999889e-01,4.152787295564890901e-01,1.245836188669467159e-01,2.600000000000000000e+01,67108864,1.006912929581359473e+00,256,64,65,9.998541112382257623e-01,1.458887617742377074e-04,4.901093702657990936e-01,4.463803225220260769e+07,2.674013376235961914e-02,5.990437394569551466e-10,3.454787209630012512e-01,3.468222171068191528e-01,2.462269793811035501e-01,subcritical,1.471366745830241744e-04,9.915186828007159781e-01,1.043609643147647148e-14,67108864,30,6.1.1-I-900
phase_regimes,0,4,2,2.999999999999999889e-01,4.152787295564890901e-01,1.245836188669467159e-01,2.600000000000000000e+01,67108864,1.006912929581359473e+00,512,128,129,9.998541170221025842e-01,1.458829778974157776e-04,4.901115701863520413e-01,4.463803207485558093e+07,7.285736501216888428e-02,1.632181384922861179e-09,3.445796296000480652e-01,3.477332815527915955e-01,2.462265266392284768e-01,subcritical,1.471365393115670528e-04,9.914802847748320769e-01,7.127631818093504990e-14,67108864,30,6.1.1-I-900
phase_regimes,0,4,2,4.000000000000000222e-01,4.152787295564890901e-01,1.661114918225956583e-01,1.000000000000000000e+01,1024,1.023964822548712572e+00,128,32,33,9.613370514855935633e-01,3.866294851440643665e-02,4.692904525197482690e-01,6.830356330217286995e+02,-9.757827967860066565e-04,1.428597205784379713e-06,1.469378206707006029e-03,1.435098893807662535e-03,2.504095262040205161e-01,subcritical,4.124744126433756153e-02,9.373417436158477667e-01,5.551115123125782702e-15,1024,30,6.1.1-I-900
phase_regimes,0,4,2,4.000000000000000222e-01,4.152787295564890901e-01,1.661114918225956583e-01,1.000000000000000000e+01,1024,1.023964822548712572e+00,256,64,65,9.613346426400481981e-01,3.866535735995180190e-02,4.692814642728588836e-01,6.830355160158659373e+02,-4.776528612637775950e-04,6.993089671967839034e-07,1.459405082073317317e-03,1.445052099711574556e-03,2.504061112666071121e-01,subcritical,4.124716000924165404e-02,9.374065354145258988e-01,6.439293542825907934e-15,1024,30,6.1.1-I-900
phase_regimes,0,4,2,4.000000000000000222e-01,4.152787295564890901e-01,1.661114918225956583e-01,1.000000000000000000e+01,1024,1.023964822548712572e+00,512,128,129,9.613331096601972492e-01,3.866689033980275081e-02,4.692757444793838051e-01,6.830355058850298064e+02,-1.865280410129344091e-04,2.730868884645233564e-07,1.453593776659545256e-03,1.450886935344897211e-03,2.504056922951169439e-01,subcritical,4.124712550251329046e-02,9.374444853726032756e-01,3.907985046680551022e-14,1024,30,6.1.1-I-900
phase_regimes,0,4,2,4.000000000000000222e-01,4.152787295564890901e-01,1.661114918225956583e-01,1.800000000000000000e+01,262144,1.013313790304840367e+00,128,32,33,9.974960074012851896e-01,2.503992598714810391e-03,4.800863325941088777e-01,1.740840075190190692e+05,9.981085895560681820e-04,5.733488123238560700e-09,2.088060599635355175e-02,2.095083301537670195e-02,2.477988710408161044e-01,subcritical,2.564491527465516483e-03,9.764089964412956402e-01,3.996802888650563546e-15,262144,30,6.1.1-I-900
phase_regimes,0,4,2,4.000000000000000222e-01,4.152787295564890901e-01,1.661114918225956583e-01,1.800000000000000000e+01,262144,1.013313790304840367e+00,256,64,65,9.974961633996214383e-01,2.503836600378561705e-03,4.800913260646042513e-01,1.740840044050996657e+05,-5.432586476672440767e-03,3.120669526897266692e-08,2.100764130591414869e-02,2.082060708198696375e-02,2.477953179911326909e-01,subcritical,2.564473141993391710e-03,9.763551660487671535e-01,3.819167204710538499e-14,262144,30,6.1.1-I-900
phase_regimes,0,4,2,4.000000000000000222e-01,4.152787295564890901e-01,1.661114918225956583e-01,1.800000000000000000e+01,262144,1.013313790304840367e+00,512,128,129,9.974960641290774310e-01,2.503935870922568974e-03,4.800881484015617762e-01,1.740840038659863058e+05,-1.460757630411535501e-03,8.391107729438822070e-09,2.092824224382638931e-02,2.090009112725965679e-02,2.477948782161624730e-01,subcritical,2.564470866341839531e-03,9.763947423954859595e-01,5.351274978693254525e-14,262144,30,6.1.1-I-900
phase_regimes,0,4,2,4.000000000000000222e-01,4.152787295564890901e-01,1.661114918225956583e-01,2.600000000000000000e+01,67108864,1.009217239441812630e+00,128,32,33,9.998424791943044676e-01,1.575208056955323954e-04,4.858526916925982042e-01,4.460371586812067032e+07,1.770071685314178467e-01,3.968439962598027713e-09,3.217680454254150391e-01,3.292510956525802612e-01,2.467951334969455401e-01,subcritical,1.599557734192782836e-04,9.847772439112696397e-01,4.996003610813204432e-15,67108864,30,6.1.1-I-900
phase_regimes,0,4,2,4.000000000000000222e-01,4.152787295564890901e-01,1.661114918225956583e-01,2.600000000000000000e+01,67108864,1.009217239441812630e+00,256,64,65,9.998425207608556686e-01,1.574792391443313733e-04,4.858673358559916222e-01,4.460371391767247021e+07,6.442703306674957275e-02,1.444432030607722245e-09,3.241183683276176453e-01,3.270084857940673828e-01,2.467915259517383109e-01,subcritical,1.599546043326266053e-04,9.845245768408911191e-01,6.172840016915870365e-14,67108864,30,6.1.1-I-900
phase_regimes,0,4,2,4.000000000000000222e-01,4.152787295564890901e-01,1.661114918225956583e-01,2.600000000000000000e+01,67108864,1.009217239441812630e+00,512,128,129,9.998425270042462509e-01,1.574729957537490677e-04,4.858695357765447365e-01,4.460371375112378597e+07,1.129582524299621582e-01,2.532485367927826189e-09,3.231439590454101562e-01,3.279847428202629089e-01,2.467910779198774496e-01,subcritical,1.599544591396519103e-04,9.844864382071627507e-01,6.150635556423367234e-14,67108864,30,6.1.1-I-900
phase_regimes,0,4,2,5.000000000000000000e-01,4.152787295564890901e-01,2.076393647782445451e-01,1.000000000000000000e+01,1024,1.029956028185890826e+00,128,32,33,9.586117222454890729e-01,4.138827775451092705e-02,4.594633973260678905e-01,6.811065150917133906e+02,-9.678530261680862168e-04,1.421000981084083998e-06,1.434508770330467087e-03,1.401837921662263398e-03,2.518786250692455764e-01,subcritical,4.555700715222379266e-02,9.084942216730017561e-01,7.771561172376095783e-15,1024,30,6.1.1-I-900
phase_regimes,0,4,2,5.000000000000000000e-01,4.152787295564890901e-01,2.076393647782445451e-01,1.000000000000000000e+01,1024,1.029956028185890826e+00,256,64,65,9.586091436017919465e-01,4.139085639820805351e-02,4.594544090791785051e-01,6.811064018785428971e+02,-4.908218329546798486e-04,7.206243130309099579e-07,1.424968096216616686e-03,1.411379428873260622e-03,2.518752855970204929e-01,subcritical,4.555670514790669673e-02,9.085568472045204569e-01,3.252953462151708663e-14,1024,30,6.1.1-I-900
phase_regimes,0,4,2,5.000000000000000000e-01,4.152787295564890901e-01,2.076393647782445451e-01,1.000000000000000000e+01,1024,1.029956028185890826e+00,512,128,129,9.586075025630635960e-01,4.139249743693640404e-02,4.594486892857033711e-01,6.811063920961406666e+02,-2.072681297704548342e-04,3.043109449209194589e-07,1.419312328380328836e-03,1.417067076204148179e-03,2.518748779139108329e-01,subcritical,4.555666827905174854e-02,9.085936044179475646e-01,2.975397705995419528e-14,1024,30,6.1.1-I-900
phase_regimes,0,4,2,5.000000000000000000e-01,4.152787295564890901e-01,2.076393647782445451e-01,1.800000000000000000e+01,262144,1.016642237881050459e+00,128,32,33,9.972828108278067871e-01,2.717189172193212876e-03,4.735371819105266833e-01,1.738827988162199908e+05,1.607145532034337521e-02,9.242694176627326136e-08,1.945285181864164770e-02,2.013598638586699963e-02,2.486145544103074423e-01,subcritical,2.828803760705792588e-03,9.605435378505253752e-01,4.551914400963141816e-15,262144,30,6.1.1-I-900
phase_regimes,0,4,2,5.000000000000000000e-01,4.152787295564890901e-01,2.076393647782445451e-01,1.800000000000000000e+01,262144,1.016642237881050459e+00,256,64,65,9.972829801082552237e-01,2.717019891744776317e-03,4.735421753810203915e-01,1.738827956250475836e+05,9.338480595033615828e-03,5.370560417702658795e-08,1.958586892578750849e-02,1.999966482981108129e-02,2.486110450715499354e-01,subcritical,2.828783795531728679e-03,9.604904751068314983e-01,2.409183963436589693e-14,262144,30,6.1.1-I-900
phase_regimes,0,4,2,5.000000000000000000e-01,4.152787295564890901e-01,2.076393647782445451e-01,1.800000000000000000e+01,262144,1.016642237881050459e+00,512,128,129,9.972830878266859544e-01,2.716912173314045553e-03,4.735453530440620895e-01,1.738827950667111145e+05,5.220266757532954216e-03,3.002175549070377593e-08,1.966807988355867565e-02,1.991713102324865758e-02,2.486106119002809978e-01,subcritical,2.828781331143230722e-03,9.604532324228913787e-01,1.487698852997709764e-14,262144,30,6.1.1-I-900
phase_regimes,0,4,2,5.000000000000000000e-01,4.152787295564890901e-01,2.076393647782445451e-01,2.600000000000000000e+01,67108864,1.011521549302265788e+00,128,32,33,9.998283789232914609e-01,1.716210767085390998e-04,4.810956015035229294e-01,4.456944198275107890e+07,-1.727845519781112671e-01,3.876749276892023919e-09,3.076841607689857483e-01,3.012036159634590149e-01,2.473597114692853705e-01,subcritical,1.763534848876862878e-04,9.731652131390479132e-01,1.221245327087672194e-14,67108864,30,6.1.1-I-900
phase_regimes,0,4,2,5.000000000000000000e-01,4.152787295564890901e-01,2.076393647782445451e-01,2.600000000000000000e+01,67108864,1.011521549302265788e+00,256,64,65,9.998283896152568850e-01,1.716103847431149632e-04,4.810990585215396131e-01,4.456944008222576976e+07,6.758980453014373779e-02,1.516505578832668787e-09,3.029255717992782593e-01,3.060713484883308411e-01,2.473561346729402921e-01,subcritical,1.763522098563226218e-04,9.731116206761972753e-01,3.541611448554249364e-14,67108864,30,6.1.1-I-900
phase_regimes,0,4,2,5.000000000000000000e-01,4.152787295564890901e-01,2.076393647782445451e-01,2.600000000000000000e+01,67108864,1.011521549302265788e+00,512,128,129,9.998284184340524572e-01,1.715815659475428134e-04,4.811083775346077784e-01,4.456943992728729546e+07,-7.592514157295227051e-02,1.703524695325320678e-09,3.057980909943580627e-01,3.031917214393615723e-01,2.473556913033942428e-01,subcritical,1.763520518064032783e-04,9.729490765205417446e-01,1.421085471520200372e-14,67108864,30,6.1.1-I-900
phase_regimes,0,4,2,5.999999999999999778e-01,4.152787295564890901e-01,2.491672377338934319e-01,1.000000000000000000e+01,1024,1.035947233823068858e+00,128,32,33,9.555158186937654508e-01,4.448418130623454925e-02,4.490563788712996218e-01,6.791597733811630633e+02,4.142711986787617207e-04,6.099760541121763247e-07,1.378848621698125498e-03,1.402961455028162163e-03,2.533481677920382813e-01,subcritical,5.135265918425170606e-02,8.662488372145777937e-01,3.330669073875469621e-15,1024,30,6.1.1-I-900
phase_regimes,0,4,2,5.999999999999999778e-01,4.152787295564890901e-01,2.491672377338934319e-01,1.000000000000000000e+01,1024,1.035947233823068858e+00,256,64,65,9.555185900511068420e-01,4.448140994889315802e-02,4.490653671181888407e-01,6.791596634234314251e+02,6.726793344569159672e-06,9.904583129483130218e-09,1.386939146186705329e-03,1.394747177982935682e-03,2.533449022191865962e-01,subcritical,5.135232822391450069e-02,8.662004525858753023e-01,6.772360450213454897e-15,1024,30,6.1.1-I-900
phase_regimes,0,4,2,5.999999999999999778e-01,4.152787295564890901e-01,2.491672377338934319e-01,1.000000000000000000e+01,1024,1.035947233823068858e+00,512,128,129,9.555203535522468483e-01,4.447964644775315168e-02,4.490710869116640303e-01,6.791596539601772520e+02,-2.672767323019797914e-04,3.935403564441589145e-07,1.392395029711224197e-03,1.389242165600990120e-03,2.533445055360320497e-01,subcritical,5.135228802059612491e-02,8.661667894897588926e-01,1.720845688168992638e-14,1024,30,6.1.1-I-900
phase_regimes,0,4,2,5.999999999999999778e-01,4.152787295564890901e-01,2.491672377338934319e-01,1.800000000000000000e+01,262144,1.019970685457260551e+00,128,32,33,9.970237596291666726e-01,2.976240370833327376e-03,4.662385131542340910e-01,1.736814660342721327e+05,1.010025880532339215e-02,5.815392416903213611e-08,1.846062962431460619e-02,1.891663856804370880e-02,2.494303704055561011e-01,subcritical,3.184628201989934872e-03,9.345644709714009402e-01,4.662936703425657470e-15,262144,30,6.1.1-I-900
phase_regimes,0,4,2,5.999999999999999778e-01,4.152787295564890901e-01,2.491672377338934319e-01,1.800000000000000000e+01,262144,1.019970685457260551e+00,256,64,65,9.970239450484631449e-01,2.976054951536855064e-03,4.662435066247284654e-01,1.736814626991680998e+05,2.997250703629106283e-03,1.725717101323941467e-08,1.860099143232218921e-02,1.877285246155224741e-02,2.494269042748054610e-01,subcritical,3.184606074820596749e-03,9.345127408590118145e-01,3.819167204710538499e-14,262144,30,6.1.1-I-900
phase_regimes,0,4,2,5.999999999999999778e-01,4.152787295564890901e-01,2.491672377338934319e-01,1.800000000000000000e+01,262144,1.019970685457260551e+00,512,128,129,9.970240630365463375e-01,2.975936963453662543e-03,4.662466842877689421e-01,1.736814621182179253e+05,-9.215946192853152752e-04,5.306234805059524732e-09,1.867918379139155149e-02,1.869428332429379225e-02,2.494264776134705597e-01,subcritical,3.184603351079017680e-03,9.344764905950833089e-01,5.084821452783216955e-14,262144,30,6.1.1-I-900
phase_regimes,0,4,2,5.999999999999999778e-01,4.152787295564890901e-01,2.491672377338934319e-01,2.600000000000000000e+01,67108864,1.013825859162718723e+00,128,32,33,9.998106791983921715e-01,1.893208016078284928e-04,4.756492093768194818e-01,4.453521046324810386e+07,-2.230294048786163330e-01,5.007934229089754032e-09,2.871240004897117615e-01,2.787631526589393616e-01,2.479243522013127310e-01,subcritical,1.984374702411564092e-04,9.540577259816472866e-01,5.662137425588298356e-15,67108864,30,6.1.1-I-900
phase_regimes,0,4,2,5.999999999999999778e-01,4.152787295564890901e-01,2.491672377338934319e-01,2.600000000000000000e+01,67108864,1.013825859162718723e+00,256,64,65,9.998106909930476460e-01,1.893090069523539754e-04,4.756526663948483225e-01,4.453520861808740348e+07,4.907511174678802490e-02,1.101939639884313901e-09,2.817435711622238159e-01,2.842784151434898376e-01,2.479208059091752570e-01,subcritical,1.984360510184161853e-04,9.540051113735620314e-01,7.127631818093504990e-14,67108864,30,6.1.1-I-900
phase_regimes,0,4,2,5.999999999999999778e-01,4.152787295564890901e-01,2.491672377338934319e-01,2.600000000000000000e+01,67108864,1.013825859162718723e+00,512,128,129,9.998107227840000721e-01,1.892772159999278614e-04,4.756619854079265353e-01,4.453520847578632832e+07,-7.831864058971405029e-02,1.758578061497021735e-09,2.842907011508941650e-01,2.817120924592018127e-01,2.479203671571057477e-01,subcritical,1.984358754295496863e-04,9.538457478528200584e-01,5.484501741648273310e-14,67108864,30,6.1.1-I-900
phase_regimes,0,4,2,6.999999999999999556e-01,4.152787295564890901e-01,2.906951106895423464e-01,1.000000000000000000e+01,1024,1.041938439460247112e+00,128,32,33,9.520131449335920149e-01,4.798685506640798515e-02,4.381216924100725385e-01,6.771923439115430483e+02,2.253315756206575315e-04,3.327438321572209395e-07,1.363030559105027351e-03,1.381328085358290991e-03,2.548181607304148000e-01,subcritical,5.978198478338637989e-02,8.026975892534049528e-01,9.436895709313830594e-15,1024,30,6.1.1-I-900
phase_regimes,0,4,2,6.999999999999999556e-01,4.152787295564890901e-01,2.906951106895423464e-01,1.000000000000000000e+01,1024,1.041938439460247112e+00,256,64,65,9.520161345069453329e-01,4.798386549305466708e-02,4.381306806569617018e-01,6.771922365938900157e+02,-1.850279147674882552e-04,2.732280507203287687e-07,1.371173239704148727e-03,1.373053498014087381e-03,2.548149675196105801e-01,subcritical,5.978161020828307720e-02,8.026526104913486170e-01,1.165734175856414367e-14,1024,30,6.1.1-I-900
phase_regimes,0,4,2,6.999999999999999556e-01,4.152787295564890901e-01,2.906951106895423464e-01,1.000000000000000000e+01,1024,1.041938439460247112e+00,512,128,129,9.520142320727252860e-01,4.798576792727471396e-02,4.381249608634866233e-01,6.771922273750994918e+02,8.795529993221862242e-05,1.298823234772596338e-07,1.365738958156725857e-03,1.378539704091963358e-03,2.548145815536192460e-01,subcritical,5.978156493292619694e-02,8.026850414691193425e-01,1.409983241273948806e-14,1024,30,6.1.1-I-900
phase_regimes,0,4,2,6.999999999999999556e-01,4.152787295564890901e-01,2.906951106895423464e-01,1.800000000000000000e+01,262144,1.023299133033470643e+00,128,32,33,9.967016533510989484e-01,3.298346648901051559e-03,4.580022918820321753e-01,1.734798748856949678e+05,-7.223366992548108101e-03,4.163806895357486946e-08,1.773307754774577916e-02,1.751032663742080331e-02,2.502463201189962794e-01,subcritical,3.702704114068162272e-03,8.907940108876690744e-01,8.548717289613705361e-15,262144,30,6.1.1-I-900
phase_regimes,0,4,2,6.999999999999999556e-01,4.152787295564890901e-01,2.906951106895423464e-01,1.800000000000000000e+01,262144,1.023299133033470643e+00,256,64,65,9.967014478518305687e-01,3.298552148169431320e-03,4.579972984115375234e-01,1.734798713143741188e+05,-3.814238880295306444e-03,2.198663655556486359e-08,1.766373767168261111e-02,1.757736346917226911e-02,2.502428966989486692e-01,subcritical,3.702678787112622955e-03,8.908556042317857804e-01,2.509104035652853781e-14,262144,30,6.1.1-I-900
phase_regimes,0,4,2,6.999999999999999556e-01,4.152787295564890901e-01,2.906951106895423464e-01,1.800000000000000000e+01,262144,1.023299133033470643e+00,512,128,129,9.967013170729027705e-01,3.298682927097229545e-03,4.579941207484970467e-01,1.734798707059129956e+05,-5.539477569982409477e-04,3.193152927450042368e-09,1.759869989473372698e-02,1.764275043387897313e-02,2.502424764545982394e-01,subcritical,3.702675678072335150e-03,8.908916723742248411e-01,1.842970220877759857e-14,262144,30,6.1.1-I-900
phase_regimes,0,4,2,6.999999999999999556e-01,4.152787295564890901e-01,2.906951106895423464e-01,2.600000000000000000e+01,67108864,1.016130169023171881e+00,128,32,33,9.997876917234223004e-01,2.123082765776995728e-04,4.692904525197547638e-01,4.450101832787694037e+07,4.417076706886291504e-02,9.925787932181510183e-10,2.599543929100036621e-01,2.624778971076011658e-01,2.484890560561461847e-01,subcritical,2.306050476366447021e-04,9.206575430743622057e-01,6.439293542825907934e-15,67108864,30,6.1.1-I-900
phase_regimes,0,4,2,6.999999999999999556e-01,4.152787295564890901e-01,2.906951106895423464e-01,2.600000000000000000e+01,67108864,1.016130169023171881e+00,256,64,65,9.997877477472777441e-01,2.122522527222558963e-04,4.693050966831464055e-01,4.450101654615228623e+07,9.246915578842163086e-02,2.077911089795472159e-09,2.590558752417564392e-01,2.634870707988739014e-01,2.484855400253391522e-01,subcritical,2.306034161416146717e-04,9.204211120268520618e-01,3.796962744218035368e-14,67108864,30,6.1.1-I-900
phase_regimes,0,4,2,6.999999999999999556e-01,4.152787295564890901e-01,2.906951106895423464e-01,2.600000000000000000e+01,67108864,1.016130169023171881e+00,512,128,129,9.997877833911246181e-01,2.122166088753818514e-04,4.693144156962067992e-01,4.450101641773115844e+07,-2.069957554340362549e-02,4.651483765920457707e-10,2.613067775964736938e-01,2.612064033746719360e-01,2.484851058452251515e-01,subcritical,2.306032146742350544e-04,9.202673482898869883e-01,3.708144902248022845e-14,67108864,30,6.1.1-I-900
phase_regimes,0,4,2,8.000000000000000444e-01,4.152787295564890901e-01,3.322229836451913165e-01,1.000000000000000000e+01,1024,1.047929645097425366e+00,128,32,33,9.480377983118359886e-01,5.196220168816401141e-02,4.266393629325688219e-01,6.752008949912237767e+02,2.059558426026342204e-04,3.050289834187960011e-07,1.354731888682181307e-03,1.374304646219570714e-03,2.562886102367482599e-01,subcritical,7.381410242810008959e-02,7.039603541718697510e-01,3.552713678800500929e-15,1024,30,6.1.1-I-900
phase_regimes,0,4,2,8.000000000000000444e-01,4.152787295564890901e-01,3.322229836451913165e-01,1.000000000000000000e+01,1024,1.047929645097425366e+00,256,64,65,9.480410355486446061e-01,5.195896445135539388e-02,4.266483511794583183e-01,6.752007896999826926e+02,-2.108998842231812887e-04,3.123513589444883401e-07,1.362994910209636146e-03,1.365891937552987656e-03,2.562854878783576429e-01,subcritical,7.381365278895338222e-02,7.039207854936470055e-01,4.662936703425657470e-15,1024,30,6.1.1-I-900
phase_regimes,0,4,2,8.000000000000000444e-01,4.152787295564890901e-01,3.322229836451913165e-01,1.000000000000000000e+01,1024,1.047929645097425366e+00,512,128,129,9.480389755121928497e-01,5.196102448780715033e-02,4.266426313859830732e-01,6.752007806761426991e+02,5.971966743345547002e-05,8.844727248930679832e-08,1.357613359004972153e-03,1.371336549254920101e-03,2.562851123551083132e-01,subcritical,7.381359871107109893e-02,7.039492098359602101e-01,3.375077994860475883e-14,1024,30,6.1.1-I-900
phase_regimes,0,4,2,8.000000000000000444e-01,4.152787295564890901e-01,3.322229836451913165e-01,1.800000000000000000e+01,262144,1.026627580609680734e+00,128,32,33,9.962887008057630389e-01,3.711299194236961085e-03,4.485477762791709733e-01,1.732778426500450005e+05,1.502419763710349798e-02,8.670582116749129724e-08,1.629531863727606833e-02,1.698039696202613413e-02,2.510624046430873779e-01,subcritical,4.566101377146066474e-03,8.127938667355258939e-01,8.881784197001252323e-15,262144,30,6.1.1-I-900
phase_regimes,0,4,2,8.000000000000000444e-01,4.152787295564890901e-01,3.322229836451913165e-01,1.800000000000000000e+01,262144,1.026627580609680734e+00,256,64,65,9.962889320191059550e-01,3.711067980894044993e-03,4.485527697496644040e-01,1.732778387146494351e+05,6.880036380607634783e-03,3.970522965684922266e-08,1.645639369962736964e-02,1.681569032371044159e-02,2.510590234408859311e-01,subcritical,4.566070629882190007e-03,8.127487027045384727e-01,1.221245327087672194e-14,262144,30,6.1.1-I-900
phase_regimes,0,4,2,8.000000000000000444e-01,4.152787295564890901e-01,3.322229836451913165e-01,1.800000000000000000e+01,262144,1.026627580609680734e+00,512,128,129,9.962890791473697494e-01,3.710920852630250621e-03,4.485559474127070456e-01,1.732778380731093348e+05,3.335895598866045475e-03,1.925171525661905823e-08,1.652701428974978626e-02,1.674454077146947384e-02,2.510586095227103631e-01,subcritical,4.566066865866107681e-03,8.127171505900298021e-01,1.709743457922741072e-14,262144,30,6.1.1-I-900
phase_regimes,0,4,2,8.000000000000000444e-01,4.152787295564890901e-01,3.322229836451913165e-01,2.600000000000000000e+01,67108864,1.018434478883625038e+00,128,32,33,9.997566344776803726e-01,2.433655223196273809e-04,4.617149070824050350e-01,4.446686118570587039e+07,3.393925726413726807e-02,7.632483237887553030e-10,2.385185807943344116e-01,2.408061996102333069e-01,2.490538233965249593e-01,subcritical,2.842374717011233206e-04,8.562049221136017740e-01,3.552713678800500929e-15,67108864,30,6.1.1-I-900
phase_regimes,0,4,2,8.000000000000000444e-01,4.152787295564890901e-01,3.322229836451913165e-01,2.600000000000000000e+01,67108864,1.018434478883625038e+00,256,64,65,9.997567477446253070e-01,2.432522553746929717e-04,4.617407383911454888e-01,4.446685947961273789e+07,-9.044632315635681152e-02,2.034016438642914082e-09,2.410519197583198547e-01,2.383545339107513428e-01,2.490503373856197966e-01,subcritical,2.842354824556265341e-04,8.558124174826354791e-01,1.498801083243961330e-14,67108864,30,6.1.1-I-900
phase_regimes,0,4,2,8.000000000000000444e-01,4.152787295564890901e-01,3.322229836451913165e-01,2.600000000000000000e+01,67108864,1.018434478883625038e+00,512,128,129,9.997567573885558501e-01,2.432426114441499365e-04,4.617429383117043207e-01,4.446685936657884717e+07,-3.796815872192382812e-02,8.538529426807367206e-10,2.399893254041671753e-01,2.393968924880027771e-01,2.490499077317425425e-01,subcritical,2.842352372784245343e-04,8.557792262958585638e-01,3.885780586188047891e-14,67108864,30,6.1.1-I-900
phase_regimes,0,4,2,8.499999999999999778e-01,4.152787295564890901e-01,3.529869201230156905e-01,1.000000000000000000e+01,1024,1.050925247916014271e+00,128,32,33,9.458671332567538670e-01,5.413286674324613301e-02,4.207351398124333230e-01,6.741950665784466992e+02,-1.094512015242798952e-03,1.623435218530252844e-06,1.381151537430014287e-03,1.349864120470556372e-03,2.570240081862442683e-01,subcritical,8.557855293934946150e-02,6.325517887829996688e-01,2.886579864025407005e-15,1024,30,6.1.1-I-900
phase_regimes,0,4,2,8.499999999999999778e-01,4.152787295564890901e-01,3.529869201230156905e-01,1.000000000000000000e+01,1024,1.050925247916014271e+00,256,64,65,9.458637605777441282e-01,5.413623942225587182e-02,4.207261515655441042e-01,6.741949620068171498e+02,-6.644302743552543689e-04,9.855165223684006051e-07,1.372592748793977080e-03,1.358509413535102794e-03,2.570209206966874715e-01,subcritical,8.557803893351037527e-02,6.325949986341341535e-01,5.440092820663267048e-15,1024,30,6.1.1-I-900
phase_regimes,0,4,2,8.499999999999999778e-01,4.152787295564890901e-01,3.529869201230156905e-01,1.000000000000000000e+01,1024,1.050925247916014271e+00,512,128,129,9.458616142180592545e-01,5.413838578194074547e-02,4.207204317720691367e-01,6.741949530360270728e+02,-3.940666601920383982e-04,5.844995700686899265e-07,1.367219656685847440e-03,1.363952475230689743e-03,2.570205502928520347e-01,subcritical,8.557797726840314645e-02,6.326205352125044978e-01,2.076117056049042731e-14,1024,30,6.1.1-I-900
phase_regimes,0,4,2,8.499999999999999778e-01,4.152787295564890901e-01,3.529869201230156905e-01,1.800000000000000000e+01,262144,1.028291804397785780e+00,128,32,33,9.960392755419338329e-01,3.960724458066167131e-03,4.433344414532467415e-01,1.731765853103996487e+05,-2.045860310317948461e-02,1.181372358538524622e-07,1.655495321028865874e-02,1.583138224668800831e-02,2.514704978001632285e-01,subcritical,5.290559838137540508e-03,7.486399510151799941e-01,1.665334536937734811e-14,262144,30,6.1.1-I-900
phase_regimes,0,4,2,8.499999999999999778e-01,4.152787295564890901e-01,3.529869201230156905e-01,1.800000000000000000e+01,262144,1.028291804397785780e+00,256,64,65,9.960382301110766168e-01,3.961769888923383220e-03,4.433132887727903593e-01,1.731765811301725917e+05,-2.522618160583078861e-03,1.456673959100098338e-08,1.619669538922607899e-02,1.619066041894257069e-02,2.514671375237904627e-01,subcritical,5.290524490447120858e-03,7.488425573073115293e-01,3.441691376337985275e-14,262144,30,6.1.1-I-900
phase_regimes,0,4,2,8.499999999999999778e-01,4.152787295564890901e-01,3.529869201230156905e-01,1.800000000000000000e+01,262144,1.028291804397785780e+00,512,128,129,9.960380730373075142e-01,3.961926962692485787e-03,4.433101111097484393e-01,1.731765804700613953e+05,4.365720087662339211e-04,2.520964483657234787e-09,1.613778318278491497e-02,1.625013377633877099e-02,2.514667267332664768e-01,subcritical,5.290520169210085992e-03,7.488728586179893565e-01,1.509903313490212895e-14,262144,30,6.1.1-I-900
phase_regimes,0,4,2,8.499999999999999778e-01,4.152787295564890901e-01,3.529869201230156905e-01,2.600000000000000000e+01,67108864,1.019586633813851728e+00,128,32,33,9.997365689983993553e-01,2.634310016006446986e-04,4.573187400736090646e-01,4.444979373579752445e+07,3.215298056602478027e-02,7.233550004109572153e-10,2.280761227011680603e-01,2.304213345050811768e-01,2.493362309870421623e-01,subcritical,3.292538201396201709e-04,8.000848752155304000e-01,5.995204332975845318e-15,67108864,30,6.1.1-I-900
phase_regimes,0,4,2,8.499999999999999778e-01,4.152787295564890901e-01,3.529869201230156905e-01,2.600000000000000000e+01,67108864,1.019586633813851728e+00,256,64,65,9.997366916042002005e-01,2.633083957997994773e-04,4.573445713823579561e-01,4.444979207416820526e+07,-4.367530345916748047e-02,9.825761026348913315e-10,2.296249121427536011e-01,2.289425879716873169e-01,2.493327598965111025e-01,subcritical,3.292515283070403362e-04,7.997180670768330168e-01,9.547918011776346248e-15,67108864,30,6.1.1-I-900
phase_regimes,0,4,2,8.499999999999999778e-01,4.152787295564890901e-01,3.529869201230156905e-01,2.600000000000000000e+01,67108864,1.019586633813851728e+00,512,128,129,9.997367020432725848e-01,2.632979567274151833e-04,4.573467713029350512e-01,4.444979196944496781e+07,6.064772605895996094e-03,1.364409671492940728e-10,2.286021187901496887e-01,2.299356013536453247e-01,2.493323324889729908e-01,subcritical,3.292512461045622621e-04,7.996870470272968712e-01,1.509903313490212895e-14,67108864,30,6.1.1-I-900
phase_regimes,0,4,2,9.000000000000000222e-01,4.152787295564890901e-01,3.737508566008401756e-01,1.000000000000000000e+01,1024,1.053920850734603398e+00,128,32,33,9.435396006620594411e-01,5.646039933794055887e-02,4.146616856934177697e-01,6.731819034386571730e+02,1.877578483799879905e-04,2.789110156124349733e-07,1.360068268695613369e-03,1.381340809416542470e-03,2.577595226572104159e-01,subcritical,1.052357172814472053e-01,5.365136552159405214e-01,1.199040866595169064e-14,1024,30,6.1.1-I-900
phase_regimes,0,4,2,9.000000000000000222e-01,4.152787295564890901e-01,3.737508566008401756e-01,1.000000000000000000e+01,1024,1.053920850734603398e+00,256,64,65,9.435431181358582275e-01,5.645688186414177245e-02,4.146706739403071551e-01,6.731817995727948301e+02,-2.381028423315001419e-04,3.536976823832753740e-07,1.368500638022851490e-03,1.372739691987590049e-03,2.577564696686783785e-01,subcritical,1.052350940563844262e-01,5.364834076538427254e-01,1.154631945610162802e-14,1024,30,6.1.1-I-900
phase_regimes,0,4,2,9.000000000000000222e-01,4.152787295564890901e-01,3.737508566008401756e-01,1.000000000000000000e+01,1024,1.053920850734603398e+00,512,128,129,9.435408797687965254e-01,5.645912023120347456e-02,4.146649541468321876e-01,6.731817906703737435e+02,3.282616489741485566e-05,4.876270474387849849e-08,1.363120738460565917e-03,1.378198469296876283e-03,2.577561043188575929e-01,subcritical,1.052350194750627244e-01,5.365050580389967294e-01,5.329070518200751394e-15,1024,30,6.1.1-I-900
phase_regimes,0,4,2,9.000000000000000222e-01,4.152787295564890901e-01,3.737508566008401756e-01,1.800000000000000000e+01,262144,1.029956028185890826e+00,128,32,33,9.957495391833334208e-01,4.250460816666579156e-03,4.376758346747705586e-01,1.730751150870447163e+05,-1.639641413930803537e-02,9.473582687529504812e-08,1.607642567250877619e-02,1.552779477788135409e-02,2.518786250692455764e-01,subcritical,6.501768176234165066e-03,6.537392139269495583e-01,6.439293542825907934e-15,262144,30,6.1.1-I-900
phase_regimes,0,4,2,9.000000000000000222e-01,4.152787295564890901e-01,3.737508566008401756e-01,1.800000000000000000e+01,262144,1.029956028185890826e+00,256,64,65,9.957484172767372410e-01,4.251582723262758989e-03,4.376546819943141209e-01,1.730751106136471208e+05,5.331166903488337994e-04,3.080262022994755888e-09,1.573859481140971184e-02,1.586723592481575906e-02,2.518752855970204929e-01,subcritical,6.501725075025794470e-03,6.539161029114863855e-01,2.065014825802791165e-14,262144,30,6.1.1-I-900
phase_regimes,0,4,2,9.000000000000000222e-01,4.152787295564890901e-01,3.737508566008401756e-01,1.800000000000000000e+01,262144,1.029956028185890826e+00,512,128,129,9.957485858341410534e-01,4.251414165858946603e-03,4.376578596573556523e-01,1.730751099333041348e+05,-2.851942554116249084e-03,1.647806293588528096e-08,1.580598179134540260e-02,1.579921066877432168e-02,2.518748779139108329e-01,subcritical,6.501719813206312606e-03,6.538907070746822203e-01,4.996003610813204432e-14,262144,30,6.1.1-I-900
phase_regimes,0,4,2,9.000000000000000222e-01,4.152787295564890901e-01,3.737508566008401756e-01,2.600000000000000000e+01,67108864,1.020738788744078196e+00,128,32,33,9.997121700327663563e-01,2.878299672336437354e-04,4.524036759375571481e-01,4.443273217277458310e+07,1.366492360830307007e-01,3.075418264888069373e-09,2.160235419869422913e-01,2.227117344737052917e-01,2.496186545848704808e-01,subcritical,4.045333769191461200e-04,7.115110486697174830e-01,3.441691376337985275e-15,67108864,30,6.1.1-I-900
phase_regimes,0,4,2,9.000000000000000222e-01,4.152787295564890901e-01,3.737508566008401756e-01,2.600000000000000000e+01,67108864,1.020738788744078196e+00,256,64,65,9.997123398400232785e-01,2.876601599767214523e-04,4.524364212823838161e-01,4.443273056167319417e+07,-2.438761293888092041e-02,5.488659515316216215e-10,2.192632332444190979e-01,2.195028886198997498e-01,2.496151983545519815e-01,subcritical,4.045305763164342501e-04,7.110962108132619086e-01,8.437694987151189707e-15,67108864,30,6.1.1-I-900
phase_regimes,0,4,2,9.000000000000000222e-01,4.152787295564890901e-01,3.737508566008401756e-01,2.600000000000000000e+01,67108864,1.020738788744078196e+00,512,128,129,9.997123512445408311e-01,2.876487554591689033e-04,4.524386212029531951e-01,4.443273046565941721e+07,2.229399979114532471e-02,5.017472380720698374e-10,2.183133587241172791e-01,2.204264774918556213e-01,2.496147731819294835e-01,subcritical,4.045302317953465934e-04,7.110686244203660022e-01,3.685940441755519714e-14,67108864,30,6.1.1-I-900
phase_regimes,0,4,2,9.250000000000000444e-01,4.152787295564890901e-01,3.841328248397524181e-01,1.000000000000000000e+01,1024,1.055418652143897962e+00,128,32,33,9.423216585225756559e-01,5.767834147742434414e-02,4.115826508841898268e-01,6.726724312039608549e+02,9.815428541060100542e-04,1.459169141731031696e-06,1.348046625253118691e-03,1.401750688160063874e-03,2.581273238358026689e-01,subcritical,1.217607948276916568e-01,4.737020775779852699e-01,8.659739592076221015e-15,1024,30,6.1.1-I-900
phase_regimes,0,4,2,9.250000000000000444e-01,4.152787295564890901e-01,3.841328248397524181e-01,1.000000000000000000e+01,1024,1.055418652143897962e+00,256,64,65,9.423252518739738681e-01,5.767474812602613188e-02,4.115916391310792677e-01,6.726723275571937393e+02,5.526893858132098103e-04,8.216324102706864645e-07,1.356539433345460566e-03,1.393091321915562730e-03,2.581242879613646068e-01,subcritical,1.217600788020381797e-01,4.736753515065948994e-01,1.143529715363911237e-14,1024,30,6.1.1-I-900
phase_regimes,0,4,2,9.250000000000000444e-01,4.152787295564890901e-01,3.841328248397524181e-01,1.000000000000000000e+01,1024,1.055418652143897962e+00,512,128,129,9.423275384355775941e-01,5.767246156442240590e-02,4.115973589245544018e-01,6.726723186620976094e+02,2.792561417663819157e-04,4.151443935166004690e-07,1.361963929412013385e-03,1.387576324987094267e-03,2.581239251134329615e-01,subcritical,1.217599932223187714e-01,4.736569051800091912e-01,7.438494264988548821e-15,1024,30,6.1.1-I-900
phase_regimes,0,4,2,9.250000000000000444e-01,4.152787295564890901e-01,3.841328248397524181e-01,1.800000000000000000e+01,262144,1.030788140079943238e+00,128,32,33,9.955861695358889651e-01,4.413830464111034857e-03,4.346529482284930412e-01,1.730242853366832132e+05,1.306346530327573419e-02,7.550076151365627940e-08,1.531539816642180085e-02,1.595224521588534117e-02,2.520827015383474978e-01,subcritical,7.520418768039471499e-03,5.869128568835927373e-01,4.662936703425657470e-15,262144,30,6.1.1-I-900
phase_regimes,0,4,2,9.250000000000000444e-01,4.152787295564890901e-01,3.841328248397524181e-01,1.800000000000000000e+01,262144,1.030788140079943238e+00,256,64,65,9.955864445168169929e-01,4.413555483183007055e-03,4.346579416989861944e-01,1.730242806954591360e+05,4.019391781184822321e-03,2.323021812331283679e-08,1.549443855765275657e-02,1.576950229355134070e-02,2.520793724228913568e-01,subcritical,7.520369108890182300e-03,5.868801676191046646e-01,2.242650509742816212e-14,262144,30,6.1.1-I-900
phase_regimes,0,4,2,9.250000000000000444e-01,4.152787295564890901e-01,3.841328248397524181e-01,1.800000000000000000e+01,262144,1.030788140079943238e+00,512,128,129,9.955866194957606607e-01,4.413380504239339253e-03,4.346611193620278368e-01,1.730242800042268937e+05,6.685513653792440891e-04,3.863916470930621433e-09,1.556112660910002887e-02,1.570214270032010972e-02,2.520789662837731870e-01,subcritical,7.520363050644957373e-03,5.868573730440901359e-01,5.118128143521971651e-14,262144,30,6.1.1-I-900
phase_regimes,0,4,2,9.250000000000000444e-01,4.152787295564890901e-01,3.841328248397524181e-01,2.600000000000000000e+01,67108864,1.021314866209191541e+00,128,32,33,9.996979447637481808e-01,3.020552362518191813e-04,4.497269224248454655e-01,4.442420312005612254e+07,8.837506175041198730e-02,1.989344896330024190e-09,2.123213633894920349e-01,2.171322256326675415e-01,2.497598724008355808e-01,subcritical,4.678556209806859659e-04,6.456163455270074181e-01,1.254552017826426891e-14,67108864,30,6.1.1-I-900
phase_regimes,0,4,2,9.250000000000000444e-01,4.152787295564890901e-01,3.841328248397524181e-01,2.600000000000000000e+01,67108864,1.021314866209191541e+00,256,64,65,9.996981229632997401e-01,3.018770367002598931e-04,4.497596677696589773e-01,4.442420153701970726e+07,-4.494749009609222412e-02,1.011779357669184984e-09,2.149783149361610413e-01,2.145006954669952393e-01,2.497564235784048292e-01,subcritical,4.678523907649697450e-04,6.452399146805061214e-01,1.465494392505206633e-14,67108864,30,6.1.1-I-900
phase_regimes,0,4,2,9.250000000000000444e-01,4.152787295564890901e-01,3.841328248397524181e-01,2.600000000000000000e+01,67108864,1.021314866209191541e+00,512,128,129,9.996981349314567611e-01,3.018650685432389125e-04,4.497618676902281898e-01,4.442420144549258053e+07,-3.781169652938842773e-04,8.511508434379505018e-12,2.140731588006019592e-01,2.153720483183860779e-01,2.497559995198875837e-01,subcritical,4.678519935842436112e-04,6.452148813786847681e-01,9.192646643896296155e-14,67108864,30,6.1.1-I-900
phase_regimes,0,4,2,9.499999999999999556e-01,4.152787295564890901e-01,3.945147930786646051e-01,1.000000000000000000e+01,1024,1.056916453553192525e+00,128,32,33,9.410947202005448542e-01,5.890527979945514581e-02,4.085459238246819669e-01,6.721609577047826178e+02,-1.378098090754065197e-03,2.050250129760340313e-06,1.399686013201062451e-03,1.359708067411702359e-03,2.584951544419693548e-01,subcritical,1.494263336849848689e-01,3.942094967252365301e-01,6.217248937900876626e-15,1024,30,6.1.1-I-900
phase_regimes,0,4,2,9.499999999999999556e-01,4.152787295564890901e-01,3.945147930786646051e-01,1.000000000000000000e+01,1024,1.056916453553192525e+00,256,64,65,9.410791721870922499e-01,5.892082781290775007e-02,4.085078489998600348e-01,6.721608542209756934e+02,4.407076801271614386e-04,6.556580576801590149e-07,1.363593436281007598e-03,1.396370482552811154e-03,2.584921355907177642e-01,subcritical,1.494254611402122401e-01,3.943158506141054565e-01,1.321165399303936283e-14,1024,30,6.1.1-I-900
phase_regimes,0,4,2,9.499999999999999556e-01,4.152787295564890901e-01,3.945147930786646051e-01,1.000000000000000000e+01,1024,1.056916453553192525e+00,512,128,129,9.410815081505236046e-01,5.891849184947639539e-02,4.085135687933351134e-01,6.721608453460673900e+02,1.660367274780583102e-04,2.470193386414422536e-07,1.369039895962487208e-03,1.390828841863367415e-03,2.584917752284718317e-01,subcritical,1.494253569836323514e-01,3.943004924922492993e-01,4.218847493575594854e-15,1024,30,6.1.1-I-900
phase_regimes,0,4,2,9.499999999999999556e-01,4.152787295564890901e-01,3.945147930786646051e-01,1.800000000000000000e+01,262144,1.031620251973995872e+00,128,32,33,9.954131965813670657e-01,4.586803418632934282e-03,4.315719559437390940e-01,1.729733834923320974e+05,-1.481221988797187805e-02,8.563294299338546836e-08,1.571408327436074615e-02,1.524329074891284108e-02,2.522867865866765258e-01,subcritical,9.226313500473357077e-03,4.971436769840530401e-01,1.021405182655144017e-14,262144,30,6.1.1-I-900
phase_regimes,0,4,2,9.499999999999999556e-01,4.152787295564890901e-01,3.945147930786646051e-01,1.800000000000000000e+01,262144,1.031620251973995872e+00,256,64,65,9.954119858973418111e-01,4.588014102658188875e-03,4.315508032632827673e-01,1.729733786663325154e+05,1.184409484267234802e-03,6.847351271041385658e-09,1.539525648695416749e-02,1.556442040600813925e-02,2.522834677976460438e-01,subcritical,9.226252814994832796e-03,4.972781685758259074e-01,2.686739719592878828e-14,262144,30,6.1.1-I-900
phase_regimes,0,4,2,9.499999999999999556e-01,4.152787295564890901e-01,3.945147930786646051e-01,1.800000000000000000e+01,262144,1.031620251973995872e+00,512,128,129,9.954121677928372547e-01,4.587832207162745313e-03,4.315539809263246318e-01,1.729733779641235597e+05,-2.134751412086188793e-03,1.234150270528310917e-08,1.546129473717883229e-02,1.549768121913075447e-02,2.522830631982073135e-01,subcritical,9.226245416693550430e-03,4.972588523237989611e-01,1.665334536937734811e-14,262144,30,6.1.1-I-900
phase_regimes,0,4,2,9.499999999999999556e-01,4.152787295564890901e-01,3.945147930786646051e-01,2.600000000000000000e+01,67108864,1.021890943674304886e+00,128,32,33,9.996821127153530107e-01,3.178872846469893432e-04,4.468921949651190606e-01,4.441567490517348796e+07,-1.679845154285430908e-01,3.782099805692166392e-09,2.129947915673255920e-01,2.077011093497276306e-01,2.499010942355621989e-01,subcritical,5.739116636804713397e-04,5.538958427999033374e-01,1.021405182655144017e-14,67108864,30,6.1.1-I-900
phase_regimes,0,4,2,9.499999999999999556e-01,4.152787295564890901e-01,3.945147930786646051e-01,2.600000000000000000e+01,67108864,1.021890943674304886e+00,256,64,65,9.996821965993709647e-01,3.178034006290353375e-04,4.469068391285122011e-01,4.441567335238357633e+07,7.272697985172271729e-02,1.637417027874909233e-09,2.082382589578628540e-01,2.125503048300743103e-01,2.498976528062213653e-01,subcritical,5.739077119505994057e-04,5.537534938307138166e-01,8.659739592076221015e-15,67108864,30,6.1.1-I-900
phase_regimes,0,4,2,9.499999999999999556e-01,4.152787295564890901e-01,3.945147930786646051e-01,2.600000000000000000e+01,67108864,1.021890943674304886e+00,512,128,129,9.996822499685843466e-01,3.177500314156533889e-04,4.469161581415875273e-01,4.441567326541172713e+07,-2.118200063705444336e-02,4.769037386977925059e-10,2.100738212466239929e-01,2.106473818421363831e-01,2.498972298588469643e-01,subcritical,5.739072262860485125e-04,5.536609696865526509e-01,1.517674874662588991e-13,67108864,30,6.1.1-I-900
phase_regimes,0,4,2,9.749999999999999778e-01,4.152787295564890901e-01,4.048967613175768476e-01,1.000000000000000000e+01,1024,1.058414254962487089e+00,128,32,33,9.398063885469101209e-01,6.019361145308987915e-02,4.054245812657341630e-01,6.716474280882224548e+02,-7.381448483556596329e-04,1.099006439221713989e-06,1.392970358324419067e-03,1.379318009412600077e-03,2.588630145745208777e-01,subcritical,2.117460282144157102e-01,2.842726825182163575e-01,3.441691376337985275e-15,1024,30,6.1.1-I-900
phase_regimes,0,4,2,9.749999999999999778e-01,4.152787295564890901e-01,4.048967613175768476e-01,1.000000000000000000e+01,1024,1.058414254962487089e+00,256,64,65,9.398026382609547813e-01,6.019736173904521870e-02,4.054155930188448886e-01,6.716473249003075807e+02,-3.105947143922094256e-04,4.624372090491254665e-07,1.384467538969147427e-03,1.387925311291837716e-03,2.588600126569169935e-01,subcritical,2.117448004492721858e-01,2.842920421720897539e-01,3.663735981263016583e-15,1024,30,6.1.1-I-900
phase_regimes,0,4,2,9.749999999999999778e-01,4.152787295564890901e-01,4.048967613175768476e-01,1.000000000000000000e+01,1024,1.058414254962487089e+00,512,128,129,9.398002515936917378e-01,6.019974840630826218e-02,4.054098732253699211e-01,6.716473160418005364e+02,-3.714467311510816216e-05,5.530383614723837148e-08,1.379043427050419268e-03,1.393441051163790689e-03,2.588596547642778023e-01,subcritical,2.117446540729916726e-01,2.843035101398898590e-01,1.754152378907747334e-14,1024,30,6.1.1-I-900
phase_regimes,0,4,2,9.749999999999999778e-01,4.152787295564890901e-01,4.048967613175768476e-01,1.800000000000000000e+01,262144,1.032452363868048284e+00,128,32,33,9.952233195844535363e-01,4.776680415546463720e-03,4.283208849073453783e-01,1.729224020248689922e+05,4.312467353884130716e-03,2.493874306270583252e-08,1.520034170243889093e-02,1.550276318448595703e-02,2.524908802310529277e-01,subcritical,1.307022717614247931e-02,3.654626925127588688e-01,4.551914400963141816e-15,262144,30,6.1.1-I-900
phase_regimes,0,4,2,9.749999999999999778e-01,4.152787295564890901e-01,4.048967613175768476e-01,1.800000000000000000e+01,262144,1.032452363868048284e+00,256,64,65,9.952230219794910848e-01,4.776978020508915179e-03,4.283158914368511705e-01,1.729223969990270853e+05,4.406902007758617401e-03,2.548485380863308151e-08,1.519780175294727087e-02,1.550402527209371328e-02,2.524875717388492813e-01,subcritical,1.307014154357164989e-02,3.654878567752312679e-01,1.221245327087672194e-14,262144,30,6.1.1-I-900
phase_regimes,0,4,2,9.749999999999999778e-01,4.152787295564890901e-01,4.048967613175768476e-01,1.800000000000000000e+01,262144,1.032452363868048284e+00,512,128,129,9.952232113666124036e-01,4.776788633387596406e-03,4.283190690998919803e-01,1.729223962852700788e+05,1.116517523769289255e-03,6.456754866659204906e-09,1.526324916630983353e-02,1.543784211389720440e-02,2.524871686734791454e-01,subcritical,1.307013111113035191e-02,3.654736584332919369e-01,3.974598428158060415e-14,262144,30,6.1.1-I-900
phase_regimes,0,4,2,9.749999999999999778e-01,4.152787295564890901e-01,4.048967613175768476e-01,2.600000000000000000e+01,67108864,1.022467021139418009e+00,128,32,33,9.996642017342238784e-01,3.357982657761215961e-04,4.438506769241111205e-01,4.440714724509220570e+07,-8.275732398033142090e-03,1.863603701529771381e-10,2.057601958513259888e-01,2.070053145289421082e-01,2.500423200948630464e-01,subcritical,8.129186089935138597e-04,4.130773512392319491e-01,1.043609643147647148e-14,67108864,30,6.1.1-I-900
phase_regimes,0,4,2,9.749999999999999778e-01,4.152787295564890901e-01,4.048967613175768476e-01,2.600000000000000000e+01,67108864,1.022467021139418009e+00,256,64,65,9.996643580211265201e-01,3.356419788734799070e-04,4.438765082328612888e-01,4.440714572506013513e+07,4.816986620426177979e-02,1.084732319940082171e-09,2.046815082430839539e-01,2.081132307648658752e-01,2.500388860436329463e-01,subcritical,8.129130267110164969e-04,4.128879324661108297e-01,1.199040866595169064e-14,67108864,30,6.1.1-I-900
phase_regimes,0,4,2,9.749999999999999778e-01,4.152787295564890901e-01,4.048967613175768476e-01,2.600000000000000000e+01,67108864,1.022467021139418009e+00,512,128,129,9.996644143859997333e-01,3.355856140002666521e-04,4.438858272459328957e-01,4.440714564268694818e+07,-4.712864756584167480e-02,1.061285225243989630e-09,2.065359130501747131e-01,2.061949819326400757e-01,2.500384642040301975e-01,subcritical,8.129123409795722130e-04,4.128189437939651651e-01,6.794564910705958027e-14,67108864,30,6.1.1-I-900
phase_regimes,0,4,2,1.000000000000000000e+00,4.152787295564890901e-01,4.152787295564890901e-01,1.000000000000000000e+01,1024,1.059912056371781652e+00,128,32,33,9.384703267538847538e-01,6.152967324611524624e-02,4.022573858660488111e-01,6.711317889719291543e+02,1.175096628003302612e-03,1.750917848494958396e-06,1.362200016387760115e-03,1.425869241984401015e-03,2.592309043324863005e-01,critical,6.824407482175018358e-02,9.016119480969946309e-01,3.996802888650563546e-15,1024,30,6.1.1-I-900
phase_regimes,0,4,2,1.000000000000000000e+00,4.152787295564890901e-01,4.152787295564890901e-01,1.000000000000000000e+01,1024,1.059912056371781652e+00,256,64,65,9.384865631888242854e-01,6.151343681117571460e-02,4.022954606908707986e-01,6.711316859082049859e+02,-6.700768437895021634e-04,9.984282635720360509e-07,1.398759492644785496e-03,1.388605605029624712e-03,2.592279192582084835e-01,critical,6.824382655172799017e-02,9.013773101446660441e-01,4.329869796038110508e-15,1024,30,6.1.1-I-900
phase_regimes,0,4,2,1.000000000000000000e+00,4.152787295564890901e-01,4.152787295564890901e-01,1.000000000000000000e+01,1024,1.059912056371781652e+00,512,128,129,9.384841243426417234e-01,6.151587565735827656e-02,4.022897408973956646e-01,6.711316770431735677e+02,-3.953205407469795318e-04,5.890357351163276134e-07,1.393311565038857225e-03,1.394149664633914654e-03,2.592275638194923570e-01,critical,6.824379698961943741e-02,9.014134378647696844e-01,9.769962616701377556e-15,1024,30,6.1.1-I-900
phase_regimes,0,4,2,1.000000000000000000e+00,4.152787295564890901e-01,4.152787295564890901e-01,1.800000000000000000e+01,262144,1.033284475762100918e+00,128,32,33,9.950198240156818974e-01,4.980175984318102600e-03,4.249770867222134596e-01,1.728713327340620453e+05,-8.154383976943790913e-03,4.717024996555184350e-08,1.533998723607510328e-02,1.515252617537043989e-02,2.526949824886712825e-01,critical,5.108365549693502650e-03,9.749059529651139533e-01,7.549516567451064475e-15,262144,30,6.1.1-I-900
phase_regimes,0,4,2,1.000000000000000000e+00,4.152787295564890901e-01,4.152787295564890901e-01,1.800000000000000000e+01,262144,1.033284475762100918e+00,256,64,65,9.950185095012026304e-01,4.981490498797369604e-03,4.249559340417565223e-01,1.728713274887540611e+05,7.014365110080689192e-03,4.057564208001468665e-08,1.503810819122008979e-02,1.545748964417725801e-02,2.526916842630269056e-01,critical,5.108343046596342668e-03,9.751675745653975991e-01,2.586819647376614739e-14,262144,30,6.1.1-I-900
phase_regimes,0,4,2,1.000000000000000000e+00,4.152787295564890901e-01,4.152787295564890901e-01,1.800000000000000000e+01,262144,1.033284475762100918e+00,512,128,129,9.950187069963850606e-01,4.981293003614939430e-03,4.249591117047979982e-01,1.728713267632250790e+05,3.749213647097349167e-03,2.168788611330840677e-08,1.510302993119694293e-02,1.539179740939289331e-02,2.526912827257680738e-01,critical,5.108340306981240184e-03,9.751294362294787854e-01,3.219646771412953967e-14,262144,30,6.1.1-I-900
phase_regimes,0,4,2,1.000000000000000000e+00,4.152787295564890901e-01,4.152787295564890901e-01,2.600000000000000000e+01,67108864,1.023043098604531354e+00,128,32,33,9.996439571756938758e-01,3.560428243061242171e-04,4.406023693341606928e-01,4.439861981087916344e+07,2.383366227149963379e-01,5.368108822531366339e-09,1.973096653819084167e-01,2.084759324789047241e-01,2.501835499841513766e-01,critical,3.605126390840556480e-04,9.876015032668818971e-01,3.330669073875469621e-15,67108864,30,6.1.1-I-900
phase_regimes,0,4,2,1.000000000000000000e+00,4.152787295564890901e-01,4.152787295564890901e-01,2.600000000000000000e+01,67108864,1.023043098604531354e+00,256,64,65,9.996442389588008348e-01,3.557610411991651844e-04,4.406463018243346741e-01,4.439861832636091113e+07,-1.250766217708587646e-02,2.817128696471094654e-10,2.022777572274208069e-01,2.034457176923751831e-01,2.501801232961293753e-01,critical,3.605109138461644065e-04,9.868246078979288072e-01,1.643130076445231680e-14,67108864,30,6.1.1-I-900
phase_regimes,0,4,2,1.000000000000000000e+00,4.152787295564890901e-01,4.152787295564890901e-01,2.600000000000000000e+01,67108864,1.023043098604531354e+00,512,128,129,9.996442530632323464e-01,3.557469367676535654e-04,4.406485017448965591e-01,4.439861824859764427e+07,2.178363502025604248e-02,4.906376792693113275e-10,2.015773728489875793e-01,2.041049301624298096e-01,2.501797025620510762e-01,critical,3.605107020178642801e-04,9.867860642595440712e-01,3.974598428158060415e-14,67108864,30,6.1.1-I-900
phase_regimes,0,4,2,1.024999999999999911e+00,4.152787295564890901e-01,4.256606977954012772e-01,1.000000000000000000e+01,1024,1.061409857781076216e+00,128,32,33,9.371376763866492432e-01,6.286232361335075680e-02,3.991660589551812577e-01,6.706139876794358088e+02,-1.416108091234491440e-03,2.111659042685244059e-06,1.421966527118456725e-03,1.382768514190502174e-03,2.595988238148629335e-01,supercritical,3.148288872179825365e-02,1.996713966397431594e+00,7.549516567451064475e-15,1024,30,6.1.1-I-900
phase_regimes,0,4,2,1.024999999999999911e+00,4.152787295564890901e-01,4.256606977954012772e-01,1.000000000000000000e+01,1024,1.061409857781076216e+00,256,64,65,9.371210839138431892e-01,6.287891608615681083e-02,3.991279841303592701e-01,6.706138846689897264e+02,4.265630479949322762e-04,6.360784614614425239e-07,1.385438859983878501e-03,1.419960820498999965e-03,2.595958554948227248e-01,supercritical,3.148288872179825365e-02,1.997240997857367750e+00,4.662936703425657470e-15,1024,30,6.1.1-I-900
phase_regimes,0,4,2,1.024999999999999911e+00,4.152787295564890901e-01,4.256606977954012772e-01,1.000000000000000000e+01,1024,1.061409857781076216e+00,512,128,129,9.371235767988557175e-01,6.287642320114428252e-02,3.991337039238343487e-01,6.706138758175839030e+02,1.468280288463574834e-04,2.189457065250118784e-07,1.390979718053131364e-03,1.414310784639383201e-03,2.595955024932821709e-01,supercritical,3.148288872179825365e-02,1.997161815637636950e+00,4.662936703425657470e-15,1024,30,6.1.1-I-900
phase_regimes,0,4,2,1.024999999999999911e+00,4.152787295564890901e-01,4.256606977954012772e-01,1.800000000000000000e+01,262144,1.034116587656153330e+00,128,32,33,9.947980273414954722e-01,5.201972658504527836e-03,4.214847482303441528e-01,1.728201666921977594e+05,-2.097818651236593723e-03,1.213873757553378860e-08,1.514078903710469604e-02,1.520524214720353484e-02,2.528990933765174476e-01,supercritical,2.105516326011795669e-03,2.470639906344466397e+00,1.487698852997709764e-14,262144,30,6.1.1-I-900
phase_regimes,0,4,2,1.024999999999999911e+00,4.152787295564890901e-01,4.256606977954012772e-01,1.800000000000000000e+01,262144,1.034116587656153330e+00,256,64,65,9.947977032392438801e-01,5.202296760756119909e-03,4.214797547598495564e-01,1.728201612084165681e+05,-2.586035407148301601e-03,1.496373680631862723e-08,1.515004865359514952e-02,1.519500534050166607e-02,2.528958053875887124e-01,supercritical,2.105516326011795669e-03,2.470793836403135657e+00,1.398881011027697241e-14,262144,30,6.1.1-I-900
phase_regimes,0,4,2,1.024999999999999911e+00,4.152787295564890901e-01,4.256606977954012772e-01,1.800000000000000000e+01,262144,1.034116587656153330e+00,512,128,129,9.947974969818430546e-01,5.202503018156945380e-03,4.214765770968085801e-01,1.728201604712525150e+05,1.862426870502531528e-04,1.077667597011827741e-09,1.509508644812740386e-02,1.525094264070503414e-02,2.528954053729415286e-01,supercritical,2.105516326011795669e-03,2.470891796888303737e+00,1.731947918415244203e-14,262144,30,6.1.1-I-900
phase_regimes,0,4,2,1.024999999999999911e+00,4.152787295564890901e-01,4.256606977954012772e-01,2.600000000000000000e+01,67108864,1.023619176069644698e+00,128,32,33,9.996212013953872377e-01,3.787986046127622686e-04,4.371646678159635813e-01,4.439009221901202202e+07,-6.307289004325866699e-02,1.420877652879597107e-09,2.002707496285438538e-01,1.995718330144882202e-01,2.503247839093878935e-01,supercritical,1.408059278592336779e-04,2.690217737078898441e+00,3.330669073875469621e-15,67108864,30,6.1.1-I-900
phase_regimes,0,4,2,1.024999999999999911e+00,4.152787295564890901e-01,4.256606977954012772e-01,2.600000000000000000e+01,67108864,1.023619176069644698e+00,256,64,65,9.996213776954657737e-01,3.786223045342262949e-04,4.371904991247088090e-01,4.439009077320250869e+07,4.401057958602905273e-02,9.914505426647481265e-10,1.981437653303146362e-01,2.017078250646591187e-01,2.503213645700142487e-01,supercritical,1.408059278592336779e-04,2.688965658553396310e+00,6.417089082333404804e-14,67108864,30,6.1.1-I-900
phase_regimes,0,4,2,1.024999999999999911e+00,4.152787295564890901e-01,4.256606977954012772e-01,2.600000000000000000e+01,67108864,1.023619176069644698e+00,512,128,129,9.996214412780910497e-01,3.785587219089503463e-04,4.371998181377711457e-01,4.439009070000924170e+07,-5.505420267581939697e-02,1.240236318683798890e-09,2.000871226191520691e-01,1.996882185339927673e-01,2.503209449378849261e-01,supercritical,1.408059278592336779e-04,2.688514096419311272e+00,3.241851231905457098e-14,67108864,30,6.1.1-I-900
phase_regimes,0,4,2,1.050000000000000044e+00,4.152787295564890901e-01,4.360426660343135752e-01,1.000000000000000000e+01,1024,1.062907659190370779e+00,128,32,33,9.357419517969488565e-01,6.425804820305114351e-02,3.959979029235292658e-01,6.700939730742569509e+02,-1.008481888220558176e-03,1.504985761316200477e-06,1.423591253796985256e-03,1.401540443680460157e-03,2.599667731206294907e-01,supercritical,3.412207796045887975e-02,1.883180979702180791e+00,1.387778780781445676e-14,1024,30,6.1.1-I-900
phase_regimes,0,4,2,1.050000000000000044e+00,4.152787295564890901e-01,4.360426660343135752e-01,1.000000000000000000e+01,1024,1.062907659190370779e+00,256,64,65,9.357379482814615068e-01,6.426205171853849318e-02,3.959889146766400470e-01,6.700938702309952077e+02,-5.781305105756473495e-04,8.627604821640194921e-07,1.415049544789326319e-03,1.410216370118178020e-03,2.599638214660261459e-01,supercritical,3.412207796045887975e-02,1.883298308883949446e+00,2.664535259100375697e-14,1024,30,6.1.1-I-900
phase_regimes,0,4,2,1.050000000000000044e+00,4.152787295564890901e-01,4.360426660343135752e-01,1.000000000000000000e+01,1024,1.062907659190370779e+00,512,128,129,9.357354004599180985e-01,6.426459954008190145e-02,3.959831948831649684e-01,6.700938613727174697e+02,-3.000312460699205985e-04,4.477451046265266040e-07,1.409539203336862556e-03,1.415831980807524815e-03,2.599634708850969145e-01,supercritical,3.412207796045887975e-02,1.883372976714741132e+00,3.386180225106727448e-14,1024,30,6.1.1-I-900
phase_regimes,0,4,2,1.050000000000000044e+00,4.152787295564890901e-01,4.360426660343135752e-01,1.800000000000000000e+01,262144,1.034948699550205964e+00,128,32,33,9.945574112508799303e-01,5.442588749120069735e-03,4.178606253816827265e-01,1.727688942135940888e+05,4.057787009514868259e-03,2.348679157776068366e-08,1.497308918624185026e-02,1.529429786023683846e-02,2.531032129115768359e-01,supercritical,2.433832243860256130e-03,2.236221811445673335e+00,4.440892098500626162e-15,262144,30,6.1.1-I-900
phase_regimes,0,4,2,1.050000000000000044e+00,4.152787295564890901e-01,4.360426660343135752e-01,1.800000000000000000e+01,262144,1.034948699550205964e+00,256,64,65,9.945570721573506745e-01,5.442927842649325498e-03,4.178556319111887962e-01,1.727688884708865953e+05,3.293163899797946215e-03,1.906109328447105981e-08,1.498797498061321676e-02,1.527863275259733200e-02,2.530999351296059352e-01,supercritical,2.433832243860256130e-03,2.236361136384814596e+00,2.331468351712828735e-14,262144,30,6.1.1-I-900
phase_regimes,0,4,2,1.050000000000000044e+00,4.152787295564890901e-01,4.360426660343135752e-01,1.800000000000000000e+01,262144,1.034948699550205964e+00,512,128,129,9.945572879465863769e-01,5.442712053413623075e-03,4.178588095742307162e-01,1.727688877218387497e+05,6.754271453246474266e-05,3.909425789741137627e-10,1.505206525325775146e-02,1.521368761314079165e-02,2.530995366323156026e-01,supercritical,2.433832243860256130e-03,2.236272474055581938e+00,1.665334536937734811e-14,262144,30,6.1.1-I-900
phase_regimes,0,4,2,1.050000000000000044e+00,4.152787295564890901e-01,4.360426660343135752e-01,2.600000000000000000e+01,67108864,1.024195253534758043e+00,128,32,33,9.995951246267120727e-01,4.048753732879273315e-04,4.334705571688109993e-01,4.438156402211523056e+07,1.322478055953979492e-03,2.979791463173744147e-11,1.967176422476768494e-01,1.987686157226562500e-01,2.504660218759763857e-01,supercritical,1.735895445217087909e-04,2.332371885665581512e+00,5.107025913275720086e-15,67108864,30,6.1.1-I-900
phase_regimes,0,4,2,1.050000000000000044e+00,4.152787295564890901e-01,4.360426660343135752e-01,2.600000000000000000e+01,67108864,1.024195253534758043e+00,256,64,65,9.995953634857064340e-01,4.046365142935659520e-04,4.335033025136315055e-01,4.438156261847686023e+07,9.588897228240966797e-03,2.160558723601348157e-10,1.965414807200431824e-01,1.989006847143173218e-01,2.504626098708593318e-01,supercritical,1.735895445217087909e-04,2.330995886926604754e+00,1.865174681370262988e-14,67108864,30,6.1.1-I-900
phase_regimes,0,4,2,1.050000000000000044e+00,4.152787295564890901e-01,4.360426660343135752e-01,2.600000000000000000e+01,67108864,1.024195253534758043e+00,512,128,129,9.995953795278452736e-01,4.046204721547264072e-04,4.335055024341987195e-01,4.438156254975447804e+07,3.302469849586486816e-02,7.441085126023253119e-10,1.960464268922805786e-01,1.993458420038223267e-01,2.504621913384914023e-01,supercritical,1.735895445217087909e-04,2.330903472726868486e+00,1.179056852151916246e-13,67108864,30,6.1.1-I-900
phase_regimes,0,4,2,1.074999999999999956e+00,4.152787295564890901e-01,4.464246342732257622e-01,1.000000000000000000e+01,1024,1.064405460599665121e+00,128,32,33,9.342925852699536238e-01,6.570741473004637623e-02,3.927800009627664957e-01,6.695716960801728419e+02,1.256587722764379578e-03,1.876703764691270429e-06,1.389789155950893473e-03,1.459229007195972372e-03,2.603347523485407544e-01,supercritical,3.684428973628331438e-02,1.783381229502692733e+00,1.032507412901395583e-14,1024,30,6.1.1-I-900
phase_regimes,0,4,2,1.074999999999999956e+00,4.152787295564890901e-01,4.464246342732257622e-01,1.000000000000000000e+01,1024,1.064405460599665121e+00,256,64,65,9.343099241262813326e-01,6.569007587371866741e-02,3.928180757875884277e-01,6.695715932495523930e+02,-6.344909024846856482e-04,9.476072594498614312e-07,1.427210229280717613e-03,1.420997763602827035e-03,2.603318172707863587e-01,supercritical,3.684428973628331438e-02,1.782910631305473670e+00,5.773159728050814010e-15,1024,30,6.1.1-I-900
phase_regimes,0,4,2,1.074999999999999956e+00,4.152787295564890901e-01,4.464246342732257622e-01,1.000000000000000000e+01,1024,1.064405460599665121e+00,512,128,129,9.343073196873313835e-01,6.569268031266861652e-02,3.928123559941132936e-01,6.695715843836820795e+02,-3.543279660789266927e-04,5.291860860628868814e-07,1.421661518520522804e-03,1.426657209549375693e-03,2.603314690961917588e-01,supercritical,3.684428973628331438e-02,1.782981319028553502e+00,3.852473895449293195e-14,1024,30,6.1.1-I-900
phase_regimes,0,4,2,1.074999999999999956e+00,4.152787295564890901e-01,4.464246342732257622e-01,1.800000000000000000e+01,262144,1.035780811444258376e+00,128,32,33,9.942961906073342071e-01,5.703809392665792899e-03,4.141032507448927924e-01,1.727175048191096575e+05,1.050381979439407587e-02,6.081502743682481471e-08,1.483768981415778399e-02,1.542824099306017160e-02,2.533073411109660333e-01,supercritical,2.794444872997040637e-03,2.041124320533995729e+00,5.995204332975845318e-15,262144,30,6.1.1-I-900
phase_regimes,0,4,2,1.074999999999999956e+00,4.152787295564890901e-01,4.464246342732257622e-01,1.800000000000000000e+01,262144,1.035780811444258376e+00,256,64,65,9.942965459537420614e-01,5.703454046257938614e-03,4.141082442153866117e-01,1.727174987957353878e+05,5.069887265563011169e-05,2.935363990859386347e-10,1.504486260819248855e-02,1.521728586521930993e-02,2.533040735060941295e-01,supercritical,2.794444872997040637e-03,2.040997158817088319e+00,1.043609643147647148e-14,262144,30,6.1.1-I-900
phase_regimes,0,4,2,1.074999999999999956e+00,4.152787295564890901e-01,4.464246342732257622e-01,1.800000000000000000e+01,262144,1.035780811444258376e+00,512,128,129,9.942963198267712466e-01,5.703680173228753425e-03,4.141050665523443031e-01,1.727174980350443802e+05,2.836080966517329216e-03,1.642034535459683543e-08,1.498971550608985126e-02,1.527357593295164406e-02,2.533036765212118846e-01,supercritical,2.794444872997040637e-03,2.041078078993041611e+00,5.906386491005832795e-14,262144,30,6.1.1-I-900
phase_regimes,0,4,2,1.074999999999999956e+00,4.152787295564890901e-01,4.464246342732257622e-01,2.600000000000000000e+01,67108864,1.024771330999871166e+00,128,32,33,9.995654215728760894e-01,4.345784271239105934e-04,4.295421469220129240e-01,4.437303469813730568e+07,-2.497136592864990234e-01,5.627599306318833185e-09,2.003477662801742554e-01,1.925386115908622742e-01,2.506072638898350635e-01,supercritical,2.119327750645798075e-04,2.050548467510447725e+00,6.106226635438360972e-15,67108864,30,6.1.1-I-900
phase_regimes,0,4,2,1.074999999999999956e+00,4.152787295564890901e-01,4.464246342732257622e-01,2.600000000000000000e+01,67108864,1.024771330999871166e+00,256,64,65,9.995656238339454269e-01,4.343761660545730763e-04,4.295679782307583183e-01,4.437303334046406299e+07,-9.626150131225585938e-02,2.169369413482813760e-09,1.972663551568984985e-01,1.955843120813369751e-01,2.506038592035075840e-01,supercritical,2.119327750645798075e-04,2.049594103234908538e+00,3.153033389935444575e-14,67108864,30,6.1.1-I-900
phase_regimes,0,4,2,1.074999999999999956e+00,4.152787295564890901e-01,4.464246342732257622e-01,2.600000000000000000e+01,67108864,1.024771330999871166e+00,512,128,129,9.995656066120715000e-01,4.343933879285000188e-04,4.295657783101926586e-01,4.437303327602101117e+07,-1.393258571624755859e-03,3.139876787232543094e-11,1.953578516840934753e-01,1.974674761295318604e-01,2.506034417682455051e-01,supercritical,2.119327750645798075e-04,2.049675364257049992e+00,6.794564910705958027e-14,67108864,30,6.1.1-I-900
phase_regimes,0,4,2,1.100000000000000089e+00,4.152787295564890901e-01,4.568066025121380602e-01,1.000000000000000000e+01,1024,1.065903262008959684e+00,128,32,33,9.328432635465069289e-01,6.715673645349307108e-02,3.896324066956030063e-01,6.690471091243592809e+02,-4.140994178669643588e-04,6.189391034196869160e-07,1.435299249919808062e-03,1.438820351040703827e-03,2.607027615975866519e-01,supercritical,3.964510788384396217e-02,1.693947627794463617e+00,4.662936703425657470e-15,1024,30,6.1.1-I-900
phase_regimes,0,4,2,1.100000000000000089e+00,4.152787295564890901e-01,4.568066025121380602e-01,1.000000000000000000e+01,1024,1.065903262008959684e+00,256,64,65,9.328390794319564305e-01,6.716092056804356947e-02,3.896234184487137875e-01,6.690470063634573989e+02,1.975968189071863890e-05,2.953407115311754808e-08,1.426694500082703598e-03,1.447569802735415578e-03,2.606998430088751095e-01,supercritical,3.964510788384396217e-02,1.694053167034330620e+00,4.551914400963141816e-15,1024,30,6.1.1-I-900
phase_regimes,0,4,2,1.100000000000000089e+00,4.152787295564890901e-01,4.568066025121380602e-01,1.000000000000000000e+01,1024,1.065903262008959684e+00,512,128,129,9.328417420804677729e-01,6.715825791953222712e-02,3.896291382421888660e-01,6.690469975125047313e+02,-2.674408960956498049e-04,3.997340950486086517e-07,1.432376909860977321e-03,1.441762291051418288e-03,2.606994972239805586e-01,supercritical,3.964510788384396217e-02,1.693986004939094459e+00,1.532107773982716026e-14,1024,30,6.1.1-I-900
phase_regimes,0,4,2,1.100000000000000089e+00,4.152787295564890901e-01,4.568066025121380602e-01,1.800000000000000000e+01,262144,1.036612923338311010e+00,128,32,33,9.940140753423284403e-01,5.985924657671559679e-03,4.102338980172489102e-01,1.726659872169570590e+05,-2.669316018000245094e-03,1.545942001099622924e-08,1.513420982519164681e-02,1.521033700555562973e-02,2.535114779916490813e-01,supercritical,3.188400790190066246e-03,1.877406590817815024e+00,3.885780586188047891e-15,262144,30,6.1.1-I-900
phase_regimes,0,4,2,1.100000000000000089e+00,4.152787295564890901e-01,4.568066025121380602e-01,1.800000000000000000e+01,262144,1.036612923338311010e+00,256,64,65,9.940137023969505270e-01,5.986297603049473004e-03,4.102289045467553685e-01,1.726659808926174301e+05,-3.938890586141496897e-03,2.281219824414126556e-08,1.515941153047606349e-02,1.518479635706171393e-02,2.535082205342810147e-01,supercritical,3.188400790190066246e-03,1.877523560233661515e+00,1.043609643147647148e-14,262144,30,6.1.1-I-900
phase_regimes,0,4,2,1.100000000000000089e+00,4.152787295564890901e-01,4.568066025121380602e-01,1.800000000000000000e+01,262144,1.036612923338311010e+00,512,128,129,9.940134650559757645e-01,5.986534944024235472e-03,4.102257268837142812e-01,1.726659801202753151e+05,-1.130167220253497362e-03,6.545396026862082132e-09,1.510384900029748678e-02,1.524160045664757490e-02,2.535078250549842038e-01,supercritical,3.188400790190066246e-03,1.877597999110823146e+00,1.532107773982716026e-14,262144,30,6.1.1-I-900
phase_regimes,0,4,2,1.100000000000000089e+00,4.152787295564890901e-01,4.568066025121380602e-01,2.600000000000000000e+01,67108864,1.025347408464984511e+00,128,32,33,9.995311170794166644e-01,4.688829205833355829e-04,4.253263327229511725e-01,4.436450363912815601e+07,-1.027211546897888184e-01,2.315390599776525979e-09,1.972090452909469604e-01,1.955033615231513977e-01,2.507485099563821485e-01,supercritical,2.564087842661620653e-04,1.828653889238901042e+00,5.884182030513329664e-15,67108864,30,6.1.1-I-900
phase_regimes,0,4,2,1.100000000000000089e+00,4.152787295564890901e-01,4.568066025121380602e-01,2.600000000000000000e+01,67108864,1.025347408464984511e+00,256,64,65,9.995313937001011340e-01,4.686062998988660411e-04,4.253590780677717897e-01,4.436450233156510442e+07,-5.293637514114379883e-02,1.193214672972446625e-09,1.961600184440612793e-01,1.964460313320159912e-01,2.507451125747949261e-01,supercritical,2.564087842661620653e-04,1.827575062375534243e+00,3.363975764614224317e-14,67108864,30,6.1.1-I-900
phase_regimes,0,4,2,1.100000000000000089e+00,4.152787295564890901e-01,4.568066025121380602e-01,2.600000000000000000e+01,67108864,1.025347408464984511e+00,512,128,129,9.995313751210923581e-01,4.686248789076419285e-04,4.253568781472106819e-01,4.436450227112510055e+07,3.452040255069732666e-02,7.781086405462760271e-10,1.944029331207275391e-01,1.981784850358963013e-01,2.507446962342829710e-01,supercritical,2.564087842661620653e-04,1.827647520925770985e+00,4.507505479978135554e-14,67108864,30,6.1.1-I-900
phase_regimes,0,4,2,1.149999999999999911e+00,4.152787295564890901e-01,4.775705389899624342e-01,1.000000000000000000e+01,1024,1.068898864827548811e+00,128,32,33,9.298115714508914387e-01,7.018842854910856133e-02,3.832622986180161395e-01,6.679908279797209616e+02,-9.229284501088841353e-04,1.381648387149565173e-06,1.474574326493893750e-03,1.459690526075974049e-03,2.614388705544502534e-01,supercritical,4.546506561691742582e-02,1.543788128241293967e+00,2.442490654175344389e-15,1024,30,6.1.1-I-900
phase_regimes,0,4,2,1.149999999999999911e+00,4.152787295564890901e-01,4.775705389899624342e-01,1.000000000000000000e+01,1024,1.068898864827548811e+00,256,64,65,9.298071984506433019e-01,7.019280154935669813e-02,3.832533103711266986e-01,6.679907250452520202e+02,-4.844894192501669750e-04,7.252936322092585876e-07,1.465885945776790322e-03,1.468534096488838259e-03,2.614359846804588106e-01,supercritical,4.546506561691742582e-02,1.543884311985643576e+00,1.154631945610162802e-14,1024,30,6.1.1-I-900
phase_regimes,0,4,2,1.149999999999999911e+00,4.152787295564890901e-01,4.775705389899624342e-01,1.000000000000000000e+01,1024,1.068898864827548811e+00,512,128,129,9.298044154904483438e-01,7.019558450955165618e-02,3.832475905776516201e-01,6.679907161423802791e+02,-1.964528451026126277e-04,2.940951728148558358e-07,1.460187790826239507e-03,1.474359625262877671e-03,2.614356436286819352e-01,supercritical,4.546506561691742582e-02,1.543945522943049875e+00,1.387778780781445676e-14,1024,30,6.1.1-I-900
phase_regimes,0,4,2,1.149999999999999911e+00,4.152787295564890901e-01,4.775705389899624342e-01,1.800000000000000000e+01,262144,1.038277147126416056e+00,128,32,33,9.933736619054549521e-01,6.626338094545047852e-03,4.020873593875769481e-01,1.725625181905147329e+05,-1.086306292563676834e-02,6.295146269042960562e-08,1.551767595810815692e-02,1.529487947118468583e-02,2.539197778651187676e-01,supercritical,4.079965875551014136e-03,1.624116057992798012e+00,3.996802888650563546e-15,262144,30,6.1.1-I-900
phase_regimes,0,4,2,1.149999999999999911e+00,4.152787295564890901e-01,4.775705389899624342e-01,1.800000000000000000e+01,262144,1.038277147126416056e+00,256,64,65,9.933719128874690663e-01,6.628087112530933744e-03,4.020662067071208989e-01,1.725625111951777653e+05,2.978114935103803873e-03,1.725818032246523711e-08,1.524410452111624181e-02,1.557506970129907131e-02,2.539165406141187797e-01,supercritical,4.079965875551014136e-03,1.624544742457137980e+00,1.587618925213973853e-14,262144,30,6.1.1-I-900
phase_regimes,0,4,2,1.149999999999999911e+00,4.152787295564890901e-01,4.775705389899624342e-01,1.800000000000000000e+01,262144,1.038277147126416056e+00,512,128,129,9.933721756632936106e-01,6.627824336706389374e-03,4.020693843701619308e-01,1.725625104015794059e+05,-2.335291355848312378e-04,1.353301682047700608e-09,1.530780587927438319e-02,1.551028373069129884e-02,2.539161481314513580e-01,supercritical,4.079965875551014136e-03,1.624480336079104470e+00,7.438494264988548821e-14,262144,30,6.1.1-I-900
phase_regimes,0,4,2,1.149999999999999911e+00,4.152787295564890901e-01,4.775705389899624342e-01,2.600000000000000000e+01,67108864,1.026499563395210979e+00,128,32,33,9.994462524532850001e-01,5.537475467149999275e-04,4.160955375955538993e-01,4.434743339128259569e+07,-1.792609691619873047e-01,4.042194901796159822e-09,2.027887329459190369e-01,1.985601782798767090e-01,2.510310142708116476e-01,supercritical,3.661093830480748545e-04,1.512519406371744868e+00,1.021405182655144017e-14,67108864,30,6.1.1-I-900
phase_regimes,0,4,2,1.149999999999999911e+00,4.152787295564890901e-01,4.775705389899624342e-01,2.600000000000000000e+01,67108864,1.026499563395210979e+00,256,64,65,9.994465101779302918e-01,5.534898220697082039e-04,4.161213689043086195e-01,4.434743219666883349e+07,1.459382474422454834e-02,3.290793631411373204e-10,1.988443657755851746e-01,2.023683190345764160e-01,2.510276314541796117e-01,supercritical,3.661093830480748545e-04,1.511815451058865278e+00,9.325873406851314940e-15,67108864,30,6.1.1-I-900
phase_regimes,0,4,2,1.149999999999999911e+00,4.152787295564890901e-01,4.775705389899624342e-01,2.600000000000000000e+01,67108864,1.026499563395210979e+00,512,128,129,9.994465321214778264e-01,5.534678785221736064e-04,4.161235688248792197e-01,4.434743214286791533e+07,5.535781383514404297e-03,1.248275518113552113e-10,1.989911720156669617e-01,2.021640762686729431e-01,2.510272172934580603e-01,supercritical,3.661093830480748545e-04,1.511755513923815908e+00,1.290079154614431900e-13,67108864,30,6.1.1-I-900
phase_regimes,0,4,2,1.199999999999999956e+00,4.152787295564890901e-01,4.983344754677868638e-01,1.000000000000000000e+01,1024,1.071894467646137938e+00,128,32,33,9.266223252791091491e-01,7.337767472089085086e-02,3.768515002301818240e-01,6.669247993606411455e+02,4.853200721299799625e-04,7.276983440940272873e-07,1.482025269524456235e-03,1.525577108395737014e-03,2.621751007819202450e-01,supercritical,5.154758990037797833e-02,1.423493801799505576e+00,3.108624468950438313e-15,1024,30,6.1.1-I-900
phase_regimes,0,4,2,1.199999999999999956e+00,4.152787295564890901e-01,4.983344754677868638e-01,1.000000000000000000e+01,1024,1.071894467646137938e+00,256,64,65,9.266268966964436027e-01,7.337310330355639731e-02,3.768604884770710983e-01,6.669246960923520646e+02,-7.533088819400290959e-06,1.129526146435751387e-08,1.491738198410530458e-03,1.515582194087983225e-03,2.621722472753791888e-01,supercritical,5.154758990037797833e-02,1.423405118364581057e+00,1.665334536937734811e-14,1024,30,6.1.1-I-900
phase_regimes,0,4,2,1.199999999999999956e+00,4.152787295564890901e-01,4.983344754677868638e-01,1.000000000000000000e+01,1024,1.071894467646137938e+00,512,128,129,9.266239876456383584e-01,7.337601235436164160e-02,3.768547686835961863e-01,6.669246871569059749e+02,2.873043172257894184e-04,4.307897469661307427e-07,1.485910732526463107e-03,1.521550409393057635e-03,2.621719108947713206e-01,supercritical,5.154758990037797833e-02,1.423461552638440653e+00,4.773959005888173124e-15,1024,30,6.1.1-I-900
phase_regimes,0,4,2,1.199999999999999956e+00,4.152787295564890901e-01,4.983344754677868638e-01,1.800000000000000000e+01,262144,1.039941370914521102e+00,128,32,33,9.926196599926598862e-01,7.380340007340113750e-03,3.934498334915220719e-01,1.724583810633519897e+05,-8.911025361157953739e-03,5.167058455619225323e-08,1.594079713686369359e-02,1.583077962277457118e-02,2.543281126680932425e-01,supercritical,5.114654933874077623e-03,1.442979067553615158e+00,3.996802888650563546e-15,262144,30,6.1.1-I-900
phase_regimes,0,4,2,1.199999999999999956e+00,4.152787295564890901e-01,4.983344754677868638e-01,1.800000000000000000e+01,262144,1.039941370914521102e+00,256,64,65,9.926177119563189821e-01,7.382288043681017875e-03,3.934286808110651901e-01,1.724583733099338133e+05,5.103378498461097479e-03,2.959194384426642804e-08,1.566454480052925646e-02,1.611524159670807421e-02,2.543248955057571536e-01,supercritical,5.114654933874077623e-03,1.443359941017434256e+00,1.920685832601520815e-14,262144,30,6.1.1-I-900
phase_regimes,0,4,2,1.199999999999999956e+00,4.152787295564890901e-01,4.983344754677868638e-01,1.800000000000000000e+01,262144,1.039941370914521102e+00,512,128,129,9.926180046330438378e-01,7.381995366956162208e-03,3.934318584741069991e-01,1.724583724989102338e+05,1.850159605965018272e-03,1.072815183836151231e-08,1.572899208986200392e-02,1.604954106733202934e-02,2.543245059982529588e-01,supercritical,5.114654933874077623e-03,1.443302717856020712e+00,4.429789868254374596e-14,262144,30,6.1.1-I-900
phase_regimes,0,4,2,1.199999999999999956e+00,4.152787295564890901e-01,4.983344754677868638e-01,2.600000000000000000e+01,67108864,1.027651718325437669e+00,128,32,33,9.993332938330744541e-01,6.667061669255458511e-04,4.057946656797736251e-01,4.433034632860446721e+07,3.315694630146026611e-02,7.479514384047460936e-10,2.108270078897476196e-01,2.158511728048324585e-01,2.513135348641248878e-01,supercritical,5.074565537936054707e-04,1.313819206671850370e+00,3.996802888650563546e-15,67108864,30,6.1.1-I-900
phase_regimes,0,4,2,1.199999999999999956e+00,4.152787295564890901e-01,4.983344754677868638e-01,2.600000000000000000e+01,67108864,1.027651718325437669e+00,256,64,65,9.993336871609355132e-01,6.663128390644867949e-04,4.058274110245950750e-01,4.433034526258786768e+07,7.950514554977416992e-02,1.793470027784144171e-09,2.097443044185638428e-01,2.166201844811439514e-01,2.513101665535998341e-01,supercritical,5.074565537936054707e-04,1.313044110049058411e+00,1.887379141862766119e-14,67108864,30,6.1.1-I-900
phase_regimes,0,4,2,1.199999999999999956e+00,4.152787295564890901e-01,4.983344754677868638e-01,2.600000000000000000e+01,67108864,1.027651718325437669e+00,512,128,129,9.993337135774419400e-01,6.662864225580600319e-04,4.058296109451633993e-01,4.433034521264263242e+07,4.861131310462951660e-02,1.096569694448623174e-09,2.103326395153999329e-01,2.159690633416175842e-01,2.513097545629966456e-01,supercritical,5.074565537936054707e-04,1.312992053363162270e+00,5.484501741648273310e-14,67108864,30,6.1.1-I-900
phase_regimes,0,4,2,1.250000000000000000e+00,4.152787295564890901e-01,5.190984119456113488e-01,1.000000000000000000e+01,1024,1.074890070464727065e+00,128,32,33,9.233242197964002251e-01,7.667578020359977486e-02,3.705085248267592779e-01,6.658487393906614216e+02,-5.670196117080195108e-04,8.515742062182419089e-07,1.544441982218813791e-03,1.548193909343353880e-03,2.629114530702571506e-01,supercritical,5.785969666311364251e-02,1.325201904359129657e+00,3.108624468950438313e-15,1024,30,6.1.1-I-900
phase_regimes,0,4,2,1.250000000000000000e+00,4.152787295564890901e-01,5.190984119456113488e-01,1.000000000000000000e+01,1024,1.074890070464727065e+00,256,64,65,9.233194426100066465e-01,7.668055738999335347e-02,3.704995365798700591e-01,6.658486355541426747e+02,-1.137467791068047518e-04,1.708297847785490752e-07,1.535481280711792351e-03,1.557366426709450025e-03,2.629086315872787294e-01,supercritical,5.785969666311364251e-02,1.325284469368438023e+00,4.996003610813204432e-15,1024,30,6.1.1-I-900
phase_regimes,0,4,2,1.250000000000000000e+00,4.152787295564890901e-01,5.190984119456113488e-01,1.000000000000000000e+01,1024,1.074890070464727065e+00,512,128,129,9.233164024273350368e-01,7.668359757266496324e-02,3.704938167863949805e-01,6.658486265468968668e+02,1.891167187295650365e-04,2.840235921343380805e-07,1.529499923663024674e-03,1.563502196404442657e-03,2.629082998165351293e-01,supercritical,5.785969666311364251e-02,1.325337013416314935e+00,3.552713678800500929e-15,1024,30,6.1.1-I-900
phase_regimes,0,4,2,1.250000000000000000e+00,4.152787295564890901e-01,5.190984119456113488e-01,1.800000000000000000e+01,262144,1.041605594702626147e+00,128,32,33,9.917397738767940174e-01,8.260226123205982596e-03,3.844223893769222467e-01,1.723534590725126618e+05,-2.073479845421388745e-02,1.203039298763962149e-07,1.692622536211274564e-02,1.638487534364685416e-02,2.547364825369204389e-01,supercritical,6.296847713799611813e-03,1.311803381413148228e+00,1.898481372109017684e-14,262144,30,6.1.1-I-900
phase_regimes,0,4,2,1.250000000000000000e+00,4.152787295564890901e-01,5.190984119456113488e-01,1.800000000000000000e+01,262144,1.041605594702626147e+00,256,64,65,9.917375935950378807e-01,8.262406404962119311e-03,3.844012366964654204e-01,1.723534504763974401e+05,-6.104346539359539747e-03,3.541760563822008526e-08,1.663869654294103384e-02,1.668272004462778568e-02,2.547332853459072233e-01,supercritical,6.296847713799611813e-03,1.312149631132886407e+00,1.487698852997709764e-14,262144,30,6.1.1-I-900
phase_regimes,0,4,2,1.250000000000000000e+00,4.152787295564890901e-01,5.190984119456113488e-01,1.800000000000000000e+01,262144,1.041605594702626147e+00,512,128,129,9.917372660123280337e-01,8.262733987671966318e-03,3.843980590334231673e-01,1.723534496539739484e+05,-2.843218680936843157e-03,1.649644197226711516e-08,1.657443298608995974e-02,1.674893154995515943e-02,2.547328987913012321e-01,supercritical,6.296847713799611813e-03,1.312201654418939212e+00,1.643130076445231680e-14,262144,30,6.1.1-I-900
phase_regimes,0,4,2,1.250000000000000000e+00,4.152787295564890901e-01,5.190984119456113488e-01,2.600000000000000000e+01,67108864,1.028803873255664136e+00,128,32,33,9.991848977250611386e-01,8.151022749388614486e-04,3.946435110277475844e-01,4.431323369908475131e+07,-7.087178528308868408e-02,1.599336797769116009e-09,2.362416088581085205e-01,2.381164431571960449e-01,2.515960717817741776e-01,supercritical,6.852415875027071356e-04,1.189510808749098647e+00,3.663735981263016583e-15,67108864,30,6.1.1-I-900
phase_regimes,0,4,2,1.250000000000000000e+00,4.152787295564890901e-01,5.190984119456113488e-01,2.600000000000000000e+01,67108864,1.028803873255664136e+00,256,64,65,9.991852770891701541e-01,8.147229108298459366e-04,3.946693423365015829e-01,4.431323277075102180e+07,3.537721931934356689e-02,7.983443569184670890e-10,2.339200526475906372e-01,2.400429174304008484e-01,2.515927179193335750e-01,supercritical,6.852415875027071356e-04,1.188957187783975966e+00,1.842970220877759857e-14,67108864,30,6.1.1-I-900
phase_regimes,0,4,2,1.250000000000000000e+00,4.152787295564890901e-01,5.190984119456113488e-01,2.600000000000000000e+01,67108864,1.028803873255664136e+00,512,128,129,9.991853093895127769e-01,8.146906104872231325e-04,3.946715422570684639e-01,4.431323272081813216e+07,-2.117268741130828857e-02,4.777960467181502971e-10,2.350163906812667847e-01,2.388799637556076050e-01,2.515923080875456241e-01,supercritical,6.852415875027071356e-04,1.188910050623575909e+00,1.125766146969908732e-13,67108864,30,6.1.1-I-900
phase_regimes,0,4,2,1.300000000000000044e+00,4.152787295564890901e-01,5.398623484234358338e-01,1.000000000000000000e+01,1024,1.077885673283315970e+00,128,32,33,9.198696625929411175e-01,8.013033740705888253e-02,3.641507638271288538e-01,6.647624158995497510e+02,1.578894398335251026e-03,2.375125850336630687e-06,1.550354701748801745e-03,1.642433664301279350e-03,2.636479282093463494e-01,supercritical,6.437015873781834485e-02,1.244836722143753516e+00,3.330669073875469621e-15,1024,30,6.1.1-I-900
phase_regimes,0,4,2,1.300000000000000044e+00,4.152787295564890901e-01,5.398623484234358338e-01,1.000000000000000000e+01,1024,1.077885673283315970e+00,256,64,65,9.198908073665332807e-01,8.010919263346671926e-02,3.641888386519507859e-01,6.647623112556271963e+02,-5.591840306351514300e-04,8.411789013413596803e-07,1.592521186694284552e-03,1.599062606373991002e-03,2.636451384086675453e-01,supercritical,6.437015873781834485e-02,1.244508234937775182e+00,3.663735981263016583e-15,1024,30,6.1.1-I-900
phase_regimes,0,4,2,1.300000000000000044e+00,4.152787295564890901e-01,5.398623484234358338e-01,1.000000000000000000e+01,1024,1.077885673283315970e+00,512,128,129,9.198876312474807415e-01,8.011236875251925849e-02,3.641831188584756518e-01,6.647623021482925196e+02,-2.469312505581910955e-04,3.714579628841628329e-07,1.586359354519117915e-03,1.605393281579381437e-03,2.636448111878029743e-01,supercritical,6.437015873781834485e-02,1.244557576420145528e+00,6.217248937900876626e-15,1024,30,6.1.1-I-900
phase_regimes,0,4,2,1.300000000000000044e+00,4.152787295564890901e-01,5.398623484234358338e-01,1.800000000000000000e+01,262144,1.043269818490731193e+00,128,32,33,9.907176079412668424e-01,9.282392058733157647e-03,3.750715361674830106e-01,1.722476282156813249e+05,-8.005445124581456184e-04,4.647637362273209489e-09,1.762404927285388112e-02,1.793004598584957421e-02,2.551448876073265093e-01,supercritical,7.629273694745536925e-03,1.216680962058834359e+00,1.354472090042690979e-14,262144,30,6.1.1-I-900
phase_regimes,0,4,2,1.300000000000000044e+00,4.152787295564890901e-01,5.398623484234358338e-01,1.800000000000000000e+01,262144,1.043269818490731193e+00,256,64,65,9.907170296137046694e-01,9.282970386295330556e-03,3.750665426969889138e-01,1.722476187167447933e+05,-2.885048161260783672e-03,1.674942262049581406e-08,1.766695216065272689e-02,1.788964454317465425e-02,2.551417102712926765e-01,supercritical,7.629273694745536925e-03,1.216756765809664742e+00,1.831867990631508292e-14,262144,30,6.1.1-I-900
phase_regimes,0,4,2,1.300000000000000044e+00,4.152787295564890901e-01,5.398623484234358338e-01,1.800000000000000000e+01,262144,1.043269818490731193e+00,512,128,129,9.907166615683138389e-01,9.283338431686161130e-03,3.750633650339467162e-01,1.722476178899810475e+05,6.599802873097360134e-04,3.831578604072668916e-09,1.759716527885757387e-02,1.796167835709638894e-02,2.551413266491978638e-01,supercritical,7.629273694745536925e-03,1.216805007019189588e+00,1.820765760385256726e-14,262144,30,6.1.1-I-900
phase_regimes,0,4,2,1.300000000000000044e+00,4.152787295564890901e-01,5.398623484234358338e-01,2.600000000000000000e+01,67108864,1.029956028185890826e+00,128,32,33,9.989937472151847464e-01,1.006252784815253598e-03,3.829535195675185522e-01,4.429608515267246217e+07,-2.601947635412216187e-01,5.873990052268165134e-09,2.773939967155456543e-01,2.730347290635108948e-01,2.518786250692455764e-01,supercritical,9.041786040721105314e-04,1.112891612656432994e+00,3.774758283725532237e-15,67108864,30,6.1.1-I-900
phase_regimes,0,4,2,1.300000000000000044e+00,4.152787295564890901e-01,5.398623484234358338e-01,2.600000000000000000e+01,67108864,1.029956028185890826e+00,256,64,65,9.989940127449203899e-01,1.005987255079610065e-03,3.829681637309097497e-01,4.429608435853244364e+07,-3.068894147872924805e-02,6.928138665786574081e-10,2.726030573248863220e-01,2.774210646748542786e-01,2.518752855970204929e-01,supercritical,9.041786040721105314e-04,1.112597943093309505e+00,1.232347557333923760e-14,67108864,30,6.1.1-I-900
phase_regimes,0,4,2,1.300000000000000044e+00,4.152787295564890901e-01,5.398623484234358338e-01,2.600000000000000000e+01,67108864,1.029956028185890826e+00,512,128,129,9.989939728601683333e-01,1.006027139831666695e-03,3.829659638103436459e-01,4.429608430422560871e+07,-5.783513188362121582e-03,1.305648857953434472e-10,2.721043899655342102e-01,2.779205888509750366e-01,2.518748779139108329e-01,supercritical,9.041786040721105314e-04,1.112642054679092496e+00,6.195044477408373496e-14,67108864,30,6.1.1-I-900
phase_regimes,0,4,2,1.399999999999999911e+00,4.152787295564890901e-01,5.813902213790846929e-01,1.000000000000000000e+01,1024,1.083876878920494224e+00,128,32,33,9.126893454470770273e-01,8.731065455292297273e-02,3.517698472543770438e-01,6.625583313289241687e+02,-3.177085545758018270e-04,4.795178621308088020e-07,1.704804858832176251e-03,1.726549694240020472e-03,2.651212501987543768e-01,supercritical,7.787128942573089130e-02,1.121217526983353752e+00,3.441691376337985275e-15,1024,30,6.1.1-I-900
phase_regimes,0,4,2,1.399999999999999911e+00,4.152787295564890901e-01,5.813902213790846929e-01,1.000000000000000000e+01,1024,1.083876878920494224e+00,256,64,65,9.126839056684423745e-01,8.731609433155762545e-02,3.517608590074877140e-01,6.625582250082542259e+02,1.771505822034669109e-04,2.673736066007782838e-07,1.695055016057267494e-03,1.736598328648142342e-03,2.651185227524939791e-01,supercritical,7.787128942573089130e-02,1.121287383006989158e+00,5.218048215738235740e-15,1024,30,6.1.1-I-900
phase_regimes,0,4,2,1.399999999999999911e+00,4.152787295564890901e-01,5.813902213790846929e-01,1.000000000000000000e+01,1024,1.083876878920494224e+00,512,128,129,9.126873673849676960e-01,8.731263261503230400e-02,3.517665788009626815e-01,6.625582157081388459e+02,-1.679332513049303088e-04,2.534618805163318408e-07,1.701851974416968005e-03,1.729589301817213709e-03,2.651182044527659598e-01,supercritical,7.787128942573089130e-02,1.121242928670213024e+00,4.396483177515619900e-14,1024,30,6.1.1-I-900
phase_regimes,0,4,2,1.399999999999999911e+00,4.152787295564890901e-01,5.813902213790846929e-01,1.800000000000000000e+01,262144,1.046598266066941285e+00,128,32,33,9.882333759702914833e-01,1.176662402970851673e-02,3.560642074815837388e-01,1.720327370821242221e+05,-4.604677087627351284e-03,2.676628393948758323e-08,2.106745363562367857e-02,2.135001635178923607e-02,2.559618038981452126e-01,supercritical,1.074830261993510970e-02,1.094742532452026795e+00,3.552713678800500929e-15,262144,30,6.1.1-I-900
phase_regimes,0,4,2,1.399999999999999911e+00,4.152787295564890901e-01,5.813902213790846929e-01,1.800000000000000000e+01,262144,1.046598266066941285e+00,256,64,65,9.882326428658344541e-01,1.176735713416554585e-02,3.560592140110896420e-01,1.720327256988101581e+05,-5.646528734359890223e-03,3.282241045372766329e-08,2.109067793935537338e-02,2.133163672988303006e-02,2.559586659237744199e-01,supercritical,1.074830261993510970e-02,1.094810738984997922e+00,8.770761894538736669e-15,262144,30,6.1.1-I-900
phase_regimes,0,4,2,1.399999999999999911e+00,4.152787295564890901e-01,5.813902213790846929e-01,1.800000000000000000e+01,262144,1.046598266066941285e+00,512,128,129,9.882321763210352161e-01,1.176782367896478387e-02,3.560560363480476664e-01,1.720327248854668578e+05,-1.307969796471297741e-03,7.603029001267615875e-09,2.100533011252991855e-02,2.141984322224743664e-02,2.559582881033988788e-01,supercritical,1.074830261993510970e-02,1.094854145354890340e+00,5.229150445984487305e-14,262144,30,6.1.1-I-900
phase_regimes,0,4,2,1.399999999999999911e+00,4.152787295564890901e-01,5.813902213790846929e-01,2.600000000000000000e+01,67108864,1.032260338046343984e+00,128,32,33,9.984610603535514217e-01,1.538939646448578280e-03,3.593787550366741024e-01,4.426163398343653232e+07,-4.531443119049072266e-01,1.023785773644239287e-08,4.082725346088409424e-01,4.001477733254432678e-01,2.524437809338633820e-01,supercritical,1.483449208350113603e-03,1.037406362001555005e+00,1.376676550535194110e-14,67108864,30,6.1.1-I-900
phase_regimes,0,4,2,1.399999999999999911e+00,4.152787295564890901e-01,5.813902213790846929e-01,2.600000000000000000e+01,67108864,1.032260338046343984e+00,256,64,65,9.984609644718854815e-01,1.539035528114518492e-03,3.593752980186380452e-01,4.426163338220982254e+07,-4.480592906475067139e-02,1.012297234443219246e-09,3.999552875757217407e-01,4.081659317016601562e-01,2.524404700680731861e-01,supercritical,1.483449208350113603e-03,1.037470996277808366e+00,5.795364188543317141e-14,67108864,30,6.1.1-I-900
phase_regimes,0,4,2,1.399999999999999911e+00,4.152787295564890901e-01,5.813902213790846929e-01,2.600000000000000000e+01,67108864,1.032260338046343984e+00,512,128,129,9.984609034531696237e-01,1.539096546830376333e-03,3.593730980980708867e-01,4.426163330752034485e+07,-2.628751099109649658e-02,5.939119057911058979e-10,3.996034935116767883e-01,4.085538610816001892e-01,2.524400666493801793e-01,supercritical,1.483449208350113603e-03,1.037512129277519124e+00,7.172040739078511251e-14,67108864,30,6.1.1-I-900
phase_regimes,0,4,2,1.500000000000000000e+00,4.152787295564890901e-01,6.229180943347336630e-01,1.000000000000000000e+01,1024,1.089868084557672478e+00,128,32,33,9.051373979957617610e-01,9.486260200423823896e-02,3.398016748859633007e-01,6.603118398684803196e+02,-1.581817969054100104e-03,2.395562026222585524e-06,1.874804583962941251e-03,1.852337870900555572e-03,2.665950730629026433e-01,supercritical,9.184243874965876409e-02,1.032884179641742062e+00,3.330669073875469621e-15,1024,30,6.1.1-I-900
phase_regimes,0,4,2,1.500000000000000000e+00,4.152787295564890901e-01,6.229180943347336630e-01,1.000000000000000000e+01,1024,1.089868084557672478e+00,256,64,65,9.051123590685699050e-01,9.488764093143009504e-02,3.397636000611413132e-01,6.603117313268468251e+02,8.309290819852321874e-04,1.258389094974191363e-06,1.827326459988398710e-03,1.901394786841592577e-03,2.665924066449665841e-01,supercritical,9.184243874965876409e-02,1.033156808804607696e+00,8.326672684688674053e-15,1024,30,6.1.1-I-900
phase_regimes,0,4,2,1.500000000000000000e+00,4.152787295564890901e-01,6.229180943347336630e-01,1.000000000000000000e+01,1024,1.089868084557672478e+00,512,128,129,9.051161209651272799e-01,9.488387903487272013e-02,3.397693198546165028e-01,6.603117217400526897e+02,4.555311079457169399e-04,6.898728175615327871e-07,1.834711165543012612e-03,1.893759377480819239e-03,2.665920970334784146e-01,supercritical,9.184243874965876409e-02,1.033115848475063103e+00,7.660538869913580129e-15,1024,30,6.1.1-I-900
phase_regimes,0,4,2,1.500000000000000000e+00,4.152787295564890901e-01,6.229180943347336630e-01,1.800000000000000000e+01,262144,1.049926713643151377e+00,128,32,33,9.851553762045949236e-01,1.484462379540507637e-02,3.374397587746841842e-01,1.718127583788669144e+05,-3.654567990452051163e-03,2.127064383887783088e-08,2.619920994038693607e-02,2.669353495002724230e-02,2.567788626286872655e-01,supercritical,1.446599940421850437e-02,1.026173400164537508e+00,8.104628079763642745e-15,262144,30,6.1.1-I-900
phase_regimes,0,4,2,1.500000000000000000e+00,4.152787295564890901e-01,6.229180943347336630e-01,1.800000000000000000e+01,262144,1.049926713643151377e+00,256,64,65,9.851544513293002403e-01,1.484554867069975970e-02,3.374347653041903095e-01,1.718127452194948855e+05,-2.406173734925687313e-03,1.400462888740729302e-08,2.617829525843262672e-02,2.672268464812077582e-02,2.567757635569845043e-01,supercritical,1.446599940421850437e-02,1.026237334585439864e+00,1.099120794378904975e-14,262144,30,6.1.1-I-900
phase_regimes,0,4,2,1.500000000000000000e+00,4.152787295564890901e-01,6.229180943347336630e-01,1.800000000000000000e+01,262144,1.049926713643151377e+00,512,128,129,9.851538627422925520e-01,1.484613725770744797e-02,3.374315876411483894e-01,1.718127444279529154e+05,2.906599547713994980e-03,1.691725231088915901e-08,2.607378814718686044e-02,2.683072889340110123e-02,2.567753914542750815e-01,supercritical,1.446599940421850437e-02,1.026278022199979434e+00,1.043609643147647148e-14,262144,30,6.1.1-I-900
phase_regimes,0,4,2,1.500000000000000000e+00,4.152787295564890901e-01,6.229180943347336630e-01,2.600000000000000000e+01,67108864,1.034564647906797141e+00,128,32,33,9.977036682699476078e-01,2.296331730052392217e-03,3.371712774857529848e-01,4.422689733043137193e+07,4.354175180196762085e-01,9.845083971560374263e-09,6.013855487108230591e-01,6.348992586135864258e-01,2.530090028198082042e-01,supercritical,2.278356143664451907e-03,1.007889717521962547e+00,7.216449660063517513e-15,67108864,30,6.1.1-I-900
phase_regimes,0,4,2,1.500000000000000000e+00,4.152787295564890901e-01,6.229180943347336630e-01,2.600000000000000000e+01,67108864,1.034564647906797141e+00,256,64,65,9.977038113310451317e-01,2.296188668954868284e-03,3.371747345037882648e-01,4.422689674121047556e+07,2.676062285900115967e-02,6.050757532365073420e-10,6.092003360390663147e-01,6.263661235570907593e-01,2.530057203307157776e-01,supercritical,2.278356143664451907e-03,1.007826926154633096e+00,9.325873406851314940e-15,67108864,30,6.1.1-I-900
phase_regimes,0,4,2,1.500000000000000000e+00,4.152787295564890901e-01,6.229180943347336630e-01,2.600000000000000000e+01,67108864,1.034564647906797141e+00,512,128,129,9.977037202931962057e-01,2.296279706803794340e-03,3.371725345832218834e-01,4.422689663701308519e+07,6.875209510326385498e-02,1.554531299528844962e-09,6.084028258919715881e-01,6.272476091980934143e-01,2.530053211338187946e-01,supercritical,2.278356143664451907e-03,1.007866883844821038e+00,1.659783421814609028e-13,67108864,30,6.1.1-I-900
phase_regimes,0,4,2,1.600000000000000089e+00,4.152787295564890901e-01,6.644459672903826331e-01,1.000000000000000000e+01,1024,1.095859290194850511e+00,128,32,33,8.973000764108538529e-01,1.026999235891461471e-01,3.283492986625615728e-01,6.580231503976758631e+02,-6.755964250260149129e-04,1.026706164696057763e-06,2.030266631209087791e-03,2.051284225785821036e-03,2.680694031103566521e-01,supercritical,1.061085103985754813e-01,9.678764050439907507e-01,1.310063169057684718e-14,1024,30,6.1.1-I-900
phase_regimes,0,4,2,1.600000000000000089e+00,4.152787295564890901e-01,6.644459672903826331e-01,1.000000000000000000e+01,1024,1.095859290194850511e+00,256,64,65,8.972936778234994470e-01,1.027063221765005530e-01,3.283403104156721319e-01,6.580230394258954902e+02,-9.476281093157012947e-05,1.440113875256521622e-07,2.018847733552320278e-03,2.063102717556830612e-03,2.680667964195136421e-01,supercritical,1.061085103985754813e-01,9.679367073451952130e-01,6.106226635438360972e-15,1024,30,6.1.1-I-900
phase_regimes,0,4,2,1.600000000000000089e+00,4.152787295564890901e-01,6.644459672903826331e-01,1.000000000000000000e+01,1024,1.095859290194850511e+00,512,128,129,8.972896057876199594e-01,1.027103942123800406e-01,3.283345906221969979e-01,6.580230295700163197e+02,3.029845743185433093e-04,4.604467635677248198e-07,2.011031687970898929e-03,2.071200678869900003e-03,2.680664952693606051e-01,supercritical,1.061085103985754813e-01,9.679750834930102021e-01,2.220446049250313081e-15,1024,30,6.1.1-I-900
phase_regimes,0,4,2,1.600000000000000089e+00,4.152787295564890901e-01,6.644459672903826331e-01,1.800000000000000000e+01,262144,1.053255161219361469e+00,128,32,33,9.815318690997183460e-01,1.846813090028165405e-02,3.199343514755048634e-01,1.715869112262524432e+05,-2.447592123644426465e-02,1.426444538311585362e-07,3.367957944283261895e-02,3.356583349523134530e-02,2.575960648866750802e-01,supercritical,1.875989450447901677e-02,9.844474816141581819e-01,4.329869796038110508e-15,262144,30,6.1.1-I-900
phase_regimes,0,4,2,1.600000000000000089e+00,4.152787295564890901e-01,6.644459672903826331e-01,1.800000000000000000e+01,262144,1.053255161219361469e+00,256,64,65,9.815269944475876196e-01,1.847300555241238040e-02,3.199131987950479816e-01,1.715868966614451783e+05,1.459203485865145922e-02,8.504166193670793088e-08,3.291721190907992423e-02,3.436666209017857909e-02,2.575930042626362604e-01,supercritical,1.875989450447901677e-02,9.847073259394854006e-01,2.198241588757809950e-14,262144,30,6.1.1-I-900
phase_regimes,0,4,2,1.600000000000000089e+00,4.152787295564890901e-01,6.644459672903826331e-01,1.800000000000000000e+01,262144,1.053255161219361469e+00,512,128,129,9.815277268246950237e-01,1.847227317530497626e-02,3.199163764580898461e-01,1.715868958588467794e+05,7.794311386533081532e-03,4.542486387156829960e-08,3.305038088001310825e-02,3.422786510782316327e-02,2.575926377956980207e-01,supercritical,1.875989450447901677e-02,9.846682864285100090e-01,1.298960938811433152e-14,262144,30,6.1.1-I-900
phase_regimes,0,4,2,1.600000000000000089e+00,4.152787295564890901e-01,6.644459672903826331e-01,2.600000000000000000e+01,67108864,1.036868957767250299e+00,128,32,33,9.967056254335369125e-01,3.294374566463087461e-03,3.171453725986429495e-01,4.419178127932815999e+07,-7.631517946720123291e-01,1.726908878934454969e-08,9.345961436629295349e-01,9.289032518863677979e-01,2.535742910887123225e-01,supercritical,3.316473679003473576e-03,9.933365632658883726e-01,5.995204332975845318e-15,67108864,30,6.1.1-I-900
phase_regimes,0,4,2,1.600000000000000089e+00,4.152787295564890901e-01,6.644459672903826331e-01,2.600000000000000000e+01,67108864,1.036868957767250299e+00,256,64,65,9.967047558853359135e-01,3.295244114664086510e-03,3.171307284352494760e-01,4.419178050285851955e+07,-3.066901117563247681e-01,6.939980880301636836e-09,9.256379976868629456e-01,9.382166415452957153e-01,2.535710367478120619e-01,supercritical,3.316473679003473576e-03,9.935987538590187462e-01,8.104628079763642745e-15,67108864,30,6.1.1-I-900
phase_regimes,0,4,2,1.600000000000000089e+00,4.152787295564890901e-01,6.644459672903826331e-01,2.600000000000000000e+01,67108864,1.036868957767250299e+00,512,128,129,9.967046252375628690e-01,3.295374762437131011e-03,3.171285285146815403e-01,4.419178036708968878e+07,-2.100784331560134888e-01,4.753789763864372493e-09,9.237790182232856750e-01,9.402224719524383545e-01,2.535706417314326222e-01,supercritical,3.316473679003473576e-03,9.936381474395773461e-01,2.020605904817784904e-14,67108864,30,6.1.1-I-900
phase_regimes,0,4,2,1.750000000000000000e+00,4.152787295564890901e-01,7.267377767238558661e-01,1.000000000000000000e+01,1024,1.104846098650617670e+00,128,32,33,8.852687871741171666e-01,1.147312128258828334e-01,3.123670162441796183e-01,6.545134262524196629e+02,7.903151981736300513e-04,1.207485082007832059e-06,2.312983857564177015e-03,2.405117700163827976e-03,2.702818629362471747e-01,supercritical,1.277531405860931890e-01,8.980696075222132091e-01,2.886579864025407005e-15,1024,30,6.1.1-I-900
phase_regimes,0,4,2,1.750000000000000000e+00,4.152787295564890901e-01,7.267377767238558661e-01,1.000000000000000000e+01,1024,1.104846098650617670e+00,256,64,65,8.852759349102250486e-01,1.147240650897749514e-01,3.123760044910688372e-01,6.545133110185903433e+02,-1.193677690025651827e-05,1.823763810346322295e-08,2.328712096755225502e-03,2.388753471677773632e-03,2.702793434502051562e-01,supercritical,1.277531405860931890e-01,8.980136579300928013e-01,3.552713678800500929e-15,1024,30,6.1.1-I-900
phase_regimes,0,4,2,1.750000000000000000e+00,4.152787295564890901e-01,7.267377767238558661e-01,1.000000000000000000e+01,1024,1.104846098650617670e+00,512,128,129,8.852713864024081003e-01,1.147286135975918997e-01,3.123702846975939251e-01,6.545133006707882259e+02,4.474675279197981581e-04,6.836645297524191419e-07,2.319699941949693311e-03,2.398121959913623868e-03,2.702790545773586794e-01,supercritical,1.277531405860931890e-01,8.980492618126751925e-01,1.465494392505206633e-14,1024,30,6.1.1-I-900
phase_regimes,0,4,2,1.750000000000000000e+00,4.152787295564890901e-01,7.267377767238558661e-01,1.800000000000000000e+01,262144,1.058247832583676606e+00,128,32,33,9.752202271718318771e-01,2.477977282816812288e-02,2.963718460184684433e-01,1.712359593405432825e+05,8.230403182096779346e-03,4.806468929653188562e-08,4.738746897783130407e-02,4.902564556687138975e-02,2.588221397651850886e-01,supercritical,2.620374726965684492e-02,9.456576028292853486e-01,3.552713678800500929e-15,262144,30,6.1.1-I-900
phase_regimes,0,4,2,1.750000000000000000e+00,4.152787295564890901e-01,7.267377767238558661e-01,1.800000000000000000e+01,262144,1.058247832583676606e+00,256,64,65,9.752217709476940222e-01,2.477822905230597783e-02,2.963768394889626512e-01,1.712359436577781744e+05,-8.862036338541656733e-03,5.175336526455442989e-08,4.772493551718071103e-02,4.867936950176954269e-02,2.588191359705109829e-01,supercritical,2.620374726965684492e-02,9.455986885127084518e-01,6.550315845288423588e-15,262144,30,6.1.1-I-900
phase_regimes,0,4,2,1.750000000000000000e+00,4.152787295564890901e-01,7.267377767238558661e-01,1.800000000000000000e+01,262144,1.058247832583676606e+00,512,128,129,9.752207885560009171e-01,2.477921144399908293e-02,2.963736618259207867e-01,1.712359427755987272e+05,3.515233402140438557e-04,2.052859548738013287e-09,4.754444360150955617e-02,4.886751042795367539e-02,2.588187778042421172e-01,supercritical,2.620374726965684492e-02,9.456361790167572279e-01,2.464695114667847520e-14,262144,30,6.1.1-I-900
phase_regimes,0,4,2,1.750000000000000000e+00,4.152787295564890901e-01,7.267377767238558661e-01,2.600000000000000000e+01,67108864,1.040325422557929924e+00,128,32,33,9.947286470097064237e-01,5.271352990293576291e-03,2.910619608034648031e-01,4.413820420854631066e+07,4.516914486885070801e-02,1.023357104775567182e-09,1.605521157383918762e+00,1.651452831923961639e+00,2.544223487512702331e-01,supercritical,5.374251494482113270e-03,9.808534259525841792e-01,1.043609643147647148e-14,67108864,30,6.1.1-I-900
phase_regimes,0,4,2,1.750000000000000000e+00,4.152787295564890901e-01,7.267377767238558661e-01,2.600000000000000000e+01,67108864,1.040325422557929924e+00,256,64,65,9.947272556392302567e-01,5.272744360769743288e-03,2.910473166400723288e-01,4.413820287807612121e+07,7.082242518663406372e-01,1.604560688215338536e-08,1.592860847711563110e+00,1.665337547659873962e+00,2.544191362080603924e-01,supercritical,5.374251494482113270e-03,9.811123216290510429e-01,2.220446049250313081e-14,67108864,30,6.1.1-I-900
phase_regimes,0,4,2,1.750000000000000000e+00,4.152787295564890901e-01,7.267377767238558661e-01,2.600000000000000000e+01,67108864,1.040325422557929924e+00,512,128,129,9.947274646814053822e-01,5.272535318594617770e-03,2.910495165606390988e-01,4.413820270067115873e+07,3.085322678089141846e-01,6.990141168666632061e-09,1.600737683475017548e+00,1.657224185764789581e+00,2.544187473848257830e-01,supercritical,5.374251494482113270e-03,9.810734246449146490e-01,5.906386491005832795e-14,67108864,30,6.1.1-I-900
phase_regimes,0,4,2,2.000000000000000000e+00,4.152787295564890901e-01,8.305574591129781803e-01,1.000000000000000000e+01,1024,1.119824112743563083e+00,128,32,33,8.651926804746814526e-01,1.348073195253185474e-01,2.891029263380989756e-01,6.484758204257443595e+02,1.961707312148064375e-03,3.025104792434886695e-06,2.936950662615345209e-03,3.101081818272177770e-03,2.739719211168515911e-01,supercritical,1.636299617826748320e-01,8.238547394172401894e-01,2.442490654175344389e-15,1024,30,6.1.1-I-900
phase_regimes,0,4,2,2.000000000000000000e+00,4.152787295564890901e-01,8.305574591129781803e-01,1.000000000000000000e+01,1024,1.119824112743563083e+00,256,64,65,8.652010789490081066e-01,1.347989210509918934e-01,2.891119145849882499e-01,6.484756973786182925e+02,9.343905844616529066e-04,1.440903010303716321e-06,2.957063215603739081e-03,3.080086525642400375e-03,2.739695408088305695e-01,supercritical,1.636299617826748320e-01,8.238034133994671659e-01,7.327471962526033167e-15,1024,30,6.1.1-I-900
phase_regimes,0,4,2,2.000000000000000000e+00,4.152787295564890901e-01,8.305574591129781803e-01,1.000000000000000000e+01,1024,1.119824112743563083e+00,512,128,129,8.652064231602463185e-01,1.347935768397536815e-01,2.891176343784633840e-01,6.484756861363274538e+02,3.258455762988887727e-04,5.024792498240050454e-07,2.968976490251407085e-03,3.067650374418917636e-03,2.739692713387208989e-01,supercritical,1.636299617826748320e-01,8.237707530530368194e-01,3.441691376337985275e-15,1024,30,6.1.1-I-900
phase_regimes,0,4,2,2.000000000000000000e+00,4.152787295564890901e-01,8.305574591129781803e-01,1.800000000000000000e+01,262144,1.066568951524201836e+00,128,32,33,9.629964047977469521e-01,3.700359520225304788e-02,2.642328190326454496e-01,1.706163943034239055e+05,5.918744864175096154e-02,3.469036424277733889e-07,8.049943909281864762e-02,8.522646830533631146e-02,2.608663309260519370e-01,supercritical,4.091399845649202477e-02,9.044238304306213561e-01,6.550315845288423588e-15,262144,30,6.1.1-I-900
phase_regimes,0,4,2,2.000000000000000000e+00,4.152787295564890901e-01,8.305574591129781803e-01,1.800000000000000000e+01,262144,1.066568951524201836e+00,256,64,65,9.629987101157770901e-01,3.700128988422290988e-02,2.642378125031394354e-01,1.706163779764797073e+05,3.101716720266267657e-02,1.817947817819608263e-07,8.105117359082214534e-02,8.464995984104461968e-02,2.608634196374750580e-01,supercritical,4.091399845649202477e-02,9.043674849714360420e-01,7.327471962526033167e-15,262144,30,6.1.1-I-900
phase_regimes,0,4,2,2.000000000000000000e+00,4.152787295564890901e-01,8.305574591129781803e-01,1.800000000000000000e+01,262144,1.066568951524201836e+00,512,128,129,9.630001770615633783e-01,3.699982293843662173e-02,2.642409901661812444e-01,1.706163769175280759e+05,1.403981150360777974e-02,8.228876827219401976e-08,8.138360368320718408e-02,8.430313301505520940e-02,2.608630749104261515e-01,supercritical,4.091399845649202477e-02,9.043316305978321701e-01,2.908784324517910136e-14,262144,30,6.1.1-I-900
phase_regimes,0,4,2,2.000000000000000000e+00,4.152787295564890901e-01,8.305574591129781803e-01,2.600000000000000000e+01,67108864,1.046086197209062707e+00,128,32,33,9.901397143374198739e-01,9.860285662580126065e-03,2.563136477346034114e-01,4.404586559457665682e+07,3.980919718742370605e+00,9.038123476525658376e-08,3.405047945678234100e+00,3.661546260118484497e+00,2.558361152248181947e-01,supercritical,1.022912307751347449e-02,9.639424208567635155e-01,6.439293542825907934e-15,67108864,30,6.1.1-I-900
phase_regimes,0,4,2,2.000000000000000000e+00,4.152787295564890901e-01,8.305574591129781803e-01,2.600000000000000000e+01,67108864,1.046086197209062707e+00,256,64,65,9.901403286316309282e-01,9.859671368369071764e-03,2.563171047526378588e-01,4.404586309442577511e+07,8.463878184556961060e-01,1.921605705946106749e-08,3.467261202633380890e+00,3.598373547196388245e+00,2.558329712251240506e-01,supercritical,1.022912307751347449e-02,9.638823673989647123e-01,9.436895709313830594e-15,67108864,30,6.1.1-I-900
phase_regimes,0,4,2,2.000000000000000000e+00,4.152787295564890901e-01,8.305574591129781803e-01,2.600000000000000000e+01,67108864,1.046086197209062707e+00,512,128,129,9.901407195262027505e-01,9.859280473797249478e-03,2.563193046732049063e-01,4.404586288918124139e+07,1.512933522462844849e-01,3.434904945032780550e-09,3.480904199182987213e+00,3.584208704531192780e+00,2.558325925174224080e-01,supercritical,1.022912307751347449e-02,9.638441535101631708e-01,4.241051954068097984e-14,67108864,30,6.1.1-I-900
